2024-07-25 01:42:47.837 INFO  <Thread-48> [C:\Users\niebl\Transformacion limpieza.ktr]  Iniciado despacho de la transformaci?n [Transformacion limpieza]
2024-07-25 01:45:55.922 INFO  <Thread-67> [C:\Users\niebl\Transformacion limpieza.ktr]  Iniciado despacho de la transformaci?n [Transformacion limpieza]
2024-07-25 01:48:27.220 INFO  <Thread-88> [C:\Users\niebl\Transformacion limpieza.ktr]  Iniciado despacho de la transformaci?n [Transformacion limpieza]
2024-07-25 01:49:57.907 INFO  <Thread-106> [C:\Users\niebl\Transformacion limpieza.ktr]  Iniciado despacho de la transformaci?n [Transformacion limpieza]
2024-07-25 01:49:57.944 ERROR <init of Ejecutar script SQL.0 (Thread-108)> [C:\Users\niebl\Transformacion limpieza.ktr]  Database connection is missing for step [Ejecutar script SQL]!
2024-07-25 01:49:57.945 ERROR <init of Ejecutar script SQL.0 (Thread-108)> [C:\Users\niebl\Transformacion limpieza.ktr]  Error inicializando paso [Ejecutar script SQL]
2024-07-25 01:49:58.098 ERROR <Thread-106> [C:\Users\niebl\Transformacion limpieza.ktr]  No se ha podido inicializar el paso [Ejecutar script SQL.0]!
2024-07-25 01:49:58.099 INFO  <Thread-106> [C:\Users\niebl\Transformacion limpieza.ktr]  Terminado la lectura de la consulta, cerrando conexi?n.
2024-07-25 01:49:58.103 ERROR <Thread-106> [C:\Users\niebl\Transformacion limpieza.ktr]  Errores detectados!
2024-07-25 01:49:58.105 ERROR <Thread-106> [C:\Users\niebl\Transformacion limpieza.ktr]  Errores detectados!
2024-07-25 01:50:02.830 INFO  <Thread-115> [C:\Users\niebl\Transformacion limpieza.ktr]  Iniciado despacho de la transformaci?n [Transformacion limpieza]
2024-07-25 01:53:37.116 INFO  <Thread-141> [C:\Users\niebl\Transformacion limpieza.ktr]  Iniciado despacho de la transformaci?n [Transformacion limpieza]
2024-07-25 01:55:51.730 INFO  <Thread-159> [C:\Users\niebl\Transformacion limpieza.ktr]  Iniciado despacho de la transformaci?n [Transformacion limpieza]
2024-07-25 01:55:51.814 INFO  <Transformacion limpieza - Ejecutar script SQL> [C:\Users\niebl\Transformacion limpieza.ktr]  Terminado la lectura de la consulta, cerrando conexi?n.
2024-07-25 01:55:51.815 INFO  <Transformacion limpieza - Ejecutar script SQL> [C:\Users\niebl\Transformacion limpieza.ktr]  Procesamiento finalizado (I=0, O=0, R=0, W=1, U=0, E=0)
2024-07-25 01:59:05.667 INFO  <Thread-166> [C:\Users\niebl\Transformacion limpieza.ktr]  Iniciado despacho de la transformaci?n [Transformacion limpieza]
2024-07-25 01:59:08.786 INFO  <Transformacion limpieza - Ejecutar script SQL> [C:\Users\niebl\Transformacion limpieza.ktr]  Terminado la lectura de la consulta, cerrando conexi?n.
2024-07-25 01:59:08.787 INFO  <Transformacion limpieza - Ejecutar script SQL> [C:\Users\niebl\Transformacion limpieza.ktr]  Procesamiento finalizado (I=0, O=0, R=0, W=1, U=0, E=0)
2024-07-25 10:03:52.288 WARN  <Thread-14> [C:\Users\niebl\OneDrive\Escritorio\Semestre\Inteligecia de Negocio\Proyecto Fase 2\BIProyecto\proyectobi(FINAL)\Job_dim_fact.kjb]  Start of job execution
2024-07-25 10:03:52.368 INFO  <Thread-14> [C:\Users\niebl\OneDrive\Escritorio\Semestre\Inteligecia de Negocio\Proyecto Fase 2\BIProyecto\proyectobi(FINAL)\Job_dim_fact.kjb]  Starting entry [Limpiar]
2024-07-25 10:03:52.393 INFO  <Thread-14> [C:\Users\niebl\OneDrive\Escritorio\Semestre\Inteligecia de Negocio\Proyecto Fase 2\BIProyecto\proyectobi(FINAL)\Job_dim_fact.kjb]  Using run configuration [Pentaho local]
2024-07-25 10:03:52.406 INFO  <Thread-14> [C:\Users\niebl\OneDrive\Escritorio\Semestre\Inteligecia de Negocio\Proyecto Fase 2\BIProyecto\proyectobi(FINAL)\Job_dim_fact.kjb  C:\proyectobi\Transformacion limpieza.ktr]  Iniciado despacho de la transformaci?n [Transformacion limpieza]
2024-07-25 10:03:54.708 INFO  <Transformacion limpieza - Ejecutar script SQL> [C:\Users\niebl\OneDrive\Escritorio\Semestre\Inteligecia de Negocio\Proyecto Fase 2\BIProyecto\proyectobi(FINAL)\Job_dim_fact.kjb  C:\proyectobi\Transformacion limpieza.ktr]  Terminado la lectura de la consulta, cerrando conexi?n.
2024-07-25 10:03:54.709 INFO  <Transformacion limpieza - Ejecutar script SQL> [C:\Users\niebl\OneDrive\Escritorio\Semestre\Inteligecia de Negocio\Proyecto Fase 2\BIProyecto\proyectobi(FINAL)\Job_dim_fact.kjb  C:\proyectobi\Transformacion limpieza.ktr]  Procesamiento finalizado (I=0, O=0, R=0, W=1, U=0, E=0)
2024-07-25 10:03:54.727 INFO  <Thread-14> [C:\Users\niebl\OneDrive\Escritorio\Semestre\Inteligecia de Negocio\Proyecto Fase 2\BIProyecto\proyectobi(FINAL)\Job_dim_fact.kjb]  Starting entry [ETL dim_tiempo]
2024-07-25 10:03:54.758 INFO  <Thread-14> [C:\Users\niebl\OneDrive\Escritorio\Semestre\Inteligecia de Negocio\Proyecto Fase 2\BIProyecto\proyectobi(FINAL)\Job_dim_fact.kjb]  Using run configuration [Pentaho local]
2024-07-25 10:03:54.758 INFO  <Thread-14> [C:\Users\niebl\OneDrive\Escritorio\Semestre\Inteligecia de Negocio\Proyecto Fase 2\BIProyecto\proyectobi(FINAL)\Job_dim_fact.kjb  C:\proyectobi\ETLdim_Tiempo.ktr]  Iniciado despacho de la transformaci?n [Transformacion Dim_Tiempo]
2024-07-25 10:03:55.024 INFO  <init of Salida Tabla dim_tiempo.0 (Thread-35)> [C:\Users\niebl\OneDrive\Escritorio\Semestre\Inteligecia de Negocio\Proyecto Fase 2\BIProyecto\proyectobi(FINAL)\Job_dim_fact.kjb  C:\proyectobi\ETLdim_Tiempo.ktr]  Connected to database [Postgres] (commit=1000)
2024-07-25 10:03:55.118 INFO  <Transformacion Dim_Tiempo - Generate rows> [C:\Users\niebl\OneDrive\Escritorio\Semestre\Inteligecia de Negocio\Proyecto Fase 2\BIProyecto\proyectobi(FINAL)\Job_dim_fact.kjb  C:\proyectobi\ETLdim_Tiempo.ktr]  Procesamiento finalizado (I=0, O=0, R=0, W=14976, U=0, E=0)
2024-07-25 10:03:55.203 INFO  <Transformacion Dim_Tiempo - suma_dias> [C:\Users\niebl\OneDrive\Escritorio\Semestre\Inteligecia de Negocio\Proyecto Fase 2\BIProyecto\proyectobi(FINAL)\Job_dim_fact.kjb  C:\proyectobi\ETLdim_Tiempo.ktr]  Procesamiento finalizado (I=0, O=0, R=14976, W=14976, U=0, E=0)
2024-07-25 10:03:55.275 INFO  <Transformacion Dim_Tiempo - Calculator> [C:\Users\niebl\OneDrive\Escritorio\Semestre\Inteligecia de Negocio\Proyecto Fase 2\BIProyecto\proyectobi(FINAL)\Job_dim_fact.kjb  C:\proyectobi\ETLdim_Tiempo.ktr]  Procesamiento finalizado (I=0, O=0, R=14976, W=14976, U=0, E=0)
2024-07-25 10:03:55.708 INFO  <Transformacion Dim_Tiempo - Select values> [C:\Users\niebl\OneDrive\Escritorio\Semestre\Inteligecia de Negocio\Proyecto Fase 2\BIProyecto\proyectobi(FINAL)\Job_dim_fact.kjb  C:\proyectobi\ETLdim_Tiempo.ktr]  Procesamiento finalizado (I=0, O=0, R=14976, W=14976, U=0, E=0)
2024-07-25 10:03:56.087 INFO  <Transformacion Dim_Tiempo - Extraccion de año> [C:\Users\niebl\OneDrive\Escritorio\Semestre\Inteligecia de Negocio\Proyecto Fase 2\BIProyecto\proyectobi(FINAL)\Job_dim_fact.kjb  C:\proyectobi\ETLdim_Tiempo.ktr]  Procesamiento finalizado (I=0, O=0, R=14976, W=14976, U=0, E=0)
2024-07-25 10:03:56.151 INFO  <Transformacion Dim_Tiempo - Extraccion de mes> [C:\Users\niebl\OneDrive\Escritorio\Semestre\Inteligecia de Negocio\Proyecto Fase 2\BIProyecto\proyectobi(FINAL)\Job_dim_fact.kjb  C:\proyectobi\ETLdim_Tiempo.ktr]  Procesamiento finalizado (I=0, O=0, R=14976, W=14976, U=0, E=0)
2024-07-25 10:03:56.175 INFO  <Transformacion Dim_Tiempo - Extraccion dia año> [C:\Users\niebl\OneDrive\Escritorio\Semestre\Inteligecia de Negocio\Proyecto Fase 2\BIProyecto\proyectobi(FINAL)\Job_dim_fact.kjb  C:\proyectobi\ETLdim_Tiempo.ktr]  Procesamiento finalizado (I=0, O=0, R=14976, W=14976, U=0, E=0)
2024-07-25 10:03:56.224 INFO  <Transformacion Dim_Tiempo - Extraccion dia mes> [C:\Users\niebl\OneDrive\Escritorio\Semestre\Inteligecia de Negocio\Proyecto Fase 2\BIProyecto\proyectobi(FINAL)\Job_dim_fact.kjb  C:\proyectobi\ETLdim_Tiempo.ktr]  Procesamiento finalizado (I=0, O=0, R=14976, W=14976, U=0, E=0)
2024-07-25 10:03:56.272 INFO  <Transformacion Dim_Tiempo - Extraccion dia semana> [C:\Users\niebl\OneDrive\Escritorio\Semestre\Inteligecia de Negocio\Proyecto Fase 2\BIProyecto\proyectobi(FINAL)\Job_dim_fact.kjb  C:\proyectobi\ETLdim_Tiempo.ktr]  Procesamiento finalizado (I=0, O=0, R=14976, W=14976, U=0, E=0)
2024-07-25 10:03:56.407 INFO  <Transformacion Dim_Tiempo - Extraccion semana> [C:\Users\niebl\OneDrive\Escritorio\Semestre\Inteligecia de Negocio\Proyecto Fase 2\BIProyecto\proyectobi(FINAL)\Job_dim_fact.kjb  C:\proyectobi\ETLdim_Tiempo.ktr]  Procesamiento finalizado (I=0, O=0, R=14976, W=14976, U=0, E=0)
2024-07-25 10:03:56.413 INFO  <Transformacion Dim_Tiempo - Mapeo de valores Des_dia_semana> [C:\Users\niebl\OneDrive\Escritorio\Semestre\Inteligecia de Negocio\Proyecto Fase 2\BIProyecto\proyectobi(FINAL)\Job_dim_fact.kjb  C:\proyectobi\ETLdim_Tiempo.ktr]  Procesamiento finalizado (I=0, O=0, R=14976, W=14976, U=0, E=0)
2024-07-25 10:03:56.417 INFO  <Transformacion Dim_Tiempo - Mapeo de valores desc_dia_semana_corta> [C:\Users\niebl\OneDrive\Escritorio\Semestre\Inteligecia de Negocio\Proyecto Fase 2\BIProyecto\proyectobi(FINAL)\Job_dim_fact.kjb  C:\proyectobi\ETLdim_Tiempo.ktr]  Procesamiento finalizado (I=0, O=0, R=14976, W=14976, U=0, E=0)
2024-07-25 10:03:56.432 INFO  <Transformacion Dim_Tiempo - Mapeo de valores desc_mes> [C:\Users\niebl\OneDrive\Escritorio\Semestre\Inteligecia de Negocio\Proyecto Fase 2\BIProyecto\proyectobi(FINAL)\Job_dim_fact.kjb  C:\proyectobi\ETLdim_Tiempo.ktr]  Procesamiento finalizado (I=0, O=0, R=14976, W=14976, U=0, E=0)
2024-07-25 10:03:56.444 INFO  <Transformacion Dim_Tiempo - Mapeo de valores desc_mes_corta> [C:\Users\niebl\OneDrive\Escritorio\Semestre\Inteligecia de Negocio\Proyecto Fase 2\BIProyecto\proyectobi(FINAL)\Job_dim_fact.kjb  C:\proyectobi\ETLdim_Tiempo.ktr]  Procesamiento finalizado (I=0, O=0, R=14976, W=14976, U=0, E=0)
2024-07-25 10:03:56.449 INFO  <Transformacion Dim_Tiempo - Formula desc_trimestre> [C:\Users\niebl\OneDrive\Escritorio\Semestre\Inteligecia de Negocio\Proyecto Fase 2\BIProyecto\proyectobi(FINAL)\Job_dim_fact.kjb  C:\proyectobi\ETLdim_Tiempo.ktr]  Procesamiento finalizado (I=0, O=0, R=14976, W=14976, U=0, E=0)
2024-07-25 10:03:56.454 INFO  <Transformacion Dim_Tiempo - Formula desc_semestre> [C:\Users\niebl\OneDrive\Escritorio\Semestre\Inteligecia de Negocio\Proyecto Fase 2\BIProyecto\proyectobi(FINAL)\Job_dim_fact.kjb  C:\proyectobi\ETLdim_Tiempo.ktr]  Procesamiento finalizado (I=0, O=0, R=14976, W=14976, U=0, E=0)
2024-07-25 10:03:57.237 INFO  <Transformacion Dim_Tiempo - Añadir secuencia sk_dim_tiempo> [C:\Users\niebl\OneDrive\Escritorio\Semestre\Inteligecia de Negocio\Proyecto Fase 2\BIProyecto\proyectobi(FINAL)\Job_dim_fact.kjb  C:\proyectobi\ETLdim_Tiempo.ktr]  Procesamiento finalizado (I=0, O=0, R=14976, W=14976, U=0, E=0)
2024-07-25 10:03:58.713 INFO  <Transformacion Dim_Tiempo - Salida Tabla dim_tiempo> [C:\Users\niebl\OneDrive\Escritorio\Semestre\Inteligecia de Negocio\Proyecto Fase 2\BIProyecto\proyectobi(FINAL)\Job_dim_fact.kjb  C:\proyectobi\ETLdim_Tiempo.ktr]  Procesamiento finalizado (I=0, O=14976, R=14976, W=14976, U=0, E=0)
2024-07-25 10:03:58.714 INFO  <Thread-14> [C:\Users\niebl\OneDrive\Escritorio\Semestre\Inteligecia de Negocio\Proyecto Fase 2\BIProyecto\proyectobi(FINAL)\Job_dim_fact.kjb]  Starting entry [ETL dim_producto]
2024-07-25 10:03:58.730 INFO  <Thread-14> [C:\Users\niebl\OneDrive\Escritorio\Semestre\Inteligecia de Negocio\Proyecto Fase 2\BIProyecto\proyectobi(FINAL)\Job_dim_fact.kjb]  Using run configuration [Pentaho local]
2024-07-25 10:03:58.730 INFO  <Thread-14> [C:\Users\niebl\OneDrive\Escritorio\Semestre\Inteligecia de Negocio\Proyecto Fase 2\BIProyecto\proyectobi(FINAL)\Job_dim_fact.kjb  C:\proyectobi\ETLdim_Producto.ktr]  Iniciado despacho de la transformaci?n [Transformacion ProductoLF]
2024-07-25 10:03:58.886 INFO  <init of Salida Tabla.0 (Thread-64)> [C:\Users\niebl\OneDrive\Escritorio\Semestre\Inteligecia de Negocio\Proyecto Fase 2\BIProyecto\proyectobi(FINAL)\Job_dim_fact.kjb  C:\proyectobi\ETLdim_Producto.ktr]  Connected to database [Postgres] (commit=1000)
2024-07-25 10:03:59.236 INFO  <Transformacion ProductoLF - Entrada Tabla Tipo Producto> [C:\Users\niebl\OneDrive\Escritorio\Semestre\Inteligecia de Negocio\Proyecto Fase 2\BIProyecto\proyectobi(FINAL)\Job_dim_fact.kjb  C:\proyectobi\ETLdim_Producto.ktr]  Finished reading query, closing connection
2024-07-25 10:03:59.237 INFO  <Transformacion ProductoLF - Entrada Tabla Producto> [C:\Users\niebl\OneDrive\Escritorio\Semestre\Inteligecia de Negocio\Proyecto Fase 2\BIProyecto\proyectobi(FINAL)\Job_dim_fact.kjb  C:\proyectobi\ETLdim_Producto.ktr]  Finished reading query, closing connection
2024-07-25 10:03:59.237 INFO  <Transformacion ProductoLF - Entrada Tabla Tipo Producto> [C:\Users\niebl\OneDrive\Escritorio\Semestre\Inteligecia de Negocio\Proyecto Fase 2\BIProyecto\proyectobi(FINAL)\Job_dim_fact.kjb  C:\proyectobi\ETLdim_Producto.ktr]  Procesamiento finalizado (I=4, O=0, R=0, W=4, U=0, E=0)
2024-07-25 10:03:59.238 INFO  <Transformacion ProductoLF - Entrada Tabla Producto> [C:\Users\niebl\OneDrive\Escritorio\Semestre\Inteligecia de Negocio\Proyecto Fase 2\BIProyecto\proyectobi(FINAL)\Job_dim_fact.kjb  C:\proyectobi\ETLdim_Producto.ktr]  Procesamiento finalizado (I=30, O=0, R=0, W=30, U=0, E=0)
2024-07-25 10:03:59.249 INFO  <Transformacion ProductoLF - Ordenar filas> [C:\Users\niebl\OneDrive\Escritorio\Semestre\Inteligecia de Negocio\Proyecto Fase 2\BIProyecto\proyectobi(FINAL)\Job_dim_fact.kjb  C:\proyectobi\ETLdim_Producto.ktr]  Procesamiento finalizado (I=0, O=0, R=4, W=4, U=0, E=0)
2024-07-25 10:03:59.266 INFO  <Transformacion ProductoLF - Ordenar filas 2> [C:\Users\niebl\OneDrive\Escritorio\Semestre\Inteligecia de Negocio\Proyecto Fase 2\BIProyecto\proyectobi(FINAL)\Job_dim_fact.kjb  C:\proyectobi\ETLdim_Producto.ktr]  Procesamiento finalizado (I=0, O=0, R=30, W=30, U=0, E=0)
2024-07-25 10:03:59.615 INFO  <Transformacion ProductoLF - Unión por clave> [C:\Users\niebl\OneDrive\Escritorio\Semestre\Inteligecia de Negocio\Proyecto Fase 2\BIProyecto\proyectobi(FINAL)\Job_dim_fact.kjb  C:\proyectobi\ETLdim_Producto.ktr]  Procesamiento finalizado (I=0, O=0, R=34, W=30, U=0, E=0)
2024-07-25 10:03:59.618 INFO  <Transformacion ProductoLF - Ordenar filas 3> [C:\Users\niebl\OneDrive\Escritorio\Semestre\Inteligecia de Negocio\Proyecto Fase 2\BIProyecto\proyectobi(FINAL)\Job_dim_fact.kjb  C:\proyectobi\ETLdim_Producto.ktr]  Procesamiento finalizado (I=0, O=0, R=30, W=30, U=0, E=0)
2024-07-25 10:03:59.621 INFO  <Transformacion ProductoLF - Add sequence sk_dim_producto> [C:\Users\niebl\OneDrive\Escritorio\Semestre\Inteligecia de Negocio\Proyecto Fase 2\BIProyecto\proyectobi(FINAL)\Job_dim_fact.kjb  C:\proyectobi\ETLdim_Producto.ktr]  Procesamiento finalizado (I=0, O=0, R=30, W=30, U=0, E=0)
2024-07-25 10:03:59.646 INFO  <Transformacion ProductoLF - Strings cut> [C:\Users\niebl\OneDrive\Escritorio\Semestre\Inteligecia de Negocio\Proyecto Fase 2\BIProyecto\proyectobi(FINAL)\Job_dim_fact.kjb  C:\proyectobi\ETLdim_Producto.ktr]  Procesamiento finalizado (I=0, O=0, R=30, W=30, U=0, E=0)
2024-07-25 10:03:59.664 INFO  <Transformacion ProductoLF - Salida Tabla> [C:\Users\niebl\OneDrive\Escritorio\Semestre\Inteligecia de Negocio\Proyecto Fase 2\BIProyecto\proyectobi(FINAL)\Job_dim_fact.kjb  C:\proyectobi\ETLdim_Producto.ktr]  Procesamiento finalizado (I=0, O=30, R=30, W=30, U=0, E=0)
2024-07-25 10:03:59.665 INFO  <Thread-14> [C:\Users\niebl\OneDrive\Escritorio\Semestre\Inteligecia de Negocio\Proyecto Fase 2\BIProyecto\proyectobi(FINAL)\Job_dim_fact.kjb]  Starting entry [ETL dim_cliente]
2024-07-25 10:03:59.681 INFO  <Thread-14> [C:\Users\niebl\OneDrive\Escritorio\Semestre\Inteligecia de Negocio\Proyecto Fase 2\BIProyecto\proyectobi(FINAL)\Job_dim_fact.kjb]  Using run configuration [Pentaho local]
2024-07-25 10:03:59.681 INFO  <Thread-14> [C:\Users\niebl\OneDrive\Escritorio\Semestre\Inteligecia de Negocio\Proyecto Fase 2\BIProyecto\proyectobi(FINAL)\Job_dim_fact.kjb  C:\proyectobi\ETLdim_Cliente.ktr]  Iniciado despacho de la transformaci?n [Transformacion ClienteLF]
2024-07-25 10:03:59.970 INFO  <init of Salida Tabla.0 (Thread-78)> [C:\Users\niebl\OneDrive\Escritorio\Semestre\Inteligecia de Negocio\Proyecto Fase 2\BIProyecto\proyectobi(FINAL)\Job_dim_fact.kjb  C:\proyectobi\ETLdim_Cliente.ktr]  Connected to database [Postgres] (commit=1000)
2024-07-25 10:04:00.169 INFO  <Transformacion ClienteLF - Entrada Tabla> [C:\Users\niebl\OneDrive\Escritorio\Semestre\Inteligecia de Negocio\Proyecto Fase 2\BIProyecto\proyectobi(FINAL)\Job_dim_fact.kjb  C:\proyectobi\ETLdim_Cliente.ktr]  Finished reading query, closing connection
2024-07-25 10:04:00.171 INFO  <Transformacion ClienteLF - Entrada Tabla> [C:\Users\niebl\OneDrive\Escritorio\Semestre\Inteligecia de Negocio\Proyecto Fase 2\BIProyecto\proyectobi(FINAL)\Job_dim_fact.kjb  C:\proyectobi\ETLdim_Cliente.ktr]  Procesamiento finalizado (I=300, O=0, R=0, W=300, U=0, E=0)
2024-07-25 10:04:00.172 INFO  <Transformacion ClienteLF - Add sequence Sk_dim_cliente> [C:\Users\niebl\OneDrive\Escritorio\Semestre\Inteligecia de Negocio\Proyecto Fase 2\BIProyecto\proyectobi(FINAL)\Job_dim_fact.kjb  C:\proyectobi\ETLdim_Cliente.ktr]  Procesamiento finalizado (I=0, O=0, R=300, W=300, U=0, E=0)
2024-07-25 10:04:00.253 INFO  <Transformacion ClienteLF - Salida Tabla> [C:\Users\niebl\OneDrive\Escritorio\Semestre\Inteligecia de Negocio\Proyecto Fase 2\BIProyecto\proyectobi(FINAL)\Job_dim_fact.kjb  C:\proyectobi\ETLdim_Cliente.ktr]  Procesamiento finalizado (I=0, O=300, R=300, W=300, U=0, E=0)
2024-07-25 10:04:00.254 INFO  <Thread-14> [C:\Users\niebl\OneDrive\Escritorio\Semestre\Inteligecia de Negocio\Proyecto Fase 2\BIProyecto\proyectobi(FINAL)\Job_dim_fact.kjb]  Starting entry [ETL dim_eval_servicio]
2024-07-25 10:04:00.269 INFO  <Thread-14> [C:\Users\niebl\OneDrive\Escritorio\Semestre\Inteligecia de Negocio\Proyecto Fase 2\BIProyecto\proyectobi(FINAL)\Job_dim_fact.kjb]  Using run configuration [Pentaho local]
2024-07-25 10:04:00.269 INFO  <Thread-14> [C:\Users\niebl\OneDrive\Escritorio\Semestre\Inteligecia de Negocio\Proyecto Fase 2\BIProyecto\proyectobi(FINAL)\Job_dim_fact.kjb  C:\proyectobi\ETLdim_Evaluacion_Servicio.ktr]  Iniciado despacho de la transformaci?n [Transformacion Evaluacion ServicioLF]
2024-07-25 10:04:00.347 INFO  <init of Salida Tabla dim_evaluacion_servicio.0 (Thread-84)> [C:\Users\niebl\OneDrive\Escritorio\Semestre\Inteligecia de Negocio\Proyecto Fase 2\BIProyecto\proyectobi(FINAL)\Job_dim_fact.kjb  C:\proyectobi\ETLdim_Evaluacion_Servicio.ktr]  Connected to database [Postgres] (commit=1000)
2024-07-25 10:04:00.992 INFO  <Transformacion Evaluacion ServicioLF - Entrada Tabla Evaluacion_Servicio> [C:\Users\niebl\OneDrive\Escritorio\Semestre\Inteligecia de Negocio\Proyecto Fase 2\BIProyecto\proyectobi(FINAL)\Job_dim_fact.kjb  C:\proyectobi\ETLdim_Evaluacion_Servicio.ktr]  Finished reading query, closing connection
2024-07-25 10:04:00.993 INFO  <Transformacion Evaluacion ServicioLF - Entrada Tabla Evaluacion_Servicio> [C:\Users\niebl\OneDrive\Escritorio\Semestre\Inteligecia de Negocio\Proyecto Fase 2\BIProyecto\proyectobi(FINAL)\Job_dim_fact.kjb  C:\proyectobi\ETLdim_Evaluacion_Servicio.ktr]  Procesamiento finalizado (I=6, O=0, R=0, W=6, U=0, E=0)
2024-07-25 10:04:01.021 INFO  <Transformacion Evaluacion ServicioLF - Add sequence sk_eval_serv> [C:\Users\niebl\OneDrive\Escritorio\Semestre\Inteligecia de Negocio\Proyecto Fase 2\BIProyecto\proyectobi(FINAL)\Job_dim_fact.kjb  C:\proyectobi\ETLdim_Evaluacion_Servicio.ktr]  Procesamiento finalizado (I=0, O=0, R=6, W=6, U=0, E=0)
2024-07-25 10:04:01.053 INFO  <Transformacion Evaluacion ServicioLF - Salida Tabla dim_evaluacion_servicio> [C:\Users\niebl\OneDrive\Escritorio\Semestre\Inteligecia de Negocio\Proyecto Fase 2\BIProyecto\proyectobi(FINAL)\Job_dim_fact.kjb  C:\proyectobi\ETLdim_Evaluacion_Servicio.ktr]  Procesamiento finalizado (I=0, O=6, R=6, W=6, U=0, E=0)
2024-07-25 10:04:01.054 INFO  <Thread-14> [C:\Users\niebl\OneDrive\Escritorio\Semestre\Inteligecia de Negocio\Proyecto Fase 2\BIProyecto\proyectobi(FINAL)\Job_dim_fact.kjb]  Starting entry [ELT dim_contrato]
2024-07-25 10:04:01.069 INFO  <Thread-14> [C:\Users\niebl\OneDrive\Escritorio\Semestre\Inteligecia de Negocio\Proyecto Fase 2\BIProyecto\proyectobi(FINAL)\Job_dim_fact.kjb]  Using run configuration [Pentaho local]
2024-07-25 10:04:01.069 INFO  <Thread-14> [C:\Users\niebl\OneDrive\Escritorio\Semestre\Inteligecia de Negocio\Proyecto Fase 2\BIProyecto\proyectobi(FINAL)\Job_dim_fact.kjb  C:\proyectobi\ETLdim_Contrato.ktr]  Iniciado despacho de la transformaci?n [Transformacion_ContratoLF]
2024-07-25 10:04:01.147 INFO  <init of Salida Tabla.0 (Thread-90)> [C:\Users\niebl\OneDrive\Escritorio\Semestre\Inteligecia de Negocio\Proyecto Fase 2\BIProyecto\proyectobi(FINAL)\Job_dim_fact.kjb  C:\proyectobi\ETLdim_Contrato.ktr]  Connected to database [PostgresConexion] (commit=1000)
2024-07-25 10:04:01.284 INFO  <Transformacion_ContratoLF - Entrada Tabla> [C:\Users\niebl\OneDrive\Escritorio\Semestre\Inteligecia de Negocio\Proyecto Fase 2\BIProyecto\proyectobi(FINAL)\Job_dim_fact.kjb  C:\proyectobi\ETLdim_Contrato.ktr]  Finished reading query, closing connection
2024-07-25 10:04:01.285 INFO  <Transformacion_ContratoLF - Entrada Tabla> [C:\Users\niebl\OneDrive\Escritorio\Semestre\Inteligecia de Negocio\Proyecto Fase 2\BIProyecto\proyectobi(FINAL)\Job_dim_fact.kjb  C:\proyectobi\ETLdim_Contrato.ktr]  Procesamiento finalizado (I=1000, O=0, R=0, W=1000, U=0, E=0)
2024-07-25 10:04:01.288 INFO  <Transformacion_ContratoLF - Add sequence sk_dim_contrato> [C:\Users\niebl\OneDrive\Escritorio\Semestre\Inteligecia de Negocio\Proyecto Fase 2\BIProyecto\proyectobi(FINAL)\Job_dim_fact.kjb  C:\proyectobi\ETLdim_Contrato.ktr]  Procesamiento finalizado (I=0, O=0, R=1000, W=1000, U=0, E=0)
2024-07-25 10:04:01.437 INFO  <Transformacion_ContratoLF - Salida Tabla> [C:\Users\niebl\OneDrive\Escritorio\Semestre\Inteligecia de Negocio\Proyecto Fase 2\BIProyecto\proyectobi(FINAL)\Job_dim_fact.kjb  C:\proyectobi\ETLdim_Contrato.ktr]  Procesamiento finalizado (I=0, O=1000, R=1000, W=1000, U=0, E=0)
2024-07-25 10:04:01.438 INFO  <Thread-14> [C:\Users\niebl\OneDrive\Escritorio\Semestre\Inteligecia de Negocio\Proyecto Fase 2\BIProyecto\proyectobi(FINAL)\Job_dim_fact.kjb]  Starting entry [ETL dim_estado_contrato]
2024-07-25 10:04:01.453 INFO  <Thread-14> [C:\Users\niebl\OneDrive\Escritorio\Semestre\Inteligecia de Negocio\Proyecto Fase 2\BIProyecto\proyectobi(FINAL)\Job_dim_fact.kjb]  Using run configuration [Pentaho local]
2024-07-25 10:04:01.453 INFO  <Thread-14> [C:\Users\niebl\OneDrive\Escritorio\Semestre\Inteligecia de Negocio\Proyecto Fase 2\BIProyecto\proyectobi(FINAL)\Job_dim_fact.kjb  C:\proyectobi\ETLdim_Estado_Contrato.ktr]  Iniciado despacho de la transformaci?n [Transformacion Estado ContratoLF]
2024-07-25 10:04:01.547 INFO  <init of Salida Tabla dim_estado_contrato.0 (Thread-99)> [C:\Users\niebl\OneDrive\Escritorio\Semestre\Inteligecia de Negocio\Proyecto Fase 2\BIProyecto\proyectobi(FINAL)\Job_dim_fact.kjb  C:\proyectobi\ETLdim_Estado_Contrato.ktr]  Connected to database [Postgres] (commit=1000)
2024-07-25 10:04:01.716 INFO  <Transformacion Estado ContratoLF - Entrada Tabla Estado Contrato> [C:\Users\niebl\OneDrive\Escritorio\Semestre\Inteligecia de Negocio\Proyecto Fase 2\BIProyecto\proyectobi(FINAL)\Job_dim_fact.kjb  C:\proyectobi\ETLdim_Estado_Contrato.ktr]  Finished reading query, closing connection
2024-07-25 10:04:01.717 INFO  <Transformacion Estado ContratoLF - Entrada Tabla Estado Contrato> [C:\Users\niebl\OneDrive\Escritorio\Semestre\Inteligecia de Negocio\Proyecto Fase 2\BIProyecto\proyectobi(FINAL)\Job_dim_fact.kjb  C:\proyectobi\ETLdim_Estado_Contrato.ktr]  Procesamiento finalizado (I=1000, O=0, R=0, W=1000, U=0, E=0)
2024-07-25 10:04:01.720 INFO  <Transformacion Estado ContratoLF - Seleccionar Estado Contrato> [C:\Users\niebl\OneDrive\Escritorio\Semestre\Inteligecia de Negocio\Proyecto Fase 2\BIProyecto\proyectobi(FINAL)\Job_dim_fact.kjb  C:\proyectobi\ETLdim_Estado_Contrato.ktr]  Procesamiento finalizado (I=0, O=0, R=1000, W=1000, U=0, E=0)
2024-07-25 10:04:01.725 INFO  <Transformacion Estado ContratoLF - Agrupar> [C:\Users\niebl\OneDrive\Escritorio\Semestre\Inteligecia de Negocio\Proyecto Fase 2\BIProyecto\proyectobi(FINAL)\Job_dim_fact.kjb  C:\proyectobi\ETLdim_Estado_Contrato.ktr]  Procesamiento finalizado (I=0, O=0, R=1000, W=3, U=0, E=0)
2024-07-25 10:04:01.731 INFO  <Transformacion Estado ContratoLF - Add sequence cod_estado> [C:\Users\niebl\OneDrive\Escritorio\Semestre\Inteligecia de Negocio\Proyecto Fase 2\BIProyecto\proyectobi(FINAL)\Job_dim_fact.kjb  C:\proyectobi\ETLdim_Estado_Contrato.ktr]  Procesamiento finalizado (I=0, O=0, R=3, W=3, U=0, E=0)
2024-07-25 10:04:01.750 INFO  <Transformacion Estado ContratoLF - Add sequence sk_dim_estado_contrato> [C:\Users\niebl\OneDrive\Escritorio\Semestre\Inteligecia de Negocio\Proyecto Fase 2\BIProyecto\proyectobi(FINAL)\Job_dim_fact.kjb  C:\proyectobi\ETLdim_Estado_Contrato.ktr]  Procesamiento finalizado (I=0, O=0, R=3, W=3, U=0, E=0)
2024-07-25 10:04:01.757 INFO  <Transformacion Estado ContratoLF - Salida Tabla dim_estado_contrato> [C:\Users\niebl\OneDrive\Escritorio\Semestre\Inteligecia de Negocio\Proyecto Fase 2\BIProyecto\proyectobi(FINAL)\Job_dim_fact.kjb  C:\proyectobi\ETLdim_Estado_Contrato.ktr]  Procesamiento finalizado (I=0, O=3, R=3, W=3, U=0, E=0)
2024-07-25 10:04:01.758 INFO  <Thread-14> [C:\Users\niebl\OneDrive\Escritorio\Semestre\Inteligecia de Negocio\Proyecto Fase 2\BIProyecto\proyectobi(FINAL)\Job_dim_fact.kjb]  Starting entry [ETL dim_sucursal]
2024-07-25 10:04:01.773 INFO  <Thread-14> [C:\Users\niebl\OneDrive\Escritorio\Semestre\Inteligecia de Negocio\Proyecto Fase 2\BIProyecto\proyectobi(FINAL)\Job_dim_fact.kjb]  Using run configuration [Pentaho local]
2024-07-25 10:04:01.773 INFO  <Thread-14> [C:\Users\niebl\OneDrive\Escritorio\Semestre\Inteligecia de Negocio\Proyecto Fase 2\BIProyecto\proyectobi(FINAL)\Job_dim_fact.kjb  C:\proyectobi\ETLdim_Sucursal.ktr]  Iniciado despacho de la transformaci?n [Transformacion SucursalLF]
2024-07-25 10:04:01.922 INFO  <init of Salida Tabla.0 (Thread-112)> [C:\Users\niebl\OneDrive\Escritorio\Semestre\Inteligecia de Negocio\Proyecto Fase 2\BIProyecto\proyectobi(FINAL)\Job_dim_fact.kjb  C:\proyectobi\ETLdim_Sucursal.ktr]  Connected to database [Postgres] (commit=1000)
2024-07-25 10:04:02.012 INFO  <Transformacion SucursalLF - Entrada Tabla Pais> [C:\Users\niebl\OneDrive\Escritorio\Semestre\Inteligecia de Negocio\Proyecto Fase 2\BIProyecto\proyectobi(FINAL)\Job_dim_fact.kjb  C:\proyectobi\ETLdim_Sucursal.ktr]  Finished reading query, closing connection
2024-07-25 10:04:02.013 INFO  <Transformacion SucursalLF - Entrada Tabla Ciudad> [C:\Users\niebl\OneDrive\Escritorio\Semestre\Inteligecia de Negocio\Proyecto Fase 2\BIProyecto\proyectobi(FINAL)\Job_dim_fact.kjb  C:\proyectobi\ETLdim_Sucursal.ktr]  Finished reading query, closing connection
2024-07-25 10:04:02.014 INFO  <Transformacion SucursalLF - Entrada Tabla Pais> [C:\Users\niebl\OneDrive\Escritorio\Semestre\Inteligecia de Negocio\Proyecto Fase 2\BIProyecto\proyectobi(FINAL)\Job_dim_fact.kjb  C:\proyectobi\ETLdim_Sucursal.ktr]  Procesamiento finalizado (I=30, O=0, R=0, W=30, U=0, E=0)
2024-07-25 10:04:02.014 INFO  <Transformacion SucursalLF - Entrada Tabla Ciudad> [C:\Users\niebl\OneDrive\Escritorio\Semestre\Inteligecia de Negocio\Proyecto Fase 2\BIProyecto\proyectobi(FINAL)\Job_dim_fact.kjb  C:\proyectobi\ETLdim_Sucursal.ktr]  Procesamiento finalizado (I=30, O=0, R=0, W=30, U=0, E=0)
2024-07-25 10:04:02.019 INFO  <Transformacion SucursalLF - Entrada Tabla Sucursal> [C:\Users\niebl\OneDrive\Escritorio\Semestre\Inteligecia de Negocio\Proyecto Fase 2\BIProyecto\proyectobi(FINAL)\Job_dim_fact.kjb  C:\proyectobi\ETLdim_Sucursal.ktr]  Finished reading query, closing connection
2024-07-25 10:04:02.021 INFO  <Transformacion SucursalLF - Entrada Tabla Sucursal> [C:\Users\niebl\OneDrive\Escritorio\Semestre\Inteligecia de Negocio\Proyecto Fase 2\BIProyecto\proyectobi(FINAL)\Job_dim_fact.kjb  C:\proyectobi\ETLdim_Sucursal.ktr]  Procesamiento finalizado (I=30, O=0, R=0, W=30, U=0, E=0)
2024-07-25 10:04:02.324 INFO  <Transformacion SucursalLF - Unión Sucursal-Pais> [C:\Users\niebl\OneDrive\Escritorio\Semestre\Inteligecia de Negocio\Proyecto Fase 2\BIProyecto\proyectobi(FINAL)\Job_dim_fact.kjb  C:\proyectobi\ETLdim_Sucursal.ktr]  Procesamiento finalizado (I=0, O=0, R=60, W=30, U=0, E=0)
2024-07-25 10:04:02.627 INFO  <Transformacion SucursalLF - Unión Sucursal-Pais-Ciudad> [C:\Users\niebl\OneDrive\Escritorio\Semestre\Inteligecia de Negocio\Proyecto Fase 2\BIProyecto\proyectobi(FINAL)\Job_dim_fact.kjb  C:\proyectobi\ETLdim_Sucursal.ktr]  Procesamiento finalizado (I=0, O=0, R=60, W=30, U=0, E=0)
2024-07-25 10:04:02.633 INFO  <Transformacion SucursalLF - Add sequence sk_dim_sucursal> [C:\Users\niebl\OneDrive\Escritorio\Semestre\Inteligecia de Negocio\Proyecto Fase 2\BIProyecto\proyectobi(FINAL)\Job_dim_fact.kjb  C:\proyectobi\ETLdim_Sucursal.ktr]  Procesamiento finalizado (I=0, O=0, R=30, W=30, U=0, E=0)
2024-07-25 10:04:02.652 INFO  <Transformacion SucursalLF - Salida Tabla> [C:\Users\niebl\OneDrive\Escritorio\Semestre\Inteligecia de Negocio\Proyecto Fase 2\BIProyecto\proyectobi(FINAL)\Job_dim_fact.kjb  C:\proyectobi\ETLdim_Sucursal.ktr]  Procesamiento finalizado (I=0, O=30, R=30, W=30, U=0, E=0)
2024-07-25 10:04:02.653 INFO  <Thread-14> [C:\Users\niebl\OneDrive\Escritorio\Semestre\Inteligecia de Negocio\Proyecto Fase 2\BIProyecto\proyectobi(FINAL)\Job_dim_fact.kjb]  Starting entry [ETL dim_siniestro]
2024-07-25 10:04:02.668 INFO  <Thread-14> [C:\Users\niebl\OneDrive\Escritorio\Semestre\Inteligecia de Negocio\Proyecto Fase 2\BIProyecto\proyectobi(FINAL)\Job_dim_fact.kjb]  Using run configuration [Pentaho local]
2024-07-25 10:04:02.668 INFO  <Thread-14> [C:\Users\niebl\OneDrive\Escritorio\Semestre\Inteligecia de Negocio\Proyecto Fase 2\BIProyecto\proyectobi(FINAL)\Job_dim_fact.kjb  C:\proyectobi\ETLdim_Siniestro.ktr]  Iniciado despacho de la transformaci?n [Transformacion siniestroLF]
2024-07-25 10:04:02.747 INFO  <init of Salida Tabla dim_siniestro.0 (Thread-122)> [C:\Users\niebl\OneDrive\Escritorio\Semestre\Inteligecia de Negocio\Proyecto Fase 2\BIProyecto\proyectobi(FINAL)\Job_dim_fact.kjb  C:\proyectobi\ETLdim_Siniestro.ktr]  Connected to database [Postgres] (commit=1000)
2024-07-25 10:04:02.818 INFO  <Transformacion siniestroLF - Entrada Tabla Siniestro> [C:\Users\niebl\OneDrive\Escritorio\Semestre\Inteligecia de Negocio\Proyecto Fase 2\BIProyecto\proyectobi(FINAL)\Job_dim_fact.kjb  C:\proyectobi\ETLdim_Siniestro.ktr]  Finished reading query, closing connection
2024-07-25 10:04:02.819 INFO  <Transformacion siniestroLF - Entrada Tabla Siniestro> [C:\Users\niebl\OneDrive\Escritorio\Semestre\Inteligecia de Negocio\Proyecto Fase 2\BIProyecto\proyectobi(FINAL)\Job_dim_fact.kjb  C:\proyectobi\ETLdim_Siniestro.ktr]  Procesamiento finalizado (I=20, O=0, R=0, W=20, U=0, E=0)
2024-07-25 10:04:02.840 INFO  <Transformacion siniestroLF - Add sequence sk_dim_siniestro> [C:\Users\niebl\OneDrive\Escritorio\Semestre\Inteligecia de Negocio\Proyecto Fase 2\BIProyecto\proyectobi(FINAL)\Job_dim_fact.kjb  C:\proyectobi\ETLdim_Siniestro.ktr]  Procesamiento finalizado (I=0, O=0, R=20, W=20, U=0, E=0)
2024-07-25 10:04:02.848 INFO  <Transformacion siniestroLF - Salida Tabla dim_siniestro> [C:\Users\niebl\OneDrive\Escritorio\Semestre\Inteligecia de Negocio\Proyecto Fase 2\BIProyecto\proyectobi(FINAL)\Job_dim_fact.kjb  C:\proyectobi\ETLdim_Siniestro.ktr]  Procesamiento finalizado (I=0, O=20, R=20, W=20, U=0, E=0)
2024-07-25 10:04:02.849 INFO  <Thread-14> [C:\Users\niebl\OneDrive\Escritorio\Semestre\Inteligecia de Negocio\Proyecto Fase 2\BIProyecto\proyectobi(FINAL)\Job_dim_fact.kjb]  Starting entry [ETL_fact_metas]
2024-07-25 10:04:02.880 INFO  <Thread-14> [C:\Users\niebl\OneDrive\Escritorio\Semestre\Inteligecia de Negocio\Proyecto Fase 2\BIProyecto\proyectobi(FINAL)\Job_dim_fact.kjb]  Using run configuration [Pentaho local]
2024-07-25 10:04:02.880 INFO  <Thread-14> [C:\Users\niebl\OneDrive\Escritorio\Semestre\Inteligecia de Negocio\Proyecto Fase 2\BIProyecto\proyectobi(FINAL)\Job_dim_fact.kjb  C:\proyectobi\ETLfact_Metas.ktr]  Iniciado despacho de la transformaci?n [LFTransformation_fact_metas]
2024-07-25 10:04:03.020 INFO  <init of Table output.0 (Thread-142)> [C:\Users\niebl\OneDrive\Escritorio\Semestre\Inteligecia de Negocio\Proyecto Fase 2\BIProyecto\proyectobi(FINAL)\Job_dim_fact.kjb  C:\proyectobi\ETLfact_Metas.ktr]  Connected to database [postgre] (commit=1000)
2024-07-25 10:04:03.145 INFO  <LFTransformation_fact_metas - extraer producto> [C:\Users\niebl\OneDrive\Escritorio\Semestre\Inteligecia de Negocio\Proyecto Fase 2\BIProyecto\proyectobi(FINAL)\Job_dim_fact.kjb  C:\proyectobi\ETLfact_Metas.ktr]  Finished reading query, closing connection
2024-07-25 10:04:03.146 INFO  <LFTransformation_fact_metas - extraer producto> [C:\Users\niebl\OneDrive\Escritorio\Semestre\Inteligecia de Negocio\Proyecto Fase 2\BIProyecto\proyectobi(FINAL)\Job_dim_fact.kjb  C:\proyectobi\ETLfact_Metas.ktr]  Procesamiento finalizado (I=30, O=0, R=0, W=30, U=0, E=0)
2024-07-25 10:04:03.163 INFO  <LFTransformation_fact_metas - Sort cod_prod> [C:\Users\niebl\OneDrive\Escritorio\Semestre\Inteligecia de Negocio\Proyecto Fase 2\BIProyecto\proyectobi(FINAL)\Job_dim_fact.kjb  C:\proyectobi\ETLfact_Metas.ktr]  Procesamiento finalizado (I=0, O=0, R=30, W=30, U=0, E=0)
2024-07-25 10:04:03.306 INFO  <LFTransformation_fact_metas - extraer dim_tiempo> [C:\Users\niebl\OneDrive\Escritorio\Semestre\Inteligecia de Negocio\Proyecto Fase 2\BIProyecto\proyectobi(FINAL)\Job_dim_fact.kjb  C:\proyectobi\ETLfact_Metas.ktr]  Finished reading query, closing connection
2024-07-25 10:04:03.306 INFO  <LFTransformation_fact_metas - extraer dim_tiempo2> [C:\Users\niebl\OneDrive\Escritorio\Semestre\Inteligecia de Negocio\Proyecto Fase 2\BIProyecto\proyectobi(FINAL)\Job_dim_fact.kjb  C:\proyectobi\ETLfact_Metas.ktr]  Finished reading query, closing connection
2024-07-25 10:04:03.307 INFO  <LFTransformation_fact_metas - extraer dim_tiempo> [C:\Users\niebl\OneDrive\Escritorio\Semestre\Inteligecia de Negocio\Proyecto Fase 2\BIProyecto\proyectobi(FINAL)\Job_dim_fact.kjb  C:\proyectobi\ETLfact_Metas.ktr]  Procesamiento finalizado (I=14976, O=0, R=0, W=14976, U=0, E=0)
2024-07-25 10:04:03.308 INFO  <LFTransformation_fact_metas - extraer dim_tiempo2> [C:\Users\niebl\OneDrive\Escritorio\Semestre\Inteligecia de Negocio\Proyecto Fase 2\BIProyecto\proyectobi(FINAL)\Job_dim_fact.kjb  C:\proyectobi\ETLfact_Metas.ktr]  Procesamiento finalizado (I=14976, O=0, R=0, W=14976, U=0, E=0)
2024-07-25 10:04:04.757 INFO  <LFTransformation_fact_metas - Microsoft Excel metas> [C:\Users\niebl\OneDrive\Escritorio\Semestre\Inteligecia de Negocio\Proyecto Fase 2\BIProyecto\proyectobi(FINAL)\Job_dim_fact.kjb  C:\proyectobi\ETLfact_Metas.ktr]  Procesamiento finalizado (I=390, O=0, R=0, W=390, U=0, E=0)
2024-07-25 10:04:04.760 INFO  <LFTransformation_fact_metas - Sort cod_prod 2> [C:\Users\niebl\OneDrive\Escritorio\Semestre\Inteligecia de Negocio\Proyecto Fase 2\BIProyecto\proyectobi(FINAL)\Job_dim_fact.kjb  C:\proyectobi\ETLfact_Metas.ktr]  Procesamiento finalizado (I=0, O=0, R=390, W=390, U=0, E=0)
2024-07-25 10:04:05.065 INFO  <LFTransformation_fact_metas - Merge join> [C:\Users\niebl\OneDrive\Escritorio\Semestre\Inteligecia de Negocio\Proyecto Fase 2\BIProyecto\proyectobi(FINAL)\Job_dim_fact.kjb  C:\proyectobi\ETLfact_Metas.ktr]  Procesamiento finalizado (I=0, O=0, R=420, W=390, U=0, E=0)
2024-07-25 10:04:05.069 INFO  <LFTransformation_fact_metas - Quitar cod_prod y dejar SK> [C:\Users\niebl\OneDrive\Escritorio\Semestre\Inteligecia de Negocio\Proyecto Fase 2\BIProyecto\proyectobi(FINAL)\Job_dim_fact.kjb  C:\proyectobi\ETLfact_Metas.ktr]  Procesamiento finalizado (I=0, O=0, R=390, W=390, U=0, E=0)
2024-07-25 10:04:05.074 INFO  <LFTransformation_fact_metas - Sort fecha_inicio> [C:\Users\niebl\OneDrive\Escritorio\Semestre\Inteligecia de Negocio\Proyecto Fase 2\BIProyecto\proyectobi(FINAL)\Job_dim_fact.kjb  C:\proyectobi\ETLfact_Metas.ktr]  Procesamiento finalizado (I=0, O=0, R=390, W=390, U=0, E=0)
2024-07-25 10:04:05.092 INFO  <LFTransformation_fact_metas - Sort fecha_completa> [C:\Users\niebl\OneDrive\Escritorio\Semestre\Inteligecia de Negocio\Proyecto Fase 2\BIProyecto\proyectobi(FINAL)\Job_dim_fact.kjb  C:\proyectobi\ETLfact_Metas.ktr]  Procesamiento finalizado (I=0, O=0, R=14976, W=14976, U=0, E=0)
2024-07-25 10:04:05.416 INFO  <LFTransformation_fact_metas - Merge join 2> [C:\Users\niebl\OneDrive\Escritorio\Semestre\Inteligecia de Negocio\Proyecto Fase 2\BIProyecto\proyectobi(FINAL)\Job_dim_fact.kjb  C:\proyectobi\ETLfact_Metas.ktr]  Procesamiento finalizado (I=0, O=0, R=15366, W=390, U=0, E=0)
2024-07-25 10:04:05.445 INFO  <LFTransformation_fact_metas - Select values 2> [C:\Users\niebl\OneDrive\Escritorio\Semestre\Inteligecia de Negocio\Proyecto Fase 2\BIProyecto\proyectobi(FINAL)\Job_dim_fact.kjb  C:\proyectobi\ETLfact_Metas.ktr]  Procesamiento finalizado (I=0, O=0, R=390, W=390, U=0, E=0)
2024-07-25 10:04:05.461 INFO  <LFTransformation_fact_metas - Sort fecha_final> [C:\Users\niebl\OneDrive\Escritorio\Semestre\Inteligecia de Negocio\Proyecto Fase 2\BIProyecto\proyectobi(FINAL)\Job_dim_fact.kjb  C:\proyectobi\ETLfact_Metas.ktr]  Procesamiento finalizado (I=0, O=0, R=390, W=390, U=0, E=0)
2024-07-25 10:04:05.467 INFO  <LFTransformation_fact_metas - Sort fecha_completa2> [C:\Users\niebl\OneDrive\Escritorio\Semestre\Inteligecia de Negocio\Proyecto Fase 2\BIProyecto\proyectobi(FINAL)\Job_dim_fact.kjb  C:\proyectobi\ETLfact_Metas.ktr]  Procesamiento finalizado (I=0, O=0, R=14976, W=14976, U=0, E=0)
2024-07-25 10:04:05.786 INFO  <LFTransformation_fact_metas - Merge join 3> [C:\Users\niebl\OneDrive\Escritorio\Semestre\Inteligecia de Negocio\Proyecto Fase 2\BIProyecto\proyectobi(FINAL)\Job_dim_fact.kjb  C:\proyectobi\ETLfact_Metas.ktr]  Procesamiento finalizado (I=0, O=0, R=15366, W=390, U=0, E=0)
2024-07-25 10:04:05.818 INFO  <LFTransformation_fact_metas - dejar sk_dim fec_final > [C:\Users\niebl\OneDrive\Escritorio\Semestre\Inteligecia de Negocio\Proyecto Fase 2\BIProyecto\proyectobi(FINAL)\Job_dim_fact.kjb  C:\proyectobi\ETLfact_Metas.ktr]  Procesamiento finalizado (I=0, O=0, R=390, W=390, U=0, E=0)
2024-07-25 10:04:06.092 INFO  <LFTransformation_fact_metas - Table output> [C:\Users\niebl\OneDrive\Escritorio\Semestre\Inteligecia de Negocio\Proyecto Fase 2\BIProyecto\proyectobi(FINAL)\Job_dim_fact.kjb  C:\proyectobi\ETLfact_Metas.ktr]  Procesamiento finalizado (I=0, O=390, R=390, W=390, U=0, E=0)
2024-07-25 10:04:06.093 INFO  <Thread-14> [C:\Users\niebl\OneDrive\Escritorio\Semestre\Inteligecia de Negocio\Proyecto Fase 2\BIProyecto\proyectobi(FINAL)\Job_dim_fact.kjb]  Starting entry [ETL_fact_reg_contrato]
2024-07-25 10:04:06.124 INFO  <Thread-14> [C:\Users\niebl\OneDrive\Escritorio\Semestre\Inteligecia de Negocio\Proyecto Fase 2\BIProyecto\proyectobi(FINAL)\Job_dim_fact.kjb]  Using run configuration [Pentaho local]
2024-07-25 10:04:06.124 INFO  <Thread-14> [C:\Users\niebl\OneDrive\Escritorio\Semestre\Inteligecia de Negocio\Proyecto Fase 2\BIProyecto\proyectobi(FINAL)\Job_dim_fact.kjb  C:\proyectobi\ETLfact_Registro_Contrato.ktr]  Iniciado despacho de la transformaci?n [Transformacion FACT_Registro_Contrato]
2024-07-25 10:04:06.312 INFO  <init of Salida Tabla.0 (Thread-185)> [C:\Users\niebl\OneDrive\Escritorio\Semestre\Inteligecia de Negocio\Proyecto Fase 2\BIProyecto\proyectobi(FINAL)\Job_dim_fact.kjb  C:\proyectobi\ETLfact_Registro_Contrato.ktr]  Connected to database [Postgres] (commit=1000)
2024-07-25 10:04:06.378 INFO  <Transformacion FACT_Registro_Contrato - Entrada Tabla dim_producto> [C:\Users\niebl\OneDrive\Escritorio\Semestre\Inteligecia de Negocio\Proyecto Fase 2\BIProyecto\proyectobi(FINAL)\Job_dim_fact.kjb  C:\proyectobi\ETLfact_Registro_Contrato.ktr]  Finished reading query, closing connection
2024-07-25 10:04:06.380 INFO  <Transformacion FACT_Registro_Contrato - Entrada Tabla dim_producto> [C:\Users\niebl\OneDrive\Escritorio\Semestre\Inteligecia de Negocio\Proyecto Fase 2\BIProyecto\proyectobi(FINAL)\Job_dim_fact.kjb  C:\proyectobi\ETLfact_Registro_Contrato.ktr]  Procesamiento finalizado (I=30, O=0, R=0, W=30, U=0, E=0)
2024-07-25 10:04:06.381 INFO  <Transformacion FACT_Registro_Contrato - Entrada Tabla dim_estado_contrato> [C:\Users\niebl\OneDrive\Escritorio\Semestre\Inteligecia de Negocio\Proyecto Fase 2\BIProyecto\proyectobi(FINAL)\Job_dim_fact.kjb  C:\proyectobi\ETLfact_Registro_Contrato.ktr]  Finished reading query, closing connection
2024-07-25 10:04:06.382 INFO  <Transformacion FACT_Registro_Contrato - Ordenar filas cod_producto 2> [C:\Users\niebl\OneDrive\Escritorio\Semestre\Inteligecia de Negocio\Proyecto Fase 2\BIProyecto\proyectobi(FINAL)\Job_dim_fact.kjb  C:\proyectobi\ETLfact_Registro_Contrato.ktr]  Procesamiento finalizado (I=0, O=0, R=30, W=30, U=0, E=0)
2024-07-25 10:04:06.384 INFO  <Transformacion FACT_Registro_Contrato - Entrada Tabla dim_estado_contrato> [C:\Users\niebl\OneDrive\Escritorio\Semestre\Inteligecia de Negocio\Proyecto Fase 2\BIProyecto\proyectobi(FINAL)\Job_dim_fact.kjb  C:\proyectobi\ETLfact_Registro_Contrato.ktr]  Procesamiento finalizado (I=3, O=0, R=0, W=3, U=0, E=0)
2024-07-25 10:04:06.391 INFO  <Transformacion FACT_Registro_Contrato - Entrada Tabla Registro Contrato> [C:\Users\niebl\OneDrive\Escritorio\Semestre\Inteligecia de Negocio\Proyecto Fase 2\BIProyecto\proyectobi(FINAL)\Job_dim_fact.kjb  C:\proyectobi\ETLfact_Registro_Contrato.ktr]  Finished reading query, closing connection
2024-07-25 10:04:06.393 INFO  <Transformacion FACT_Registro_Contrato - Entrada Tabla Registro Contrato> [C:\Users\niebl\OneDrive\Escritorio\Semestre\Inteligecia de Negocio\Proyecto Fase 2\BIProyecto\proyectobi(FINAL)\Job_dim_fact.kjb  C:\proyectobi\ETLfact_Registro_Contrato.ktr]  Procesamiento finalizado (I=1000, O=0, R=0, W=1000, U=0, E=0)
2024-07-25 10:04:06.394 INFO  <Transformacion FACT_Registro_Contrato - Ordenar filas descrip_estado> [C:\Users\niebl\OneDrive\Escritorio\Semestre\Inteligecia de Negocio\Proyecto Fase 2\BIProyecto\proyectobi(FINAL)\Job_dim_fact.kjb  C:\proyectobi\ETLfact_Registro_Contrato.ktr]  Procesamiento finalizado (I=0, O=0, R=3, W=3, U=0, E=0)
2024-07-25 10:04:06.404 INFO  <Transformacion FACT_Registro_Contrato - Ordenar filas cod_cliente> [C:\Users\niebl\OneDrive\Escritorio\Semestre\Inteligecia de Negocio\Proyecto Fase 2\BIProyecto\proyectobi(FINAL)\Job_dim_fact.kjb  C:\proyectobi\ETLfact_Registro_Contrato.ktr]  Procesamiento finalizado (I=0, O=0, R=1000, W=1000, U=0, E=0)
2024-07-25 10:04:06.407 INFO  <Transformacion FACT_Registro_Contrato - Entrada Tabla dim_contrato> [C:\Users\niebl\OneDrive\Escritorio\Semestre\Inteligecia de Negocio\Proyecto Fase 2\BIProyecto\proyectobi(FINAL)\Job_dim_fact.kjb  C:\proyectobi\ETLfact_Registro_Contrato.ktr]  Finished reading query, closing connection
2024-07-25 10:04:06.409 INFO  <Transformacion FACT_Registro_Contrato - Entrada Tabla dim_contrato> [C:\Users\niebl\OneDrive\Escritorio\Semestre\Inteligecia de Negocio\Proyecto Fase 2\BIProyecto\proyectobi(FINAL)\Job_dim_fact.kjb  C:\proyectobi\ETLfact_Registro_Contrato.ktr]  Procesamiento finalizado (I=1000, O=0, R=0, W=1000, U=0, E=0)
2024-07-25 10:04:06.414 INFO  <Transformacion FACT_Registro_Contrato - Ordenar filas nro_contrato 2> [C:\Users\niebl\OneDrive\Escritorio\Semestre\Inteligecia de Negocio\Proyecto Fase 2\BIProyecto\proyectobi(FINAL)\Job_dim_fact.kjb  C:\proyectobi\ETLfact_Registro_Contrato.ktr]  Procesamiento finalizado (I=0, O=0, R=1000, W=1000, U=0, E=0)
2024-07-25 10:04:06.428 INFO  <Transformacion FACT_Registro_Contrato - Entrada Tabla Dim_Cliente> [C:\Users\niebl\OneDrive\Escritorio\Semestre\Inteligecia de Negocio\Proyecto Fase 2\BIProyecto\proyectobi(FINAL)\Job_dim_fact.kjb  C:\proyectobi\ETLfact_Registro_Contrato.ktr]  Finished reading query, closing connection
2024-07-25 10:04:06.430 INFO  <Transformacion FACT_Registro_Contrato - Entrada Tabla Dim_Cliente> [C:\Users\niebl\OneDrive\Escritorio\Semestre\Inteligecia de Negocio\Proyecto Fase 2\BIProyecto\proyectobi(FINAL)\Job_dim_fact.kjb  C:\proyectobi\ETLfact_Registro_Contrato.ktr]  Procesamiento finalizado (I=300, O=0, R=0, W=300, U=0, E=0)
2024-07-25 10:04:06.435 INFO  <Transformacion FACT_Registro_Contrato - Ordenar filas cod_cliente 2> [C:\Users\niebl\OneDrive\Escritorio\Semestre\Inteligecia de Negocio\Proyecto Fase 2\BIProyecto\proyectobi(FINAL)\Job_dim_fact.kjb  C:\proyectobi\ETLfact_Registro_Contrato.ktr]  Procesamiento finalizado (I=0, O=0, R=300, W=300, U=0, E=0)
2024-07-25 10:04:06.507 INFO  <Transformacion FACT_Registro_Contrato - Entrada Tabla dim_tiempo> [C:\Users\niebl\OneDrive\Escritorio\Semestre\Inteligecia de Negocio\Proyecto Fase 2\BIProyecto\proyectobi(FINAL)\Job_dim_fact.kjb  C:\proyectobi\ETLfact_Registro_Contrato.ktr]  Finished reading query, closing connection
2024-07-25 10:04:06.508 INFO  <Transformacion FACT_Registro_Contrato - Entrada Tabla dim_tiempo> [C:\Users\niebl\OneDrive\Escritorio\Semestre\Inteligecia de Negocio\Proyecto Fase 2\BIProyecto\proyectobi(FINAL)\Job_dim_fact.kjb  C:\proyectobi\ETLfact_Registro_Contrato.ktr]  Procesamiento finalizado (I=14976, O=0, R=0, W=29952, U=0, E=0)
2024-07-25 10:04:06.769 INFO  <Transformacion FACT_Registro_Contrato - Unión por clave> [C:\Users\niebl\OneDrive\Escritorio\Semestre\Inteligecia de Negocio\Proyecto Fase 2\BIProyecto\proyectobi(FINAL)\Job_dim_fact.kjb  C:\proyectobi\ETLfact_Registro_Contrato.ktr]  Procesamiento finalizado (I=0, O=0, R=1300, W=1000, U=0, E=0)
2024-07-25 10:04:06.777 INFO  <Transformacion FACT_Registro_Contrato - Ordenar filas cod_producto> [C:\Users\niebl\OneDrive\Escritorio\Semestre\Inteligecia de Negocio\Proyecto Fase 2\BIProyecto\proyectobi(FINAL)\Job_dim_fact.kjb  C:\proyectobi\ETLfact_Registro_Contrato.ktr]  Procesamiento finalizado (I=0, O=0, R=1000, W=1000, U=0, E=0)
2024-07-25 10:04:07.097 INFO  <Transformacion FACT_Registro_Contrato - Unión por clave cod_producto> [C:\Users\niebl\OneDrive\Escritorio\Semestre\Inteligecia de Negocio\Proyecto Fase 2\BIProyecto\proyectobi(FINAL)\Job_dim_fact.kjb  C:\proyectobi\ETLfact_Registro_Contrato.ktr]  Procesamiento finalizado (I=0, O=0, R=1030, W=1000, U=0, E=0)
2024-07-25 10:04:07.122 INFO  <Transformacion FACT_Registro_Contrato - Ordenar filas nro_contrato> [C:\Users\niebl\OneDrive\Escritorio\Semestre\Inteligecia de Negocio\Proyecto Fase 2\BIProyecto\proyectobi(FINAL)\Job_dim_fact.kjb  C:\proyectobi\ETLfact_Registro_Contrato.ktr]  Procesamiento finalizado (I=0, O=0, R=1000, W=1000, U=0, E=0)
2024-07-25 10:04:07.448 INFO  <Transformacion FACT_Registro_Contrato - Unión por clave nro_contrato> [C:\Users\niebl\OneDrive\Escritorio\Semestre\Inteligecia de Negocio\Proyecto Fase 2\BIProyecto\proyectobi(FINAL)\Job_dim_fact.kjb  C:\proyectobi\ETLfact_Registro_Contrato.ktr]  Procesamiento finalizado (I=0, O=0, R=2000, W=1000, U=0, E=0)
2024-07-25 10:04:07.453 INFO  <Transformacion FACT_Registro_Contrato - Ordenar filas estado_contrato> [C:\Users\niebl\OneDrive\Escritorio\Semestre\Inteligecia de Negocio\Proyecto Fase 2\BIProyecto\proyectobi(FINAL)\Job_dim_fact.kjb  C:\proyectobi\ETLfact_Registro_Contrato.ktr]  Procesamiento finalizado (I=0, O=0, R=1000, W=1000, U=0, E=0)
2024-07-25 10:04:07.760 INFO  <Transformacion FACT_Registro_Contrato - Unión por clave estado_contrato> [C:\Users\niebl\OneDrive\Escritorio\Semestre\Inteligecia de Negocio\Proyecto Fase 2\BIProyecto\proyectobi(FINAL)\Job_dim_fact.kjb  C:\proyectobi\ETLfact_Registro_Contrato.ktr]  Procesamiento finalizado (I=0, O=0, R=1003, W=1000, U=0, E=0)
2024-07-25 10:04:07.765 INFO  <Transformacion FACT_Registro_Contrato - Ordenar filas fecha inicio> [C:\Users\niebl\OneDrive\Escritorio\Semestre\Inteligecia de Negocio\Proyecto Fase 2\BIProyecto\proyectobi(FINAL)\Job_dim_fact.kjb  C:\proyectobi\ETLfact_Registro_Contrato.ktr]  Procesamiento finalizado (I=0, O=0, R=1000, W=1000, U=0, E=0)
2024-07-25 10:04:07.771 INFO  <Transformacion FACT_Registro_Contrato - Ordenar filas dim_tiempo> [C:\Users\niebl\OneDrive\Escritorio\Semestre\Inteligecia de Negocio\Proyecto Fase 2\BIProyecto\proyectobi(FINAL)\Job_dim_fact.kjb  C:\proyectobi\ETLfact_Registro_Contrato.ktr]  Procesamiento finalizado (I=0, O=0, R=14976, W=14976, U=0, E=0)
2024-07-25 10:04:08.090 INFO  <Transformacion FACT_Registro_Contrato - Unión por clave fecha inicio> [C:\Users\niebl\OneDrive\Escritorio\Semestre\Inteligecia de Negocio\Proyecto Fase 2\BIProyecto\proyectobi(FINAL)\Job_dim_fact.kjb  C:\proyectobi\ETLfact_Registro_Contrato.ktr]  Procesamiento finalizado (I=0, O=0, R=15976, W=1000, U=0, E=0)
2024-07-25 10:04:08.102 INFO  <Transformacion FACT_Registro_Contrato - Ordenar filas fecha_fin> [C:\Users\niebl\OneDrive\Escritorio\Semestre\Inteligecia de Negocio\Proyecto Fase 2\BIProyecto\proyectobi(FINAL)\Job_dim_fact.kjb  C:\proyectobi\ETLfact_Registro_Contrato.ktr]  Procesamiento finalizado (I=0, O=0, R=1000, W=1000, U=0, E=0)
2024-07-25 10:04:08.107 INFO  <Transformacion FACT_Registro_Contrato - Ordenar filas dim_tiempo 2> [C:\Users\niebl\OneDrive\Escritorio\Semestre\Inteligecia de Negocio\Proyecto Fase 2\BIProyecto\proyectobi(FINAL)\Job_dim_fact.kjb  C:\proyectobi\ETLfact_Registro_Contrato.ktr]  Procesamiento finalizado (I=0, O=0, R=14976, W=14976, U=0, E=0)
2024-07-25 10:04:08.432 INFO  <Transformacion FACT_Registro_Contrato - Unión por clave fecha fin> [C:\Users\niebl\OneDrive\Escritorio\Semestre\Inteligecia de Negocio\Proyecto Fase 2\BIProyecto\proyectobi(FINAL)\Job_dim_fact.kjb  C:\proyectobi\ETLfact_Registro_Contrato.ktr]  Procesamiento finalizado (I=0, O=0, R=15976, W=1000, U=0, E=0)
2024-07-25 10:04:08.456 INFO  <Transformacion FACT_Registro_Contrato - Añadir secuencia utilidad> [C:\Users\niebl\OneDrive\Escritorio\Semestre\Inteligecia de Negocio\Proyecto Fase 2\BIProyecto\proyectobi(FINAL)\Job_dim_fact.kjb  C:\proyectobi\ETLfact_Registro_Contrato.ktr]  Procesamiento finalizado (I=0, O=0, R=1000, W=1000, U=0, E=0)
2024-07-25 10:04:08.548 INFO  <Transformacion FACT_Registro_Contrato - Salida Tabla> [C:\Users\niebl\OneDrive\Escritorio\Semestre\Inteligecia de Negocio\Proyecto Fase 2\BIProyecto\proyectobi(FINAL)\Job_dim_fact.kjb  C:\proyectobi\ETLfact_Registro_Contrato.ktr]  Procesamiento finalizado (I=0, O=1000, R=1000, W=1000, U=0, E=0)
2024-07-25 10:04:08.549 INFO  <Thread-14> [C:\Users\niebl\OneDrive\Escritorio\Semestre\Inteligecia de Negocio\Proyecto Fase 2\BIProyecto\proyectobi(FINAL)\Job_dim_fact.kjb]  Starting entry [ETL fact_reg_siniestro]
2024-07-25 10:04:08.580 INFO  <Thread-14> [C:\Users\niebl\OneDrive\Escritorio\Semestre\Inteligecia de Negocio\Proyecto Fase 2\BIProyecto\proyectobi(FINAL)\Job_dim_fact.kjb]  Using run configuration [Pentaho local]
2024-07-25 10:04:08.580 INFO  <Thread-14> [C:\Users\niebl\OneDrive\Escritorio\Semestre\Inteligecia de Negocio\Proyecto Fase 2\BIProyecto\proyectobi(FINAL)\Job_dim_fact.kjb  C:\proyectobi\ETLfact_Registro_Siniestro.ktr]  Iniciado despacho de la transformaci?n [Transformacion Fact_Registro_Siniestro]
2024-07-25 10:04:08.830 INFO  <init of Salida Tabla Fact_Registro_Siniestro.0 (Thread-252)> [C:\Users\niebl\OneDrive\Escritorio\Semestre\Inteligecia de Negocio\Proyecto Fase 2\BIProyecto\proyectobi(FINAL)\Job_dim_fact.kjb  C:\proyectobi\ETLfact_Registro_Siniestro.ktr]  Connected to database [Postgres] (commit=1000)
2024-07-25 10:04:08.884 INFO  <Transformacion Fact_Registro_Siniestro - Entrada Tabla dim_siniestro> [C:\Users\niebl\OneDrive\Escritorio\Semestre\Inteligecia de Negocio\Proyecto Fase 2\BIProyecto\proyectobi(FINAL)\Job_dim_fact.kjb  C:\proyectobi\ETLfact_Registro_Siniestro.ktr]  Finished reading query, closing connection
2024-07-25 10:04:08.885 INFO  <Transformacion Fact_Registro_Siniestro - Entrada Tabla cliente> [C:\Users\niebl\OneDrive\Escritorio\Semestre\Inteligecia de Negocio\Proyecto Fase 2\BIProyecto\proyectobi(FINAL)\Job_dim_fact.kjb  C:\proyectobi\ETLfact_Registro_Siniestro.ktr]  Finished reading query, closing connection
2024-07-25 10:04:08.886 INFO  <Transformacion Fact_Registro_Siniestro - Entrada Tabla dim_cliente> [C:\Users\niebl\OneDrive\Escritorio\Semestre\Inteligecia de Negocio\Proyecto Fase 2\BIProyecto\proyectobi(FINAL)\Job_dim_fact.kjb  C:\proyectobi\ETLfact_Registro_Siniestro.ktr]  Finished reading query, closing connection
2024-07-25 10:04:08.887 INFO  <Transformacion Fact_Registro_Siniestro - Entrada Tabla dim_siniestro> [C:\Users\niebl\OneDrive\Escritorio\Semestre\Inteligecia de Negocio\Proyecto Fase 2\BIProyecto\proyectobi(FINAL)\Job_dim_fact.kjb  C:\proyectobi\ETLfact_Registro_Siniestro.ktr]  Procesamiento finalizado (I=20, O=0, R=0, W=20, U=0, E=0)
2024-07-25 10:04:08.888 INFO  <Transformacion Fact_Registro_Siniestro - Entrada Tabla cliente> [C:\Users\niebl\OneDrive\Escritorio\Semestre\Inteligecia de Negocio\Proyecto Fase 2\BIProyecto\proyectobi(FINAL)\Job_dim_fact.kjb  C:\proyectobi\ETLfact_Registro_Siniestro.ktr]  Procesamiento finalizado (I=300, O=0, R=0, W=300, U=0, E=0)
2024-07-25 10:04:08.891 INFO  <Transformacion Fact_Registro_Siniestro - Entrada Tabla dim_cliente> [C:\Users\niebl\OneDrive\Escritorio\Semestre\Inteligecia de Negocio\Proyecto Fase 2\BIProyecto\proyectobi(FINAL)\Job_dim_fact.kjb  C:\proyectobi\ETLfact_Registro_Siniestro.ktr]  Procesamiento finalizado (I=300, O=0, R=0, W=300, U=0, E=0)
2024-07-25 10:04:08.895 INFO  <Transformacion Fact_Registro_Siniestro - Ordenar filas nro_siniestro> [C:\Users\niebl\OneDrive\Escritorio\Semestre\Inteligecia de Negocio\Proyecto Fase 2\BIProyecto\proyectobi(FINAL)\Job_dim_fact.kjb  C:\proyectobi\ETLfact_Registro_Siniestro.ktr]  Procesamiento finalizado (I=0, O=0, R=20, W=20, U=0, E=0)
2024-07-25 10:04:08.895 INFO  <Transformacion Fact_Registro_Siniestro - Ordenar filas codigo cliente> [C:\Users\niebl\OneDrive\Escritorio\Semestre\Inteligecia de Negocio\Proyecto Fase 2\BIProyecto\proyectobi(FINAL)\Job_dim_fact.kjb  C:\proyectobi\ETLfact_Registro_Siniestro.ktr]  Procesamiento finalizado (I=0, O=0, R=300, W=300, U=0, E=0)
2024-07-25 10:04:08.895 INFO  <Transformacion Fact_Registro_Siniestro - Entrada Tabla dim_contrato> [C:\Users\niebl\OneDrive\Escritorio\Semestre\Inteligecia de Negocio\Proyecto Fase 2\BIProyecto\proyectobi(FINAL)\Job_dim_fact.kjb  C:\proyectobi\ETLfact_Registro_Siniestro.ktr]  Finished reading query, closing connection
2024-07-25 10:04:08.898 INFO  <Transformacion Fact_Registro_Siniestro - Entrada Tabla dim_contrato> [C:\Users\niebl\OneDrive\Escritorio\Semestre\Inteligecia de Negocio\Proyecto Fase 2\BIProyecto\proyectobi(FINAL)\Job_dim_fact.kjb  C:\proyectobi\ETLfact_Registro_Siniestro.ktr]  Procesamiento finalizado (I=1000, O=0, R=0, W=1000, U=0, E=0)
2024-07-25 10:04:08.905 INFO  <Transformacion Fact_Registro_Siniestro - Entrada Tabla dim sucursal> [C:\Users\niebl\OneDrive\Escritorio\Semestre\Inteligecia de Negocio\Proyecto Fase 2\BIProyecto\proyectobi(FINAL)\Job_dim_fact.kjb  C:\proyectobi\ETLfact_Registro_Siniestro.ktr]  Finished reading query, closing connection
2024-07-25 10:04:08.905 INFO  <Transformacion Fact_Registro_Siniestro - Entrada Tabla dim_producto> [C:\Users\niebl\OneDrive\Escritorio\Semestre\Inteligecia de Negocio\Proyecto Fase 2\BIProyecto\proyectobi(FINAL)\Job_dim_fact.kjb  C:\proyectobi\ETLfact_Registro_Siniestro.ktr]  Finished reading query, closing connection
2024-07-25 10:04:08.908 INFO  <Transformacion Fact_Registro_Siniestro - Entrada Tabla dim sucursal> [C:\Users\niebl\OneDrive\Escritorio\Semestre\Inteligecia de Negocio\Proyecto Fase 2\BIProyecto\proyectobi(FINAL)\Job_dim_fact.kjb  C:\proyectobi\ETLfact_Registro_Siniestro.ktr]  Procesamiento finalizado (I=30, O=0, R=0, W=30, U=0, E=0)
2024-07-25 10:04:08.908 INFO  <Transformacion Fact_Registro_Siniestro - Entrada Tabla dim_producto> [C:\Users\niebl\OneDrive\Escritorio\Semestre\Inteligecia de Negocio\Proyecto Fase 2\BIProyecto\proyectobi(FINAL)\Job_dim_fact.kjb  C:\proyectobi\ETLfact_Registro_Siniestro.ktr]  Procesamiento finalizado (I=30, O=0, R=0, W=30, U=0, E=0)
2024-07-25 10:04:08.909 INFO  <Transformacion Fact_Registro_Siniestro - Entrada Tabla Registro Contrato> [C:\Users\niebl\OneDrive\Escritorio\Semestre\Inteligecia de Negocio\Proyecto Fase 2\BIProyecto\proyectobi(FINAL)\Job_dim_fact.kjb  C:\proyectobi\ETLfact_Registro_Siniestro.ktr]  Finished reading query, closing connection
2024-07-25 10:04:08.937 INFO  <Transformacion Fact_Registro_Siniestro - Ordenar filas codigo cliente 2> [C:\Users\niebl\OneDrive\Escritorio\Semestre\Inteligecia de Negocio\Proyecto Fase 2\BIProyecto\proyectobi(FINAL)\Job_dim_fact.kjb  C:\proyectobi\ETLfact_Registro_Siniestro.ktr]  Procesamiento finalizado (I=0, O=0, R=300, W=300, U=0, E=0)
2024-07-25 10:04:08.937 INFO  <Transformacion Fact_Registro_Siniestro - Ordenar filas nro_contrato> [C:\Users\niebl\OneDrive\Escritorio\Semestre\Inteligecia de Negocio\Proyecto Fase 2\BIProyecto\proyectobi(FINAL)\Job_dim_fact.kjb  C:\proyectobi\ETLfact_Registro_Siniestro.ktr]  Procesamiento finalizado (I=0, O=0, R=1000, W=1000, U=0, E=0)
2024-07-25 10:04:08.937 INFO  <Transformacion Fact_Registro_Siniestro - Entrada Tabla Registro Contrato> [C:\Users\niebl\OneDrive\Escritorio\Semestre\Inteligecia de Negocio\Proyecto Fase 2\BIProyecto\proyectobi(FINAL)\Job_dim_fact.kjb  C:\proyectobi\ETLfact_Registro_Siniestro.ktr]  Procesamiento finalizado (I=1000, O=0, R=0, W=1000, U=0, E=0)
2024-07-25 10:04:08.938 INFO  <Transformacion Fact_Registro_Siniestro - Ordenar filas producto 2> [C:\Users\niebl\OneDrive\Escritorio\Semestre\Inteligecia de Negocio\Proyecto Fase 2\BIProyecto\proyectobi(FINAL)\Job_dim_fact.kjb  C:\proyectobi\ETLfact_Registro_Siniestro.ktr]  Procesamiento finalizado (I=0, O=0, R=30, W=30, U=0, E=0)
2024-07-25 10:04:08.938 INFO  <Transformacion Fact_Registro_Siniestro - Ordenar filas sucursal 2> [C:\Users\niebl\OneDrive\Escritorio\Semestre\Inteligecia de Negocio\Proyecto Fase 2\BIProyecto\proyectobi(FINAL)\Job_dim_fact.kjb  C:\proyectobi\ETLfact_Registro_Siniestro.ktr]  Procesamiento finalizado (I=0, O=0, R=30, W=30, U=0, E=0)
2024-07-25 10:04:08.941 INFO  <Transformacion Fact_Registro_Siniestro - Ordenar filas cliente> [C:\Users\niebl\OneDrive\Escritorio\Semestre\Inteligecia de Negocio\Proyecto Fase 2\BIProyecto\proyectobi(FINAL)\Job_dim_fact.kjb  C:\proyectobi\ETLfact_Registro_Siniestro.ktr]  Procesamiento finalizado (I=0, O=0, R=1000, W=1000, U=0, E=0)
2024-07-25 10:04:08.967 INFO  <Transformacion Fact_Registro_Siniestro - Entrada Tabla Fact_Registro_Siniestro> [C:\Users\niebl\OneDrive\Escritorio\Semestre\Inteligecia de Negocio\Proyecto Fase 2\BIProyecto\proyectobi(FINAL)\Job_dim_fact.kjb  C:\proyectobi\ETLfact_Registro_Siniestro.ktr]  Finished reading query, closing connection
2024-07-25 10:04:08.968 INFO  <Transformacion Fact_Registro_Siniestro - Entrada Tabla Fact_Registro_Siniestro> [C:\Users\niebl\OneDrive\Escritorio\Semestre\Inteligecia de Negocio\Proyecto Fase 2\BIProyecto\proyectobi(FINAL)\Job_dim_fact.kjb  C:\proyectobi\ETLfact_Registro_Siniestro.ktr]  Procesamiento finalizado (I=1000, O=0, R=0, W=1000, U=0, E=0)
2024-07-25 10:04:08.975 INFO  <Transformacion Fact_Registro_Siniestro - Ordenar filas siniestro> [C:\Users\niebl\OneDrive\Escritorio\Semestre\Inteligecia de Negocio\Proyecto Fase 2\BIProyecto\proyectobi(FINAL)\Job_dim_fact.kjb  C:\proyectobi\ETLfact_Registro_Siniestro.ktr]  Procesamiento finalizado (I=0, O=0, R=1000, W=1000, U=0, E=0)
2024-07-25 10:04:09.013 INFO  <Transformacion Fact_Registro_Siniestro - Entrada Tabla fechas> [C:\Users\niebl\OneDrive\Escritorio\Semestre\Inteligecia de Negocio\Proyecto Fase 2\BIProyecto\proyectobi(FINAL)\Job_dim_fact.kjb  C:\proyectobi\ETLfact_Registro_Siniestro.ktr]  Finished reading query, closing connection
2024-07-25 10:04:09.014 INFO  <Transformacion Fact_Registro_Siniestro - Entrada Tabla fechas> [C:\Users\niebl\OneDrive\Escritorio\Semestre\Inteligecia de Negocio\Proyecto Fase 2\BIProyecto\proyectobi(FINAL)\Job_dim_fact.kjb  C:\proyectobi\ETLfact_Registro_Siniestro.ktr]  Procesamiento finalizado (I=14976, O=0, R=0, W=29952, U=0, E=0)
2024-07-25 10:04:09.240 INFO  <Transformacion Fact_Registro_Siniestro - Unión por clave codigo cliente> [C:\Users\niebl\OneDrive\Escritorio\Semestre\Inteligecia de Negocio\Proyecto Fase 2\BIProyecto\proyectobi(FINAL)\Job_dim_fact.kjb  C:\proyectobi\ETLfact_Registro_Siniestro.ktr]  Procesamiento finalizado (I=0, O=0, R=600, W=300, U=0, E=0)
2024-07-25 10:04:09.258 INFO  <Transformacion Fact_Registro_Siniestro - Ordenar filas sucursal> [C:\Users\niebl\OneDrive\Escritorio\Semestre\Inteligecia de Negocio\Proyecto Fase 2\BIProyecto\proyectobi(FINAL)\Job_dim_fact.kjb  C:\proyectobi\ETLfact_Registro_Siniestro.ktr]  Procesamiento finalizado (I=0, O=0, R=300, W=300, U=0, E=0)
2024-07-25 10:04:09.288 INFO  <Transformacion Fact_Registro_Siniestro - Unión por clave sinistro> [C:\Users\niebl\OneDrive\Escritorio\Semestre\Inteligecia de Negocio\Proyecto Fase 2\BIProyecto\proyectobi(FINAL)\Job_dim_fact.kjb  C:\proyectobi\ETLfact_Registro_Siniestro.ktr]  Procesamiento finalizado (I=0, O=0, R=1020, W=1000, U=0, E=0)
2024-07-25 10:04:09.296 INFO  <Transformacion Fact_Registro_Siniestro - Ordenar filas contrato> [C:\Users\niebl\OneDrive\Escritorio\Semestre\Inteligecia de Negocio\Proyecto Fase 2\BIProyecto\proyectobi(FINAL)\Job_dim_fact.kjb  C:\proyectobi\ETLfact_Registro_Siniestro.ktr]  Procesamiento finalizado (I=0, O=0, R=1000, W=1000, U=0, E=0)
2024-07-25 10:04:09.571 INFO  <Transformacion Fact_Registro_Siniestro - Unión por clave sucursal> [C:\Users\niebl\OneDrive\Escritorio\Semestre\Inteligecia de Negocio\Proyecto Fase 2\BIProyecto\proyectobi(FINAL)\Job_dim_fact.kjb  C:\proyectobi\ETLfact_Registro_Siniestro.ktr]  Procesamiento finalizado (I=0, O=0, R=330, W=300, U=0, E=0)
2024-07-25 10:04:09.584 INFO  <Transformacion Fact_Registro_Siniestro - Ordenar filas cliente 2> [C:\Users\niebl\OneDrive\Escritorio\Semestre\Inteligecia de Negocio\Proyecto Fase 2\BIProyecto\proyectobi(FINAL)\Job_dim_fact.kjb  C:\proyectobi\ETLfact_Registro_Siniestro.ktr]  Procesamiento finalizado (I=0, O=0, R=300, W=300, U=0, E=0)
2024-07-25 10:04:09.602 INFO  <Transformacion Fact_Registro_Siniestro - Unión por clave contrato> [C:\Users\niebl\OneDrive\Escritorio\Semestre\Inteligecia de Negocio\Proyecto Fase 2\BIProyecto\proyectobi(FINAL)\Job_dim_fact.kjb  C:\proyectobi\ETLfact_Registro_Siniestro.ktr]  Procesamiento finalizado (I=0, O=0, R=2000, W=1000, U=0, E=0)
2024-07-25 10:04:09.616 INFO  <Transformacion Fact_Registro_Siniestro - Ordenar filas contrato 2> [C:\Users\niebl\OneDrive\Escritorio\Semestre\Inteligecia de Negocio\Proyecto Fase 2\BIProyecto\proyectobi(FINAL)\Job_dim_fact.kjb  C:\proyectobi\ETLfact_Registro_Siniestro.ktr]  Procesamiento finalizado (I=0, O=0, R=1000, W=1000, U=0, E=0)
2024-07-25 10:04:09.902 INFO  <Transformacion Fact_Registro_Siniestro - Unión por clave cliente> [C:\Users\niebl\OneDrive\Escritorio\Semestre\Inteligecia de Negocio\Proyecto Fase 2\BIProyecto\proyectobi(FINAL)\Job_dim_fact.kjb  C:\proyectobi\ETLfact_Registro_Siniestro.ktr]  Procesamiento finalizado (I=0, O=0, R=1300, W=1000, U=0, E=0)
2024-07-25 10:04:09.907 INFO  <Transformacion Fact_Registro_Siniestro - Ordenar filas producto> [C:\Users\niebl\OneDrive\Escritorio\Semestre\Inteligecia de Negocio\Proyecto Fase 2\BIProyecto\proyectobi(FINAL)\Job_dim_fact.kjb  C:\proyectobi\ETLfact_Registro_Siniestro.ktr]  Procesamiento finalizado (I=0, O=0, R=1000, W=1000, U=0, E=0)
2024-07-25 10:04:10.213 INFO  <Transformacion Fact_Registro_Siniestro - Unión por clave producto> [C:\Users\niebl\OneDrive\Escritorio\Semestre\Inteligecia de Negocio\Proyecto Fase 2\BIProyecto\proyectobi(FINAL)\Job_dim_fact.kjb  C:\proyectobi\ETLfact_Registro_Siniestro.ktr]  Procesamiento finalizado (I=0, O=0, R=1030, W=1000, U=0, E=0)
2024-07-25 10:04:10.221 INFO  <Transformacion Fact_Registro_Siniestro - Ordenar filas contrato 3> [C:\Users\niebl\OneDrive\Escritorio\Semestre\Inteligecia de Negocio\Proyecto Fase 2\BIProyecto\proyectobi(FINAL)\Job_dim_fact.kjb  C:\proyectobi\ETLfact_Registro_Siniestro.ktr]  Procesamiento finalizado (I=0, O=0, R=1000, W=1000, U=0, E=0)
2024-07-25 10:04:10.554 INFO  <Transformacion Fact_Registro_Siniestro - Unión por clave contrato 2> [C:\Users\niebl\OneDrive\Escritorio\Semestre\Inteligecia de Negocio\Proyecto Fase 2\BIProyecto\proyectobi(FINAL)\Job_dim_fact.kjb  C:\proyectobi\ETLfact_Registro_Siniestro.ktr]  Procesamiento finalizado (I=0, O=0, R=2000, W=1000, U=0, E=0)
2024-07-25 10:04:10.568 INFO  <Transformacion Fact_Registro_Siniestro - Ordenar filas fecha_siniestro> [C:\Users\niebl\OneDrive\Escritorio\Semestre\Inteligecia de Negocio\Proyecto Fase 2\BIProyecto\proyectobi(FINAL)\Job_dim_fact.kjb  C:\proyectobi\ETLfact_Registro_Siniestro.ktr]  Procesamiento finalizado (I=0, O=0, R=1000, W=1000, U=0, E=0)
2024-07-25 10:04:10.573 INFO  <Transformacion Fact_Registro_Siniestro - Ordenar filas fecha completa> [C:\Users\niebl\OneDrive\Escritorio\Semestre\Inteligecia de Negocio\Proyecto Fase 2\BIProyecto\proyectobi(FINAL)\Job_dim_fact.kjb  C:\proyectobi\ETLfact_Registro_Siniestro.ktr]  Procesamiento finalizado (I=0, O=0, R=14976, W=14976, U=0, E=0)
2024-07-25 10:04:10.889 INFO  <Transformacion Fact_Registro_Siniestro - Unión por clave fecha_siniestro> [C:\Users\niebl\OneDrive\Escritorio\Semestre\Inteligecia de Negocio\Proyecto Fase 2\BIProyecto\proyectobi(FINAL)\Job_dim_fact.kjb  C:\proyectobi\ETLfact_Registro_Siniestro.ktr]  Procesamiento finalizado (I=0, O=0, R=15976, W=1000, U=0, E=0)
2024-07-25 10:04:10.903 INFO  <Transformacion Fact_Registro_Siniestro - Ordenar filas fecha_respuesta> [C:\Users\niebl\OneDrive\Escritorio\Semestre\Inteligecia de Negocio\Proyecto Fase 2\BIProyecto\proyectobi(FINAL)\Job_dim_fact.kjb  C:\proyectobi\ETLfact_Registro_Siniestro.ktr]  Procesamiento finalizado (I=0, O=0, R=1000, W=1000, U=0, E=0)
2024-07-25 10:04:10.908 INFO  <Transformacion Fact_Registro_Siniestro - Ordenar filas fecha completa 2> [C:\Users\niebl\OneDrive\Escritorio\Semestre\Inteligecia de Negocio\Proyecto Fase 2\BIProyecto\proyectobi(FINAL)\Job_dim_fact.kjb  C:\proyectobi\ETLfact_Registro_Siniestro.ktr]  Procesamiento finalizado (I=0, O=0, R=14976, W=14976, U=0, E=0)
2024-07-25 10:04:11.233 INFO  <Transformacion Fact_Registro_Siniestro - Unión por clave fecha respuesta> [C:\Users\niebl\OneDrive\Escritorio\Semestre\Inteligecia de Negocio\Proyecto Fase 2\BIProyecto\proyectobi(FINAL)\Job_dim_fact.kjb  C:\proyectobi\ETLfact_Registro_Siniestro.ktr]  Procesamiento finalizado (I=0, O=0, R=15976, W=1000, U=0, E=0)
2024-07-25 10:04:11.250 INFO  <Transformacion Fact_Registro_Siniestro - Añadir secuencia cantidad> [C:\Users\niebl\OneDrive\Escritorio\Semestre\Inteligecia de Negocio\Proyecto Fase 2\BIProyecto\proyectobi(FINAL)\Job_dim_fact.kjb  C:\proyectobi\ETLfact_Registro_Siniestro.ktr]  Procesamiento finalizado (I=0, O=0, R=1000, W=1000, U=0, E=0)
2024-07-25 10:04:11.266 INFO  <Transformacion Fact_Registro_Siniestro - Formula> [C:\Users\niebl\OneDrive\Escritorio\Semestre\Inteligecia de Negocio\Proyecto Fase 2\BIProyecto\proyectobi(FINAL)\Job_dim_fact.kjb  C:\proyectobi\ETLfact_Registro_Siniestro.ktr]  Procesamiento finalizado (I=0, O=0, R=1000, W=1000, U=0, E=0)
2024-07-25 10:04:11.505 INFO  <Transformacion Fact_Registro_Siniestro - Salida Tabla Fact_Registro_Siniestro> [C:\Users\niebl\OneDrive\Escritorio\Semestre\Inteligecia de Negocio\Proyecto Fase 2\BIProyecto\proyectobi(FINAL)\Job_dim_fact.kjb  C:\proyectobi\ETLfact_Registro_Siniestro.ktr]  Procesamiento finalizado (I=0, O=1000, R=1000, W=1000, U=0, E=0)
2024-07-25 10:04:11.509 INFO  <Thread-14> [C:\Users\niebl\OneDrive\Escritorio\Semestre\Inteligecia de Negocio\Proyecto Fase 2\BIProyecto\proyectobi(FINAL)\Job_dim_fact.kjb]  Starting entry [ETL fact_eval_servicio]
2024-07-25 10:04:11.538 INFO  <Thread-14> [C:\Users\niebl\OneDrive\Escritorio\Semestre\Inteligecia de Negocio\Proyecto Fase 2\BIProyecto\proyectobi(FINAL)\Job_dim_fact.kjb]  Using run configuration [Pentaho local]
2024-07-25 10:04:11.539 INFO  <Thread-14> [C:\Users\niebl\OneDrive\Escritorio\Semestre\Inteligecia de Negocio\Proyecto Fase 2\BIProyecto\proyectobi(FINAL)\Job_dim_fact.kjb  C:\proyectobi\ETLfact_Evaluacion_Servicio.ktr]  Iniciado despacho de la transformaci?n [Transformacion Fact_Evaluacion_Servicio]
2024-07-25 10:04:11.709 INFO  <init of Salida Tabla.0 (Thread-311)> [C:\Users\niebl\OneDrive\Escritorio\Semestre\Inteligecia de Negocio\Proyecto Fase 2\BIProyecto\proyectobi(FINAL)\Job_dim_fact.kjb  C:\proyectobi\ETLfact_Evaluacion_Servicio.ktr]  Connected to database [Postgres] (commit=1000)
2024-07-25 10:04:11.729 INFO  <Transformacion Fact_Evaluacion_Servicio - Entrada Tabla dim producto> [C:\Users\niebl\OneDrive\Escritorio\Semestre\Inteligecia de Negocio\Proyecto Fase 2\BIProyecto\proyectobi(FINAL)\Job_dim_fact.kjb  C:\proyectobi\ETLfact_Evaluacion_Servicio.ktr]  Finished reading query, closing connection
2024-07-25 10:04:11.730 INFO  <Transformacion Fact_Evaluacion_Servicio - Entrada Tabla dim producto> [C:\Users\niebl\OneDrive\Escritorio\Semestre\Inteligecia de Negocio\Proyecto Fase 2\BIProyecto\proyectobi(FINAL)\Job_dim_fact.kjb  C:\proyectobi\ETLfact_Evaluacion_Servicio.ktr]  Procesamiento finalizado (I=30, O=0, R=0, W=30, U=0, E=0)
2024-07-25 10:04:11.734 INFO  <Transformacion Fact_Evaluacion_Servicio - Entrada Tabla dim evaluacion servicio> [C:\Users\niebl\OneDrive\Escritorio\Semestre\Inteligecia de Negocio\Proyecto Fase 2\BIProyecto\proyectobi(FINAL)\Job_dim_fact.kjb  C:\proyectobi\ETLfact_Evaluacion_Servicio.ktr]  Finished reading query, closing connection
2024-07-25 10:04:11.734 INFO  <Transformacion Fact_Evaluacion_Servicio - Entrada Tabla dim cliente> [C:\Users\niebl\OneDrive\Escritorio\Semestre\Inteligecia de Negocio\Proyecto Fase 2\BIProyecto\proyectobi(FINAL)\Job_dim_fact.kjb  C:\proyectobi\ETLfact_Evaluacion_Servicio.ktr]  Finished reading query, closing connection
2024-07-25 10:04:11.735 INFO  <Transformacion Fact_Evaluacion_Servicio - Entrada Tabla dim evaluacion servicio> [C:\Users\niebl\OneDrive\Escritorio\Semestre\Inteligecia de Negocio\Proyecto Fase 2\BIProyecto\proyectobi(FINAL)\Job_dim_fact.kjb  C:\proyectobi\ETLfact_Evaluacion_Servicio.ktr]  Procesamiento finalizado (I=6, O=0, R=0, W=6, U=0, E=0)
2024-07-25 10:04:11.737 INFO  <Transformacion Fact_Evaluacion_Servicio - Entrada Tabla dim cliente> [C:\Users\niebl\OneDrive\Escritorio\Semestre\Inteligecia de Negocio\Proyecto Fase 2\BIProyecto\proyectobi(FINAL)\Job_dim_fact.kjb  C:\proyectobi\ETLfact_Evaluacion_Servicio.ktr]  Procesamiento finalizado (I=300, O=0, R=0, W=300, U=0, E=0)
2024-07-25 10:04:11.738 INFO  <Transformacion Fact_Evaluacion_Servicio - Ordenar filas 2 evaluacion servicio> [C:\Users\niebl\OneDrive\Escritorio\Semestre\Inteligecia de Negocio\Proyecto Fase 2\BIProyecto\proyectobi(FINAL)\Job_dim_fact.kjb  C:\proyectobi\ETLfact_Evaluacion_Servicio.ktr]  Procesamiento finalizado (I=0, O=0, R=6, W=6, U=0, E=0)
2024-07-25 10:04:11.738 INFO  <Transformacion Fact_Evaluacion_Servicio - Ordenar filas cod_cliente> [C:\Users\niebl\OneDrive\Escritorio\Semestre\Inteligecia de Negocio\Proyecto Fase 2\BIProyecto\proyectobi(FINAL)\Job_dim_fact.kjb  C:\proyectobi\ETLfact_Evaluacion_Servicio.ktr]  Procesamiento finalizado (I=0, O=0, R=300, W=300, U=0, E=0)
2024-07-25 10:04:11.743 INFO  <Transformacion Fact_Evaluacion_Servicio - Ordenar filas cod_producto> [C:\Users\niebl\OneDrive\Escritorio\Semestre\Inteligecia de Negocio\Proyecto Fase 2\BIProyecto\proyectobi(FINAL)\Job_dim_fact.kjb  C:\proyectobi\ETLfact_Evaluacion_Servicio.ktr]  Procesamiento finalizado (I=0, O=0, R=30, W=30, U=0, E=0)
2024-07-25 10:04:11.793 INFO  <Transformacion Fact_Evaluacion_Servicio - Entrada Tabla dim_tiempo> [C:\Users\niebl\OneDrive\Escritorio\Semestre\Inteligecia de Negocio\Proyecto Fase 2\BIProyecto\proyectobi(FINAL)\Job_dim_fact.kjb  C:\proyectobi\ETLfact_Evaluacion_Servicio.ktr]  Finished reading query, closing connection
2024-07-25 10:04:11.794 INFO  <Transformacion Fact_Evaluacion_Servicio - Entrada Tabla dim_tiempo> [C:\Users\niebl\OneDrive\Escritorio\Semestre\Inteligecia de Negocio\Proyecto Fase 2\BIProyecto\proyectobi(FINAL)\Job_dim_fact.kjb  C:\proyectobi\ETLfact_Evaluacion_Servicio.ktr]  Procesamiento finalizado (I=14976, O=0, R=0, W=14976, U=0, E=0)
2024-07-25 10:04:11.805 INFO  <Transformacion Fact_Evaluacion_Servicio - Entrada Tabla recomienda> [C:\Users\niebl\OneDrive\Escritorio\Semestre\Inteligecia de Negocio\Proyecto Fase 2\BIProyecto\proyectobi(FINAL)\Job_dim_fact.kjb  C:\proyectobi\ETLfact_Evaluacion_Servicio.ktr]  Finished reading query, closing connection
2024-07-25 10:04:11.806 INFO  <Transformacion Fact_Evaluacion_Servicio - Entrada Tabla recomienda> [C:\Users\niebl\OneDrive\Escritorio\Semestre\Inteligecia de Negocio\Proyecto Fase 2\BIProyecto\proyectobi(FINAL)\Job_dim_fact.kjb  C:\proyectobi\ETLfact_Evaluacion_Servicio.ktr]  Procesamiento finalizado (I=500, O=0, R=0, W=500, U=0, E=0)
2024-07-25 10:04:11.812 INFO  <Transformacion Fact_Evaluacion_Servicio - Ordenar filas codigo producto> [C:\Users\niebl\OneDrive\Escritorio\Semestre\Inteligecia de Negocio\Proyecto Fase 2\BIProyecto\proyectobi(FINAL)\Job_dim_fact.kjb  C:\proyectobi\ETLfact_Evaluacion_Servicio.ktr]  Procesamiento finalizado (I=0, O=0, R=500, W=500, U=0, E=0)
2024-07-25 10:04:12.117 INFO  <Transformacion Fact_Evaluacion_Servicio - Unión por clave codigo pruducto> [C:\Users\niebl\OneDrive\Escritorio\Semestre\Inteligecia de Negocio\Proyecto Fase 2\BIProyecto\proyectobi(FINAL)\Job_dim_fact.kjb  C:\proyectobi\ETLfact_Evaluacion_Servicio.ktr]  Procesamiento finalizado (I=0, O=0, R=530, W=500, U=0, E=0)
2024-07-25 10:04:12.136 INFO  <Transformacion Fact_Evaluacion_Servicio - Ordenar filas codigo cliente> [C:\Users\niebl\OneDrive\Escritorio\Semestre\Inteligecia de Negocio\Proyecto Fase 2\BIProyecto\proyectobi(FINAL)\Job_dim_fact.kjb  C:\proyectobi\ETLfact_Evaluacion_Servicio.ktr]  Procesamiento finalizado (I=0, O=0, R=500, W=500, U=0, E=0)
2024-07-25 10:04:12.445 INFO  <Transformacion Fact_Evaluacion_Servicio - Unión por clave codigo cliente> [C:\Users\niebl\OneDrive\Escritorio\Semestre\Inteligecia de Negocio\Proyecto Fase 2\BIProyecto\proyectobi(FINAL)\Job_dim_fact.kjb  C:\proyectobi\ETLfact_Evaluacion_Servicio.ktr]  Procesamiento finalizado (I=0, O=0, R=800, W=500, U=0, E=0)
2024-07-25 10:04:12.464 INFO  <Transformacion Fact_Evaluacion_Servicio - Ordenar filas codigo evaluacion servicio> [C:\Users\niebl\OneDrive\Escritorio\Semestre\Inteligecia de Negocio\Proyecto Fase 2\BIProyecto\proyectobi(FINAL)\Job_dim_fact.kjb  C:\proyectobi\ETLfact_Evaluacion_Servicio.ktr]  Procesamiento finalizado (I=0, O=0, R=500, W=500, U=0, E=0)
2024-07-25 10:04:12.781 INFO  <Transformacion Fact_Evaluacion_Servicio - Unión por clave evaluacion servicio> [C:\Users\niebl\OneDrive\Escritorio\Semestre\Inteligecia de Negocio\Proyecto Fase 2\BIProyecto\proyectobi(FINAL)\Job_dim_fact.kjb  C:\proyectobi\ETLfact_Evaluacion_Servicio.ktr]  Procesamiento finalizado (I=0, O=0, R=506, W=500, U=0, E=0)
2024-07-25 10:04:12.793 INFO  <Transformacion Fact_Evaluacion_Servicio - Ordenar filas fecha_recomienda> [C:\Users\niebl\OneDrive\Escritorio\Semestre\Inteligecia de Negocio\Proyecto Fase 2\BIProyecto\proyectobi(FINAL)\Job_dim_fact.kjb  C:\proyectobi\ETLfact_Evaluacion_Servicio.ktr]  Procesamiento finalizado (I=0, O=0, R=500, W=500, U=0, E=0)
2024-07-25 10:04:12.799 INFO  <Transformacion Fact_Evaluacion_Servicio - Ordenar filas fecha completa> [C:\Users\niebl\OneDrive\Escritorio\Semestre\Inteligecia de Negocio\Proyecto Fase 2\BIProyecto\proyectobi(FINAL)\Job_dim_fact.kjb  C:\proyectobi\ETLfact_Evaluacion_Servicio.ktr]  Procesamiento finalizado (I=0, O=0, R=14976, W=14976, U=0, E=0)
2024-07-25 10:04:13.104 INFO  <Transformacion Fact_Evaluacion_Servicio - Unión por clave fecha> [C:\Users\niebl\OneDrive\Escritorio\Semestre\Inteligecia de Negocio\Proyecto Fase 2\BIProyecto\proyectobi(FINAL)\Job_dim_fact.kjb  C:\proyectobi\ETLfact_Evaluacion_Servicio.ktr]  Procesamiento finalizado (I=0, O=0, R=15476, W=500, U=0, E=0)
2024-07-25 10:04:13.116 INFO  <Transformacion Fact_Evaluacion_Servicio - Añadir secuencia cantidad> [C:\Users\niebl\OneDrive\Escritorio\Semestre\Inteligecia de Negocio\Proyecto Fase 2\BIProyecto\proyectobi(FINAL)\Job_dim_fact.kjb  C:\proyectobi\ETLfact_Evaluacion_Servicio.ktr]  Procesamiento finalizado (I=0, O=0, R=500, W=500, U=0, E=0)
2024-07-25 10:04:13.118 INFO  <Transformacion Fact_Evaluacion_Servicio - Formula> [C:\Users\niebl\OneDrive\Escritorio\Semestre\Inteligecia de Negocio\Proyecto Fase 2\BIProyecto\proyectobi(FINAL)\Job_dim_fact.kjb  C:\proyectobi\ETLfact_Evaluacion_Servicio.ktr]  Procesamiento finalizado (I=0, O=0, R=500, W=500, U=0, E=0)
2024-07-25 10:04:13.193 INFO  <Transformacion Fact_Evaluacion_Servicio - Salida Tabla> [C:\Users\niebl\OneDrive\Escritorio\Semestre\Inteligecia de Negocio\Proyecto Fase 2\BIProyecto\proyectobi(FINAL)\Job_dim_fact.kjb  C:\proyectobi\ETLfact_Evaluacion_Servicio.ktr]  Procesamiento finalizado (I=0, O=500, R=500, W=500, U=0, E=0)
2024-07-25 10:04:13.194 INFO  <Thread-14> [C:\Users\niebl\OneDrive\Escritorio\Semestre\Inteligecia de Negocio\Proyecto Fase 2\BIProyecto\proyectobi(FINAL)\Job_dim_fact.kjb]  Finished job entry [ETL fact_eval_servicio] (result=[true])
2024-07-25 10:04:13.194 INFO  <Thread-14> [C:\Users\niebl\OneDrive\Escritorio\Semestre\Inteligecia de Negocio\Proyecto Fase 2\BIProyecto\proyectobi(FINAL)\Job_dim_fact.kjb]  Finished job entry [ETL fact_reg_siniestro] (result=[true])
2024-07-25 10:04:13.194 INFO  <Thread-14> [C:\Users\niebl\OneDrive\Escritorio\Semestre\Inteligecia de Negocio\Proyecto Fase 2\BIProyecto\proyectobi(FINAL)\Job_dim_fact.kjb]  Finished job entry [ETL_fact_reg_contrato] (result=[true])
2024-07-25 10:04:13.194 INFO  <Thread-14> [C:\Users\niebl\OneDrive\Escritorio\Semestre\Inteligecia de Negocio\Proyecto Fase 2\BIProyecto\proyectobi(FINAL)\Job_dim_fact.kjb]  Finished job entry [ETL_fact_metas] (result=[true])
2024-07-25 10:04:13.194 INFO  <Thread-14> [C:\Users\niebl\OneDrive\Escritorio\Semestre\Inteligecia de Negocio\Proyecto Fase 2\BIProyecto\proyectobi(FINAL)\Job_dim_fact.kjb]  Finished job entry [ETL dim_siniestro] (result=[true])
2024-07-25 10:04:13.194 INFO  <Thread-14> [C:\Users\niebl\OneDrive\Escritorio\Semestre\Inteligecia de Negocio\Proyecto Fase 2\BIProyecto\proyectobi(FINAL)\Job_dim_fact.kjb]  Finished job entry [ETL dim_sucursal] (result=[true])
2024-07-25 10:04:13.194 INFO  <Thread-14> [C:\Users\niebl\OneDrive\Escritorio\Semestre\Inteligecia de Negocio\Proyecto Fase 2\BIProyecto\proyectobi(FINAL)\Job_dim_fact.kjb]  Finished job entry [ETL dim_estado_contrato] (result=[true])
2024-07-25 10:04:13.194 INFO  <Thread-14> [C:\Users\niebl\OneDrive\Escritorio\Semestre\Inteligecia de Negocio\Proyecto Fase 2\BIProyecto\proyectobi(FINAL)\Job_dim_fact.kjb]  Finished job entry [ELT dim_contrato] (result=[true])
2024-07-25 10:04:13.194 INFO  <Thread-14> [C:\Users\niebl\OneDrive\Escritorio\Semestre\Inteligecia de Negocio\Proyecto Fase 2\BIProyecto\proyectobi(FINAL)\Job_dim_fact.kjb]  Finished job entry [ETL dim_eval_servicio] (result=[true])
2024-07-25 10:04:13.194 INFO  <Thread-14> [C:\Users\niebl\OneDrive\Escritorio\Semestre\Inteligecia de Negocio\Proyecto Fase 2\BIProyecto\proyectobi(FINAL)\Job_dim_fact.kjb]  Finished job entry [ETL dim_cliente] (result=[true])
2024-07-25 10:04:13.194 INFO  <Thread-14> [C:\Users\niebl\OneDrive\Escritorio\Semestre\Inteligecia de Negocio\Proyecto Fase 2\BIProyecto\proyectobi(FINAL)\Job_dim_fact.kjb]  Finished job entry [ETL dim_producto] (result=[true])
2024-07-25 10:04:13.194 INFO  <Thread-14> [C:\Users\niebl\OneDrive\Escritorio\Semestre\Inteligecia de Negocio\Proyecto Fase 2\BIProyecto\proyectobi(FINAL)\Job_dim_fact.kjb]  Finished job entry [ETL dim_tiempo] (result=[true])
2024-07-25 10:04:13.194 INFO  <Thread-14> [C:\Users\niebl\OneDrive\Escritorio\Semestre\Inteligecia de Negocio\Proyecto Fase 2\BIProyecto\proyectobi(FINAL)\Job_dim_fact.kjb]  Finished job entry [Limpiar] (result=[true])
2024-07-25 10:04:13.194 WARN  <Thread-14> [C:\Users\niebl\OneDrive\Escritorio\Semestre\Inteligecia de Negocio\Proyecto Fase 2\BIProyecto\proyectobi(FINAL)\Job_dim_fact.kjb]  Job execution finished
2024-07-25 10:13:17.892 INFO  <Thread-346> [C:\proyectobi\Transformacion limpieza.ktr]  Iniciado despacho de la transformaci?n [Transformacion limpieza]
2024-07-25 10:13:21.171 INFO  <Transformacion limpieza - Ejecutar script SQL> [C:\proyectobi\Transformacion limpieza.ktr]  Terminado la lectura de la consulta, cerrando conexi?n.
2024-07-25 10:13:21.172 INFO  <Transformacion limpieza - Ejecutar script SQL> [C:\proyectobi\Transformacion limpieza.ktr]  Procesamiento finalizado (I=0, O=0, R=0, W=1, U=0, E=0)
2024-07-25 10:24:43.542 INFO  <Thread-364> [C:\proyectobi\ETLdim_Tiempo.ktr]  Iniciado despacho de la transformaci?n [Transformacion Dim_Tiempo]
2024-07-25 10:24:43.622 INFO  <init of Salida Tabla dim_tiempo.0 (Thread-382)> [C:\proyectobi\ETLdim_Tiempo.ktr]  Connected to database [Postgres] (commit=1000)
2024-07-25 10:24:43.694 INFO  <Transformacion Dim_Tiempo - Generate rows> [C:\proyectobi\ETLdim_Tiempo.ktr]  Procesamiento finalizado (I=0, O=0, R=0, W=14976, U=0, E=0)
2024-07-25 10:24:43.823 INFO  <Transformacion Dim_Tiempo - suma_dias> [C:\proyectobi\ETLdim_Tiempo.ktr]  Procesamiento finalizado (I=0, O=0, R=14976, W=14976, U=0, E=0)
2024-07-25 10:24:44.092 INFO  <Transformacion Dim_Tiempo - Calculator> [C:\proyectobi\ETLdim_Tiempo.ktr]  Procesamiento finalizado (I=0, O=0, R=14976, W=14976, U=0, E=0)
2024-07-25 10:24:44.100 INFO  <Transformacion Dim_Tiempo - Select values> [C:\proyectobi\ETLdim_Tiempo.ktr]  Procesamiento finalizado (I=0, O=0, R=14976, W=14976, U=0, E=0)
2024-07-25 10:24:44.124 INFO  <Transformacion Dim_Tiempo - Extraccion de año> [C:\proyectobi\ETLdim_Tiempo.ktr]  Procesamiento finalizado (I=0, O=0, R=14976, W=14976, U=0, E=0)
2024-07-25 10:24:44.231 INFO  <Transformacion Dim_Tiempo - Extraccion de mes> [C:\proyectobi\ETLdim_Tiempo.ktr]  Procesamiento finalizado (I=0, O=0, R=14976, W=14976, U=0, E=0)
2024-07-25 10:24:44.408 INFO  <Transformacion Dim_Tiempo - Extraccion dia año> [C:\proyectobi\ETLdim_Tiempo.ktr]  Procesamiento finalizado (I=0, O=0, R=14976, W=14976, U=0, E=0)
2024-07-25 10:24:44.422 INFO  <Transformacion Dim_Tiempo - Extraccion dia mes> [C:\proyectobi\ETLdim_Tiempo.ktr]  Procesamiento finalizado (I=0, O=0, R=14976, W=14976, U=0, E=0)
2024-07-25 10:24:44.442 INFO  <Transformacion Dim_Tiempo - Extraccion dia semana> [C:\proyectobi\ETLdim_Tiempo.ktr]  Procesamiento finalizado (I=0, O=0, R=14976, W=14976, U=0, E=0)
2024-07-25 10:24:44.559 INFO  <Transformacion Dim_Tiempo - Extraccion semana> [C:\proyectobi\ETLdim_Tiempo.ktr]  Procesamiento finalizado (I=0, O=0, R=14976, W=14976, U=0, E=0)
2024-07-25 10:24:44.564 INFO  <Transformacion Dim_Tiempo - Mapeo de valores Des_dia_semana> [C:\proyectobi\ETLdim_Tiempo.ktr]  Procesamiento finalizado (I=0, O=0, R=14976, W=14976, U=0, E=0)
2024-07-25 10:24:44.570 INFO  <Transformacion Dim_Tiempo - Mapeo de valores desc_dia_semana_corta> [C:\proyectobi\ETLdim_Tiempo.ktr]  Procesamiento finalizado (I=0, O=0, R=14976, W=14976, U=0, E=0)
2024-07-25 10:24:44.576 INFO  <Transformacion Dim_Tiempo - Mapeo de valores desc_mes> [C:\proyectobi\ETLdim_Tiempo.ktr]  Procesamiento finalizado (I=0, O=0, R=14976, W=14976, U=0, E=0)
2024-07-25 10:24:44.581 INFO  <Transformacion Dim_Tiempo - Mapeo de valores desc_mes_corta> [C:\proyectobi\ETLdim_Tiempo.ktr]  Procesamiento finalizado (I=0, O=0, R=14976, W=14976, U=0, E=0)
2024-07-25 10:24:44.586 INFO  <Transformacion Dim_Tiempo - Formula desc_trimestre> [C:\proyectobi\ETLdim_Tiempo.ktr]  Procesamiento finalizado (I=0, O=0, R=14976, W=14976, U=0, E=0)
2024-07-25 10:24:44.605 INFO  <Transformacion Dim_Tiempo - Formula desc_semestre> [C:\proyectobi\ETLdim_Tiempo.ktr]  Procesamiento finalizado (I=0, O=0, R=14976, W=14976, U=0, E=0)
2024-07-25 10:24:45.336 INFO  <Transformacion Dim_Tiempo - Añadir secuencia sk_dim_tiempo> [C:\proyectobi\ETLdim_Tiempo.ktr]  Procesamiento finalizado (I=0, O=0, R=14976, W=14976, U=0, E=0)
2024-07-25 10:24:46.765 INFO  <Transformacion Dim_Tiempo - Salida Tabla dim_tiempo> [C:\proyectobi\ETLdim_Tiempo.ktr]  Procesamiento finalizado (I=0, O=14976, R=14976, W=14976, U=0, E=0)
2024-07-25 10:25:29.263 INFO  <Thread-419> [C:\proyectobi\ETLdim_Cliente.ktr]  Iniciado despacho de la transformaci?n [Transformacion ClienteLF]
2024-07-25 10:25:29.361 INFO  <init of Salida Tabla.0 (Thread-422)> [C:\proyectobi\ETLdim_Cliente.ktr]  Connected to database [Postgres] (commit=1000)
2024-07-25 10:25:29.375 INFO  <Transformacion ClienteLF - Entrada Tabla> [C:\proyectobi\ETLdim_Cliente.ktr]  Finished reading query, closing connection
2024-07-25 10:25:29.377 INFO  <Transformacion ClienteLF - Entrada Tabla> [C:\proyectobi\ETLdim_Cliente.ktr]  Procesamiento finalizado (I=300, O=0, R=0, W=300, U=0, E=0)
2024-07-25 10:25:29.394 INFO  <Transformacion ClienteLF - Add sequence Sk_dim_cliente> [C:\proyectobi\ETLdim_Cliente.ktr]  Procesamiento finalizado (I=0, O=0, R=300, W=300, U=0, E=0)
2024-07-25 10:25:29.457 INFO  <Transformacion ClienteLF - Salida Tabla> [C:\proyectobi\ETLdim_Cliente.ktr]  Procesamiento finalizado (I=0, O=300, R=300, W=300, U=0, E=0)
2024-07-25 10:26:03.096 INFO  <Thread-440> [C:\proyectobi\ETLdim_Sucursal.ktr]  Iniciado despacho de la transformaci?n [Transformacion SucursalLF]
2024-07-25 10:26:03.220 INFO  <init of Salida Tabla.0 (Thread-447)> [C:\proyectobi\ETLdim_Sucursal.ktr]  Connected to database [Postgres] (commit=1000)
2024-07-25 10:26:03.237 INFO  <Transformacion SucursalLF - Entrada Tabla Ciudad> [C:\proyectobi\ETLdim_Sucursal.ktr]  Finished reading query, closing connection
2024-07-25 10:26:03.238 INFO  <Transformacion SucursalLF - Entrada Tabla Sucursal> [C:\proyectobi\ETLdim_Sucursal.ktr]  Finished reading query, closing connection
2024-07-25 10:26:03.238 INFO  <Transformacion SucursalLF - Entrada Tabla Pais> [C:\proyectobi\ETLdim_Sucursal.ktr]  Finished reading query, closing connection
2024-07-25 10:26:03.239 INFO  <Transformacion SucursalLF - Entrada Tabla Ciudad> [C:\proyectobi\ETLdim_Sucursal.ktr]  Procesamiento finalizado (I=30, O=0, R=0, W=30, U=0, E=0)
2024-07-25 10:26:03.239 INFO  <Transformacion SucursalLF - Entrada Tabla Sucursal> [C:\proyectobi\ETLdim_Sucursal.ktr]  Procesamiento finalizado (I=30, O=0, R=0, W=30, U=0, E=0)
2024-07-25 10:26:03.240 INFO  <Transformacion SucursalLF - Entrada Tabla Pais> [C:\proyectobi\ETLdim_Sucursal.ktr]  Procesamiento finalizado (I=30, O=0, R=0, W=30, U=0, E=0)
2024-07-25 10:26:03.608 INFO  <Transformacion SucursalLF - Unión Sucursal-Pais> [C:\proyectobi\ETLdim_Sucursal.ktr]  Procesamiento finalizado (I=0, O=0, R=60, W=30, U=0, E=0)
2024-07-25 10:26:03.983 INFO  <Transformacion SucursalLF - Unión Sucursal-Pais-Ciudad> [C:\proyectobi\ETLdim_Sucursal.ktr]  Procesamiento finalizado (I=0, O=0, R=60, W=30, U=0, E=0)
2024-07-25 10:26:04.008 INFO  <Transformacion SucursalLF - Add sequence sk_dim_sucursal> [C:\proyectobi\ETLdim_Sucursal.ktr]  Procesamiento finalizado (I=0, O=0, R=30, W=30, U=0, E=0)
2024-07-25 10:26:04.043 INFO  <Transformacion SucursalLF - Salida Tabla> [C:\proyectobi\ETLdim_Sucursal.ktr]  Procesamiento finalizado (I=0, O=30, R=30, W=30, U=0, E=0)
2024-07-25 10:26:56.570 INFO  <Thread-477> [C:\proyectobi\ETLfact_Registro_Siniestro.ktr]  Iniciado despacho de la transformaci?n [Transformacion Fact_Registro_Siniestro]
2024-07-25 10:26:56.895 INFO  <init of Salida Tabla Fact_Registro_Siniestro.0 (Thread-516)> [C:\proyectobi\ETLfact_Registro_Siniestro.ktr]  Connected to database [Postgres] (commit=1000)
2024-07-25 10:26:56.937 INFO  <Transformacion Fact_Registro_Siniestro - Entrada Tabla dim sucursal> [C:\proyectobi\ETLfact_Registro_Siniestro.ktr]  Finished reading query, closing connection
2024-07-25 10:26:56.938 INFO  <Transformacion Fact_Registro_Siniestro - Entrada Tabla dim_producto> [C:\proyectobi\ETLfact_Registro_Siniestro.ktr]  Finished reading query, closing connection
2024-07-25 10:26:56.939 INFO  <Transformacion Fact_Registro_Siniestro - Entrada Tabla dim_cliente> [C:\proyectobi\ETLfact_Registro_Siniestro.ktr]  Finished reading query, closing connection
2024-07-25 10:26:56.944 INFO  <Transformacion Fact_Registro_Siniestro - Ordenar filas sucursal 2> [C:\proyectobi\ETLfact_Registro_Siniestro.ktr]  Procesamiento finalizado (I=0, O=0, R=30, W=30, U=0, E=0)
2024-07-25 10:26:56.944 INFO  <Transformacion Fact_Registro_Siniestro - Entrada Tabla Registro Contrato> [C:\proyectobi\ETLfact_Registro_Siniestro.ktr]  Finished reading query, closing connection
2024-07-25 10:26:56.945 INFO  <Transformacion Fact_Registro_Siniestro - Entrada Tabla dim sucursal> [C:\proyectobi\ETLfact_Registro_Siniestro.ktr]  Procesamiento finalizado (I=30, O=0, R=0, W=30, U=0, E=0)
2024-07-25 10:26:56.948 INFO  <Transformacion Fact_Registro_Siniestro - Entrada Tabla dim_cliente> [C:\proyectobi\ETLfact_Registro_Siniestro.ktr]  Procesamiento finalizado (I=300, O=0, R=0, W=300, U=0, E=0)
2024-07-25 10:26:56.948 INFO  <Transformacion Fact_Registro_Siniestro - Entrada Tabla Registro Contrato> [C:\proyectobi\ETLfact_Registro_Siniestro.ktr]  Procesamiento finalizado (I=1000, O=0, R=0, W=1000, U=0, E=0)
2024-07-25 10:26:56.953 INFO  <Transformacion Fact_Registro_Siniestro - Entrada Tabla cliente> [C:\proyectobi\ETLfact_Registro_Siniestro.ktr]  Finished reading query, closing connection
2024-07-25 10:26:56.960 INFO  <Transformacion Fact_Registro_Siniestro - Ordenar filas codigo cliente 2> [C:\proyectobi\ETLfact_Registro_Siniestro.ktr]  Procesamiento finalizado (I=0, O=0, R=300, W=300, U=0, E=0)
2024-07-25 10:26:56.961 INFO  <Transformacion Fact_Registro_Siniestro - Ordenar filas codigo cliente> [C:\proyectobi\ETLfact_Registro_Siniestro.ktr]  Procesamiento finalizado (I=0, O=0, R=300, W=300, U=0, E=0)
2024-07-25 10:26:56.962 INFO  <Transformacion Fact_Registro_Siniestro - Entrada Tabla cliente> [C:\proyectobi\ETLfact_Registro_Siniestro.ktr]  Procesamiento finalizado (I=300, O=0, R=0, W=300, U=0, E=0)
2024-07-25 10:26:56.964 INFO  <Transformacion Fact_Registro_Siniestro - Ordenar filas cliente> [C:\proyectobi\ETLfact_Registro_Siniestro.ktr]  Procesamiento finalizado (I=0, O=0, R=1000, W=1000, U=0, E=0)
2024-07-25 10:26:56.974 INFO  <Transformacion Fact_Registro_Siniestro - Entrada Tabla Fact_Registro_Siniestro> [C:\proyectobi\ETLfact_Registro_Siniestro.ktr]  Finished reading query, closing connection
2024-07-25 10:26:56.975 INFO  <Transformacion Fact_Registro_Siniestro - Entrada Tabla Fact_Registro_Siniestro> [C:\proyectobi\ETLfact_Registro_Siniestro.ktr]  Procesamiento finalizado (I=1000, O=0, R=0, W=1000, U=0, E=0)
2024-07-25 10:26:56.981 INFO  <Transformacion Fact_Registro_Siniestro - Ordenar filas siniestro> [C:\proyectobi\ETLfact_Registro_Siniestro.ktr]  Procesamiento finalizado (I=0, O=0, R=1000, W=1000, U=0, E=0)
2024-07-25 10:26:56.983 INFO  <Transformacion Fact_Registro_Siniestro - Entrada Tabla dim_siniestro> [C:\proyectobi\ETLfact_Registro_Siniestro.ktr]  Finished reading query, closing connection
2024-07-25 10:26:56.987 INFO  <Transformacion Fact_Registro_Siniestro - Entrada Tabla dim_contrato> [C:\proyectobi\ETLfact_Registro_Siniestro.ktr]  Finished reading query, closing connection
2024-07-25 10:26:57.041 INFO  <Transformacion Fact_Registro_Siniestro - Entrada Tabla fechas> [C:\proyectobi\ETLfact_Registro_Siniestro.ktr]  Finished reading query, closing connection
2024-07-25 10:26:57.042 INFO  <Transformacion Fact_Registro_Siniestro - Entrada Tabla fechas> [C:\proyectobi\ETLfact_Registro_Siniestro.ktr]  Procesamiento finalizado (I=14976, O=0, R=0, W=29952, U=0, E=0)
2024-07-25 10:26:57.275 INFO  <Transformacion Fact_Registro_Siniestro - Unión por clave codigo cliente> [C:\proyectobi\ETLfact_Registro_Siniestro.ktr]  Procesamiento finalizado (I=0, O=0, R=600, W=300, U=0, E=0)
2024-07-25 10:26:57.291 INFO  <Transformacion Fact_Registro_Siniestro - Unión por clave sinistro> [C:\proyectobi\ETLfact_Registro_Siniestro.ktr]  Procesamiento finalizado (I=0, O=0, R=1000, W=0, U=0, E=0)
2024-07-25 10:26:57.307 INFO  <Transformacion Fact_Registro_Siniestro - Ordenar filas sucursal> [C:\proyectobi\ETLfact_Registro_Siniestro.ktr]  Procesamiento finalizado (I=0, O=0, R=300, W=300, U=0, E=0)
2024-07-25 10:26:57.636 INFO  <Transformacion Fact_Registro_Siniestro - Unión por clave sucursal> [C:\proyectobi\ETLfact_Registro_Siniestro.ktr]  Procesamiento finalizado (I=0, O=0, R=330, W=300, U=0, E=0)
2024-07-25 10:26:57.668 INFO  <Transformacion Fact_Registro_Siniestro - Ordenar filas cliente 2> [C:\proyectobi\ETLfact_Registro_Siniestro.ktr]  Procesamiento finalizado (I=0, O=0, R=300, W=300, U=0, E=0)
2024-07-25 10:26:58.008 INFO  <Transformacion Fact_Registro_Siniestro - Unión por clave cliente> [C:\proyectobi\ETLfact_Registro_Siniestro.ktr]  Procesamiento finalizado (I=0, O=0, R=1300, W=1000, U=0, E=0)
2024-07-25 10:26:58.041 INFO  <Transformacion Fact_Registro_Siniestro - Ordenar filas producto> [C:\proyectobi\ETLfact_Registro_Siniestro.ktr]  Procesamiento finalizado (I=0, O=0, R=1000, W=1000, U=0, E=0)
2024-07-25 10:26:58.413 INFO  <Transformacion Fact_Registro_Siniestro - Unión por clave producto> [C:\proyectobi\ETLfact_Registro_Siniestro.ktr]  Procesamiento finalizado (I=0, O=0, R=1000, W=0, U=0, E=0)
2024-07-25 10:26:58.723 INFO  <Transformacion Fact_Registro_Siniestro - Ordenar filas fecha completa> [C:\proyectobi\ETLfact_Registro_Siniestro.ktr]  Procesamiento finalizado (I=0, O=0, R=14976, W=14976, U=0, E=0)
2024-07-25 10:26:58.900 INFO  <Transformacion Fact_Registro_Siniestro - Unión por clave fecha_siniestro> [C:\proyectobi\ETLfact_Registro_Siniestro.ktr]  Procesamiento finalizado (I=0, O=0, R=14976, W=0, U=0, E=0)
2024-07-25 10:26:59.095 INFO  <Transformacion Fact_Registro_Siniestro - Ordenar filas fecha completa 2> [C:\proyectobi\ETLfact_Registro_Siniestro.ktr]  Procesamiento finalizado (I=0, O=0, R=14976, W=14976, U=0, E=0)
2024-07-25 10:26:59.277 INFO  <Transformacion Fact_Registro_Siniestro - Unión por clave fecha respuesta> [C:\proyectobi\ETLfact_Registro_Siniestro.ktr]  Procesamiento finalizado (I=0, O=0, R=14976, W=0, U=0, E=0)
2024-07-25 10:28:58.597 INFO  <Thread-570> [C:\proyectobi\Transformacion limpieza.ktr]  Iniciado despacho de la transformaci?n [Transformacion limpieza]
2024-07-25 10:29:01.608 INFO  <Transformacion limpieza - Ejecutar script SQL> [C:\proyectobi\Transformacion limpieza.ktr]  Terminado la lectura de la consulta, cerrando conexi?n.
2024-07-25 10:29:01.609 INFO  <Transformacion limpieza - Ejecutar script SQL> [C:\proyectobi\Transformacion limpieza.ktr]  Procesamiento finalizado (I=0, O=0, R=0, W=1, U=0, E=0)
2024-07-25 10:29:26.475 WARN  <Thread-574> [C:\Users\niebl\OneDrive\Escritorio\Semestre\Inteligecia de Negocio\Proyecto Fase 2\BIProyecto\proyectobi(FINAL)\Job_dim_fact.kjb]  Start of job execution
2024-07-25 10:29:26.476 INFO  <Thread-574> [C:\Users\niebl\OneDrive\Escritorio\Semestre\Inteligecia de Negocio\Proyecto Fase 2\BIProyecto\proyectobi(FINAL)\Job_dim_fact.kjb]  Starting entry [Limpiar]
2024-07-25 10:29:26.489 INFO  <Thread-574> [C:\Users\niebl\OneDrive\Escritorio\Semestre\Inteligecia de Negocio\Proyecto Fase 2\BIProyecto\proyectobi(FINAL)\Job_dim_fact.kjb]  Using run configuration [Pentaho local]
2024-07-25 10:29:26.490 INFO  <Thread-574> [C:\Users\niebl\OneDrive\Escritorio\Semestre\Inteligecia de Negocio\Proyecto Fase 2\BIProyecto\proyectobi(FINAL)\Job_dim_fact.kjb  C:\proyectobi\Transformacion limpieza.ktr]  Iniciado despacho de la transformaci?n [Transformacion limpieza]
2024-07-25 10:29:26.573 INFO  <Transformacion limpieza - Ejecutar script SQL> [C:\Users\niebl\OneDrive\Escritorio\Semestre\Inteligecia de Negocio\Proyecto Fase 2\BIProyecto\proyectobi(FINAL)\Job_dim_fact.kjb  C:\proyectobi\Transformacion limpieza.ktr]  Terminado la lectura de la consulta, cerrando conexi?n.
2024-07-25 10:29:26.573 INFO  <Transformacion limpieza - Ejecutar script SQL> [C:\Users\niebl\OneDrive\Escritorio\Semestre\Inteligecia de Negocio\Proyecto Fase 2\BIProyecto\proyectobi(FINAL)\Job_dim_fact.kjb  C:\proyectobi\Transformacion limpieza.ktr]  Procesamiento finalizado (I=0, O=0, R=0, W=1, U=0, E=0)
2024-07-25 10:29:26.575 INFO  <Thread-574> [C:\Users\niebl\OneDrive\Escritorio\Semestre\Inteligecia de Negocio\Proyecto Fase 2\BIProyecto\proyectobi(FINAL)\Job_dim_fact.kjb]  Starting entry [ETL dim_tiempo]
2024-07-25 10:29:26.601 INFO  <Thread-574> [C:\Users\niebl\OneDrive\Escritorio\Semestre\Inteligecia de Negocio\Proyecto Fase 2\BIProyecto\proyectobi(FINAL)\Job_dim_fact.kjb]  Using run configuration [Pentaho local]
2024-07-25 10:29:26.601 INFO  <Thread-574> [C:\Users\niebl\OneDrive\Escritorio\Semestre\Inteligecia de Negocio\Proyecto Fase 2\BIProyecto\proyectobi(FINAL)\Job_dim_fact.kjb  C:\proyectobi\ETLdim_Tiempo.ktr]  Iniciado despacho de la transformaci?n [Transformacion Dim_Tiempo]
2024-07-25 10:29:26.673 INFO  <init of Salida Tabla dim_tiempo.0 (Thread-590)> [C:\Users\niebl\OneDrive\Escritorio\Semestre\Inteligecia de Negocio\Proyecto Fase 2\BIProyecto\proyectobi(FINAL)\Job_dim_fact.kjb  C:\proyectobi\ETLdim_Tiempo.ktr]  Connected to database [Postgres] (commit=1000)
2024-07-25 10:29:26.700 INFO  <Transformacion Dim_Tiempo - Generate rows> [C:\Users\niebl\OneDrive\Escritorio\Semestre\Inteligecia de Negocio\Proyecto Fase 2\BIProyecto\proyectobi(FINAL)\Job_dim_fact.kjb  C:\proyectobi\ETLdim_Tiempo.ktr]  Procesamiento finalizado (I=0, O=0, R=0, W=14976, U=0, E=0)
2024-07-25 10:29:26.768 INFO  <Transformacion Dim_Tiempo - suma_dias> [C:\Users\niebl\OneDrive\Escritorio\Semestre\Inteligecia de Negocio\Proyecto Fase 2\BIProyecto\proyectobi(FINAL)\Job_dim_fact.kjb  C:\proyectobi\ETLdim_Tiempo.ktr]  Procesamiento finalizado (I=0, O=0, R=14976, W=14976, U=0, E=0)
2024-07-25 10:29:26.796 INFO  <Transformacion Dim_Tiempo - Calculator> [C:\Users\niebl\OneDrive\Escritorio\Semestre\Inteligecia de Negocio\Proyecto Fase 2\BIProyecto\proyectobi(FINAL)\Job_dim_fact.kjb  C:\proyectobi\ETLdim_Tiempo.ktr]  Procesamiento finalizado (I=0, O=0, R=14976, W=14976, U=0, E=0)
2024-07-25 10:29:26.812 INFO  <Transformacion Dim_Tiempo - Select values> [C:\Users\niebl\OneDrive\Escritorio\Semestre\Inteligecia de Negocio\Proyecto Fase 2\BIProyecto\proyectobi(FINAL)\Job_dim_fact.kjb  C:\proyectobi\ETLdim_Tiempo.ktr]  Procesamiento finalizado (I=0, O=0, R=14976, W=14976, U=0, E=0)
2024-07-25 10:29:26.916 INFO  <Transformacion Dim_Tiempo - Extraccion de año> [C:\Users\niebl\OneDrive\Escritorio\Semestre\Inteligecia de Negocio\Proyecto Fase 2\BIProyecto\proyectobi(FINAL)\Job_dim_fact.kjb  C:\proyectobi\ETLdim_Tiempo.ktr]  Procesamiento finalizado (I=0, O=0, R=14976, W=14976, U=0, E=0)
2024-07-25 10:29:27.016 INFO  <Transformacion Dim_Tiempo - Extraccion de mes> [C:\Users\niebl\OneDrive\Escritorio\Semestre\Inteligecia de Negocio\Proyecto Fase 2\BIProyecto\proyectobi(FINAL)\Job_dim_fact.kjb  C:\proyectobi\ETLdim_Tiempo.ktr]  Procesamiento finalizado (I=0, O=0, R=14976, W=14976, U=0, E=0)
2024-07-25 10:29:27.085 INFO  <Transformacion Dim_Tiempo - Extraccion dia año> [C:\Users\niebl\OneDrive\Escritorio\Semestre\Inteligecia de Negocio\Proyecto Fase 2\BIProyecto\proyectobi(FINAL)\Job_dim_fact.kjb  C:\proyectobi\ETLdim_Tiempo.ktr]  Procesamiento finalizado (I=0, O=0, R=14976, W=14976, U=0, E=0)
2024-07-25 10:29:27.106 INFO  <Transformacion Dim_Tiempo - Extraccion dia mes> [C:\Users\niebl\OneDrive\Escritorio\Semestre\Inteligecia de Negocio\Proyecto Fase 2\BIProyecto\proyectobi(FINAL)\Job_dim_fact.kjb  C:\proyectobi\ETLdim_Tiempo.ktr]  Procesamiento finalizado (I=0, O=0, R=14976, W=14976, U=0, E=0)
2024-07-25 10:29:27.115 INFO  <Transformacion Dim_Tiempo - Extraccion dia semana> [C:\Users\niebl\OneDrive\Escritorio\Semestre\Inteligecia de Negocio\Proyecto Fase 2\BIProyecto\proyectobi(FINAL)\Job_dim_fact.kjb  C:\proyectobi\ETLdim_Tiempo.ktr]  Procesamiento finalizado (I=0, O=0, R=14976, W=14976, U=0, E=0)
2024-07-25 10:29:27.267 INFO  <Transformacion Dim_Tiempo - Extraccion semana> [C:\Users\niebl\OneDrive\Escritorio\Semestre\Inteligecia de Negocio\Proyecto Fase 2\BIProyecto\proyectobi(FINAL)\Job_dim_fact.kjb  C:\proyectobi\ETLdim_Tiempo.ktr]  Procesamiento finalizado (I=0, O=0, R=14976, W=14976, U=0, E=0)
2024-07-25 10:29:27.271 INFO  <Transformacion Dim_Tiempo - Mapeo de valores Des_dia_semana> [C:\Users\niebl\OneDrive\Escritorio\Semestre\Inteligecia de Negocio\Proyecto Fase 2\BIProyecto\proyectobi(FINAL)\Job_dim_fact.kjb  C:\proyectobi\ETLdim_Tiempo.ktr]  Procesamiento finalizado (I=0, O=0, R=14976, W=14976, U=0, E=0)
2024-07-25 10:29:27.278 INFO  <Transformacion Dim_Tiempo - Mapeo de valores desc_dia_semana_corta> [C:\Users\niebl\OneDrive\Escritorio\Semestre\Inteligecia de Negocio\Proyecto Fase 2\BIProyecto\proyectobi(FINAL)\Job_dim_fact.kjb  C:\proyectobi\ETLdim_Tiempo.ktr]  Procesamiento finalizado (I=0, O=0, R=14976, W=14976, U=0, E=0)
2024-07-25 10:29:27.282 INFO  <Transformacion Dim_Tiempo - Mapeo de valores desc_mes> [C:\Users\niebl\OneDrive\Escritorio\Semestre\Inteligecia de Negocio\Proyecto Fase 2\BIProyecto\proyectobi(FINAL)\Job_dim_fact.kjb  C:\proyectobi\ETLdim_Tiempo.ktr]  Procesamiento finalizado (I=0, O=0, R=14976, W=14976, U=0, E=0)
2024-07-25 10:29:27.287 INFO  <Transformacion Dim_Tiempo - Mapeo de valores desc_mes_corta> [C:\Users\niebl\OneDrive\Escritorio\Semestre\Inteligecia de Negocio\Proyecto Fase 2\BIProyecto\proyectobi(FINAL)\Job_dim_fact.kjb  C:\proyectobi\ETLdim_Tiempo.ktr]  Procesamiento finalizado (I=0, O=0, R=14976, W=14976, U=0, E=0)
2024-07-25 10:29:27.292 INFO  <Transformacion Dim_Tiempo - Formula desc_trimestre> [C:\Users\niebl\OneDrive\Escritorio\Semestre\Inteligecia de Negocio\Proyecto Fase 2\BIProyecto\proyectobi(FINAL)\Job_dim_fact.kjb  C:\proyectobi\ETLdim_Tiempo.ktr]  Procesamiento finalizado (I=0, O=0, R=14976, W=14976, U=0, E=0)
2024-07-25 10:29:27.298 INFO  <Transformacion Dim_Tiempo - Formula desc_semestre> [C:\Users\niebl\OneDrive\Escritorio\Semestre\Inteligecia de Negocio\Proyecto Fase 2\BIProyecto\proyectobi(FINAL)\Job_dim_fact.kjb  C:\proyectobi\ETLdim_Tiempo.ktr]  Procesamiento finalizado (I=0, O=0, R=14976, W=14976, U=0, E=0)
2024-07-25 10:29:27.895 INFO  <Transformacion Dim_Tiempo - Añadir secuencia sk_dim_tiempo> [C:\Users\niebl\OneDrive\Escritorio\Semestre\Inteligecia de Negocio\Proyecto Fase 2\BIProyecto\proyectobi(FINAL)\Job_dim_fact.kjb  C:\proyectobi\ETLdim_Tiempo.ktr]  Procesamiento finalizado (I=0, O=0, R=14976, W=14976, U=0, E=0)
2024-07-25 10:29:29.338 INFO  <Transformacion Dim_Tiempo - Salida Tabla dim_tiempo> [C:\Users\niebl\OneDrive\Escritorio\Semestre\Inteligecia de Negocio\Proyecto Fase 2\BIProyecto\proyectobi(FINAL)\Job_dim_fact.kjb  C:\proyectobi\ETLdim_Tiempo.ktr]  Procesamiento finalizado (I=0, O=14976, R=14976, W=14976, U=0, E=0)
2024-07-25 10:29:29.340 INFO  <Thread-574> [C:\Users\niebl\OneDrive\Escritorio\Semestre\Inteligecia de Negocio\Proyecto Fase 2\BIProyecto\proyectobi(FINAL)\Job_dim_fact.kjb]  Starting entry [ETL dim_producto]
2024-07-25 10:29:29.357 INFO  <Thread-574> [C:\Users\niebl\OneDrive\Escritorio\Semestre\Inteligecia de Negocio\Proyecto Fase 2\BIProyecto\proyectobi(FINAL)\Job_dim_fact.kjb]  Using run configuration [Pentaho local]
2024-07-25 10:29:29.358 INFO  <Thread-574> [C:\Users\niebl\OneDrive\Escritorio\Semestre\Inteligecia de Negocio\Proyecto Fase 2\BIProyecto\proyectobi(FINAL)\Job_dim_fact.kjb  C:\proyectobi\ETLdim_Producto.ktr]  Iniciado despacho de la transformaci?n [Transformacion ProductoLF]
2024-07-25 10:29:29.455 INFO  <init of Salida Tabla.0 (Thread-619)> [C:\Users\niebl\OneDrive\Escritorio\Semestre\Inteligecia de Negocio\Proyecto Fase 2\BIProyecto\proyectobi(FINAL)\Job_dim_fact.kjb  C:\proyectobi\ETLdim_Producto.ktr]  Connected to database [Postgres] (commit=1000)
2024-07-25 10:29:29.469 INFO  <Transformacion ProductoLF - Entrada Tabla Tipo Producto> [C:\Users\niebl\OneDrive\Escritorio\Semestre\Inteligecia de Negocio\Proyecto Fase 2\BIProyecto\proyectobi(FINAL)\Job_dim_fact.kjb  C:\proyectobi\ETLdim_Producto.ktr]  Finished reading query, closing connection
2024-07-25 10:29:29.470 INFO  <Transformacion ProductoLF - Entrada Tabla Producto> [C:\Users\niebl\OneDrive\Escritorio\Semestre\Inteligecia de Negocio\Proyecto Fase 2\BIProyecto\proyectobi(FINAL)\Job_dim_fact.kjb  C:\proyectobi\ETLdim_Producto.ktr]  Finished reading query, closing connection
2024-07-25 10:29:29.470 INFO  <Transformacion ProductoLF - Entrada Tabla Tipo Producto> [C:\Users\niebl\OneDrive\Escritorio\Semestre\Inteligecia de Negocio\Proyecto Fase 2\BIProyecto\proyectobi(FINAL)\Job_dim_fact.kjb  C:\proyectobi\ETLdim_Producto.ktr]  Procesamiento finalizado (I=4, O=0, R=0, W=4, U=0, E=0)
2024-07-25 10:29:29.471 INFO  <Transformacion ProductoLF - Entrada Tabla Producto> [C:\Users\niebl\OneDrive\Escritorio\Semestre\Inteligecia de Negocio\Proyecto Fase 2\BIProyecto\proyectobi(FINAL)\Job_dim_fact.kjb  C:\proyectobi\ETLdim_Producto.ktr]  Procesamiento finalizado (I=30, O=0, R=0, W=30, U=0, E=0)
2024-07-25 10:29:29.475 INFO  <Transformacion ProductoLF - Ordenar filas 2> [C:\Users\niebl\OneDrive\Escritorio\Semestre\Inteligecia de Negocio\Proyecto Fase 2\BIProyecto\proyectobi(FINAL)\Job_dim_fact.kjb  C:\proyectobi\ETLdim_Producto.ktr]  Procesamiento finalizado (I=0, O=0, R=30, W=30, U=0, E=0)
2024-07-25 10:29:29.485 INFO  <Transformacion ProductoLF - Ordenar filas> [C:\Users\niebl\OneDrive\Escritorio\Semestre\Inteligecia de Negocio\Proyecto Fase 2\BIProyecto\proyectobi(FINAL)\Job_dim_fact.kjb  C:\proyectobi\ETLdim_Producto.ktr]  Procesamiento finalizado (I=0, O=0, R=4, W=4, U=0, E=0)
2024-07-25 10:29:29.824 INFO  <Transformacion ProductoLF - Unión por clave> [C:\Users\niebl\OneDrive\Escritorio\Semestre\Inteligecia de Negocio\Proyecto Fase 2\BIProyecto\proyectobi(FINAL)\Job_dim_fact.kjb  C:\proyectobi\ETLdim_Producto.ktr]  Procesamiento finalizado (I=0, O=0, R=34, W=30, U=0, E=0)
2024-07-25 10:29:29.829 INFO  <Transformacion ProductoLF - Ordenar filas 3> [C:\Users\niebl\OneDrive\Escritorio\Semestre\Inteligecia de Negocio\Proyecto Fase 2\BIProyecto\proyectobi(FINAL)\Job_dim_fact.kjb  C:\proyectobi\ETLdim_Producto.ktr]  Procesamiento finalizado (I=0, O=0, R=30, W=30, U=0, E=0)
2024-07-25 10:29:29.832 INFO  <Transformacion ProductoLF - Add sequence sk_dim_producto> [C:\Users\niebl\OneDrive\Escritorio\Semestre\Inteligecia de Negocio\Proyecto Fase 2\BIProyecto\proyectobi(FINAL)\Job_dim_fact.kjb  C:\proyectobi\ETLdim_Producto.ktr]  Procesamiento finalizado (I=0, O=0, R=30, W=30, U=0, E=0)
2024-07-25 10:29:29.839 INFO  <Transformacion ProductoLF - Strings cut> [C:\Users\niebl\OneDrive\Escritorio\Semestre\Inteligecia de Negocio\Proyecto Fase 2\BIProyecto\proyectobi(FINAL)\Job_dim_fact.kjb  C:\proyectobi\ETLdim_Producto.ktr]  Procesamiento finalizado (I=0, O=0, R=30, W=30, U=0, E=0)
2024-07-25 10:29:29.846 INFO  <Transformacion ProductoLF - Salida Tabla> [C:\Users\niebl\OneDrive\Escritorio\Semestre\Inteligecia de Negocio\Proyecto Fase 2\BIProyecto\proyectobi(FINAL)\Job_dim_fact.kjb  C:\proyectobi\ETLdim_Producto.ktr]  Procesamiento finalizado (I=0, O=30, R=30, W=30, U=0, E=0)
2024-07-25 10:29:29.847 INFO  <Thread-574> [C:\Users\niebl\OneDrive\Escritorio\Semestre\Inteligecia de Negocio\Proyecto Fase 2\BIProyecto\proyectobi(FINAL)\Job_dim_fact.kjb]  Starting entry [ETL dim_cliente]
2024-07-25 10:29:29.862 INFO  <Thread-574> [C:\Users\niebl\OneDrive\Escritorio\Semestre\Inteligecia de Negocio\Proyecto Fase 2\BIProyecto\proyectobi(FINAL)\Job_dim_fact.kjb]  Using run configuration [Pentaho local]
2024-07-25 10:29:29.862 INFO  <Thread-574> [C:\Users\niebl\OneDrive\Escritorio\Semestre\Inteligecia de Negocio\Proyecto Fase 2\BIProyecto\proyectobi(FINAL)\Job_dim_fact.kjb  C:\proyectobi\ETLdim_Cliente.ktr]  Iniciado despacho de la transformaci?n [Transformacion ClienteLF]
2024-07-25 10:29:30.042 INFO  <init of Salida Tabla.0 (Thread-633)> [C:\Users\niebl\OneDrive\Escritorio\Semestre\Inteligecia de Negocio\Proyecto Fase 2\BIProyecto\proyectobi(FINAL)\Job_dim_fact.kjb  C:\proyectobi\ETLdim_Cliente.ktr]  Connected to database [Postgres] (commit=1000)
2024-07-25 10:29:30.057 INFO  <Transformacion ClienteLF - Entrada Tabla> [C:\Users\niebl\OneDrive\Escritorio\Semestre\Inteligecia de Negocio\Proyecto Fase 2\BIProyecto\proyectobi(FINAL)\Job_dim_fact.kjb  C:\proyectobi\ETLdim_Cliente.ktr]  Finished reading query, closing connection
2024-07-25 10:29:30.058 INFO  <Transformacion ClienteLF - Entrada Tabla> [C:\Users\niebl\OneDrive\Escritorio\Semestre\Inteligecia de Negocio\Proyecto Fase 2\BIProyecto\proyectobi(FINAL)\Job_dim_fact.kjb  C:\proyectobi\ETLdim_Cliente.ktr]  Procesamiento finalizado (I=300, O=0, R=0, W=300, U=0, E=0)
2024-07-25 10:29:30.062 INFO  <Transformacion ClienteLF - Add sequence Sk_dim_cliente> [C:\Users\niebl\OneDrive\Escritorio\Semestre\Inteligecia de Negocio\Proyecto Fase 2\BIProyecto\proyectobi(FINAL)\Job_dim_fact.kjb  C:\proyectobi\ETLdim_Cliente.ktr]  Procesamiento finalizado (I=0, O=0, R=300, W=300, U=0, E=0)
2024-07-25 10:29:30.107 INFO  <Transformacion ClienteLF - Salida Tabla> [C:\Users\niebl\OneDrive\Escritorio\Semestre\Inteligecia de Negocio\Proyecto Fase 2\BIProyecto\proyectobi(FINAL)\Job_dim_fact.kjb  C:\proyectobi\ETLdim_Cliente.ktr]  Procesamiento finalizado (I=0, O=300, R=300, W=300, U=0, E=0)
2024-07-25 10:29:30.109 INFO  <Thread-574> [C:\Users\niebl\OneDrive\Escritorio\Semestre\Inteligecia de Negocio\Proyecto Fase 2\BIProyecto\proyectobi(FINAL)\Job_dim_fact.kjb]  Starting entry [ETL dim_eval_servicio]
2024-07-25 10:29:30.124 INFO  <Thread-574> [C:\Users\niebl\OneDrive\Escritorio\Semestre\Inteligecia de Negocio\Proyecto Fase 2\BIProyecto\proyectobi(FINAL)\Job_dim_fact.kjb]  Using run configuration [Pentaho local]
2024-07-25 10:29:30.125 INFO  <Thread-574> [C:\Users\niebl\OneDrive\Escritorio\Semestre\Inteligecia de Negocio\Proyecto Fase 2\BIProyecto\proyectobi(FINAL)\Job_dim_fact.kjb  C:\proyectobi\ETLdim_Evaluacion_Servicio.ktr]  Iniciado despacho de la transformaci?n [Transformacion Evaluacion ServicioLF]
2024-07-25 10:29:30.206 INFO  <init of Salida Tabla dim_evaluacion_servicio.0 (Thread-639)> [C:\Users\niebl\OneDrive\Escritorio\Semestre\Inteligecia de Negocio\Proyecto Fase 2\BIProyecto\proyectobi(FINAL)\Job_dim_fact.kjb  C:\proyectobi\ETLdim_Evaluacion_Servicio.ktr]  Connected to database [Postgres] (commit=1000)
2024-07-25 10:29:30.217 INFO  <Transformacion Evaluacion ServicioLF - Entrada Tabla Evaluacion_Servicio> [C:\Users\niebl\OneDrive\Escritorio\Semestre\Inteligecia de Negocio\Proyecto Fase 2\BIProyecto\proyectobi(FINAL)\Job_dim_fact.kjb  C:\proyectobi\ETLdim_Evaluacion_Servicio.ktr]  Finished reading query, closing connection
2024-07-25 10:29:30.218 INFO  <Transformacion Evaluacion ServicioLF - Entrada Tabla Evaluacion_Servicio> [C:\Users\niebl\OneDrive\Escritorio\Semestre\Inteligecia de Negocio\Proyecto Fase 2\BIProyecto\proyectobi(FINAL)\Job_dim_fact.kjb  C:\proyectobi\ETLdim_Evaluacion_Servicio.ktr]  Procesamiento finalizado (I=6, O=0, R=0, W=6, U=0, E=0)
2024-07-25 10:29:30.233 INFO  <Transformacion Evaluacion ServicioLF - Add sequence sk_eval_serv> [C:\Users\niebl\OneDrive\Escritorio\Semestre\Inteligecia de Negocio\Proyecto Fase 2\BIProyecto\proyectobi(FINAL)\Job_dim_fact.kjb  C:\proyectobi\ETLdim_Evaluacion_Servicio.ktr]  Procesamiento finalizado (I=0, O=0, R=6, W=6, U=0, E=0)
2024-07-25 10:29:30.238 INFO  <Transformacion Evaluacion ServicioLF - Salida Tabla dim_evaluacion_servicio> [C:\Users\niebl\OneDrive\Escritorio\Semestre\Inteligecia de Negocio\Proyecto Fase 2\BIProyecto\proyectobi(FINAL)\Job_dim_fact.kjb  C:\proyectobi\ETLdim_Evaluacion_Servicio.ktr]  Procesamiento finalizado (I=0, O=6, R=6, W=6, U=0, E=0)
2024-07-25 10:29:30.239 INFO  <Thread-574> [C:\Users\niebl\OneDrive\Escritorio\Semestre\Inteligecia de Negocio\Proyecto Fase 2\BIProyecto\proyectobi(FINAL)\Job_dim_fact.kjb]  Starting entry [ELT dim_contrato]
2024-07-25 10:29:30.255 INFO  <Thread-574> [C:\Users\niebl\OneDrive\Escritorio\Semestre\Inteligecia de Negocio\Proyecto Fase 2\BIProyecto\proyectobi(FINAL)\Job_dim_fact.kjb]  Using run configuration [Pentaho local]
2024-07-25 10:29:30.255 INFO  <Thread-574> [C:\Users\niebl\OneDrive\Escritorio\Semestre\Inteligecia de Negocio\Proyecto Fase 2\BIProyecto\proyectobi(FINAL)\Job_dim_fact.kjb  C:\proyectobi\ETLdim_Contrato.ktr]  Iniciado despacho de la transformaci?n [Transformacion_ContratoLF]
2024-07-25 10:29:30.336 INFO  <init of Salida Tabla.0 (Thread-645)> [C:\Users\niebl\OneDrive\Escritorio\Semestre\Inteligecia de Negocio\Proyecto Fase 2\BIProyecto\proyectobi(FINAL)\Job_dim_fact.kjb  C:\proyectobi\ETLdim_Contrato.ktr]  Connected to database [PostgresConexion] (commit=1000)
2024-07-25 10:29:30.353 INFO  <Transformacion_ContratoLF - Entrada Tabla> [C:\Users\niebl\OneDrive\Escritorio\Semestre\Inteligecia de Negocio\Proyecto Fase 2\BIProyecto\proyectobi(FINAL)\Job_dim_fact.kjb  C:\proyectobi\ETLdim_Contrato.ktr]  Finished reading query, closing connection
2024-07-25 10:29:30.354 INFO  <Transformacion_ContratoLF - Entrada Tabla> [C:\Users\niebl\OneDrive\Escritorio\Semestre\Inteligecia de Negocio\Proyecto Fase 2\BIProyecto\proyectobi(FINAL)\Job_dim_fact.kjb  C:\proyectobi\ETLdim_Contrato.ktr]  Procesamiento finalizado (I=1000, O=0, R=0, W=1000, U=0, E=0)
2024-07-25 10:29:30.360 INFO  <Transformacion_ContratoLF - Add sequence sk_dim_contrato> [C:\Users\niebl\OneDrive\Escritorio\Semestre\Inteligecia de Negocio\Proyecto Fase 2\BIProyecto\proyectobi(FINAL)\Job_dim_fact.kjb  C:\proyectobi\ETLdim_Contrato.ktr]  Procesamiento finalizado (I=0, O=0, R=1000, W=1000, U=0, E=0)
2024-07-25 10:29:30.480 INFO  <Transformacion_ContratoLF - Salida Tabla> [C:\Users\niebl\OneDrive\Escritorio\Semestre\Inteligecia de Negocio\Proyecto Fase 2\BIProyecto\proyectobi(FINAL)\Job_dim_fact.kjb  C:\proyectobi\ETLdim_Contrato.ktr]  Procesamiento finalizado (I=0, O=1000, R=1000, W=1000, U=0, E=0)
2024-07-25 10:29:30.482 INFO  <Thread-574> [C:\Users\niebl\OneDrive\Escritorio\Semestre\Inteligecia de Negocio\Proyecto Fase 2\BIProyecto\proyectobi(FINAL)\Job_dim_fact.kjb]  Starting entry [ETL dim_estado_contrato]
2024-07-25 10:29:30.503 INFO  <Thread-574> [C:\Users\niebl\OneDrive\Escritorio\Semestre\Inteligecia de Negocio\Proyecto Fase 2\BIProyecto\proyectobi(FINAL)\Job_dim_fact.kjb]  Using run configuration [Pentaho local]
2024-07-25 10:29:30.504 INFO  <Thread-574> [C:\Users\niebl\OneDrive\Escritorio\Semestre\Inteligecia de Negocio\Proyecto Fase 2\BIProyecto\proyectobi(FINAL)\Job_dim_fact.kjb  C:\proyectobi\ETLdim_Estado_Contrato.ktr]  Iniciado despacho de la transformaci?n [Transformacion Estado ContratoLF]
2024-07-25 10:29:30.586 INFO  <init of Salida Tabla dim_estado_contrato.0 (Thread-654)> [C:\Users\niebl\OneDrive\Escritorio\Semestre\Inteligecia de Negocio\Proyecto Fase 2\BIProyecto\proyectobi(FINAL)\Job_dim_fact.kjb  C:\proyectobi\ETLdim_Estado_Contrato.ktr]  Connected to database [Postgres] (commit=1000)
2024-07-25 10:29:30.603 INFO  <Transformacion Estado ContratoLF - Entrada Tabla Estado Contrato> [C:\Users\niebl\OneDrive\Escritorio\Semestre\Inteligecia de Negocio\Proyecto Fase 2\BIProyecto\proyectobi(FINAL)\Job_dim_fact.kjb  C:\proyectobi\ETLdim_Estado_Contrato.ktr]  Finished reading query, closing connection
2024-07-25 10:29:30.604 INFO  <Transformacion Estado ContratoLF - Entrada Tabla Estado Contrato> [C:\Users\niebl\OneDrive\Escritorio\Semestre\Inteligecia de Negocio\Proyecto Fase 2\BIProyecto\proyectobi(FINAL)\Job_dim_fact.kjb  C:\proyectobi\ETLdim_Estado_Contrato.ktr]  Procesamiento finalizado (I=1000, O=0, R=0, W=1000, U=0, E=0)
2024-07-25 10:29:30.607 INFO  <Transformacion Estado ContratoLF - Seleccionar Estado Contrato> [C:\Users\niebl\OneDrive\Escritorio\Semestre\Inteligecia de Negocio\Proyecto Fase 2\BIProyecto\proyectobi(FINAL)\Job_dim_fact.kjb  C:\proyectobi\ETLdim_Estado_Contrato.ktr]  Procesamiento finalizado (I=0, O=0, R=1000, W=1000, U=0, E=0)
2024-07-25 10:29:30.629 INFO  <Transformacion Estado ContratoLF - Agrupar> [C:\Users\niebl\OneDrive\Escritorio\Semestre\Inteligecia de Negocio\Proyecto Fase 2\BIProyecto\proyectobi(FINAL)\Job_dim_fact.kjb  C:\proyectobi\ETLdim_Estado_Contrato.ktr]  Procesamiento finalizado (I=0, O=0, R=1000, W=3, U=0, E=0)
2024-07-25 10:29:30.645 INFO  <Transformacion Estado ContratoLF - Add sequence cod_estado> [C:\Users\niebl\OneDrive\Escritorio\Semestre\Inteligecia de Negocio\Proyecto Fase 2\BIProyecto\proyectobi(FINAL)\Job_dim_fact.kjb  C:\proyectobi\ETLdim_Estado_Contrato.ktr]  Procesamiento finalizado (I=0, O=0, R=3, W=3, U=0, E=0)
2024-07-25 10:29:30.647 INFO  <Transformacion Estado ContratoLF - Add sequence sk_dim_estado_contrato> [C:\Users\niebl\OneDrive\Escritorio\Semestre\Inteligecia de Negocio\Proyecto Fase 2\BIProyecto\proyectobi(FINAL)\Job_dim_fact.kjb  C:\proyectobi\ETLdim_Estado_Contrato.ktr]  Procesamiento finalizado (I=0, O=0, R=3, W=3, U=0, E=0)
2024-07-25 10:29:30.665 INFO  <Transformacion Estado ContratoLF - Salida Tabla dim_estado_contrato> [C:\Users\niebl\OneDrive\Escritorio\Semestre\Inteligecia de Negocio\Proyecto Fase 2\BIProyecto\proyectobi(FINAL)\Job_dim_fact.kjb  C:\proyectobi\ETLdim_Estado_Contrato.ktr]  Procesamiento finalizado (I=0, O=3, R=3, W=3, U=0, E=0)
2024-07-25 10:29:30.666 INFO  <Thread-574> [C:\Users\niebl\OneDrive\Escritorio\Semestre\Inteligecia de Negocio\Proyecto Fase 2\BIProyecto\proyectobi(FINAL)\Job_dim_fact.kjb]  Starting entry [ETL dim_sucursal]
2024-07-25 10:29:30.686 INFO  <Thread-574> [C:\Users\niebl\OneDrive\Escritorio\Semestre\Inteligecia de Negocio\Proyecto Fase 2\BIProyecto\proyectobi(FINAL)\Job_dim_fact.kjb]  Using run configuration [Pentaho local]
2024-07-25 10:29:30.687 INFO  <Thread-574> [C:\Users\niebl\OneDrive\Escritorio\Semestre\Inteligecia de Negocio\Proyecto Fase 2\BIProyecto\proyectobi(FINAL)\Job_dim_fact.kjb  C:\proyectobi\ETLdim_Sucursal.ktr]  Iniciado despacho de la transformaci?n [Transformacion SucursalLF]
2024-07-25 10:29:30.824 INFO  <init of Salida Tabla.0 (Thread-667)> [C:\Users\niebl\OneDrive\Escritorio\Semestre\Inteligecia de Negocio\Proyecto Fase 2\BIProyecto\proyectobi(FINAL)\Job_dim_fact.kjb  C:\proyectobi\ETLdim_Sucursal.ktr]  Connected to database [Postgres] (commit=1000)
2024-07-25 10:29:30.840 INFO  <Transformacion SucursalLF - Entrada Tabla Pais> [C:\Users\niebl\OneDrive\Escritorio\Semestre\Inteligecia de Negocio\Proyecto Fase 2\BIProyecto\proyectobi(FINAL)\Job_dim_fact.kjb  C:\proyectobi\ETLdim_Sucursal.ktr]  Finished reading query, closing connection
2024-07-25 10:29:30.840 INFO  <Transformacion SucursalLF - Entrada Tabla Ciudad> [C:\Users\niebl\OneDrive\Escritorio\Semestre\Inteligecia de Negocio\Proyecto Fase 2\BIProyecto\proyectobi(FINAL)\Job_dim_fact.kjb  C:\proyectobi\ETLdim_Sucursal.ktr]  Finished reading query, closing connection
2024-07-25 10:29:30.841 INFO  <Transformacion SucursalLF - Entrada Tabla Sucursal> [C:\Users\niebl\OneDrive\Escritorio\Semestre\Inteligecia de Negocio\Proyecto Fase 2\BIProyecto\proyectobi(FINAL)\Job_dim_fact.kjb  C:\proyectobi\ETLdim_Sucursal.ktr]  Finished reading query, closing connection
2024-07-25 10:29:30.841 INFO  <Transformacion SucursalLF - Entrada Tabla Ciudad> [C:\Users\niebl\OneDrive\Escritorio\Semestre\Inteligecia de Negocio\Proyecto Fase 2\BIProyecto\proyectobi(FINAL)\Job_dim_fact.kjb  C:\proyectobi\ETLdim_Sucursal.ktr]  Procesamiento finalizado (I=30, O=0, R=0, W=30, U=0, E=0)
2024-07-25 10:29:30.842 INFO  <Transformacion SucursalLF - Entrada Tabla Pais> [C:\Users\niebl\OneDrive\Escritorio\Semestre\Inteligecia de Negocio\Proyecto Fase 2\BIProyecto\proyectobi(FINAL)\Job_dim_fact.kjb  C:\proyectobi\ETLdim_Sucursal.ktr]  Procesamiento finalizado (I=30, O=0, R=0, W=30, U=0, E=0)
2024-07-25 10:29:30.842 INFO  <Transformacion SucursalLF - Entrada Tabla Sucursal> [C:\Users\niebl\OneDrive\Escritorio\Semestre\Inteligecia de Negocio\Proyecto Fase 2\BIProyecto\proyectobi(FINAL)\Job_dim_fact.kjb  C:\proyectobi\ETLdim_Sucursal.ktr]  Procesamiento finalizado (I=30, O=0, R=0, W=30, U=0, E=0)
2024-07-25 10:29:31.171 INFO  <Transformacion SucursalLF - Unión Sucursal-Pais> [C:\Users\niebl\OneDrive\Escritorio\Semestre\Inteligecia de Negocio\Proyecto Fase 2\BIProyecto\proyectobi(FINAL)\Job_dim_fact.kjb  C:\proyectobi\ETLdim_Sucursal.ktr]  Procesamiento finalizado (I=0, O=0, R=60, W=30, U=0, E=0)
2024-07-25 10:29:31.484 INFO  <Transformacion SucursalLF - Unión Sucursal-Pais-Ciudad> [C:\Users\niebl\OneDrive\Escritorio\Semestre\Inteligecia de Negocio\Proyecto Fase 2\BIProyecto\proyectobi(FINAL)\Job_dim_fact.kjb  C:\proyectobi\ETLdim_Sucursal.ktr]  Procesamiento finalizado (I=0, O=0, R=60, W=30, U=0, E=0)
2024-07-25 10:29:31.499 INFO  <Transformacion SucursalLF - Add sequence sk_dim_sucursal> [C:\Users\niebl\OneDrive\Escritorio\Semestre\Inteligecia de Negocio\Proyecto Fase 2\BIProyecto\proyectobi(FINAL)\Job_dim_fact.kjb  C:\proyectobi\ETLdim_Sucursal.ktr]  Procesamiento finalizado (I=0, O=0, R=30, W=30, U=0, E=0)
2024-07-25 10:29:31.520 INFO  <Transformacion SucursalLF - Salida Tabla> [C:\Users\niebl\OneDrive\Escritorio\Semestre\Inteligecia de Negocio\Proyecto Fase 2\BIProyecto\proyectobi(FINAL)\Job_dim_fact.kjb  C:\proyectobi\ETLdim_Sucursal.ktr]  Procesamiento finalizado (I=0, O=30, R=30, W=30, U=0, E=0)
2024-07-25 10:29:31.522 INFO  <Thread-574> [C:\Users\niebl\OneDrive\Escritorio\Semestre\Inteligecia de Negocio\Proyecto Fase 2\BIProyecto\proyectobi(FINAL)\Job_dim_fact.kjb]  Starting entry [ETL dim_siniestro]
2024-07-25 10:29:31.538 INFO  <Thread-574> [C:\Users\niebl\OneDrive\Escritorio\Semestre\Inteligecia de Negocio\Proyecto Fase 2\BIProyecto\proyectobi(FINAL)\Job_dim_fact.kjb]  Using run configuration [Pentaho local]
2024-07-25 10:29:31.539 INFO  <Thread-574> [C:\Users\niebl\OneDrive\Escritorio\Semestre\Inteligecia de Negocio\Proyecto Fase 2\BIProyecto\proyectobi(FINAL)\Job_dim_fact.kjb  C:\proyectobi\ETLdim_Siniestro.ktr]  Iniciado despacho de la transformaci?n [Transformacion siniestroLF]
2024-07-25 10:29:31.619 INFO  <init of Salida Tabla dim_siniestro.0 (Thread-677)> [C:\Users\niebl\OneDrive\Escritorio\Semestre\Inteligecia de Negocio\Proyecto Fase 2\BIProyecto\proyectobi(FINAL)\Job_dim_fact.kjb  C:\proyectobi\ETLdim_Siniestro.ktr]  Connected to database [Postgres] (commit=1000)
2024-07-25 10:29:31.632 INFO  <Transformacion siniestroLF - Entrada Tabla Siniestro> [C:\Users\niebl\OneDrive\Escritorio\Semestre\Inteligecia de Negocio\Proyecto Fase 2\BIProyecto\proyectobi(FINAL)\Job_dim_fact.kjb  C:\proyectobi\ETLdim_Siniestro.ktr]  Finished reading query, closing connection
2024-07-25 10:29:31.633 INFO  <Transformacion siniestroLF - Entrada Tabla Siniestro> [C:\Users\niebl\OneDrive\Escritorio\Semestre\Inteligecia de Negocio\Proyecto Fase 2\BIProyecto\proyectobi(FINAL)\Job_dim_fact.kjb  C:\proyectobi\ETLdim_Siniestro.ktr]  Procesamiento finalizado (I=20, O=0, R=0, W=20, U=0, E=0)
2024-07-25 10:29:31.657 INFO  <Transformacion siniestroLF - Add sequence sk_dim_siniestro> [C:\Users\niebl\OneDrive\Escritorio\Semestre\Inteligecia de Negocio\Proyecto Fase 2\BIProyecto\proyectobi(FINAL)\Job_dim_fact.kjb  C:\proyectobi\ETLdim_Siniestro.ktr]  Procesamiento finalizado (I=0, O=0, R=20, W=20, U=0, E=0)
2024-07-25 10:29:31.676 INFO  <Transformacion siniestroLF - Salida Tabla dim_siniestro> [C:\Users\niebl\OneDrive\Escritorio\Semestre\Inteligecia de Negocio\Proyecto Fase 2\BIProyecto\proyectobi(FINAL)\Job_dim_fact.kjb  C:\proyectobi\ETLdim_Siniestro.ktr]  Procesamiento finalizado (I=0, O=20, R=20, W=20, U=0, E=0)
2024-07-25 10:29:31.678 INFO  <Thread-574> [C:\Users\niebl\OneDrive\Escritorio\Semestre\Inteligecia de Negocio\Proyecto Fase 2\BIProyecto\proyectobi(FINAL)\Job_dim_fact.kjb]  Starting entry [ETL_fact_metas]
2024-07-25 10:29:31.709 INFO  <Thread-574> [C:\Users\niebl\OneDrive\Escritorio\Semestre\Inteligecia de Negocio\Proyecto Fase 2\BIProyecto\proyectobi(FINAL)\Job_dim_fact.kjb]  Using run configuration [Pentaho local]
2024-07-25 10:29:31.709 INFO  <Thread-574> [C:\Users\niebl\OneDrive\Escritorio\Semestre\Inteligecia de Negocio\Proyecto Fase 2\BIProyecto\proyectobi(FINAL)\Job_dim_fact.kjb  C:\proyectobi\ETLfact_Metas.ktr]  Iniciado despacho de la transformaci?n [LFTransformation_fact_metas]
2024-07-25 10:29:31.833 INFO  <init of Table output.0 (Thread-697)> [C:\Users\niebl\OneDrive\Escritorio\Semestre\Inteligecia de Negocio\Proyecto Fase 2\BIProyecto\proyectobi(FINAL)\Job_dim_fact.kjb  C:\proyectobi\ETLfact_Metas.ktr]  Connected to database [postgre] (commit=1000)
2024-07-25 10:29:31.855 INFO  <LFTransformation_fact_metas - extraer producto> [C:\Users\niebl\OneDrive\Escritorio\Semestre\Inteligecia de Negocio\Proyecto Fase 2\BIProyecto\proyectobi(FINAL)\Job_dim_fact.kjb  C:\proyectobi\ETLfact_Metas.ktr]  Finished reading query, closing connection
2024-07-25 10:29:31.857 INFO  <LFTransformation_fact_metas - extraer producto> [C:\Users\niebl\OneDrive\Escritorio\Semestre\Inteligecia de Negocio\Proyecto Fase 2\BIProyecto\proyectobi(FINAL)\Job_dim_fact.kjb  C:\proyectobi\ETLfact_Metas.ktr]  Procesamiento finalizado (I=30, O=0, R=0, W=30, U=0, E=0)
2024-07-25 10:29:31.858 INFO  <LFTransformation_fact_metas - Sort cod_prod> [C:\Users\niebl\OneDrive\Escritorio\Semestre\Inteligecia de Negocio\Proyecto Fase 2\BIProyecto\proyectobi(FINAL)\Job_dim_fact.kjb  C:\proyectobi\ETLfact_Metas.ktr]  Procesamiento finalizado (I=0, O=0, R=30, W=30, U=0, E=0)
2024-07-25 10:29:31.956 INFO  <LFTransformation_fact_metas - extraer dim_tiempo2> [C:\Users\niebl\OneDrive\Escritorio\Semestre\Inteligecia de Negocio\Proyecto Fase 2\BIProyecto\proyectobi(FINAL)\Job_dim_fact.kjb  C:\proyectobi\ETLfact_Metas.ktr]  Finished reading query, closing connection
2024-07-25 10:29:31.958 INFO  <LFTransformation_fact_metas - extraer dim_tiempo2> [C:\Users\niebl\OneDrive\Escritorio\Semestre\Inteligecia de Negocio\Proyecto Fase 2\BIProyecto\proyectobi(FINAL)\Job_dim_fact.kjb  C:\proyectobi\ETLfact_Metas.ktr]  Procesamiento finalizado (I=14976, O=0, R=0, W=14976, U=0, E=0)
2024-07-25 10:29:31.967 INFO  <LFTransformation_fact_metas - extraer dim_tiempo> [C:\Users\niebl\OneDrive\Escritorio\Semestre\Inteligecia de Negocio\Proyecto Fase 2\BIProyecto\proyectobi(FINAL)\Job_dim_fact.kjb  C:\proyectobi\ETLfact_Metas.ktr]  Finished reading query, closing connection
2024-07-25 10:29:31.968 INFO  <LFTransformation_fact_metas - extraer dim_tiempo> [C:\Users\niebl\OneDrive\Escritorio\Semestre\Inteligecia de Negocio\Proyecto Fase 2\BIProyecto\proyectobi(FINAL)\Job_dim_fact.kjb  C:\proyectobi\ETLfact_Metas.ktr]  Procesamiento finalizado (I=14976, O=0, R=0, W=14976, U=0, E=0)
2024-07-25 10:29:32.001 INFO  <LFTransformation_fact_metas - Microsoft Excel metas> [C:\Users\niebl\OneDrive\Escritorio\Semestre\Inteligecia de Negocio\Proyecto Fase 2\BIProyecto\proyectobi(FINAL)\Job_dim_fact.kjb  C:\proyectobi\ETLfact_Metas.ktr]  Procesamiento finalizado (I=390, O=0, R=0, W=390, U=0, E=0)
2024-07-25 10:29:32.004 INFO  <LFTransformation_fact_metas - Sort cod_prod 2> [C:\Users\niebl\OneDrive\Escritorio\Semestre\Inteligecia de Negocio\Proyecto Fase 2\BIProyecto\proyectobi(FINAL)\Job_dim_fact.kjb  C:\proyectobi\ETLfact_Metas.ktr]  Procesamiento finalizado (I=0, O=0, R=390, W=390, U=0, E=0)
2024-07-25 10:29:32.312 INFO  <LFTransformation_fact_metas - Merge join> [C:\Users\niebl\OneDrive\Escritorio\Semestre\Inteligecia de Negocio\Proyecto Fase 2\BIProyecto\proyectobi(FINAL)\Job_dim_fact.kjb  C:\proyectobi\ETLfact_Metas.ktr]  Procesamiento finalizado (I=0, O=0, R=420, W=390, U=0, E=0)
2024-07-25 10:29:32.319 INFO  <LFTransformation_fact_metas - Quitar cod_prod y dejar SK> [C:\Users\niebl\OneDrive\Escritorio\Semestre\Inteligecia de Negocio\Proyecto Fase 2\BIProyecto\proyectobi(FINAL)\Job_dim_fact.kjb  C:\proyectobi\ETLfact_Metas.ktr]  Procesamiento finalizado (I=0, O=0, R=390, W=390, U=0, E=0)
2024-07-25 10:29:32.335 INFO  <LFTransformation_fact_metas - Sort fecha_inicio> [C:\Users\niebl\OneDrive\Escritorio\Semestre\Inteligecia de Negocio\Proyecto Fase 2\BIProyecto\proyectobi(FINAL)\Job_dim_fact.kjb  C:\proyectobi\ETLfact_Metas.ktr]  Procesamiento finalizado (I=0, O=0, R=390, W=390, U=0, E=0)
2024-07-25 10:29:32.342 INFO  <LFTransformation_fact_metas - Sort fecha_completa> [C:\Users\niebl\OneDrive\Escritorio\Semestre\Inteligecia de Negocio\Proyecto Fase 2\BIProyecto\proyectobi(FINAL)\Job_dim_fact.kjb  C:\proyectobi\ETLfact_Metas.ktr]  Procesamiento finalizado (I=0, O=0, R=14976, W=14976, U=0, E=0)
2024-07-25 10:29:32.658 INFO  <LFTransformation_fact_metas - Merge join 2> [C:\Users\niebl\OneDrive\Escritorio\Semestre\Inteligecia de Negocio\Proyecto Fase 2\BIProyecto\proyectobi(FINAL)\Job_dim_fact.kjb  C:\proyectobi\ETLfact_Metas.ktr]  Procesamiento finalizado (I=0, O=0, R=15366, W=390, U=0, E=0)
2024-07-25 10:29:32.678 INFO  <LFTransformation_fact_metas - Select values 2> [C:\Users\niebl\OneDrive\Escritorio\Semestre\Inteligecia de Negocio\Proyecto Fase 2\BIProyecto\proyectobi(FINAL)\Job_dim_fact.kjb  C:\proyectobi\ETLfact_Metas.ktr]  Procesamiento finalizado (I=0, O=0, R=390, W=390, U=0, E=0)
2024-07-25 10:29:32.710 INFO  <LFTransformation_fact_metas - Sort fecha_final> [C:\Users\niebl\OneDrive\Escritorio\Semestre\Inteligecia de Negocio\Proyecto Fase 2\BIProyecto\proyectobi(FINAL)\Job_dim_fact.kjb  C:\proyectobi\ETLfact_Metas.ktr]  Procesamiento finalizado (I=0, O=0, R=390, W=390, U=0, E=0)
2024-07-25 10:29:32.717 INFO  <LFTransformation_fact_metas - Sort fecha_completa2> [C:\Users\niebl\OneDrive\Escritorio\Semestre\Inteligecia de Negocio\Proyecto Fase 2\BIProyecto\proyectobi(FINAL)\Job_dim_fact.kjb  C:\proyectobi\ETLfact_Metas.ktr]  Procesamiento finalizado (I=0, O=0, R=14976, W=14976, U=0, E=0)
2024-07-25 10:29:33.023 INFO  <LFTransformation_fact_metas - Merge join 3> [C:\Users\niebl\OneDrive\Escritorio\Semestre\Inteligecia de Negocio\Proyecto Fase 2\BIProyecto\proyectobi(FINAL)\Job_dim_fact.kjb  C:\proyectobi\ETLfact_Metas.ktr]  Procesamiento finalizado (I=0, O=0, R=15366, W=390, U=0, E=0)
2024-07-25 10:29:33.027 INFO  <LFTransformation_fact_metas - dejar sk_dim fec_final > [C:\Users\niebl\OneDrive\Escritorio\Semestre\Inteligecia de Negocio\Proyecto Fase 2\BIProyecto\proyectobi(FINAL)\Job_dim_fact.kjb  C:\proyectobi\ETLfact_Metas.ktr]  Procesamiento finalizado (I=0, O=0, R=390, W=390, U=0, E=0)
2024-07-25 10:29:33.080 INFO  <LFTransformation_fact_metas - Table output> [C:\Users\niebl\OneDrive\Escritorio\Semestre\Inteligecia de Negocio\Proyecto Fase 2\BIProyecto\proyectobi(FINAL)\Job_dim_fact.kjb  C:\proyectobi\ETLfact_Metas.ktr]  Procesamiento finalizado (I=0, O=390, R=390, W=390, U=0, E=0)
2024-07-25 10:29:33.082 INFO  <Thread-574> [C:\Users\niebl\OneDrive\Escritorio\Semestre\Inteligecia de Negocio\Proyecto Fase 2\BIProyecto\proyectobi(FINAL)\Job_dim_fact.kjb]  Starting entry [ETL_fact_reg_contrato]
2024-07-25 10:29:33.111 INFO  <Thread-574> [C:\Users\niebl\OneDrive\Escritorio\Semestre\Inteligecia de Negocio\Proyecto Fase 2\BIProyecto\proyectobi(FINAL)\Job_dim_fact.kjb]  Using run configuration [Pentaho local]
2024-07-25 10:29:33.112 INFO  <Thread-574> [C:\Users\niebl\OneDrive\Escritorio\Semestre\Inteligecia de Negocio\Proyecto Fase 2\BIProyecto\proyectobi(FINAL)\Job_dim_fact.kjb  C:\proyectobi\ETLfact_Registro_Contrato.ktr]  Iniciado despacho de la transformaci?n [Transformacion FACT_Registro_Contrato]
2024-07-25 10:29:33.279 INFO  <init of Salida Tabla.0 (Thread-740)> [C:\Users\niebl\OneDrive\Escritorio\Semestre\Inteligecia de Negocio\Proyecto Fase 2\BIProyecto\proyectobi(FINAL)\Job_dim_fact.kjb  C:\proyectobi\ETLfact_Registro_Contrato.ktr]  Connected to database [Postgres] (commit=1000)
2024-07-25 10:29:33.305 INFO  <Transformacion FACT_Registro_Contrato - Entrada Tabla dim_producto> [C:\Users\niebl\OneDrive\Escritorio\Semestre\Inteligecia de Negocio\Proyecto Fase 2\BIProyecto\proyectobi(FINAL)\Job_dim_fact.kjb  C:\proyectobi\ETLfact_Registro_Contrato.ktr]  Finished reading query, closing connection
2024-07-25 10:29:33.306 INFO  <Transformacion FACT_Registro_Contrato - Entrada Tabla dim_producto> [C:\Users\niebl\OneDrive\Escritorio\Semestre\Inteligecia de Negocio\Proyecto Fase 2\BIProyecto\proyectobi(FINAL)\Job_dim_fact.kjb  C:\proyectobi\ETLfact_Registro_Contrato.ktr]  Procesamiento finalizado (I=30, O=0, R=0, W=30, U=0, E=0)
2024-07-25 10:29:33.308 INFO  <Transformacion FACT_Registro_Contrato - Entrada Tabla dim_contrato> [C:\Users\niebl\OneDrive\Escritorio\Semestre\Inteligecia de Negocio\Proyecto Fase 2\BIProyecto\proyectobi(FINAL)\Job_dim_fact.kjb  C:\proyectobi\ETLfact_Registro_Contrato.ktr]  Finished reading query, closing connection
2024-07-25 10:29:33.308 INFO  <Transformacion FACT_Registro_Contrato - Entrada Tabla Dim_Cliente> [C:\Users\niebl\OneDrive\Escritorio\Semestre\Inteligecia de Negocio\Proyecto Fase 2\BIProyecto\proyectobi(FINAL)\Job_dim_fact.kjb  C:\proyectobi\ETLfact_Registro_Contrato.ktr]  Finished reading query, closing connection
2024-07-25 10:29:33.309 INFO  <Transformacion FACT_Registro_Contrato - Ordenar filas cod_producto 2> [C:\Users\niebl\OneDrive\Escritorio\Semestre\Inteligecia de Negocio\Proyecto Fase 2\BIProyecto\proyectobi(FINAL)\Job_dim_fact.kjb  C:\proyectobi\ETLfact_Registro_Contrato.ktr]  Procesamiento finalizado (I=0, O=0, R=30, W=30, U=0, E=0)
2024-07-25 10:29:33.309 INFO  <Transformacion FACT_Registro_Contrato - Entrada Tabla dim_contrato> [C:\Users\niebl\OneDrive\Escritorio\Semestre\Inteligecia de Negocio\Proyecto Fase 2\BIProyecto\proyectobi(FINAL)\Job_dim_fact.kjb  C:\proyectobi\ETLfact_Registro_Contrato.ktr]  Procesamiento finalizado (I=1000, O=0, R=0, W=1000, U=0, E=0)
2024-07-25 10:29:33.311 INFO  <Transformacion FACT_Registro_Contrato - Entrada Tabla dim_estado_contrato> [C:\Users\niebl\OneDrive\Escritorio\Semestre\Inteligecia de Negocio\Proyecto Fase 2\BIProyecto\proyectobi(FINAL)\Job_dim_fact.kjb  C:\proyectobi\ETLfact_Registro_Contrato.ktr]  Finished reading query, closing connection
2024-07-25 10:29:33.313 INFO  <Transformacion FACT_Registro_Contrato - Entrada Tabla Dim_Cliente> [C:\Users\niebl\OneDrive\Escritorio\Semestre\Inteligecia de Negocio\Proyecto Fase 2\BIProyecto\proyectobi(FINAL)\Job_dim_fact.kjb  C:\proyectobi\ETLfact_Registro_Contrato.ktr]  Procesamiento finalizado (I=300, O=0, R=0, W=300, U=0, E=0)
2024-07-25 10:29:33.313 INFO  <Transformacion FACT_Registro_Contrato - Entrada Tabla dim_estado_contrato> [C:\Users\niebl\OneDrive\Escritorio\Semestre\Inteligecia de Negocio\Proyecto Fase 2\BIProyecto\proyectobi(FINAL)\Job_dim_fact.kjb  C:\proyectobi\ETLfact_Registro_Contrato.ktr]  Procesamiento finalizado (I=3, O=0, R=0, W=3, U=0, E=0)
2024-07-25 10:29:33.314 INFO  <Transformacion FACT_Registro_Contrato - Ordenar filas cod_cliente 2> [C:\Users\niebl\OneDrive\Escritorio\Semestre\Inteligecia de Negocio\Proyecto Fase 2\BIProyecto\proyectobi(FINAL)\Job_dim_fact.kjb  C:\proyectobi\ETLfact_Registro_Contrato.ktr]  Procesamiento finalizado (I=0, O=0, R=300, W=300, U=0, E=0)
2024-07-25 10:29:33.316 INFO  <Transformacion FACT_Registro_Contrato - Entrada Tabla Registro Contrato> [C:\Users\niebl\OneDrive\Escritorio\Semestre\Inteligecia de Negocio\Proyecto Fase 2\BIProyecto\proyectobi(FINAL)\Job_dim_fact.kjb  C:\proyectobi\ETLfact_Registro_Contrato.ktr]  Finished reading query, closing connection
2024-07-25 10:29:33.317 INFO  <Transformacion FACT_Registro_Contrato - Ordenar filas descrip_estado> [C:\Users\niebl\OneDrive\Escritorio\Semestre\Inteligecia de Negocio\Proyecto Fase 2\BIProyecto\proyectobi(FINAL)\Job_dim_fact.kjb  C:\proyectobi\ETLfact_Registro_Contrato.ktr]  Procesamiento finalizado (I=0, O=0, R=3, W=3, U=0, E=0)
2024-07-25 10:29:33.318 INFO  <Transformacion FACT_Registro_Contrato - Entrada Tabla Registro Contrato> [C:\Users\niebl\OneDrive\Escritorio\Semestre\Inteligecia de Negocio\Proyecto Fase 2\BIProyecto\proyectobi(FINAL)\Job_dim_fact.kjb  C:\proyectobi\ETLfact_Registro_Contrato.ktr]  Procesamiento finalizado (I=1000, O=0, R=0, W=1000, U=0, E=0)
2024-07-25 10:29:33.322 INFO  <Transformacion FACT_Registro_Contrato - Ordenar filas nro_contrato 2> [C:\Users\niebl\OneDrive\Escritorio\Semestre\Inteligecia de Negocio\Proyecto Fase 2\BIProyecto\proyectobi(FINAL)\Job_dim_fact.kjb  C:\proyectobi\ETLfact_Registro_Contrato.ktr]  Procesamiento finalizado (I=0, O=0, R=1000, W=1000, U=0, E=0)
2024-07-25 10:29:33.336 INFO  <Transformacion FACT_Registro_Contrato - Ordenar filas cod_cliente> [C:\Users\niebl\OneDrive\Escritorio\Semestre\Inteligecia de Negocio\Proyecto Fase 2\BIProyecto\proyectobi(FINAL)\Job_dim_fact.kjb  C:\proyectobi\ETLfact_Registro_Contrato.ktr]  Procesamiento finalizado (I=0, O=0, R=1000, W=1000, U=0, E=0)
2024-07-25 10:29:33.385 INFO  <Transformacion FACT_Registro_Contrato - Entrada Tabla dim_tiempo> [C:\Users\niebl\OneDrive\Escritorio\Semestre\Inteligecia de Negocio\Proyecto Fase 2\BIProyecto\proyectobi(FINAL)\Job_dim_fact.kjb  C:\proyectobi\ETLfact_Registro_Contrato.ktr]  Finished reading query, closing connection
2024-07-25 10:29:33.386 INFO  <Transformacion FACT_Registro_Contrato - Entrada Tabla dim_tiempo> [C:\Users\niebl\OneDrive\Escritorio\Semestre\Inteligecia de Negocio\Proyecto Fase 2\BIProyecto\proyectobi(FINAL)\Job_dim_fact.kjb  C:\proyectobi\ETLfact_Registro_Contrato.ktr]  Procesamiento finalizado (I=14976, O=0, R=0, W=29952, U=0, E=0)
2024-07-25 10:29:33.652 INFO  <Transformacion FACT_Registro_Contrato - Unión por clave> [C:\Users\niebl\OneDrive\Escritorio\Semestre\Inteligecia de Negocio\Proyecto Fase 2\BIProyecto\proyectobi(FINAL)\Job_dim_fact.kjb  C:\proyectobi\ETLfact_Registro_Contrato.ktr]  Procesamiento finalizado (I=0, O=0, R=1300, W=1000, U=0, E=0)
2024-07-25 10:29:33.659 INFO  <Transformacion FACT_Registro_Contrato - Ordenar filas cod_producto> [C:\Users\niebl\OneDrive\Escritorio\Semestre\Inteligecia de Negocio\Proyecto Fase 2\BIProyecto\proyectobi(FINAL)\Job_dim_fact.kjb  C:\proyectobi\ETLfact_Registro_Contrato.ktr]  Procesamiento finalizado (I=0, O=0, R=1000, W=1000, U=0, E=0)
2024-07-25 10:29:33.968 INFO  <Transformacion FACT_Registro_Contrato - Unión por clave cod_producto> [C:\Users\niebl\OneDrive\Escritorio\Semestre\Inteligecia de Negocio\Proyecto Fase 2\BIProyecto\proyectobi(FINAL)\Job_dim_fact.kjb  C:\proyectobi\ETLfact_Registro_Contrato.ktr]  Procesamiento finalizado (I=0, O=0, R=1030, W=1000, U=0, E=0)
2024-07-25 10:29:33.985 INFO  <Transformacion FACT_Registro_Contrato - Ordenar filas nro_contrato> [C:\Users\niebl\OneDrive\Escritorio\Semestre\Inteligecia de Negocio\Proyecto Fase 2\BIProyecto\proyectobi(FINAL)\Job_dim_fact.kjb  C:\proyectobi\ETLfact_Registro_Contrato.ktr]  Procesamiento finalizado (I=0, O=0, R=1000, W=1000, U=0, E=0)
2024-07-25 10:29:34.308 INFO  <Transformacion FACT_Registro_Contrato - Unión por clave nro_contrato> [C:\Users\niebl\OneDrive\Escritorio\Semestre\Inteligecia de Negocio\Proyecto Fase 2\BIProyecto\proyectobi(FINAL)\Job_dim_fact.kjb  C:\proyectobi\ETLfact_Registro_Contrato.ktr]  Procesamiento finalizado (I=0, O=0, R=2000, W=1000, U=0, E=0)
2024-07-25 10:29:34.318 INFO  <Transformacion FACT_Registro_Contrato - Ordenar filas estado_contrato> [C:\Users\niebl\OneDrive\Escritorio\Semestre\Inteligecia de Negocio\Proyecto Fase 2\BIProyecto\proyectobi(FINAL)\Job_dim_fact.kjb  C:\proyectobi\ETLfact_Registro_Contrato.ktr]  Procesamiento finalizado (I=0, O=0, R=1000, W=1000, U=0, E=0)
2024-07-25 10:29:34.633 INFO  <Transformacion FACT_Registro_Contrato - Unión por clave estado_contrato> [C:\Users\niebl\OneDrive\Escritorio\Semestre\Inteligecia de Negocio\Proyecto Fase 2\BIProyecto\proyectobi(FINAL)\Job_dim_fact.kjb  C:\proyectobi\ETLfact_Registro_Contrato.ktr]  Procesamiento finalizado (I=0, O=0, R=1003, W=1000, U=0, E=0)
2024-07-25 10:29:34.640 INFO  <Transformacion FACT_Registro_Contrato - Ordenar filas fecha inicio> [C:\Users\niebl\OneDrive\Escritorio\Semestre\Inteligecia de Negocio\Proyecto Fase 2\BIProyecto\proyectobi(FINAL)\Job_dim_fact.kjb  C:\proyectobi\ETLfact_Registro_Contrato.ktr]  Procesamiento finalizado (I=0, O=0, R=1000, W=1000, U=0, E=0)
2024-07-25 10:29:34.648 INFO  <Transformacion FACT_Registro_Contrato - Ordenar filas dim_tiempo> [C:\Users\niebl\OneDrive\Escritorio\Semestre\Inteligecia de Negocio\Proyecto Fase 2\BIProyecto\proyectobi(FINAL)\Job_dim_fact.kjb  C:\proyectobi\ETLfact_Registro_Contrato.ktr]  Procesamiento finalizado (I=0, O=0, R=14976, W=14976, U=0, E=0)
2024-07-25 10:29:34.970 INFO  <Transformacion FACT_Registro_Contrato - Unión por clave fecha inicio> [C:\Users\niebl\OneDrive\Escritorio\Semestre\Inteligecia de Negocio\Proyecto Fase 2\BIProyecto\proyectobi(FINAL)\Job_dim_fact.kjb  C:\proyectobi\ETLfact_Registro_Contrato.ktr]  Procesamiento finalizado (I=0, O=0, R=15976, W=1000, U=0, E=0)
2024-07-25 10:29:34.994 INFO  <Transformacion FACT_Registro_Contrato - Ordenar filas fecha_fin> [C:\Users\niebl\OneDrive\Escritorio\Semestre\Inteligecia de Negocio\Proyecto Fase 2\BIProyecto\proyectobi(FINAL)\Job_dim_fact.kjb  C:\proyectobi\ETLfact_Registro_Contrato.ktr]  Procesamiento finalizado (I=0, O=0, R=1000, W=1000, U=0, E=0)
2024-07-25 10:29:34.999 INFO  <Transformacion FACT_Registro_Contrato - Ordenar filas dim_tiempo 2> [C:\Users\niebl\OneDrive\Escritorio\Semestre\Inteligecia de Negocio\Proyecto Fase 2\BIProyecto\proyectobi(FINAL)\Job_dim_fact.kjb  C:\proyectobi\ETLfact_Registro_Contrato.ktr]  Procesamiento finalizado (I=0, O=0, R=14976, W=14976, U=0, E=0)
2024-07-25 10:29:35.323 INFO  <Transformacion FACT_Registro_Contrato - Unión por clave fecha fin> [C:\Users\niebl\OneDrive\Escritorio\Semestre\Inteligecia de Negocio\Proyecto Fase 2\BIProyecto\proyectobi(FINAL)\Job_dim_fact.kjb  C:\proyectobi\ETLfact_Registro_Contrato.ktr]  Procesamiento finalizado (I=0, O=0, R=15976, W=1000, U=0, E=0)
2024-07-25 10:29:35.353 INFO  <Transformacion FACT_Registro_Contrato - Añadir secuencia utilidad> [C:\Users\niebl\OneDrive\Escritorio\Semestre\Inteligecia de Negocio\Proyecto Fase 2\BIProyecto\proyectobi(FINAL)\Job_dim_fact.kjb  C:\proyectobi\ETLfact_Registro_Contrato.ktr]  Procesamiento finalizado (I=0, O=0, R=1000, W=1000, U=0, E=0)
2024-07-25 10:29:35.431 INFO  <Transformacion FACT_Registro_Contrato - Salida Tabla> [C:\Users\niebl\OneDrive\Escritorio\Semestre\Inteligecia de Negocio\Proyecto Fase 2\BIProyecto\proyectobi(FINAL)\Job_dim_fact.kjb  C:\proyectobi\ETLfact_Registro_Contrato.ktr]  Procesamiento finalizado (I=0, O=1000, R=1000, W=1000, U=0, E=0)
2024-07-25 10:29:35.432 INFO  <Thread-574> [C:\Users\niebl\OneDrive\Escritorio\Semestre\Inteligecia de Negocio\Proyecto Fase 2\BIProyecto\proyectobi(FINAL)\Job_dim_fact.kjb]  Starting entry [ETL fact_reg_siniestro]
2024-07-25 10:29:35.467 INFO  <Thread-574> [C:\Users\niebl\OneDrive\Escritorio\Semestre\Inteligecia de Negocio\Proyecto Fase 2\BIProyecto\proyectobi(FINAL)\Job_dim_fact.kjb]  Using run configuration [Pentaho local]
2024-07-25 10:29:35.468 INFO  <Thread-574> [C:\Users\niebl\OneDrive\Escritorio\Semestre\Inteligecia de Negocio\Proyecto Fase 2\BIProyecto\proyectobi(FINAL)\Job_dim_fact.kjb  C:\proyectobi\ETLfact_Registro_Siniestro.ktr]  Iniciado despacho de la transformaci?n [Transformacion Fact_Registro_Siniestro]
2024-07-25 10:29:35.735 INFO  <init of Salida Tabla Fact_Registro_Siniestro.0 (Thread-807)> [C:\Users\niebl\OneDrive\Escritorio\Semestre\Inteligecia de Negocio\Proyecto Fase 2\BIProyecto\proyectobi(FINAL)\Job_dim_fact.kjb  C:\proyectobi\ETLfact_Registro_Siniestro.ktr]  Connected to database [Postgres] (commit=1000)
2024-07-25 10:29:35.779 INFO  <Transformacion Fact_Registro_Siniestro - Entrada Tabla dim sucursal> [C:\Users\niebl\OneDrive\Escritorio\Semestre\Inteligecia de Negocio\Proyecto Fase 2\BIProyecto\proyectobi(FINAL)\Job_dim_fact.kjb  C:\proyectobi\ETLfact_Registro_Siniestro.ktr]  Finished reading query, closing connection
2024-07-25 10:29:35.781 INFO  <Transformacion Fact_Registro_Siniestro - Entrada Tabla dim sucursal> [C:\Users\niebl\OneDrive\Escritorio\Semestre\Inteligecia de Negocio\Proyecto Fase 2\BIProyecto\proyectobi(FINAL)\Job_dim_fact.kjb  C:\proyectobi\ETLfact_Registro_Siniestro.ktr]  Procesamiento finalizado (I=30, O=0, R=0, W=30, U=0, E=0)
2024-07-25 10:29:35.781 INFO  <Transformacion Fact_Registro_Siniestro - Entrada Tabla dim_cliente> [C:\Users\niebl\OneDrive\Escritorio\Semestre\Inteligecia de Negocio\Proyecto Fase 2\BIProyecto\proyectobi(FINAL)\Job_dim_fact.kjb  C:\proyectobi\ETLfact_Registro_Siniestro.ktr]  Finished reading query, closing connection
2024-07-25 10:29:35.782 INFO  <Transformacion Fact_Registro_Siniestro - Entrada Tabla cliente> [C:\Users\niebl\OneDrive\Escritorio\Semestre\Inteligecia de Negocio\Proyecto Fase 2\BIProyecto\proyectobi(FINAL)\Job_dim_fact.kjb  C:\proyectobi\ETLfact_Registro_Siniestro.ktr]  Finished reading query, closing connection
2024-07-25 10:29:35.784 INFO  <Transformacion Fact_Registro_Siniestro - Entrada Tabla dim_cliente> [C:\Users\niebl\OneDrive\Escritorio\Semestre\Inteligecia de Negocio\Proyecto Fase 2\BIProyecto\proyectobi(FINAL)\Job_dim_fact.kjb  C:\proyectobi\ETLfact_Registro_Siniestro.ktr]  Procesamiento finalizado (I=300, O=0, R=0, W=300, U=0, E=0)
2024-07-25 10:29:35.785 INFO  <Transformacion Fact_Registro_Siniestro - Ordenar filas sucursal 2> [C:\Users\niebl\OneDrive\Escritorio\Semestre\Inteligecia de Negocio\Proyecto Fase 2\BIProyecto\proyectobi(FINAL)\Job_dim_fact.kjb  C:\proyectobi\ETLfact_Registro_Siniestro.ktr]  Procesamiento finalizado (I=0, O=0, R=30, W=30, U=0, E=0)
2024-07-25 10:29:35.786 INFO  <Transformacion Fact_Registro_Siniestro - Entrada Tabla cliente> [C:\Users\niebl\OneDrive\Escritorio\Semestre\Inteligecia de Negocio\Proyecto Fase 2\BIProyecto\proyectobi(FINAL)\Job_dim_fact.kjb  C:\proyectobi\ETLfact_Registro_Siniestro.ktr]  Procesamiento finalizado (I=300, O=0, R=0, W=300, U=0, E=0)
2024-07-25 10:29:35.787 INFO  <Transformacion Fact_Registro_Siniestro - Entrada Tabla dim_siniestro> [C:\Users\niebl\OneDrive\Escritorio\Semestre\Inteligecia de Negocio\Proyecto Fase 2\BIProyecto\proyectobi(FINAL)\Job_dim_fact.kjb  C:\proyectobi\ETLfact_Registro_Siniestro.ktr]  Finished reading query, closing connection
2024-07-25 10:29:35.787 INFO  <Transformacion Fact_Registro_Siniestro - Ordenar filas codigo cliente 2> [C:\Users\niebl\OneDrive\Escritorio\Semestre\Inteligecia de Negocio\Proyecto Fase 2\BIProyecto\proyectobi(FINAL)\Job_dim_fact.kjb  C:\proyectobi\ETLfact_Registro_Siniestro.ktr]  Procesamiento finalizado (I=0, O=0, R=300, W=300, U=0, E=0)
2024-07-25 10:29:35.788 INFO  <Transformacion Fact_Registro_Siniestro - Ordenar filas codigo cliente> [C:\Users\niebl\OneDrive\Escritorio\Semestre\Inteligecia de Negocio\Proyecto Fase 2\BIProyecto\proyectobi(FINAL)\Job_dim_fact.kjb  C:\proyectobi\ETLfact_Registro_Siniestro.ktr]  Procesamiento finalizado (I=0, O=0, R=300, W=300, U=0, E=0)
2024-07-25 10:29:35.788 INFO  <Transformacion Fact_Registro_Siniestro - Entrada Tabla dim_siniestro> [C:\Users\niebl\OneDrive\Escritorio\Semestre\Inteligecia de Negocio\Proyecto Fase 2\BIProyecto\proyectobi(FINAL)\Job_dim_fact.kjb  C:\proyectobi\ETLfact_Registro_Siniestro.ktr]  Procesamiento finalizado (I=20, O=0, R=0, W=20, U=0, E=0)
2024-07-25 10:29:35.792 INFO  <Transformacion Fact_Registro_Siniestro - Ordenar filas nro_siniestro> [C:\Users\niebl\OneDrive\Escritorio\Semestre\Inteligecia de Negocio\Proyecto Fase 2\BIProyecto\proyectobi(FINAL)\Job_dim_fact.kjb  C:\proyectobi\ETLfact_Registro_Siniestro.ktr]  Procesamiento finalizado (I=0, O=0, R=20, W=20, U=0, E=0)
2024-07-25 10:29:35.792 INFO  <Transformacion Fact_Registro_Siniestro - Entrada Tabla Fact_Registro_Siniestro> [C:\Users\niebl\OneDrive\Escritorio\Semestre\Inteligecia de Negocio\Proyecto Fase 2\BIProyecto\proyectobi(FINAL)\Job_dim_fact.kjb  C:\proyectobi\ETLfact_Registro_Siniestro.ktr]  Finished reading query, closing connection
2024-07-25 10:29:35.793 INFO  <Transformacion Fact_Registro_Siniestro - Entrada Tabla Fact_Registro_Siniestro> [C:\Users\niebl\OneDrive\Escritorio\Semestre\Inteligecia de Negocio\Proyecto Fase 2\BIProyecto\proyectobi(FINAL)\Job_dim_fact.kjb  C:\proyectobi\ETLfact_Registro_Siniestro.ktr]  Procesamiento finalizado (I=1000, O=0, R=0, W=1000, U=0, E=0)
2024-07-25 10:29:35.799 INFO  <Transformacion Fact_Registro_Siniestro - Ordenar filas siniestro> [C:\Users\niebl\OneDrive\Escritorio\Semestre\Inteligecia de Negocio\Proyecto Fase 2\BIProyecto\proyectobi(FINAL)\Job_dim_fact.kjb  C:\proyectobi\ETLfact_Registro_Siniestro.ktr]  Procesamiento finalizado (I=0, O=0, R=1000, W=1000, U=0, E=0)
2024-07-25 10:29:35.801 INFO  <Transformacion Fact_Registro_Siniestro - Entrada Tabla dim_contrato> [C:\Users\niebl\OneDrive\Escritorio\Semestre\Inteligecia de Negocio\Proyecto Fase 2\BIProyecto\proyectobi(FINAL)\Job_dim_fact.kjb  C:\proyectobi\ETLfact_Registro_Siniestro.ktr]  Finished reading query, closing connection
2024-07-25 10:29:35.803 INFO  <Transformacion Fact_Registro_Siniestro - Entrada Tabla dim_contrato> [C:\Users\niebl\OneDrive\Escritorio\Semestre\Inteligecia de Negocio\Proyecto Fase 2\BIProyecto\proyectobi(FINAL)\Job_dim_fact.kjb  C:\proyectobi\ETLfact_Registro_Siniestro.ktr]  Procesamiento finalizado (I=1000, O=0, R=0, W=1000, U=0, E=0)
2024-07-25 10:29:35.803 INFO  <Transformacion Fact_Registro_Siniestro - Entrada Tabla dim_producto> [C:\Users\niebl\OneDrive\Escritorio\Semestre\Inteligecia de Negocio\Proyecto Fase 2\BIProyecto\proyectobi(FINAL)\Job_dim_fact.kjb  C:\proyectobi\ETLfact_Registro_Siniestro.ktr]  Finished reading query, closing connection
2024-07-25 10:29:35.806 INFO  <Transformacion Fact_Registro_Siniestro - Entrada Tabla dim_producto> [C:\Users\niebl\OneDrive\Escritorio\Semestre\Inteligecia de Negocio\Proyecto Fase 2\BIProyecto\proyectobi(FINAL)\Job_dim_fact.kjb  C:\proyectobi\ETLfact_Registro_Siniestro.ktr]  Procesamiento finalizado (I=30, O=0, R=0, W=30, U=0, E=0)
2024-07-25 10:29:35.807 INFO  <Transformacion Fact_Registro_Siniestro - Ordenar filas nro_contrato> [C:\Users\niebl\OneDrive\Escritorio\Semestre\Inteligecia de Negocio\Proyecto Fase 2\BIProyecto\proyectobi(FINAL)\Job_dim_fact.kjb  C:\proyectobi\ETLfact_Registro_Siniestro.ktr]  Procesamiento finalizado (I=0, O=0, R=1000, W=1000, U=0, E=0)
2024-07-25 10:29:35.808 INFO  <Transformacion Fact_Registro_Siniestro - Ordenar filas producto 2> [C:\Users\niebl\OneDrive\Escritorio\Semestre\Inteligecia de Negocio\Proyecto Fase 2\BIProyecto\proyectobi(FINAL)\Job_dim_fact.kjb  C:\proyectobi\ETLfact_Registro_Siniestro.ktr]  Procesamiento finalizado (I=0, O=0, R=30, W=30, U=0, E=0)
2024-07-25 10:29:35.830 INFO  <Transformacion Fact_Registro_Siniestro - Entrada Tabla Registro Contrato> [C:\Users\niebl\OneDrive\Escritorio\Semestre\Inteligecia de Negocio\Proyecto Fase 2\BIProyecto\proyectobi(FINAL)\Job_dim_fact.kjb  C:\proyectobi\ETLfact_Registro_Siniestro.ktr]  Finished reading query, closing connection
2024-07-25 10:29:35.831 INFO  <Transformacion Fact_Registro_Siniestro - Entrada Tabla Registro Contrato> [C:\Users\niebl\OneDrive\Escritorio\Semestre\Inteligecia de Negocio\Proyecto Fase 2\BIProyecto\proyectobi(FINAL)\Job_dim_fact.kjb  C:\proyectobi\ETLfact_Registro_Siniestro.ktr]  Procesamiento finalizado (I=1000, O=0, R=0, W=1000, U=0, E=0)
2024-07-25 10:29:35.836 INFO  <Transformacion Fact_Registro_Siniestro - Ordenar filas cliente> [C:\Users\niebl\OneDrive\Escritorio\Semestre\Inteligecia de Negocio\Proyecto Fase 2\BIProyecto\proyectobi(FINAL)\Job_dim_fact.kjb  C:\proyectobi\ETLfact_Registro_Siniestro.ktr]  Procesamiento finalizado (I=0, O=0, R=1000, W=1000, U=0, E=0)
2024-07-25 10:29:35.856 INFO  <Transformacion Fact_Registro_Siniestro - Entrada Tabla fechas> [C:\Users\niebl\OneDrive\Escritorio\Semestre\Inteligecia de Negocio\Proyecto Fase 2\BIProyecto\proyectobi(FINAL)\Job_dim_fact.kjb  C:\proyectobi\ETLfact_Registro_Siniestro.ktr]  Finished reading query, closing connection
2024-07-25 10:29:35.856 INFO  <Transformacion Fact_Registro_Siniestro - Entrada Tabla fechas> [C:\Users\niebl\OneDrive\Escritorio\Semestre\Inteligecia de Negocio\Proyecto Fase 2\BIProyecto\proyectobi(FINAL)\Job_dim_fact.kjb  C:\proyectobi\ETLfact_Registro_Siniestro.ktr]  Procesamiento finalizado (I=14976, O=0, R=0, W=29952, U=0, E=0)
2024-07-25 10:29:36.097 INFO  <Transformacion Fact_Registro_Siniestro - Unión por clave codigo cliente> [C:\Users\niebl\OneDrive\Escritorio\Semestre\Inteligecia de Negocio\Proyecto Fase 2\BIProyecto\proyectobi(FINAL)\Job_dim_fact.kjb  C:\proyectobi\ETLfact_Registro_Siniestro.ktr]  Procesamiento finalizado (I=0, O=0, R=600, W=300, U=0, E=0)
2024-07-25 10:29:36.101 INFO  <Transformacion Fact_Registro_Siniestro - Ordenar filas sucursal> [C:\Users\niebl\OneDrive\Escritorio\Semestre\Inteligecia de Negocio\Proyecto Fase 2\BIProyecto\proyectobi(FINAL)\Job_dim_fact.kjb  C:\proyectobi\ETLfact_Registro_Siniestro.ktr]  Procesamiento finalizado (I=0, O=0, R=300, W=300, U=0, E=0)
2024-07-25 10:29:36.104 INFO  <Transformacion Fact_Registro_Siniestro - Unión por clave sinistro> [C:\Users\niebl\OneDrive\Escritorio\Semestre\Inteligecia de Negocio\Proyecto Fase 2\BIProyecto\proyectobi(FINAL)\Job_dim_fact.kjb  C:\proyectobi\ETLfact_Registro_Siniestro.ktr]  Procesamiento finalizado (I=0, O=0, R=1020, W=1000, U=0, E=0)
2024-07-25 10:29:36.109 INFO  <Transformacion Fact_Registro_Siniestro - Ordenar filas contrato> [C:\Users\niebl\OneDrive\Escritorio\Semestre\Inteligecia de Negocio\Proyecto Fase 2\BIProyecto\proyectobi(FINAL)\Job_dim_fact.kjb  C:\proyectobi\ETLfact_Registro_Siniestro.ktr]  Procesamiento finalizado (I=0, O=0, R=1000, W=1000, U=0, E=0)
2024-07-25 10:29:36.404 INFO  <Transformacion Fact_Registro_Siniestro - Unión por clave sucursal> [C:\Users\niebl\OneDrive\Escritorio\Semestre\Inteligecia de Negocio\Proyecto Fase 2\BIProyecto\proyectobi(FINAL)\Job_dim_fact.kjb  C:\proyectobi\ETLfact_Registro_Siniestro.ktr]  Procesamiento finalizado (I=0, O=0, R=330, W=300, U=0, E=0)
2024-07-25 10:29:36.414 INFO  <Transformacion Fact_Registro_Siniestro - Ordenar filas cliente 2> [C:\Users\niebl\OneDrive\Escritorio\Semestre\Inteligecia de Negocio\Proyecto Fase 2\BIProyecto\proyectobi(FINAL)\Job_dim_fact.kjb  C:\proyectobi\ETLfact_Registro_Siniestro.ktr]  Procesamiento finalizado (I=0, O=0, R=300, W=300, U=0, E=0)
2024-07-25 10:29:36.415 INFO  <Transformacion Fact_Registro_Siniestro - Unión por clave contrato> [C:\Users\niebl\OneDrive\Escritorio\Semestre\Inteligecia de Negocio\Proyecto Fase 2\BIProyecto\proyectobi(FINAL)\Job_dim_fact.kjb  C:\proyectobi\ETLfact_Registro_Siniestro.ktr]  Procesamiento finalizado (I=0, O=0, R=2000, W=1000, U=0, E=0)
2024-07-25 10:29:36.421 INFO  <Transformacion Fact_Registro_Siniestro - Ordenar filas contrato 2> [C:\Users\niebl\OneDrive\Escritorio\Semestre\Inteligecia de Negocio\Proyecto Fase 2\BIProyecto\proyectobi(FINAL)\Job_dim_fact.kjb  C:\proyectobi\ETLfact_Registro_Siniestro.ktr]  Procesamiento finalizado (I=0, O=0, R=1000, W=1000, U=0, E=0)
2024-07-25 10:29:36.727 INFO  <Transformacion Fact_Registro_Siniestro - Unión por clave cliente> [C:\Users\niebl\OneDrive\Escritorio\Semestre\Inteligecia de Negocio\Proyecto Fase 2\BIProyecto\proyectobi(FINAL)\Job_dim_fact.kjb  C:\proyectobi\ETLfact_Registro_Siniestro.ktr]  Procesamiento finalizado (I=0, O=0, R=1300, W=1000, U=0, E=0)
2024-07-25 10:29:36.735 INFO  <Transformacion Fact_Registro_Siniestro - Ordenar filas producto> [C:\Users\niebl\OneDrive\Escritorio\Semestre\Inteligecia de Negocio\Proyecto Fase 2\BIProyecto\proyectobi(FINAL)\Job_dim_fact.kjb  C:\proyectobi\ETLfact_Registro_Siniestro.ktr]  Procesamiento finalizado (I=0, O=0, R=1000, W=1000, U=0, E=0)
2024-07-25 10:29:37.050 INFO  <Transformacion Fact_Registro_Siniestro - Unión por clave producto> [C:\Users\niebl\OneDrive\Escritorio\Semestre\Inteligecia de Negocio\Proyecto Fase 2\BIProyecto\proyectobi(FINAL)\Job_dim_fact.kjb  C:\proyectobi\ETLfact_Registro_Siniestro.ktr]  Procesamiento finalizado (I=0, O=0, R=1030, W=1000, U=0, E=0)
2024-07-25 10:29:37.058 INFO  <Transformacion Fact_Registro_Siniestro - Ordenar filas contrato 3> [C:\Users\niebl\OneDrive\Escritorio\Semestre\Inteligecia de Negocio\Proyecto Fase 2\BIProyecto\proyectobi(FINAL)\Job_dim_fact.kjb  C:\proyectobi\ETLfact_Registro_Siniestro.ktr]  Procesamiento finalizado (I=0, O=0, R=1000, W=1000, U=0, E=0)
2024-07-25 10:29:37.365 INFO  <Transformacion Fact_Registro_Siniestro - Unión por clave contrato 2> [C:\Users\niebl\OneDrive\Escritorio\Semestre\Inteligecia de Negocio\Proyecto Fase 2\BIProyecto\proyectobi(FINAL)\Job_dim_fact.kjb  C:\proyectobi\ETLfact_Registro_Siniestro.ktr]  Procesamiento finalizado (I=0, O=0, R=2000, W=1000, U=0, E=0)
2024-07-25 10:29:37.378 INFO  <Transformacion Fact_Registro_Siniestro - Ordenar filas fecha_siniestro> [C:\Users\niebl\OneDrive\Escritorio\Semestre\Inteligecia de Negocio\Proyecto Fase 2\BIProyecto\proyectobi(FINAL)\Job_dim_fact.kjb  C:\proyectobi\ETLfact_Registro_Siniestro.ktr]  Procesamiento finalizado (I=0, O=0, R=1000, W=1000, U=0, E=0)
2024-07-25 10:29:37.383 INFO  <Transformacion Fact_Registro_Siniestro - Ordenar filas fecha completa> [C:\Users\niebl\OneDrive\Escritorio\Semestre\Inteligecia de Negocio\Proyecto Fase 2\BIProyecto\proyectobi(FINAL)\Job_dim_fact.kjb  C:\proyectobi\ETLfact_Registro_Siniestro.ktr]  Procesamiento finalizado (I=0, O=0, R=14976, W=14976, U=0, E=0)
2024-07-25 10:29:37.702 INFO  <Transformacion Fact_Registro_Siniestro - Unión por clave fecha_siniestro> [C:\Users\niebl\OneDrive\Escritorio\Semestre\Inteligecia de Negocio\Proyecto Fase 2\BIProyecto\proyectobi(FINAL)\Job_dim_fact.kjb  C:\proyectobi\ETLfact_Registro_Siniestro.ktr]  Procesamiento finalizado (I=0, O=0, R=15976, W=1000, U=0, E=0)
2024-07-25 10:29:37.719 INFO  <Transformacion Fact_Registro_Siniestro - Ordenar filas fecha_respuesta> [C:\Users\niebl\OneDrive\Escritorio\Semestre\Inteligecia de Negocio\Proyecto Fase 2\BIProyecto\proyectobi(FINAL)\Job_dim_fact.kjb  C:\proyectobi\ETLfact_Registro_Siniestro.ktr]  Procesamiento finalizado (I=0, O=0, R=1000, W=1000, U=0, E=0)
2024-07-25 10:29:37.724 INFO  <Transformacion Fact_Registro_Siniestro - Ordenar filas fecha completa 2> [C:\Users\niebl\OneDrive\Escritorio\Semestre\Inteligecia de Negocio\Proyecto Fase 2\BIProyecto\proyectobi(FINAL)\Job_dim_fact.kjb  C:\proyectobi\ETLfact_Registro_Siniestro.ktr]  Procesamiento finalizado (I=0, O=0, R=14976, W=14976, U=0, E=0)
2024-07-25 10:29:38.065 INFO  <Transformacion Fact_Registro_Siniestro - Unión por clave fecha respuesta> [C:\Users\niebl\OneDrive\Escritorio\Semestre\Inteligecia de Negocio\Proyecto Fase 2\BIProyecto\proyectobi(FINAL)\Job_dim_fact.kjb  C:\proyectobi\ETLfact_Registro_Siniestro.ktr]  Procesamiento finalizado (I=0, O=0, R=15976, W=1000, U=0, E=0)
2024-07-25 10:29:38.067 INFO  <Transformacion Fact_Registro_Siniestro - Añadir secuencia cantidad> [C:\Users\niebl\OneDrive\Escritorio\Semestre\Inteligecia de Negocio\Proyecto Fase 2\BIProyecto\proyectobi(FINAL)\Job_dim_fact.kjb  C:\proyectobi\ETLfact_Registro_Siniestro.ktr]  Procesamiento finalizado (I=0, O=0, R=1000, W=1000, U=0, E=0)
2024-07-25 10:29:38.070 INFO  <Transformacion Fact_Registro_Siniestro - Formula> [C:\Users\niebl\OneDrive\Escritorio\Semestre\Inteligecia de Negocio\Proyecto Fase 2\BIProyecto\proyectobi(FINAL)\Job_dim_fact.kjb  C:\proyectobi\ETLfact_Registro_Siniestro.ktr]  Procesamiento finalizado (I=0, O=0, R=1000, W=1000, U=0, E=0)
2024-07-25 10:29:38.254 INFO  <Transformacion Fact_Registro_Siniestro - Salida Tabla Fact_Registro_Siniestro> [C:\Users\niebl\OneDrive\Escritorio\Semestre\Inteligecia de Negocio\Proyecto Fase 2\BIProyecto\proyectobi(FINAL)\Job_dim_fact.kjb  C:\proyectobi\ETLfact_Registro_Siniestro.ktr]  Procesamiento finalizado (I=0, O=1000, R=1000, W=1000, U=0, E=0)
2024-07-25 10:29:38.257 INFO  <Thread-574> [C:\Users\niebl\OneDrive\Escritorio\Semestre\Inteligecia de Negocio\Proyecto Fase 2\BIProyecto\proyectobi(FINAL)\Job_dim_fact.kjb]  Starting entry [ETL fact_eval_servicio]
2024-07-25 10:29:38.282 INFO  <Thread-574> [C:\Users\niebl\OneDrive\Escritorio\Semestre\Inteligecia de Negocio\Proyecto Fase 2\BIProyecto\proyectobi(FINAL)\Job_dim_fact.kjb]  Using run configuration [Pentaho local]
2024-07-25 10:29:38.283 INFO  <Thread-574> [C:\Users\niebl\OneDrive\Escritorio\Semestre\Inteligecia de Negocio\Proyecto Fase 2\BIProyecto\proyectobi(FINAL)\Job_dim_fact.kjb  C:\proyectobi\ETLfact_Evaluacion_Servicio.ktr]  Iniciado despacho de la transformaci?n [Transformacion Fact_Evaluacion_Servicio]
2024-07-25 10:29:38.438 INFO  <init of Salida Tabla.0 (Thread-866)> [C:\Users\niebl\OneDrive\Escritorio\Semestre\Inteligecia de Negocio\Proyecto Fase 2\BIProyecto\proyectobi(FINAL)\Job_dim_fact.kjb  C:\proyectobi\ETLfact_Evaluacion_Servicio.ktr]  Connected to database [Postgres] (commit=1000)
2024-07-25 10:29:38.451 INFO  <Transformacion Fact_Evaluacion_Servicio - Entrada Tabla dim producto> [C:\Users\niebl\OneDrive\Escritorio\Semestre\Inteligecia de Negocio\Proyecto Fase 2\BIProyecto\proyectobi(FINAL)\Job_dim_fact.kjb  C:\proyectobi\ETLfact_Evaluacion_Servicio.ktr]  Finished reading query, closing connection
2024-07-25 10:29:38.452 INFO  <Transformacion Fact_Evaluacion_Servicio - Entrada Tabla dim producto> [C:\Users\niebl\OneDrive\Escritorio\Semestre\Inteligecia de Negocio\Proyecto Fase 2\BIProyecto\proyectobi(FINAL)\Job_dim_fact.kjb  C:\proyectobi\ETLfact_Evaluacion_Servicio.ktr]  Procesamiento finalizado (I=30, O=0, R=0, W=30, U=0, E=0)
2024-07-25 10:29:38.453 INFO  <Transformacion Fact_Evaluacion_Servicio - Entrada Tabla dim evaluacion servicio> [C:\Users\niebl\OneDrive\Escritorio\Semestre\Inteligecia de Negocio\Proyecto Fase 2\BIProyecto\proyectobi(FINAL)\Job_dim_fact.kjb  C:\proyectobi\ETLfact_Evaluacion_Servicio.ktr]  Finished reading query, closing connection
2024-07-25 10:29:38.453 INFO  <Transformacion Fact_Evaluacion_Servicio - Entrada Tabla dim cliente> [C:\Users\niebl\OneDrive\Escritorio\Semestre\Inteligecia de Negocio\Proyecto Fase 2\BIProyecto\proyectobi(FINAL)\Job_dim_fact.kjb  C:\proyectobi\ETLfact_Evaluacion_Servicio.ktr]  Finished reading query, closing connection
2024-07-25 10:29:38.454 INFO  <Transformacion Fact_Evaluacion_Servicio - Entrada Tabla dim evaluacion servicio> [C:\Users\niebl\OneDrive\Escritorio\Semestre\Inteligecia de Negocio\Proyecto Fase 2\BIProyecto\proyectobi(FINAL)\Job_dim_fact.kjb  C:\proyectobi\ETLfact_Evaluacion_Servicio.ktr]  Procesamiento finalizado (I=6, O=0, R=0, W=6, U=0, E=0)
2024-07-25 10:29:38.456 INFO  <Transformacion Fact_Evaluacion_Servicio - Ordenar filas 2 evaluacion servicio> [C:\Users\niebl\OneDrive\Escritorio\Semestre\Inteligecia de Negocio\Proyecto Fase 2\BIProyecto\proyectobi(FINAL)\Job_dim_fact.kjb  C:\proyectobi\ETLfact_Evaluacion_Servicio.ktr]  Procesamiento finalizado (I=0, O=0, R=6, W=6, U=0, E=0)
2024-07-25 10:29:38.456 INFO  <Transformacion Fact_Evaluacion_Servicio - Ordenar filas cod_producto> [C:\Users\niebl\OneDrive\Escritorio\Semestre\Inteligecia de Negocio\Proyecto Fase 2\BIProyecto\proyectobi(FINAL)\Job_dim_fact.kjb  C:\proyectobi\ETLfact_Evaluacion_Servicio.ktr]  Procesamiento finalizado (I=0, O=0, R=30, W=30, U=0, E=0)
2024-07-25 10:29:38.457 INFO  <Transformacion Fact_Evaluacion_Servicio - Entrada Tabla dim cliente> [C:\Users\niebl\OneDrive\Escritorio\Semestre\Inteligecia de Negocio\Proyecto Fase 2\BIProyecto\proyectobi(FINAL)\Job_dim_fact.kjb  C:\proyectobi\ETLfact_Evaluacion_Servicio.ktr]  Procesamiento finalizado (I=300, O=0, R=0, W=300, U=0, E=0)
2024-07-25 10:29:38.458 INFO  <Transformacion Fact_Evaluacion_Servicio - Ordenar filas cod_cliente> [C:\Users\niebl\OneDrive\Escritorio\Semestre\Inteligecia de Negocio\Proyecto Fase 2\BIProyecto\proyectobi(FINAL)\Job_dim_fact.kjb  C:\proyectobi\ETLfact_Evaluacion_Servicio.ktr]  Procesamiento finalizado (I=0, O=0, R=300, W=300, U=0, E=0)
2024-07-25 10:29:38.459 INFO  <Transformacion Fact_Evaluacion_Servicio - Entrada Tabla recomienda> [C:\Users\niebl\OneDrive\Escritorio\Semestre\Inteligecia de Negocio\Proyecto Fase 2\BIProyecto\proyectobi(FINAL)\Job_dim_fact.kjb  C:\proyectobi\ETLfact_Evaluacion_Servicio.ktr]  Finished reading query, closing connection
2024-07-25 10:29:38.460 INFO  <Transformacion Fact_Evaluacion_Servicio - Entrada Tabla recomienda> [C:\Users\niebl\OneDrive\Escritorio\Semestre\Inteligecia de Negocio\Proyecto Fase 2\BIProyecto\proyectobi(FINAL)\Job_dim_fact.kjb  C:\proyectobi\ETLfact_Evaluacion_Servicio.ktr]  Procesamiento finalizado (I=500, O=0, R=0, W=500, U=0, E=0)
2024-07-25 10:29:38.465 INFO  <Transformacion Fact_Evaluacion_Servicio - Ordenar filas codigo producto> [C:\Users\niebl\OneDrive\Escritorio\Semestre\Inteligecia de Negocio\Proyecto Fase 2\BIProyecto\proyectobi(FINAL)\Job_dim_fact.kjb  C:\proyectobi\ETLfact_Evaluacion_Servicio.ktr]  Procesamiento finalizado (I=0, O=0, R=500, W=500, U=0, E=0)
2024-07-25 10:29:38.512 INFO  <Transformacion Fact_Evaluacion_Servicio - Entrada Tabla dim_tiempo> [C:\Users\niebl\OneDrive\Escritorio\Semestre\Inteligecia de Negocio\Proyecto Fase 2\BIProyecto\proyectobi(FINAL)\Job_dim_fact.kjb  C:\proyectobi\ETLfact_Evaluacion_Servicio.ktr]  Finished reading query, closing connection
2024-07-25 10:29:38.513 INFO  <Transformacion Fact_Evaluacion_Servicio - Entrada Tabla dim_tiempo> [C:\Users\niebl\OneDrive\Escritorio\Semestre\Inteligecia de Negocio\Proyecto Fase 2\BIProyecto\proyectobi(FINAL)\Job_dim_fact.kjb  C:\proyectobi\ETLfact_Evaluacion_Servicio.ktr]  Procesamiento finalizado (I=14976, O=0, R=0, W=14976, U=0, E=0)
2024-07-25 10:29:38.768 INFO  <Transformacion Fact_Evaluacion_Servicio - Unión por clave codigo pruducto> [C:\Users\niebl\OneDrive\Escritorio\Semestre\Inteligecia de Negocio\Proyecto Fase 2\BIProyecto\proyectobi(FINAL)\Job_dim_fact.kjb  C:\proyectobi\ETLfact_Evaluacion_Servicio.ktr]  Procesamiento finalizado (I=0, O=0, R=530, W=500, U=0, E=0)
2024-07-25 10:29:38.775 INFO  <Transformacion Fact_Evaluacion_Servicio - Ordenar filas codigo cliente> [C:\Users\niebl\OneDrive\Escritorio\Semestre\Inteligecia de Negocio\Proyecto Fase 2\BIProyecto\proyectobi(FINAL)\Job_dim_fact.kjb  C:\proyectobi\ETLfact_Evaluacion_Servicio.ktr]  Procesamiento finalizado (I=0, O=0, R=500, W=500, U=0, E=0)
2024-07-25 10:29:39.085 INFO  <Transformacion Fact_Evaluacion_Servicio - Unión por clave codigo cliente> [C:\Users\niebl\OneDrive\Escritorio\Semestre\Inteligecia de Negocio\Proyecto Fase 2\BIProyecto\proyectobi(FINAL)\Job_dim_fact.kjb  C:\proyectobi\ETLfact_Evaluacion_Servicio.ktr]  Procesamiento finalizado (I=0, O=0, R=800, W=500, U=0, E=0)
2024-07-25 10:29:39.099 INFO  <Transformacion Fact_Evaluacion_Servicio - Ordenar filas codigo evaluacion servicio> [C:\Users\niebl\OneDrive\Escritorio\Semestre\Inteligecia de Negocio\Proyecto Fase 2\BIProyecto\proyectobi(FINAL)\Job_dim_fact.kjb  C:\proyectobi\ETLfact_Evaluacion_Servicio.ktr]  Procesamiento finalizado (I=0, O=0, R=500, W=500, U=0, E=0)
2024-07-25 10:29:39.411 INFO  <Transformacion Fact_Evaluacion_Servicio - Unión por clave evaluacion servicio> [C:\Users\niebl\OneDrive\Escritorio\Semestre\Inteligecia de Negocio\Proyecto Fase 2\BIProyecto\proyectobi(FINAL)\Job_dim_fact.kjb  C:\proyectobi\ETLfact_Evaluacion_Servicio.ktr]  Procesamiento finalizado (I=0, O=0, R=506, W=500, U=0, E=0)
2024-07-25 10:29:39.430 INFO  <Transformacion Fact_Evaluacion_Servicio - Ordenar filas fecha_recomienda> [C:\Users\niebl\OneDrive\Escritorio\Semestre\Inteligecia de Negocio\Proyecto Fase 2\BIProyecto\proyectobi(FINAL)\Job_dim_fact.kjb  C:\proyectobi\ETLfact_Evaluacion_Servicio.ktr]  Procesamiento finalizado (I=0, O=0, R=500, W=500, U=0, E=0)
2024-07-25 10:29:39.436 INFO  <Transformacion Fact_Evaluacion_Servicio - Ordenar filas fecha completa> [C:\Users\niebl\OneDrive\Escritorio\Semestre\Inteligecia de Negocio\Proyecto Fase 2\BIProyecto\proyectobi(FINAL)\Job_dim_fact.kjb  C:\proyectobi\ETLfact_Evaluacion_Servicio.ktr]  Procesamiento finalizado (I=0, O=0, R=14976, W=14976, U=0, E=0)
2024-07-25 10:29:39.743 INFO  <Transformacion Fact_Evaluacion_Servicio - Unión por clave fecha> [C:\Users\niebl\OneDrive\Escritorio\Semestre\Inteligecia de Negocio\Proyecto Fase 2\BIProyecto\proyectobi(FINAL)\Job_dim_fact.kjb  C:\proyectobi\ETLfact_Evaluacion_Servicio.ktr]  Procesamiento finalizado (I=0, O=0, R=15476, W=500, U=0, E=0)
2024-07-25 10:29:39.747 INFO  <Transformacion Fact_Evaluacion_Servicio - Añadir secuencia cantidad> [C:\Users\niebl\OneDrive\Escritorio\Semestre\Inteligecia de Negocio\Proyecto Fase 2\BIProyecto\proyectobi(FINAL)\Job_dim_fact.kjb  C:\proyectobi\ETLfact_Evaluacion_Servicio.ktr]  Procesamiento finalizado (I=0, O=0, R=500, W=500, U=0, E=0)
2024-07-25 10:29:39.753 INFO  <Transformacion Fact_Evaluacion_Servicio - Formula> [C:\Users\niebl\OneDrive\Escritorio\Semestre\Inteligecia de Negocio\Proyecto Fase 2\BIProyecto\proyectobi(FINAL)\Job_dim_fact.kjb  C:\proyectobi\ETLfact_Evaluacion_Servicio.ktr]  Procesamiento finalizado (I=0, O=0, R=500, W=500, U=0, E=0)
2024-07-25 10:29:39.815 INFO  <Transformacion Fact_Evaluacion_Servicio - Salida Tabla> [C:\Users\niebl\OneDrive\Escritorio\Semestre\Inteligecia de Negocio\Proyecto Fase 2\BIProyecto\proyectobi(FINAL)\Job_dim_fact.kjb  C:\proyectobi\ETLfact_Evaluacion_Servicio.ktr]  Procesamiento finalizado (I=0, O=500, R=500, W=500, U=0, E=0)
2024-07-25 10:29:39.816 INFO  <Thread-574> [C:\Users\niebl\OneDrive\Escritorio\Semestre\Inteligecia de Negocio\Proyecto Fase 2\BIProyecto\proyectobi(FINAL)\Job_dim_fact.kjb]  Finished job entry [ETL fact_eval_servicio] (result=[true])
2024-07-25 10:29:39.817 INFO  <Thread-574> [C:\Users\niebl\OneDrive\Escritorio\Semestre\Inteligecia de Negocio\Proyecto Fase 2\BIProyecto\proyectobi(FINAL)\Job_dim_fact.kjb]  Finished job entry [ETL fact_reg_siniestro] (result=[true])
2024-07-25 10:29:39.817 INFO  <Thread-574> [C:\Users\niebl\OneDrive\Escritorio\Semestre\Inteligecia de Negocio\Proyecto Fase 2\BIProyecto\proyectobi(FINAL)\Job_dim_fact.kjb]  Finished job entry [ETL_fact_reg_contrato] (result=[true])
2024-07-25 10:29:39.817 INFO  <Thread-574> [C:\Users\niebl\OneDrive\Escritorio\Semestre\Inteligecia de Negocio\Proyecto Fase 2\BIProyecto\proyectobi(FINAL)\Job_dim_fact.kjb]  Finished job entry [ETL_fact_metas] (result=[true])
2024-07-25 10:29:39.817 INFO  <Thread-574> [C:\Users\niebl\OneDrive\Escritorio\Semestre\Inteligecia de Negocio\Proyecto Fase 2\BIProyecto\proyectobi(FINAL)\Job_dim_fact.kjb]  Finished job entry [ETL dim_siniestro] (result=[true])
2024-07-25 10:29:39.817 INFO  <Thread-574> [C:\Users\niebl\OneDrive\Escritorio\Semestre\Inteligecia de Negocio\Proyecto Fase 2\BIProyecto\proyectobi(FINAL)\Job_dim_fact.kjb]  Finished job entry [ETL dim_sucursal] (result=[true])
2024-07-25 10:29:39.818 INFO  <Thread-574> [C:\Users\niebl\OneDrive\Escritorio\Semestre\Inteligecia de Negocio\Proyecto Fase 2\BIProyecto\proyectobi(FINAL)\Job_dim_fact.kjb]  Finished job entry [ETL dim_estado_contrato] (result=[true])
2024-07-25 10:29:39.818 INFO  <Thread-574> [C:\Users\niebl\OneDrive\Escritorio\Semestre\Inteligecia de Negocio\Proyecto Fase 2\BIProyecto\proyectobi(FINAL)\Job_dim_fact.kjb]  Finished job entry [ELT dim_contrato] (result=[true])
2024-07-25 10:29:39.818 INFO  <Thread-574> [C:\Users\niebl\OneDrive\Escritorio\Semestre\Inteligecia de Negocio\Proyecto Fase 2\BIProyecto\proyectobi(FINAL)\Job_dim_fact.kjb]  Finished job entry [ETL dim_eval_servicio] (result=[true])
2024-07-25 10:29:39.818 INFO  <Thread-574> [C:\Users\niebl\OneDrive\Escritorio\Semestre\Inteligecia de Negocio\Proyecto Fase 2\BIProyecto\proyectobi(FINAL)\Job_dim_fact.kjb]  Finished job entry [ETL dim_cliente] (result=[true])
2024-07-25 10:29:39.818 INFO  <Thread-574> [C:\Users\niebl\OneDrive\Escritorio\Semestre\Inteligecia de Negocio\Proyecto Fase 2\BIProyecto\proyectobi(FINAL)\Job_dim_fact.kjb]  Finished job entry [ETL dim_producto] (result=[true])
2024-07-25 10:29:39.819 INFO  <Thread-574> [C:\Users\niebl\OneDrive\Escritorio\Semestre\Inteligecia de Negocio\Proyecto Fase 2\BIProyecto\proyectobi(FINAL)\Job_dim_fact.kjb]  Finished job entry [ETL dim_tiempo] (result=[true])
2024-07-25 10:29:39.819 INFO  <Thread-574> [C:\Users\niebl\OneDrive\Escritorio\Semestre\Inteligecia de Negocio\Proyecto Fase 2\BIProyecto\proyectobi(FINAL)\Job_dim_fact.kjb]  Finished job entry [Limpiar] (result=[true])
2024-07-25 10:29:39.819 WARN  <Thread-574> [C:\Users\niebl\OneDrive\Escritorio\Semestre\Inteligecia de Negocio\Proyecto Fase 2\BIProyecto\proyectobi(FINAL)\Job_dim_fact.kjb]  Job execution finished
2024-07-25 10:35:46.212 INFO  <Thread-888> [C:\proyectobi\Transformacion limpieza.ktr]  Iniciado despacho de la transformaci?n [Transformacion limpieza]
2024-07-25 10:35:49.195 INFO  <Transformacion limpieza - Ejecutar script SQL> [C:\proyectobi\Transformacion limpieza.ktr]  Terminado la lectura de la consulta, cerrando conexi?n.
2024-07-25 10:35:49.195 INFO  <Transformacion limpieza - Ejecutar script SQL> [C:\proyectobi\Transformacion limpieza.ktr]  Procesamiento finalizado (I=0, O=0, R=0, W=1, U=0, E=0)
2026-06-29 19:49:29.401 WARN  <Thread-16> [C:\Users\Tony\Desktop\Proyecto-Datos-BI\etl\Trabajo Carga Data Dimensional.kjb]  Start of job execution
2026-06-29 19:49:29.534 INFO  <Thread-16> [C:\Users\Tony\Desktop\Proyecto-Datos-BI\etl\Trabajo Carga Data Dimensional.kjb]  Starting entry [Transformation Sucursal]
2026-06-29 19:49:29.554 ERROR <Thread-16> [C:\Users\Tony\Desktop\Proyecto-Datos-BI\etl\Trabajo Carga Data Dimensional.kjb]  Unable to run job Trabajo Carga Data Dimensional. The Transformation Sucursal has an error. The transformation path C:/Users/niebl/OneDrive/Escritorio/Semestre/Inteligecia de Negocio/Proyecto Fase 2/BIProyecto/ETL/Transformacion Sucursal.ktr is invalid, and will not run successfully.
2026-06-29 19:49:29.554 ERROR <Thread-16> [C:\Users\Tony\Desktop\Proyecto-Datos-BI\etl\Trabajo Carga Data Dimensional.kjb]  org.pentaho.di.core.exception.KettleXMLException: 
The transformation path C:/Users/niebl/OneDrive/Escritorio/Semestre/Inteligecia de Negocio/Proyecto Fase 2/BIProyecto/ETL/Transformacion Sucursal.ktr is invalid, and will not run successfully.

	at org.pentaho.di.trans.TransMeta.<init>(TransMeta.java:2793)
	at org.pentaho.di.base.MetaFileLoaderImpl.getMetaForEntry(MetaFileLoaderImpl.java:165)
	at org.pentaho.di.job.entries.trans.JobEntryTrans.getTransMeta(JobEntryTrans.java:1289)
	at org.pentaho.di.job.entries.trans.JobEntryTrans.execute(JobEntryTrans.java:714)
	at org.pentaho.di.job.Job.execute(Job.java:707)
	at org.pentaho.di.job.Job.execute(Job.java:848)
	at org.pentaho.di.job.Job.execute(Job.java:517)
	at org.pentaho.di.job.Job.run(Job.java:395)

2026-06-29 19:49:29.554 INFO  <Thread-16> [C:\Users\Tony\Desktop\Proyecto-Datos-BI\etl\Trabajo Carga Data Dimensional.kjb]  Finished job entry [Transformation Sucursal] (result=[false])
2026-06-29 19:49:29.554 WARN  <Thread-16> [C:\Users\Tony\Desktop\Proyecto-Datos-BI\etl\Trabajo Carga Data Dimensional.kjb]  Job execution finished
