2026-07-02 01:45:35.964 WARN  <Thread-7> [/jobs/Job_dim_fact.kjb]  Start of job execution
2026-07-02 01:45:37.165 INFO  <Thread-7> [/jobs/Job_dim_fact.kjb]  Starting entry [ETL dim_producto]
2026-07-02 01:45:39.761 INFO  <Thread-7> [/jobs/Job_dim_fact.kjb]  Using run configuration [Pentaho local]
2026-07-02 01:45:39.929 INFO  <Thread-7> [/jobs/Job_dim_fact.kjb  /jobs/ETLdim_Producto.ktr]  Dispatching started for transformation [Transformacion ProductoLF]
2026-07-02 01:45:45.707 INFO  <init of Salida Tabla.0 (Thread-17)> [/jobs/Job_dim_fact.kjb  /jobs/ETLdim_Producto.ktr]  Connected to database [Docker] (commit=1000)
2026-07-02 01:45:46.075 INFO  <Transformacion ProductoLF - Entrada Tabla Tipo Producto> [/jobs/Job_dim_fact.kjb  /jobs/ETLdim_Producto.ktr]  Finished reading query, closing connection
2026-07-02 01:45:46.079 INFO  <Transformacion ProductoLF - Entrada Tabla Producto> [/jobs/Job_dim_fact.kjb  /jobs/ETLdim_Producto.ktr]  Finished reading query, closing connection
2026-07-02 01:45:46.089 INFO  <Transformacion ProductoLF - Entrada Tabla Tipo Producto> [/jobs/Job_dim_fact.kjb  /jobs/ETLdim_Producto.ktr]  Finished processing (I=4, O=0, R=0, W=4, U=0, E=0)
2026-07-02 01:45:46.089 INFO  <Transformacion ProductoLF - Entrada Tabla Producto> [/jobs/Job_dim_fact.kjb  /jobs/ETLdim_Producto.ktr]  Finished processing (I=30, O=0, R=0, W=30, U=0, E=0)
2026-07-02 01:45:46.111 INFO  <Transformacion ProductoLF - Ordenar filas> [/jobs/Job_dim_fact.kjb  /jobs/ETLdim_Producto.ktr]  Finished processing (I=0, O=0, R=4, W=4, U=0, E=0)
2026-07-02 01:45:46.118 INFO  <Transformacion ProductoLF - Ordenar filas 2> [/jobs/Job_dim_fact.kjb  /jobs/ETLdim_Producto.ktr]  Finished processing (I=0, O=0, R=30, W=30, U=0, E=0)
2026-07-02 01:45:46.421 INFO  <Transformacion ProductoLF - Unión por clave> [/jobs/Job_dim_fact.kjb  /jobs/ETLdim_Producto.ktr]  Finished processing (I=0, O=0, R=34, W=30, U=0, E=0)
2026-07-02 01:45:46.427 INFO  <Transformacion ProductoLF - Ordenar filas 3> [/jobs/Job_dim_fact.kjb  /jobs/ETLdim_Producto.ktr]  Finished processing (I=0, O=0, R=30, W=30, U=0, E=0)
2026-07-02 01:45:46.434 INFO  <Transformacion ProductoLF - Strings cut> [/jobs/Job_dim_fact.kjb  /jobs/ETLdim_Producto.ktr]  Finished processing (I=0, O=0, R=30, W=30, U=0, E=0)
2026-07-02 01:45:46.569 INFO  <Transformacion ProductoLF - Insert / update> [/jobs/Job_dim_fact.kjb  /jobs/ETLdim_Producto.ktr]  Finished processing (I=30, O=30, R=30, W=30, U=0, E=0)
2026-07-02 01:45:46.599 INFO  <Thread-7> [/jobs/Job_dim_fact.kjb]  Starting entry [ETL dim_cliente]
2026-07-02 01:45:46.790 INFO  <Thread-7> [/jobs/Job_dim_fact.kjb]  Using run configuration [Pentaho local]
2026-07-02 01:45:46.794 INFO  <Thread-7> [/jobs/Job_dim_fact.kjb  /jobs/ETLdim_Cliente.ktr]  Dispatching started for transformation [Transformacion ClienteLF]
2026-07-02 01:45:46.920 INFO  <init of Salida Tabla.0 (Thread-31)> [/jobs/Job_dim_fact.kjb  /jobs/ETLdim_Cliente.ktr]  Connected to database [Docker] (commit=1000)
2026-07-02 01:45:46.980 INFO  <Transformacion ClienteLF - Entrada Tabla> [/jobs/Job_dim_fact.kjb  /jobs/ETLdim_Cliente.ktr]  Finished reading query, closing connection
2026-07-02 01:45:46.983 INFO  <Transformacion ClienteLF - Entrada Tabla> [/jobs/Job_dim_fact.kjb  /jobs/ETLdim_Cliente.ktr]  Finished processing (I=300, O=0, R=0, W=300, U=0, E=0)
2026-07-02 01:45:46.998 INFO  <Transformacion ClienteLF - Add sequence Sk_dim_cliente> [/jobs/Job_dim_fact.kjb  /jobs/ETLdim_Cliente.ktr]  Finished processing (I=0, O=0, R=300, W=300, U=0, E=0)
2026-07-02 01:45:47.006 INFO  <Transformacion ClienteLF - Selecciona/Renombra valores> [/jobs/Job_dim_fact.kjb  /jobs/ETLdim_Cliente.ktr]  Finished processing (I=0, O=0, R=300, W=300, U=0, E=0)
2026-07-02 01:45:47.368 INFO  <Transformacion ClienteLF - SalidaActualizada> [/jobs/Job_dim_fact.kjb  /jobs/ETLdim_Cliente.ktr]  Finished processing (I=300, O=300, R=300, W=300, U=0, E=0)
2026-07-02 01:45:47.385 INFO  <Thread-7> [/jobs/Job_dim_fact.kjb]  Starting entry [ETL dim_eval_servicio]
2026-07-02 01:45:47.485 INFO  <Thread-7> [/jobs/Job_dim_fact.kjb]  Using run configuration [Pentaho local]
2026-07-02 01:45:47.488 INFO  <Thread-7> [/jobs/Job_dim_fact.kjb  /jobs/ETLdim_Evaluacion_Servicio.ktr]  Dispatching started for transformation [Transformacion Evaluacion ServicioLF]
2026-07-02 01:45:47.533 INFO  <Transformacion Evaluacion ServicioLF - Entrada Tabla Evaluacion_Servicio> [/jobs/Job_dim_fact.kjb  /jobs/ETLdim_Evaluacion_Servicio.ktr]  Finished reading query, closing connection
2026-07-02 01:45:47.538 INFO  <Transformacion Evaluacion ServicioLF - Entrada Tabla Evaluacion_Servicio> [/jobs/Job_dim_fact.kjb  /jobs/ETLdim_Evaluacion_Servicio.ktr]  Finished processing (I=6, O=0, R=0, W=6, U=0, E=0)
2026-07-02 01:45:47.538 INFO  <Transformacion Evaluacion ServicioLF - Add sequence sk_eval_serv> [/jobs/Job_dim_fact.kjb  /jobs/ETLdim_Evaluacion_Servicio.ktr]  Finished processing (I=0, O=0, R=6, W=6, U=0, E=0)
2026-07-02 01:45:47.571 INFO  <Transformacion Evaluacion ServicioLF - Insert / update> [/jobs/Job_dim_fact.kjb  /jobs/ETLdim_Evaluacion_Servicio.ktr]  Finished processing (I=6, O=6, R=6, W=6, U=0, E=0)
2026-07-02 01:45:47.578 INFO  <Thread-7> [/jobs/Job_dim_fact.kjb]  Starting entry [ELT dim_contrato]
2026-07-02 01:45:47.698 INFO  <Thread-7> [/jobs/Job_dim_fact.kjb]  Using run configuration [Pentaho local]
2026-07-02 01:45:47.701 INFO  <Thread-7> [/jobs/Job_dim_fact.kjb  /jobs/ETLdim_Contrato.ktr]  Dispatching started for transformation [Transformacion_ContratoLF]
2026-07-02 01:45:47.763 INFO  <Transformacion_ContratoLF - Entrada Tabla> [/jobs/Job_dim_fact.kjb  /jobs/ETLdim_Contrato.ktr]  Finished reading query, closing connection
2026-07-02 01:45:47.769 INFO  <Transformacion_ContratoLF - Entrada Tabla> [/jobs/Job_dim_fact.kjb  /jobs/ETLdim_Contrato.ktr]  Finished processing (I=1000, O=0, R=0, W=1000, U=0, E=0)
2026-07-02 01:45:47.779 INFO  <Transformacion_ContratoLF - Add sequence sk_dim_contrato> [/jobs/Job_dim_fact.kjb  /jobs/ETLdim_Contrato.ktr]  Finished processing (I=0, O=0, R=1000, W=1000, U=0, E=0)
2026-07-02 01:45:48.546 INFO  <Transformacion_ContratoLF - Insert / update> [/jobs/Job_dim_fact.kjb  /jobs/ETLdim_Contrato.ktr]  Finished processing (I=1000, O=1000, R=1000, W=1000, U=0, E=0)
2026-07-02 01:45:48.558 INFO  <Thread-7> [/jobs/Job_dim_fact.kjb]  Starting entry [ETL dim_estado_contrato]
2026-07-02 01:45:48.755 INFO  <Thread-7> [/jobs/Job_dim_fact.kjb]  Using run configuration [Pentaho local]
2026-07-02 01:45:48.758 INFO  <Thread-7> [/jobs/Job_dim_fact.kjb  /jobs/ETLdim_Estado_Contrato.ktr]  Dispatching started for transformation [Transformacion Estado ContratoLF]
2026-07-02 01:45:48.921 INFO  <Transformacion Estado ContratoLF - Entrada Tabla Estado Contrato> [/jobs/Job_dim_fact.kjb  /jobs/ETLdim_Estado_Contrato.ktr]  Finished reading query, closing connection
2026-07-02 01:45:48.929 INFO  <Transformacion Estado ContratoLF - Seleccionar Estado Contrato> [/jobs/Job_dim_fact.kjb  /jobs/ETLdim_Estado_Contrato.ktr]  Finished processing (I=0, O=0, R=1000, W=1000, U=0, E=0)
2026-07-02 01:45:49.022 INFO  <Transformacion Estado ContratoLF - Add sequence sk_dim_estado_contrato> [/jobs/Job_dim_fact.kjb  /jobs/ETLdim_Estado_Contrato.ktr]  Finished processing (I=0, O=0, R=3, W=3, U=0, E=0)
2026-07-02 01:45:49.018 INFO  <Transformacion Estado ContratoLF - Add sequence cod_estado> [/jobs/Job_dim_fact.kjb  /jobs/ETLdim_Estado_Contrato.ktr]  Finished processing (I=0, O=0, R=3, W=3, U=0, E=0)
2026-07-02 01:45:49.018 INFO  <Transformacion Estado ContratoLF - Agrupar> [/jobs/Job_dim_fact.kjb  /jobs/ETLdim_Estado_Contrato.ktr]  Finished processing (I=0, O=0, R=1000, W=3, U=0, E=0)
2026-07-02 01:45:48.952 INFO  <Transformacion Estado ContratoLF - Entrada Tabla Estado Contrato> [/jobs/Job_dim_fact.kjb  /jobs/ETLdim_Estado_Contrato.ktr]  Finished processing (I=1000, O=0, R=0, W=1000, U=0, E=0)
2026-07-02 01:45:49.154 INFO  <Transformacion Estado ContratoLF - Insert / update> [/jobs/Job_dim_fact.kjb  /jobs/ETLdim_Estado_Contrato.ktr]  Finished processing (I=3, O=3, R=3, W=3, U=0, E=0)
2026-07-02 01:45:49.162 INFO  <Thread-7> [/jobs/Job_dim_fact.kjb]  Starting entry [ETL dim_sucursal]
2026-07-02 01:45:49.357 INFO  <Thread-7> [/jobs/Job_dim_fact.kjb]  Using run configuration [Pentaho local]
2026-07-02 01:45:49.361 INFO  <Thread-7> [/jobs/Job_dim_fact.kjb  /jobs/ETLdim_Sucursal.ktr]  Dispatching started for transformation [Transformacion SucursalLF]
2026-07-02 01:45:49.433 INFO  <Transformacion SucursalLF - Entrada Tabla Pais> [/jobs/Job_dim_fact.kjb  /jobs/ETLdim_Sucursal.ktr]  Finished reading query, closing connection
2026-07-02 01:45:49.436 INFO  <Transformacion SucursalLF - Entrada Tabla Pais> [/jobs/Job_dim_fact.kjb  /jobs/ETLdim_Sucursal.ktr]  Finished processing (I=30, O=0, R=0, W=30, U=0, E=0)
2026-07-02 01:45:49.439 INFO  <Transformacion SucursalLF - Entrada Tabla Ciudad> [/jobs/Job_dim_fact.kjb  /jobs/ETLdim_Sucursal.ktr]  Finished reading query, closing connection
2026-07-02 01:45:49.448 INFO  <Transformacion SucursalLF - Entrada Tabla Sucursal> [/jobs/Job_dim_fact.kjb  /jobs/ETLdim_Sucursal.ktr]  Finished reading query, closing connection
2026-07-02 01:45:49.455 INFO  <Transformacion SucursalLF - Entrada Tabla Ciudad> [/jobs/Job_dim_fact.kjb  /jobs/ETLdim_Sucursal.ktr]  Finished processing (I=30, O=0, R=0, W=30, U=0, E=0)
2026-07-02 01:45:49.470 INFO  <Transformacion SucursalLF - Entrada Tabla Sucursal> [/jobs/Job_dim_fact.kjb  /jobs/ETLdim_Sucursal.ktr]  Finished processing (I=30, O=0, R=0, W=30, U=0, E=0)
2026-07-02 01:45:49.748 INFO  <Transformacion SucursalLF - Unión Sucursal-Pais> [/jobs/Job_dim_fact.kjb  /jobs/ETLdim_Sucursal.ktr]  Finished processing (I=0, O=0, R=60, W=30, U=0, E=0)
2026-07-02 01:45:50.049 INFO  <Transformacion SucursalLF - Unión Sucursal-Pais-Ciudad> [/jobs/Job_dim_fact.kjb  /jobs/ETLdim_Sucursal.ktr]  Finished processing (I=0, O=0, R=60, W=30, U=0, E=0)
2026-07-02 01:45:50.052 INFO  <Transformacion SucursalLF - Add sequence sk_dim_sucursal> [/jobs/Job_dim_fact.kjb  /jobs/ETLdim_Sucursal.ktr]  Finished processing (I=0, O=0, R=30, W=30, U=0, E=0)
2026-07-02 01:45:50.216 INFO  <Transformacion SucursalLF - Insert / update> [/jobs/Job_dim_fact.kjb  /jobs/ETLdim_Sucursal.ktr]  Finished processing (I=30, O=30, R=30, W=30, U=0, E=0)
2026-07-02 01:45:50.224 INFO  <Thread-7> [/jobs/Job_dim_fact.kjb]  Starting entry [ETL dim_siniestro]
2026-07-02 01:45:50.341 INFO  <Thread-7> [/jobs/Job_dim_fact.kjb]  Using run configuration [Pentaho local]
2026-07-02 01:45:50.344 INFO  <Thread-7> [/jobs/Job_dim_fact.kjb  /jobs/ETLdim_Siniestro.ktr]  Dispatching started for transformation [Transformacion siniestroLF]
2026-07-02 01:45:50.386 INFO  <Transformacion siniestroLF - Entrada Tabla Siniestro> [/jobs/Job_dim_fact.kjb  /jobs/ETLdim_Siniestro.ktr]  Finished reading query, closing connection
2026-07-02 01:45:50.396 INFO  <Transformacion siniestroLF - Add sequence sk_dim_siniestro> [/jobs/Job_dim_fact.kjb  /jobs/ETLdim_Siniestro.ktr]  Finished processing (I=0, O=0, R=20, W=20, U=0, E=0)
2026-07-02 01:45:50.397 INFO  <Transformacion siniestroLF - Entrada Tabla Siniestro> [/jobs/Job_dim_fact.kjb  /jobs/ETLdim_Siniestro.ktr]  Finished processing (I=20, O=0, R=0, W=20, U=0, E=0)
2026-07-02 01:45:50.503 INFO  <Transformacion siniestroLF - Insert / update> [/jobs/Job_dim_fact.kjb  /jobs/ETLdim_Siniestro.ktr]  Finished processing (I=20, O=20, R=20, W=20, U=0, E=0)
2026-07-02 01:45:50.509 INFO  <Thread-7> [/jobs/Job_dim_fact.kjb]  Starting entry [ETL_fact_metas]
2026-07-02 01:45:51.075 INFO  <Thread-7> [/jobs/Job_dim_fact.kjb]  Using run configuration [Pentaho local]
2026-07-02 01:45:51.082 INFO  <Thread-7> [/jobs/Job_dim_fact.kjb  /jobs/ETLfact_Metas.ktr]  Dispatching started for transformation [LFTransformation_fact_metas]
2026-07-02 01:45:51.614 INFO  <LFTransformation_fact_metas - extraer producto> [/jobs/Job_dim_fact.kjb  /jobs/ETLfact_Metas.ktr]  Finished reading query, closing connection
2026-07-02 01:45:51.619 INFO  <LFTransformation_fact_metas - extraer dim_tiempo2> [/jobs/Job_dim_fact.kjb  /jobs/ETLfact_Metas.ktr]  Finished reading query, closing connection
2026-07-02 01:45:51.619 INFO  <LFTransformation_fact_metas - Sort cod_prod> [/jobs/Job_dim_fact.kjb  /jobs/ETLfact_Metas.ktr]  Finished processing (I=0, O=0, R=30, W=30, U=0, E=0)
2026-07-02 01:45:51.630 INFO  <LFTransformation_fact_metas - extraer producto> [/jobs/Job_dim_fact.kjb  /jobs/ETLfact_Metas.ktr]  Finished processing (I=30, O=0, R=0, W=30, U=0, E=0)
2026-07-02 01:45:51.620 INFO  <LFTransformation_fact_metas - extraer dim_tiempo> [/jobs/Job_dim_fact.kjb  /jobs/ETLfact_Metas.ktr]  Finished reading query, closing connection
2026-07-02 01:46:00.178 INFO  <LFTransformation_fact_metas - Microsoft Excel metas> [/jobs/Job_dim_fact.kjb  /jobs/ETLfact_Metas.ktr]  Finished processing (I=390, O=0, R=0, W=390, U=0, E=0)
2026-07-02 01:46:00.187 INFO  <LFTransformation_fact_metas - Sort cod_prod 2> [/jobs/Job_dim_fact.kjb  /jobs/ETLfact_Metas.ktr]  Finished processing (I=0, O=0, R=390, W=390, U=0, E=0)
2026-07-02 01:46:00.497 INFO  <LFTransformation_fact_metas - Merge join> [/jobs/Job_dim_fact.kjb  /jobs/ETLfact_Metas.ktr]  Finished processing (I=0, O=0, R=420, W=390, U=0, E=0)
2026-07-02 01:46:00.501 INFO  <LFTransformation_fact_metas - Quitar cod_prod y dejar SK> [/jobs/Job_dim_fact.kjb  /jobs/ETLfact_Metas.ktr]  Finished processing (I=0, O=0, R=390, W=390, U=0, E=0)
2026-07-02 01:46:00.511 INFO  <LFTransformation_fact_metas - Sort fecha_inicio> [/jobs/Job_dim_fact.kjb  /jobs/ETLfact_Metas.ktr]  Finished processing (I=0, O=0, R=390, W=390, U=0, E=0)
2026-07-02 01:46:00.662 INFO  <LFTransformation_fact_metas - Merge join 2> [/jobs/Job_dim_fact.kjb  /jobs/ETLfact_Metas.ktr]  Finished processing (I=0, O=0, R=390, W=0, U=0, E=0)
2026-07-02 01:46:00.998 INFO  <Thread-7> [/jobs/Job_dim_fact.kjb]  Starting entry [ETL_fact_reg_contrato]
2026-07-02 01:46:01.367 INFO  <Thread-7> [/jobs/Job_dim_fact.kjb]  Using run configuration [Pentaho local]
2026-07-02 01:46:01.371 INFO  <Thread-7> [/jobs/Job_dim_fact.kjb  /jobs/ETLfact_Registro_Contrato.ktr]  Dispatching started for transformation [Transformacion FACT_Registro_Contrato]
2026-07-02 01:46:01.485 INFO  <init of Salida Tabla.0 (Thread-142)> [/jobs/Job_dim_fact.kjb  /jobs/ETLfact_Registro_Contrato.ktr]  Connected to database [Docker] (commit=1000)
2026-07-02 01:46:01.552 INFO  <Transformacion FACT_Registro_Contrato - Ordenar filas cod_producto 2> [/jobs/Job_dim_fact.kjb  /jobs/ETLfact_Registro_Contrato.ktr]  Finished processing (I=0, O=0, R=30, W=30, U=0, E=0)
2026-07-02 01:46:01.558 INFO  <Transformacion FACT_Registro_Contrato - Entrada Tabla Dim_Cliente> [/jobs/Job_dim_fact.kjb  /jobs/ETLfact_Registro_Contrato.ktr]  Finished reading query, closing connection
2026-07-02 01:46:01.562 INFO  <Transformacion FACT_Registro_Contrato - Entrada Tabla dim_producto> [/jobs/Job_dim_fact.kjb  /jobs/ETLfact_Registro_Contrato.ktr]  Finished reading query, closing connection
2026-07-02 01:46:01.582 INFO  <Transformacion FACT_Registro_Contrato - Ordenar filas cod_cliente 2> [/jobs/Job_dim_fact.kjb  /jobs/ETLfact_Registro_Contrato.ktr]  Finished processing (I=0, O=0, R=300, W=300, U=0, E=0)
2026-07-02 01:46:01.592 INFO  <Transformacion FACT_Registro_Contrato - Entrada Tabla dim_producto> [/jobs/Job_dim_fact.kjb  /jobs/ETLfact_Registro_Contrato.ktr]  Finished processing (I=30, O=0, R=0, W=30, U=0, E=0)
2026-07-02 01:46:01.604 INFO  <Transformacion FACT_Registro_Contrato - Entrada Tabla dim_contrato> [/jobs/Job_dim_fact.kjb  /jobs/ETLfact_Registro_Contrato.ktr]  Finished reading query, closing connection
2026-07-02 01:46:01.611 INFO  <Transformacion FACT_Registro_Contrato - Ordenar filas nro_contrato 2> [/jobs/Job_dim_fact.kjb  /jobs/ETLfact_Registro_Contrato.ktr]  Finished processing (I=0, O=0, R=1000, W=1000, U=0, E=0)
2026-07-02 01:46:01.608 INFO  <Transformacion FACT_Registro_Contrato - Entrada Tabla dim_estado_contrato> [/jobs/Job_dim_fact.kjb  /jobs/ETLfact_Registro_Contrato.ktr]  Finished reading query, closing connection
2026-07-02 01:46:01.613 INFO  <Transformacion FACT_Registro_Contrato - Entrada Tabla Registro Contrato> [/jobs/Job_dim_fact.kjb  /jobs/ETLfact_Registro_Contrato.ktr]  Finished reading query, closing connection
2026-07-02 01:46:01.613 INFO  <Transformacion FACT_Registro_Contrato - Ordenar filas descrip_estado> [/jobs/Job_dim_fact.kjb  /jobs/ETLfact_Registro_Contrato.ktr]  Finished processing (I=0, O=0, R=3, W=3, U=0, E=0)
2026-07-02 01:46:01.604 INFO  <Transformacion FACT_Registro_Contrato - Entrada Tabla Dim_Cliente> [/jobs/Job_dim_fact.kjb  /jobs/ETLfact_Registro_Contrato.ktr]  Finished processing (I=300, O=0, R=0, W=300, U=0, E=0)
2026-07-02 01:46:01.640 INFO  <Transformacion FACT_Registro_Contrato - Ordenar filas cod_cliente> [/jobs/Job_dim_fact.kjb  /jobs/ETLfact_Registro_Contrato.ktr]  Finished processing (I=0, O=0, R=1000, W=1000, U=0, E=0)
2026-07-02 01:46:01.629 INFO  <Transformacion FACT_Registro_Contrato - Entrada Tabla dim_contrato> [/jobs/Job_dim_fact.kjb  /jobs/ETLfact_Registro_Contrato.ktr]  Finished processing (I=1000, O=0, R=0, W=1000, U=0, E=0)
2026-07-02 01:46:01.629 INFO  <Transformacion FACT_Registro_Contrato - Entrada Tabla dim_tiempo> [/jobs/Job_dim_fact.kjb  /jobs/ETLfact_Registro_Contrato.ktr]  Finished reading query, closing connection
2026-07-02 01:46:01.643 INFO  <Transformacion FACT_Registro_Contrato - Entrada Tabla Registro Contrato> [/jobs/Job_dim_fact.kjb  /jobs/ETLfact_Registro_Contrato.ktr]  Finished processing (I=1000, O=0, R=0, W=1000, U=0, E=0)
2026-07-02 01:46:01.645 INFO  <Transformacion FACT_Registro_Contrato - Entrada Tabla dim_estado_contrato> [/jobs/Job_dim_fact.kjb  /jobs/ETLfact_Registro_Contrato.ktr]  Finished processing (I=3, O=0, R=0, W=3, U=0, E=0)
2026-07-02 01:46:01.944 INFO  <Transformacion FACT_Registro_Contrato - Unión por clave> [/jobs/Job_dim_fact.kjb  /jobs/ETLfact_Registro_Contrato.ktr]  Finished processing (I=0, O=0, R=1300, W=0, U=0, E=0)
2026-07-02 01:46:02.298 INFO  <Transformacion FACT_Registro_Contrato - Unión por clave cod_producto> [/jobs/Job_dim_fact.kjb  /jobs/ETLfact_Registro_Contrato.ktr]  Finished processing (I=0, O=0, R=30, W=0, U=0, E=0)
2026-07-02 01:46:02.607 INFO  <Transformacion FACT_Registro_Contrato - Unión por clave nro_contrato> [/jobs/Job_dim_fact.kjb  /jobs/ETLfact_Registro_Contrato.ktr]  Finished processing (I=0, O=0, R=1000, W=0, U=0, E=0)
2026-07-02 01:46:02.919 INFO  <Transformacion FACT_Registro_Contrato - Unión por clave estado_contrato> [/jobs/Job_dim_fact.kjb  /jobs/ETLfact_Registro_Contrato.ktr]  Finished processing (I=0, O=0, R=3, W=0, U=0, E=0)
2026-07-02 01:46:03.554 INFO  <Thread-7> [/jobs/Job_dim_fact.kjb]  Starting entry [ETL fact_reg_siniestro]
2026-07-02 01:46:03.995 INFO  <Thread-7> [/jobs/Job_dim_fact.kjb]  Using run configuration [Pentaho local]
2026-07-02 01:46:03.999 INFO  <Thread-7> [/jobs/Job_dim_fact.kjb  /jobs/ETLfact_Registro_Siniestro.ktr]  Dispatching started for transformation [Transformacion Fact_Registro_Siniestro]
2026-07-02 01:46:04.194 INFO  <Transformacion Fact_Registro_Siniestro - Entrada Tabla cliente> [/jobs/Job_dim_fact.kjb  /jobs/ETLfact_Registro_Siniestro.ktr]  Finished reading query, closing connection
2026-07-02 01:46:04.208 INFO  <Transformacion Fact_Registro_Siniestro - Entrada Tabla dim_cliente> [/jobs/Job_dim_fact.kjb  /jobs/ETLfact_Registro_Siniestro.ktr]  Finished reading query, closing connection
2026-07-02 01:46:04.208 INFO  <Transformacion Fact_Registro_Siniestro - Ordenar filas nro_siniestro> [/jobs/Job_dim_fact.kjb  /jobs/ETLfact_Registro_Siniestro.ktr]  Finished processing (I=0, O=0, R=20, W=20, U=0, E=0)
2026-07-02 01:46:04.204 INFO  <Transformacion Fact_Registro_Siniestro - Ordenar filas sucursal 2> [/jobs/Job_dim_fact.kjb  /jobs/ETLfact_Registro_Siniestro.ktr]  Finished processing (I=0, O=0, R=30, W=30, U=0, E=0)
2026-07-02 01:46:04.203 INFO  <Transformacion Fact_Registro_Siniestro - Entrada Tabla dim_siniestro> [/jobs/Job_dim_fact.kjb  /jobs/ETLfact_Registro_Siniestro.ktr]  Finished reading query, closing connection
2026-07-02 01:46:04.246 INFO  <Transformacion Fact_Registro_Siniestro - Entrada Tabla Fact_Registro_Siniestro> [/jobs/Job_dim_fact.kjb  /jobs/ETLfact_Registro_Siniestro.ktr]  Finished reading query, closing connection
2026-07-02 01:46:04.197 INFO  <Transformacion Fact_Registro_Siniestro - Ordenar filas codigo cliente> [/jobs/Job_dim_fact.kjb  /jobs/ETLfact_Registro_Siniestro.ktr]  Finished processing (I=0, O=0, R=300, W=300, U=0, E=0)
2026-07-02 01:46:04.200 INFO  <Transformacion Fact_Registro_Siniestro - Entrada Tabla dim_contrato> [/jobs/Job_dim_fact.kjb  /jobs/ETLfact_Registro_Siniestro.ktr]  Finished reading query, closing connection
2026-07-02 01:46:04.200 INFO  <Transformacion Fact_Registro_Siniestro - Entrada Tabla dim sucursal> [/jobs/Job_dim_fact.kjb  /jobs/ETLfact_Registro_Siniestro.ktr]  Finished reading query, closing connection
2026-07-02 01:46:04.232 INFO  <Transformacion Fact_Registro_Siniestro - Entrada Tabla cliente> [/jobs/Job_dim_fact.kjb  /jobs/ETLfact_Registro_Siniestro.ktr]  Finished processing (I=300, O=0, R=0, W=300, U=0, E=0)
2026-07-02 01:46:04.217 INFO  <Transformacion Fact_Registro_Siniestro - Ordenar filas nro_contrato> [/jobs/Job_dim_fact.kjb  /jobs/ETLfact_Registro_Siniestro.ktr]  Finished processing (I=0, O=0, R=1000, W=1000, U=0, E=0)
2026-07-02 01:46:04.313 INFO  <Transformacion Fact_Registro_Siniestro - Entrada Tabla dim sucursal> [/jobs/Job_dim_fact.kjb  /jobs/ETLfact_Registro_Siniestro.ktr]  Finished processing (I=30, O=0, R=0, W=30, U=0, E=0)
2026-07-02 01:46:04.210 INFO  <Transformacion Fact_Registro_Siniestro - Ordenar filas codigo cliente 2> [/jobs/Job_dim_fact.kjb  /jobs/ETLfact_Registro_Siniestro.ktr]  Finished processing (I=0, O=0, R=300, W=300, U=0, E=0)
2026-07-02 01:46:04.308 INFO  <Transformacion Fact_Registro_Siniestro - Ordenar filas producto 2> [/jobs/Job_dim_fact.kjb  /jobs/ETLfact_Registro_Siniestro.ktr]  Finished processing (I=0, O=0, R=30, W=30, U=0, E=0)
2026-07-02 01:46:04.297 INFO  <Transformacion Fact_Registro_Siniestro - Entrada Tabla Registro Contrato> [/jobs/Job_dim_fact.kjb  /jobs/ETLfact_Registro_Siniestro.ktr]  Finished reading query, closing connection
2026-07-02 01:46:04.295 INFO  <Transformacion Fact_Registro_Siniestro - Entrada Tabla fechas> [/jobs/Job_dim_fact.kjb  /jobs/ETLfact_Registro_Siniestro.ktr]  Finished reading query, closing connection
2026-07-02 01:46:04.281 INFO  <Transformacion Fact_Registro_Siniestro - Ordenar filas siniestro> [/jobs/Job_dim_fact.kjb  /jobs/ETLfact_Registro_Siniestro.ktr]  Finished processing (I=0, O=0, R=1000, W=1000, U=0, E=0)
2026-07-02 01:46:04.260 INFO  <Transformacion Fact_Registro_Siniestro - Entrada Tabla dim_siniestro> [/jobs/Job_dim_fact.kjb  /jobs/ETLfact_Registro_Siniestro.ktr]  Finished processing (I=20, O=0, R=0, W=20, U=0, E=0)
2026-07-02 01:46:04.261 INFO  <Transformacion Fact_Registro_Siniestro - Entrada Tabla dim_cliente> [/jobs/Job_dim_fact.kjb  /jobs/ETLfact_Registro_Siniestro.ktr]  Finished processing (I=300, O=0, R=0, W=300, U=0, E=0)
2026-07-02 01:46:04.261 INFO  <Transformacion Fact_Registro_Siniestro - Entrada Tabla Fact_Registro_Siniestro> [/jobs/Job_dim_fact.kjb  /jobs/ETLfact_Registro_Siniestro.ktr]  Finished processing (I=1000, O=0, R=0, W=1000, U=0, E=0)
2026-07-02 01:46:04.294 INFO  <Transformacion Fact_Registro_Siniestro - Entrada Tabla dim_producto> [/jobs/Job_dim_fact.kjb  /jobs/ETLfact_Registro_Siniestro.ktr]  Finished reading query, closing connection
2026-07-02 01:46:04.295 INFO  <Transformacion Fact_Registro_Siniestro - Entrada Tabla dim_contrato> [/jobs/Job_dim_fact.kjb  /jobs/ETLfact_Registro_Siniestro.ktr]  Finished processing (I=1000, O=0, R=0, W=1000, U=0, E=0)
2026-07-02 01:46:04.305 INFO  <Transformacion Fact_Registro_Siniestro - Ordenar filas cliente> [/jobs/Job_dim_fact.kjb  /jobs/ETLfact_Registro_Siniestro.ktr]  Finished processing (I=0, O=0, R=1000, W=1000, U=0, E=0)
2026-07-02 01:46:04.327 INFO  <Transformacion Fact_Registro_Siniestro - Entrada Tabla Registro Contrato> [/jobs/Job_dim_fact.kjb  /jobs/ETLfact_Registro_Siniestro.ktr]  Finished processing (I=1000, O=0, R=0, W=1000, U=0, E=0)
2026-07-02 01:46:04.359 INFO  <Transformacion Fact_Registro_Siniestro - Entrada Tabla dim_producto> [/jobs/Job_dim_fact.kjb  /jobs/ETLfact_Registro_Siniestro.ktr]  Finished processing (I=30, O=0, R=0, W=30, U=0, E=0)
2026-07-02 01:46:04.541 INFO  <Transformacion Fact_Registro_Siniestro - Unión por clave codigo cliente> [/jobs/Job_dim_fact.kjb  /jobs/ETLfact_Registro_Siniestro.ktr]  Finished processing (I=0, O=0, R=600, W=0, U=0, E=0)
2026-07-02 01:46:04.585 INFO  <Transformacion Fact_Registro_Siniestro - Unión por clave sinistro> [/jobs/Job_dim_fact.kjb  /jobs/ETLfact_Registro_Siniestro.ktr]  Finished processing (I=0, O=0, R=1020, W=0, U=0, E=0)
2026-07-02 01:46:04.946 INFO  <Transformacion Fact_Registro_Siniestro - Unión por clave sucursal> [/jobs/Job_dim_fact.kjb  /jobs/ETLfact_Registro_Siniestro.ktr]  Finished processing (I=0, O=0, R=30, W=0, U=0, E=0)
2026-07-02 01:46:04.981 INFO  <Transformacion Fact_Registro_Siniestro - Unión por clave contrato> [/jobs/Job_dim_fact.kjb  /jobs/ETLfact_Registro_Siniestro.ktr]  Finished processing (I=0, O=0, R=1000, W=0, U=0, E=0)
2026-07-02 01:46:05.258 INFO  <Transformacion Fact_Registro_Siniestro - Unión por clave cliente> [/jobs/Job_dim_fact.kjb  /jobs/ETLfact_Registro_Siniestro.ktr]  Finished processing (I=0, O=0, R=1000, W=0, U=0, E=0)
2026-07-02 01:46:05.549 INFO  <Transformacion Fact_Registro_Siniestro - Unión por clave producto> [/jobs/Job_dim_fact.kjb  /jobs/ETLfact_Registro_Siniestro.ktr]  Finished processing (I=0, O=0, R=30, W=0, U=0, E=0)
2026-07-02 01:46:06.254 INFO  <Thread-7> [/jobs/Job_dim_fact.kjb]  Starting entry [ETL fact_eval_servicio]
2026-07-02 01:46:06.494 INFO  <Thread-7> [/jobs/Job_dim_fact.kjb]  Using run configuration [Pentaho local]
2026-07-02 01:46:06.498 INFO  <Thread-7> [/jobs/Job_dim_fact.kjb  /jobs/ETLfact_Evaluacion_Servicio.ktr]  Dispatching started for transformation [Transformacion Fact_Evaluacion_Servicio]
2026-07-02 01:46:06.593 INFO  <Transformacion Fact_Evaluacion_Servicio - Entrada Tabla dim producto> [/jobs/Job_dim_fact.kjb  /jobs/ETLfact_Evaluacion_Servicio.ktr]  Finished reading query, closing connection
2026-07-02 01:46:06.604 INFO  <Transformacion Fact_Evaluacion_Servicio - Entrada Tabla dim producto> [/jobs/Job_dim_fact.kjb  /jobs/ETLfact_Evaluacion_Servicio.ktr]  Finished processing (I=30, O=0, R=0, W=30, U=0, E=0)
2026-07-02 01:46:06.614 INFO  <Transformacion Fact_Evaluacion_Servicio - Ordenar filas 2 evaluacion servicio> [/jobs/Job_dim_fact.kjb  /jobs/ETLfact_Evaluacion_Servicio.ktr]  Finished processing (I=0, O=0, R=6, W=6, U=0, E=0)
2026-07-02 01:46:06.609 INFO  <Transformacion Fact_Evaluacion_Servicio - Ordenar filas cod_cliente> [/jobs/Job_dim_fact.kjb  /jobs/ETLfact_Evaluacion_Servicio.ktr]  Finished processing (I=0, O=0, R=300, W=300, U=0, E=0)
2026-07-02 01:46:06.609 INFO  <Transformacion Fact_Evaluacion_Servicio - Entrada Tabla dim evaluacion servicio> [/jobs/Job_dim_fact.kjb  /jobs/ETLfact_Evaluacion_Servicio.ktr]  Finished reading query, closing connection
2026-07-02 01:46:06.607 INFO  <Transformacion Fact_Evaluacion_Servicio - Ordenar filas cod_producto> [/jobs/Job_dim_fact.kjb  /jobs/ETLfact_Evaluacion_Servicio.ktr]  Finished processing (I=0, O=0, R=30, W=30, U=0, E=0)
2026-07-02 01:46:06.605 INFO  <Transformacion Fact_Evaluacion_Servicio - Entrada Tabla dim cliente> [/jobs/Job_dim_fact.kjb  /jobs/ETLfact_Evaluacion_Servicio.ktr]  Finished reading query, closing connection
2026-07-02 01:46:06.622 INFO  <Transformacion Fact_Evaluacion_Servicio - Entrada Tabla dim_tiempo> [/jobs/Job_dim_fact.kjb  /jobs/ETLfact_Evaluacion_Servicio.ktr]  Finished reading query, closing connection
2026-07-02 01:46:06.627 INFO  <Transformacion Fact_Evaluacion_Servicio - Entrada Tabla dim evaluacion servicio> [/jobs/Job_dim_fact.kjb  /jobs/ETLfact_Evaluacion_Servicio.ktr]  Finished processing (I=6, O=0, R=0, W=6, U=0, E=0)
2026-07-02 01:46:06.637 INFO  <Transformacion Fact_Evaluacion_Servicio - Entrada Tabla dim cliente> [/jobs/Job_dim_fact.kjb  /jobs/ETLfact_Evaluacion_Servicio.ktr]  Finished processing (I=300, O=0, R=0, W=300, U=0, E=0)
2026-07-02 01:46:06.636 INFO  <Transformacion Fact_Evaluacion_Servicio - Entrada Tabla recomienda> [/jobs/Job_dim_fact.kjb  /jobs/ETLfact_Evaluacion_Servicio.ktr]  Finished reading query, closing connection
2026-07-02 01:46:06.642 INFO  <Transformacion Fact_Evaluacion_Servicio - Ordenar filas codigo producto> [/jobs/Job_dim_fact.kjb  /jobs/ETLfact_Evaluacion_Servicio.ktr]  Finished processing (I=0, O=0, R=500, W=500, U=0, E=0)
2026-07-02 01:46:06.649 INFO  <Transformacion Fact_Evaluacion_Servicio - Entrada Tabla recomienda> [/jobs/Job_dim_fact.kjb  /jobs/ETLfact_Evaluacion_Servicio.ktr]  Finished processing (I=500, O=0, R=0, W=500, U=0, E=0)
2026-07-02 01:46:06.950 INFO  <Transformacion Fact_Evaluacion_Servicio - Unión por clave codigo pruducto> [/jobs/Job_dim_fact.kjb  /jobs/ETLfact_Evaluacion_Servicio.ktr]  Finished processing (I=0, O=0, R=530, W=500, U=0, E=0)
2026-07-02 01:46:06.955 INFO  <Transformacion Fact_Evaluacion_Servicio - Ordenar filas codigo cliente> [/jobs/Job_dim_fact.kjb  /jobs/ETLfact_Evaluacion_Servicio.ktr]  Finished processing (I=0, O=0, R=500, W=500, U=0, E=0)
2026-07-02 01:46:07.256 INFO  <Transformacion Fact_Evaluacion_Servicio - Unión por clave codigo cliente> [/jobs/Job_dim_fact.kjb  /jobs/ETLfact_Evaluacion_Servicio.ktr]  Finished processing (I=0, O=0, R=800, W=0, U=0, E=0)
2026-07-02 01:46:07.567 INFO  <Transformacion Fact_Evaluacion_Servicio - Unión por clave evaluacion servicio> [/jobs/Job_dim_fact.kjb  /jobs/ETLfact_Evaluacion_Servicio.ktr]  Finished processing (I=0, O=0, R=6, W=0, U=0, E=0)
2026-07-02 01:46:07.899 INFO  <Thread-7> [/jobs/Job_dim_fact.kjb]  Finished job entry [ETL fact_eval_servicio] (result=[true])
2026-07-02 01:46:07.911 INFO  <Thread-7> [/jobs/Job_dim_fact.kjb]  Finished job entry [ETL fact_reg_siniestro] (result=[true])
2026-07-02 01:46:07.914 INFO  <Thread-7> [/jobs/Job_dim_fact.kjb]  Finished job entry [ETL_fact_reg_contrato] (result=[true])
2026-07-02 01:46:07.919 INFO  <Thread-7> [/jobs/Job_dim_fact.kjb]  Finished job entry [ETL_fact_metas] (result=[true])
2026-07-02 01:46:07.921 INFO  <Thread-7> [/jobs/Job_dim_fact.kjb]  Finished job entry [ETL dim_siniestro] (result=[true])
2026-07-02 01:46:07.923 INFO  <Thread-7> [/jobs/Job_dim_fact.kjb]  Finished job entry [ETL dim_sucursal] (result=[true])
2026-07-02 01:46:07.925 INFO  <Thread-7> [/jobs/Job_dim_fact.kjb]  Finished job entry [ETL dim_estado_contrato] (result=[true])
2026-07-02 01:46:07.928 INFO  <Thread-7> [/jobs/Job_dim_fact.kjb]  Finished job entry [ELT dim_contrato] (result=[true])
2026-07-02 01:46:07.930 INFO  <Thread-7> [/jobs/Job_dim_fact.kjb]  Finished job entry [ETL dim_eval_servicio] (result=[true])
2026-07-02 01:46:07.932 INFO  <Thread-7> [/jobs/Job_dim_fact.kjb]  Finished job entry [ETL dim_cliente] (result=[true])
2026-07-02 01:46:07.936 INFO  <Thread-7> [/jobs/Job_dim_fact.kjb]  Finished job entry [ETL dim_producto] (result=[true])
2026-07-02 01:46:07.940 WARN  <Thread-7> [/jobs/Job_dim_fact.kjb]  Job execution finished
2026-07-02 01:52:18.438 WARN  <Thread-7> [/jobs/Job_dim_fact.kjb]  Start of job execution
2026-07-02 01:52:19.105 INFO  <Thread-7> [/jobs/Job_dim_fact.kjb]  Starting entry [ETL dim_producto]
2026-07-02 01:52:20.983 INFO  <Thread-7> [/jobs/Job_dim_fact.kjb]  Using run configuration [Pentaho local]
2026-07-02 01:52:21.045 INFO  <Thread-7> [/jobs/Job_dim_fact.kjb  /jobs/ETLdim_Producto.ktr]  Dispatching started for transformation [Transformacion ProductoLF]
2026-07-02 01:52:23.845 INFO  <init of Salida Tabla.0 (Thread-17)> [/jobs/Job_dim_fact.kjb  /jobs/ETLdim_Producto.ktr]  Connected to database [Docker] (commit=1000)
2026-07-02 01:52:24.102 INFO  <Transformacion ProductoLF - Entrada Tabla Tipo Producto> [/jobs/Job_dim_fact.kjb  /jobs/ETLdim_Producto.ktr]  Finished reading query, closing connection
2026-07-02 01:52:24.105 INFO  <Transformacion ProductoLF - Entrada Tabla Producto> [/jobs/Job_dim_fact.kjb  /jobs/ETLdim_Producto.ktr]  Finished reading query, closing connection
2026-07-02 01:52:24.117 INFO  <Transformacion ProductoLF - Entrada Tabla Tipo Producto> [/jobs/Job_dim_fact.kjb  /jobs/ETLdim_Producto.ktr]  Finished processing (I=4, O=0, R=0, W=4, U=0, E=0)
2026-07-02 01:52:24.117 INFO  <Transformacion ProductoLF - Entrada Tabla Producto> [/jobs/Job_dim_fact.kjb  /jobs/ETLdim_Producto.ktr]  Finished processing (I=30, O=0, R=0, W=30, U=0, E=0)
2026-07-02 01:52:24.137 INFO  <Transformacion ProductoLF - Ordenar filas> [/jobs/Job_dim_fact.kjb  /jobs/ETLdim_Producto.ktr]  Finished processing (I=0, O=0, R=4, W=4, U=0, E=0)
2026-07-02 01:52:24.143 INFO  <Transformacion ProductoLF - Ordenar filas 2> [/jobs/Job_dim_fact.kjb  /jobs/ETLdim_Producto.ktr]  Finished processing (I=0, O=0, R=30, W=30, U=0, E=0)
2026-07-02 01:52:24.446 INFO  <Transformacion ProductoLF - Unión por clave> [/jobs/Job_dim_fact.kjb  /jobs/ETLdim_Producto.ktr]  Finished processing (I=0, O=0, R=34, W=30, U=0, E=0)
2026-07-02 01:52:24.455 INFO  <Transformacion ProductoLF - Ordenar filas 3> [/jobs/Job_dim_fact.kjb  /jobs/ETLdim_Producto.ktr]  Finished processing (I=0, O=0, R=30, W=30, U=0, E=0)
2026-07-02 01:52:24.461 INFO  <Transformacion ProductoLF - Strings cut> [/jobs/Job_dim_fact.kjb  /jobs/ETLdim_Producto.ktr]  Finished processing (I=0, O=0, R=30, W=30, U=0, E=0)
2026-07-02 01:52:24.590 INFO  <Transformacion ProductoLF - Insert / update> [/jobs/Job_dim_fact.kjb  /jobs/ETLdim_Producto.ktr]  Finished processing (I=30, O=30, R=30, W=30, U=0, E=0)
2026-07-02 01:52:24.619 INFO  <Thread-7> [/jobs/Job_dim_fact.kjb]  Starting entry [ETL dim_cliente]
2026-07-02 01:52:24.755 INFO  <Thread-7> [/jobs/Job_dim_fact.kjb]  Using run configuration [Pentaho local]
2026-07-02 01:52:24.759 INFO  <Thread-7> [/jobs/Job_dim_fact.kjb  /jobs/ETLdim_Cliente.ktr]  Dispatching started for transformation [Transformacion ClienteLF]
2026-07-02 01:52:24.891 INFO  <init of Salida Tabla.0 (Thread-31)> [/jobs/Job_dim_fact.kjb  /jobs/ETLdim_Cliente.ktr]  Connected to database [Docker] (commit=1000)
2026-07-02 01:52:24.954 INFO  <Transformacion ClienteLF - Entrada Tabla> [/jobs/Job_dim_fact.kjb  /jobs/ETLdim_Cliente.ktr]  Finished reading query, closing connection
2026-07-02 01:52:24.963 INFO  <Transformacion ClienteLF - Entrada Tabla> [/jobs/Job_dim_fact.kjb  /jobs/ETLdim_Cliente.ktr]  Finished processing (I=300, O=0, R=0, W=300, U=0, E=0)
2026-07-02 01:52:24.974 INFO  <Transformacion ClienteLF - Add sequence Sk_dim_cliente> [/jobs/Job_dim_fact.kjb  /jobs/ETLdim_Cliente.ktr]  Finished processing (I=0, O=0, R=300, W=300, U=0, E=0)
2026-07-02 01:52:24.985 INFO  <Transformacion ClienteLF - Selecciona/Renombra valores> [/jobs/Job_dim_fact.kjb  /jobs/ETLdim_Cliente.ktr]  Finished processing (I=0, O=0, R=300, W=300, U=0, E=0)
2026-07-02 01:52:25.324 INFO  <Transformacion ClienteLF - SalidaActualizada> [/jobs/Job_dim_fact.kjb  /jobs/ETLdim_Cliente.ktr]  Finished processing (I=300, O=300, R=300, W=300, U=0, E=0)
2026-07-02 01:52:25.341 INFO  <Thread-7> [/jobs/Job_dim_fact.kjb]  Starting entry [ETL dim_eval_servicio]
2026-07-02 01:52:25.428 INFO  <Thread-7> [/jobs/Job_dim_fact.kjb]  Using run configuration [Pentaho local]
2026-07-02 01:52:25.433 INFO  <Thread-7> [/jobs/Job_dim_fact.kjb  /jobs/ETLdim_Evaluacion_Servicio.ktr]  Dispatching started for transformation [Transformacion Evaluacion ServicioLF]
2026-07-02 01:52:25.478 INFO  <Transformacion Evaluacion ServicioLF - Entrada Tabla Evaluacion_Servicio> [/jobs/Job_dim_fact.kjb  /jobs/ETLdim_Evaluacion_Servicio.ktr]  Finished reading query, closing connection
2026-07-02 01:52:25.482 INFO  <Transformacion Evaluacion ServicioLF - Add sequence sk_eval_serv> [/jobs/Job_dim_fact.kjb  /jobs/ETLdim_Evaluacion_Servicio.ktr]  Finished processing (I=0, O=0, R=6, W=6, U=0, E=0)
2026-07-02 01:52:25.483 INFO  <Transformacion Evaluacion ServicioLF - Entrada Tabla Evaluacion_Servicio> [/jobs/Job_dim_fact.kjb  /jobs/ETLdim_Evaluacion_Servicio.ktr]  Finished processing (I=6, O=0, R=0, W=6, U=0, E=0)
2026-07-02 01:52:25.520 INFO  <Transformacion Evaluacion ServicioLF - Insert / update> [/jobs/Job_dim_fact.kjb  /jobs/ETLdim_Evaluacion_Servicio.ktr]  Finished processing (I=6, O=6, R=6, W=6, U=0, E=0)
2026-07-02 01:52:25.529 INFO  <Thread-7> [/jobs/Job_dim_fact.kjb]  Starting entry [ELT dim_contrato]
2026-07-02 01:52:25.624 INFO  <Thread-7> [/jobs/Job_dim_fact.kjb]  Using run configuration [Pentaho local]
2026-07-02 01:52:25.632 INFO  <Thread-7> [/jobs/Job_dim_fact.kjb  /jobs/ETLdim_Contrato.ktr]  Dispatching started for transformation [Transformacion_ContratoLF]
2026-07-02 01:52:25.694 INFO  <Transformacion_ContratoLF - Entrada Tabla> [/jobs/Job_dim_fact.kjb  /jobs/ETLdim_Contrato.ktr]  Finished reading query, closing connection
2026-07-02 01:52:25.699 INFO  <Transformacion_ContratoLF - Entrada Tabla> [/jobs/Job_dim_fact.kjb  /jobs/ETLdim_Contrato.ktr]  Finished processing (I=1000, O=0, R=0, W=1000, U=0, E=0)
2026-07-02 01:52:25.710 INFO  <Transformacion_ContratoLF - Add sequence sk_dim_contrato> [/jobs/Job_dim_fact.kjb  /jobs/ETLdim_Contrato.ktr]  Finished processing (I=0, O=0, R=1000, W=1000, U=0, E=0)
2026-07-02 01:52:26.407 INFO  <Transformacion_ContratoLF - Insert / update> [/jobs/Job_dim_fact.kjb  /jobs/ETLdim_Contrato.ktr]  Finished processing (I=1000, O=1000, R=1000, W=1000, U=0, E=0)
2026-07-02 01:52:26.417 INFO  <Thread-7> [/jobs/Job_dim_fact.kjb]  Starting entry [ETL dim_estado_contrato]
2026-07-02 01:52:26.583 INFO  <Thread-7> [/jobs/Job_dim_fact.kjb]  Using run configuration [Pentaho local]
2026-07-02 01:52:26.586 INFO  <Thread-7> [/jobs/Job_dim_fact.kjb  /jobs/ETLdim_Estado_Contrato.ktr]  Dispatching started for transformation [Transformacion Estado ContratoLF]
2026-07-02 01:52:26.739 INFO  <Transformacion Estado ContratoLF - Entrada Tabla Estado Contrato> [/jobs/Job_dim_fact.kjb  /jobs/ETLdim_Estado_Contrato.ktr]  Finished reading query, closing connection
2026-07-02 01:52:26.743 INFO  <Transformacion Estado ContratoLF - Entrada Tabla Estado Contrato> [/jobs/Job_dim_fact.kjb  /jobs/ETLdim_Estado_Contrato.ktr]  Finished processing (I=1000, O=0, R=0, W=1000, U=0, E=0)
2026-07-02 01:52:26.747 INFO  <Transformacion Estado ContratoLF - Seleccionar Estado Contrato> [/jobs/Job_dim_fact.kjb  /jobs/ETLdim_Estado_Contrato.ktr]  Finished processing (I=0, O=0, R=1000, W=1000, U=0, E=0)
2026-07-02 01:52:26.753 INFO  <Transformacion Estado ContratoLF - Agrupar> [/jobs/Job_dim_fact.kjb  /jobs/ETLdim_Estado_Contrato.ktr]  Finished processing (I=0, O=0, R=1000, W=3, U=0, E=0)
2026-07-02 01:52:26.758 INFO  <Transformacion Estado ContratoLF - Add sequence cod_estado> [/jobs/Job_dim_fact.kjb  /jobs/ETLdim_Estado_Contrato.ktr]  Finished processing (I=0, O=0, R=3, W=3, U=0, E=0)
2026-07-02 01:52:26.760 INFO  <Transformacion Estado ContratoLF - Add sequence sk_dim_estado_contrato> [/jobs/Job_dim_fact.kjb  /jobs/ETLdim_Estado_Contrato.ktr]  Finished processing (I=0, O=0, R=3, W=3, U=0, E=0)
2026-07-02 01:52:26.801 INFO  <Transformacion Estado ContratoLF - Insert / update> [/jobs/Job_dim_fact.kjb  /jobs/ETLdim_Estado_Contrato.ktr]  Finished processing (I=3, O=3, R=3, W=3, U=0, E=0)
2026-07-02 01:52:26.811 INFO  <Thread-7> [/jobs/Job_dim_fact.kjb]  Starting entry [ETL dim_sucursal]
2026-07-02 01:52:26.967 INFO  <Thread-7> [/jobs/Job_dim_fact.kjb]  Using run configuration [Pentaho local]
2026-07-02 01:52:26.971 INFO  <Thread-7> [/jobs/Job_dim_fact.kjb  /jobs/ETLdim_Sucursal.ktr]  Dispatching started for transformation [Transformacion SucursalLF]
2026-07-02 01:52:27.025 INFO  <Transformacion SucursalLF - Entrada Tabla Pais> [/jobs/Job_dim_fact.kjb  /jobs/ETLdim_Sucursal.ktr]  Finished reading query, closing connection
2026-07-02 01:52:27.029 INFO  <Transformacion SucursalLF - Entrada Tabla Pais> [/jobs/Job_dim_fact.kjb  /jobs/ETLdim_Sucursal.ktr]  Finished processing (I=30, O=0, R=0, W=30, U=0, E=0)
2026-07-02 01:52:27.036 INFO  <Transformacion SucursalLF - Entrada Tabla Ciudad> [/jobs/Job_dim_fact.kjb  /jobs/ETLdim_Sucursal.ktr]  Finished reading query, closing connection
2026-07-02 01:52:27.040 INFO  <Transformacion SucursalLF - Entrada Tabla Sucursal> [/jobs/Job_dim_fact.kjb  /jobs/ETLdim_Sucursal.ktr]  Finished reading query, closing connection
2026-07-02 01:52:27.042 INFO  <Transformacion SucursalLF - Entrada Tabla Ciudad> [/jobs/Job_dim_fact.kjb  /jobs/ETLdim_Sucursal.ktr]  Finished processing (I=30, O=0, R=0, W=30, U=0, E=0)
2026-07-02 01:52:27.046 INFO  <Transformacion SucursalLF - Entrada Tabla Sucursal> [/jobs/Job_dim_fact.kjb  /jobs/ETLdim_Sucursal.ktr]  Finished processing (I=30, O=0, R=0, W=30, U=0, E=0)
2026-07-02 01:52:27.353 INFO  <Transformacion SucursalLF - Unión Sucursal-Pais> [/jobs/Job_dim_fact.kjb  /jobs/ETLdim_Sucursal.ktr]  Finished processing (I=0, O=0, R=60, W=30, U=0, E=0)
2026-07-02 01:52:27.654 INFO  <Transformacion SucursalLF - Unión Sucursal-Pais-Ciudad> [/jobs/Job_dim_fact.kjb  /jobs/ETLdim_Sucursal.ktr]  Finished processing (I=0, O=0, R=60, W=30, U=0, E=0)
2026-07-02 01:52:27.658 INFO  <Transformacion SucursalLF - Add sequence sk_dim_sucursal> [/jobs/Job_dim_fact.kjb  /jobs/ETLdim_Sucursal.ktr]  Finished processing (I=0, O=0, R=30, W=30, U=0, E=0)
2026-07-02 01:52:27.704 INFO  <Transformacion SucursalLF - Insert / update> [/jobs/Job_dim_fact.kjb  /jobs/ETLdim_Sucursal.ktr]  Finished processing (I=30, O=30, R=30, W=30, U=0, E=0)
2026-07-02 01:52:27.710 INFO  <Thread-7> [/jobs/Job_dim_fact.kjb]  Starting entry [ETL dim_siniestro]
2026-07-02 01:52:27.869 INFO  <Thread-7> [/jobs/Job_dim_fact.kjb]  Using run configuration [Pentaho local]
2026-07-02 01:52:27.872 INFO  <Thread-7> [/jobs/Job_dim_fact.kjb  /jobs/ETLdim_Siniestro.ktr]  Dispatching started for transformation [Transformacion siniestroLF]
2026-07-02 01:52:27.915 INFO  <Transformacion siniestroLF - Entrada Tabla Siniestro> [/jobs/Job_dim_fact.kjb  /jobs/ETLdim_Siniestro.ktr]  Finished reading query, closing connection
2026-07-02 01:52:27.918 INFO  <Transformacion siniestroLF - Add sequence sk_dim_siniestro> [/jobs/Job_dim_fact.kjb  /jobs/ETLdim_Siniestro.ktr]  Finished processing (I=0, O=0, R=20, W=20, U=0, E=0)
2026-07-02 01:52:27.920 INFO  <Transformacion siniestroLF - Entrada Tabla Siniestro> [/jobs/Job_dim_fact.kjb  /jobs/ETLdim_Siniestro.ktr]  Finished processing (I=20, O=0, R=0, W=20, U=0, E=0)
2026-07-02 01:52:27.965 INFO  <Transformacion siniestroLF - Insert / update> [/jobs/Job_dim_fact.kjb  /jobs/ETLdim_Siniestro.ktr]  Finished processing (I=20, O=20, R=20, W=20, U=0, E=0)
2026-07-02 01:52:27.970 INFO  <Thread-7> [/jobs/Job_dim_fact.kjb]  Starting entry [ETL_fact_metas]
2026-07-02 01:52:28.301 INFO  <Thread-7> [/jobs/Job_dim_fact.kjb]  Using run configuration [Pentaho local]
2026-07-02 01:52:28.304 INFO  <Thread-7> [/jobs/Job_dim_fact.kjb  /jobs/ETLfact_Metas.ktr]  Dispatching started for transformation [LFTransformation_fact_metas]
2026-07-02 01:52:28.603 INFO  <LFTransformation_fact_metas - extraer dim_tiempo> [/jobs/Job_dim_fact.kjb  /jobs/ETLfact_Metas.ktr]  Finished reading query, closing connection
2026-07-02 01:52:28.616 INFO  <LFTransformation_fact_metas - Sort cod_prod> [/jobs/Job_dim_fact.kjb  /jobs/ETLfact_Metas.ktr]  Finished processing (I=0, O=0, R=30, W=30, U=0, E=0)
2026-07-02 01:52:28.622 INFO  <LFTransformation_fact_metas - extraer producto> [/jobs/Job_dim_fact.kjb  /jobs/ETLfact_Metas.ktr]  Finished reading query, closing connection
2026-07-02 01:52:28.670 INFO  <LFTransformation_fact_metas - extraer producto> [/jobs/Job_dim_fact.kjb  /jobs/ETLfact_Metas.ktr]  Finished processing (I=30, O=0, R=0, W=30, U=0, E=0)
2026-07-02 01:52:28.723 INFO  <LFTransformation_fact_metas - extraer dim_tiempo2> [/jobs/Job_dim_fact.kjb  /jobs/ETLfact_Metas.ktr]  Finished reading query, closing connection
2026-07-02 01:52:32.770 INFO  <LFTransformation_fact_metas - Microsoft Excel metas> [/jobs/Job_dim_fact.kjb  /jobs/ETLfact_Metas.ktr]  Finished processing (I=390, O=0, R=0, W=390, U=0, E=0)
2026-07-02 01:52:32.779 INFO  <LFTransformation_fact_metas - Sort cod_prod 2> [/jobs/Job_dim_fact.kjb  /jobs/ETLfact_Metas.ktr]  Finished processing (I=0, O=0, R=390, W=390, U=0, E=0)
2026-07-02 01:52:33.085 INFO  <LFTransformation_fact_metas - Merge join> [/jobs/Job_dim_fact.kjb  /jobs/ETLfact_Metas.ktr]  Finished processing (I=0, O=0, R=420, W=390, U=0, E=0)
2026-07-02 01:52:33.088 INFO  <LFTransformation_fact_metas - Quitar cod_prod y dejar SK> [/jobs/Job_dim_fact.kjb  /jobs/ETLfact_Metas.ktr]  Finished processing (I=0, O=0, R=390, W=390, U=0, E=0)
2026-07-02 01:52:33.100 INFO  <LFTransformation_fact_metas - Sort fecha_inicio> [/jobs/Job_dim_fact.kjb  /jobs/ETLfact_Metas.ktr]  Finished processing (I=0, O=0, R=390, W=390, U=0, E=0)
2026-07-02 01:52:33.251 INFO  <LFTransformation_fact_metas - Merge join 2> [/jobs/Job_dim_fact.kjb  /jobs/ETLfact_Metas.ktr]  Finished processing (I=0, O=0, R=390, W=0, U=0, E=0)
2026-07-02 01:52:33.573 INFO  <Thread-7> [/jobs/Job_dim_fact.kjb]  Starting entry [ETL_fact_reg_contrato]
2026-07-02 01:52:33.798 INFO  <Thread-7> [/jobs/Job_dim_fact.kjb]  Using run configuration [Pentaho local]
2026-07-02 01:52:33.804 INFO  <Thread-7> [/jobs/Job_dim_fact.kjb  /jobs/ETLfact_Registro_Contrato.ktr]  Dispatching started for transformation [Transformacion FACT_Registro_Contrato]
2026-07-02 01:52:33.879 INFO  <init of Salida Tabla.0 (Thread-142)> [/jobs/Job_dim_fact.kjb  /jobs/ETLfact_Registro_Contrato.ktr]  Connected to database [Docker] (commit=1000)
2026-07-02 01:52:33.917 INFO  <Transformacion FACT_Registro_Contrato - Entrada Tabla dim_producto> [/jobs/Job_dim_fact.kjb  /jobs/ETLfact_Registro_Contrato.ktr]  Finished reading query, closing connection
2026-07-02 01:52:33.921 INFO  <Transformacion FACT_Registro_Contrato - Entrada Tabla dim_producto> [/jobs/Job_dim_fact.kjb  /jobs/ETLfact_Registro_Contrato.ktr]  Finished processing (I=30, O=0, R=0, W=30, U=0, E=0)
2026-07-02 01:52:33.927 INFO  <Transformacion FACT_Registro_Contrato - Entrada Tabla Dim_Cliente> [/jobs/Job_dim_fact.kjb  /jobs/ETLfact_Registro_Contrato.ktr]  Finished reading query, closing connection
2026-07-02 01:52:33.928 INFO  <Transformacion FACT_Registro_Contrato - Ordenar filas cod_producto 2> [/jobs/Job_dim_fact.kjb  /jobs/ETLfact_Registro_Contrato.ktr]  Finished processing (I=0, O=0, R=30, W=30, U=0, E=0)
2026-07-02 01:52:33.931 INFO  <Transformacion FACT_Registro_Contrato - Entrada Tabla Dim_Cliente> [/jobs/Job_dim_fact.kjb  /jobs/ETLfact_Registro_Contrato.ktr]  Finished processing (I=300, O=0, R=0, W=300, U=0, E=0)
2026-07-02 01:52:33.933 INFO  <Transformacion FACT_Registro_Contrato - Ordenar filas cod_cliente 2> [/jobs/Job_dim_fact.kjb  /jobs/ETLfact_Registro_Contrato.ktr]  Finished processing (I=0, O=0, R=300, W=300, U=0, E=0)
2026-07-02 01:52:33.944 INFO  <Transformacion FACT_Registro_Contrato - Entrada Tabla dim_contrato> [/jobs/Job_dim_fact.kjb  /jobs/ETLfact_Registro_Contrato.ktr]  Finished reading query, closing connection
2026-07-02 01:52:33.948 INFO  <Transformacion FACT_Registro_Contrato - Ordenar filas nro_contrato 2> [/jobs/Job_dim_fact.kjb  /jobs/ETLfact_Registro_Contrato.ktr]  Finished processing (I=0, O=0, R=1000, W=1000, U=0, E=0)
2026-07-02 01:52:33.953 INFO  <Transformacion FACT_Registro_Contrato - Entrada Tabla Registro Contrato> [/jobs/Job_dim_fact.kjb  /jobs/ETLfact_Registro_Contrato.ktr]  Finished reading query, closing connection
2026-07-02 01:52:33.963 INFO  <Transformacion FACT_Registro_Contrato - Entrada Tabla Registro Contrato> [/jobs/Job_dim_fact.kjb  /jobs/ETLfact_Registro_Contrato.ktr]  Finished processing (I=1000, O=0, R=0, W=1000, U=0, E=0)
2026-07-02 01:52:33.970 INFO  <Transformacion FACT_Registro_Contrato - Entrada Tabla dim_contrato> [/jobs/Job_dim_fact.kjb  /jobs/ETLfact_Registro_Contrato.ktr]  Finished processing (I=1000, O=0, R=0, W=1000, U=0, E=0)
2026-07-02 01:52:33.979 INFO  <Transformacion FACT_Registro_Contrato - Entrada Tabla dim_estado_contrato> [/jobs/Job_dim_fact.kjb  /jobs/ETLfact_Registro_Contrato.ktr]  Finished reading query, closing connection
2026-07-02 01:52:33.983 INFO  <Transformacion FACT_Registro_Contrato - Entrada Tabla dim_tiempo> [/jobs/Job_dim_fact.kjb  /jobs/ETLfact_Registro_Contrato.ktr]  Finished reading query, closing connection
2026-07-02 01:52:33.983 INFO  <Transformacion FACT_Registro_Contrato - Ordenar filas descrip_estado> [/jobs/Job_dim_fact.kjb  /jobs/ETLfact_Registro_Contrato.ktr]  Finished processing (I=0, O=0, R=3, W=3, U=0, E=0)
2026-07-02 01:52:33.990 INFO  <Transformacion FACT_Registro_Contrato - Entrada Tabla dim_estado_contrato> [/jobs/Job_dim_fact.kjb  /jobs/ETLfact_Registro_Contrato.ktr]  Finished processing (I=3, O=0, R=0, W=3, U=0, E=0)
2026-07-02 01:52:33.986 INFO  <Transformacion FACT_Registro_Contrato - Ordenar filas cod_cliente> [/jobs/Job_dim_fact.kjb  /jobs/ETLfact_Registro_Contrato.ktr]  Finished processing (I=0, O=0, R=1000, W=1000, U=0, E=0)
2026-07-02 01:52:34.290 INFO  <Transformacion FACT_Registro_Contrato - Unión por clave> [/jobs/Job_dim_fact.kjb  /jobs/ETLfact_Registro_Contrato.ktr]  Finished processing (I=0, O=0, R=1300, W=0, U=0, E=0)
2026-07-02 01:52:34.614 INFO  <Transformacion FACT_Registro_Contrato - Unión por clave cod_producto> [/jobs/Job_dim_fact.kjb  /jobs/ETLfact_Registro_Contrato.ktr]  Finished processing (I=0, O=0, R=30, W=0, U=0, E=0)
2026-07-02 01:52:34.938 INFO  <Transformacion FACT_Registro_Contrato - Unión por clave nro_contrato> [/jobs/Job_dim_fact.kjb  /jobs/ETLfact_Registro_Contrato.ktr]  Finished processing (I=0, O=0, R=1000, W=0, U=0, E=0)
2026-07-02 01:52:35.249 INFO  <Transformacion FACT_Registro_Contrato - Unión por clave estado_contrato> [/jobs/Job_dim_fact.kjb  /jobs/ETLfact_Registro_Contrato.ktr]  Finished processing (I=0, O=0, R=3, W=0, U=0, E=0)
2026-07-02 01:52:35.910 INFO  <Thread-7> [/jobs/Job_dim_fact.kjb]  Starting entry [ETL fact_reg_siniestro]
2026-07-02 01:52:36.257 INFO  <Thread-7> [/jobs/Job_dim_fact.kjb]  Using run configuration [Pentaho local]
2026-07-02 01:52:36.260 INFO  <Thread-7> [/jobs/Job_dim_fact.kjb  /jobs/ETLfact_Registro_Siniestro.ktr]  Dispatching started for transformation [Transformacion Fact_Registro_Siniestro]
2026-07-02 01:52:36.407 INFO  <Transformacion Fact_Registro_Siniestro - Entrada Tabla dim_siniestro> [/jobs/Job_dim_fact.kjb  /jobs/ETLfact_Registro_Siniestro.ktr]  Finished reading query, closing connection
2026-07-02 01:52:36.414 INFO  <Transformacion Fact_Registro_Siniestro - Entrada Tabla dim_siniestro> [/jobs/Job_dim_fact.kjb  /jobs/ETLfact_Registro_Siniestro.ktr]  Finished processing (I=20, O=0, R=0, W=20, U=0, E=0)
2026-07-02 01:52:36.415 INFO  <Transformacion Fact_Registro_Siniestro - Ordenar filas nro_siniestro> [/jobs/Job_dim_fact.kjb  /jobs/ETLfact_Registro_Siniestro.ktr]  Finished processing (I=0, O=0, R=20, W=20, U=0, E=0)
2026-07-02 01:52:36.443 INFO  <Transformacion Fact_Registro_Siniestro - Entrada Tabla cliente> [/jobs/Job_dim_fact.kjb  /jobs/ETLfact_Registro_Siniestro.ktr]  Finished reading query, closing connection
2026-07-02 01:52:36.446 INFO  <Transformacion Fact_Registro_Siniestro - Entrada Tabla dim_cliente> [/jobs/Job_dim_fact.kjb  /jobs/ETLfact_Registro_Siniestro.ktr]  Finished reading query, closing connection
2026-07-02 01:52:36.444 INFO  <Transformacion Fact_Registro_Siniestro - Entrada Tabla dim_contrato> [/jobs/Job_dim_fact.kjb  /jobs/ETLfact_Registro_Siniestro.ktr]  Finished reading query, closing connection
2026-07-02 01:52:36.448 INFO  <Transformacion Fact_Registro_Siniestro - Ordenar filas nro_contrato> [/jobs/Job_dim_fact.kjb  /jobs/ETLfact_Registro_Siniestro.ktr]  Finished processing (I=0, O=0, R=1000, W=1000, U=0, E=0)
2026-07-02 01:52:36.455 INFO  <Transformacion Fact_Registro_Siniestro - Ordenar filas codigo cliente 2> [/jobs/Job_dim_fact.kjb  /jobs/ETLfact_Registro_Siniestro.ktr]  Finished processing (I=0, O=0, R=300, W=300, U=0, E=0)
2026-07-02 01:52:36.455 INFO  <Transformacion Fact_Registro_Siniestro - Entrada Tabla dim_contrato> [/jobs/Job_dim_fact.kjb  /jobs/ETLfact_Registro_Siniestro.ktr]  Finished processing (I=1000, O=0, R=0, W=1000, U=0, E=0)
2026-07-02 01:52:36.454 INFO  <Transformacion Fact_Registro_Siniestro - Ordenar filas codigo cliente> [/jobs/Job_dim_fact.kjb  /jobs/ETLfact_Registro_Siniestro.ktr]  Finished processing (I=0, O=0, R=300, W=300, U=0, E=0)
2026-07-02 01:52:36.485 INFO  <Transformacion Fact_Registro_Siniestro - Entrada Tabla dim sucursal> [/jobs/Job_dim_fact.kjb  /jobs/ETLfact_Registro_Siniestro.ktr]  Finished reading query, closing connection
2026-07-02 01:52:36.481 INFO  <Transformacion Fact_Registro_Siniestro - Entrada Tabla cliente> [/jobs/Job_dim_fact.kjb  /jobs/ETLfact_Registro_Siniestro.ktr]  Finished processing (I=300, O=0, R=0, W=300, U=0, E=0)
2026-07-02 01:52:36.478 INFO  <Transformacion Fact_Registro_Siniestro - Entrada Tabla dim_cliente> [/jobs/Job_dim_fact.kjb  /jobs/ETLfact_Registro_Siniestro.ktr]  Finished processing (I=300, O=0, R=0, W=300, U=0, E=0)
2026-07-02 01:52:36.491 INFO  <Transformacion Fact_Registro_Siniestro - Ordenar filas sucursal 2> [/jobs/Job_dim_fact.kjb  /jobs/ETLfact_Registro_Siniestro.ktr]  Finished processing (I=0, O=0, R=30, W=30, U=0, E=0)
2026-07-02 01:52:36.498 INFO  <Transformacion Fact_Registro_Siniestro - Entrada Tabla dim sucursal> [/jobs/Job_dim_fact.kjb  /jobs/ETLfact_Registro_Siniestro.ktr]  Finished processing (I=30, O=0, R=0, W=30, U=0, E=0)
2026-07-02 01:52:36.503 INFO  <Transformacion Fact_Registro_Siniestro - Entrada Tabla Registro Contrato> [/jobs/Job_dim_fact.kjb  /jobs/ETLfact_Registro_Siniestro.ktr]  Finished reading query, closing connection
2026-07-02 01:52:36.507 INFO  <Transformacion Fact_Registro_Siniestro - Entrada Tabla Fact_Registro_Siniestro> [/jobs/Job_dim_fact.kjb  /jobs/ETLfact_Registro_Siniestro.ktr]  Finished reading query, closing connection
2026-07-02 01:52:36.514 INFO  <Transformacion Fact_Registro_Siniestro - Entrada Tabla fechas> [/jobs/Job_dim_fact.kjb  /jobs/ETLfact_Registro_Siniestro.ktr]  Finished reading query, closing connection
2026-07-02 01:52:36.519 INFO  <Transformacion Fact_Registro_Siniestro - Ordenar filas siniestro> [/jobs/Job_dim_fact.kjb  /jobs/ETLfact_Registro_Siniestro.ktr]  Finished processing (I=0, O=0, R=1000, W=1000, U=0, E=0)
2026-07-02 01:52:36.516 INFO  <Transformacion Fact_Registro_Siniestro - Entrada Tabla Registro Contrato> [/jobs/Job_dim_fact.kjb  /jobs/ETLfact_Registro_Siniestro.ktr]  Finished processing (I=1000, O=0, R=0, W=1000, U=0, E=0)
2026-07-02 01:52:36.529 INFO  <Transformacion Fact_Registro_Siniestro - Entrada Tabla dim_producto> [/jobs/Job_dim_fact.kjb  /jobs/ETLfact_Registro_Siniestro.ktr]  Finished reading query, closing connection
2026-07-02 01:52:36.525 INFO  <Transformacion Fact_Registro_Siniestro - Ordenar filas cliente> [/jobs/Job_dim_fact.kjb  /jobs/ETLfact_Registro_Siniestro.ktr]  Finished processing (I=0, O=0, R=1000, W=1000, U=0, E=0)
2026-07-02 01:52:36.524 INFO  <Transformacion Fact_Registro_Siniestro - Entrada Tabla Fact_Registro_Siniestro> [/jobs/Job_dim_fact.kjb  /jobs/ETLfact_Registro_Siniestro.ktr]  Finished processing (I=1000, O=0, R=0, W=1000, U=0, E=0)
2026-07-02 01:52:36.534 INFO  <Transformacion Fact_Registro_Siniestro - Entrada Tabla dim_producto> [/jobs/Job_dim_fact.kjb  /jobs/ETLfact_Registro_Siniestro.ktr]  Finished processing (I=30, O=0, R=0, W=30, U=0, E=0)
2026-07-02 01:52:36.533 INFO  <Transformacion Fact_Registro_Siniestro - Ordenar filas producto 2> [/jobs/Job_dim_fact.kjb  /jobs/ETLfact_Registro_Siniestro.ktr]  Finished processing (I=0, O=0, R=30, W=30, U=0, E=0)
2026-07-02 01:52:36.758 INFO  <Transformacion Fact_Registro_Siniestro - Unión por clave codigo cliente> [/jobs/Job_dim_fact.kjb  /jobs/ETLfact_Registro_Siniestro.ktr]  Finished processing (I=0, O=0, R=600, W=0, U=0, E=0)
2026-07-02 01:52:36.819 INFO  <Transformacion Fact_Registro_Siniestro - Unión por clave sinistro> [/jobs/Job_dim_fact.kjb  /jobs/ETLfact_Registro_Siniestro.ktr]  Finished processing (I=0, O=0, R=1020, W=0, U=0, E=0)
2026-07-02 01:52:37.086 INFO  <Transformacion Fact_Registro_Siniestro - Unión por clave sucursal> [/jobs/Job_dim_fact.kjb  /jobs/ETLfact_Registro_Siniestro.ktr]  Finished processing (I=0, O=0, R=30, W=0, U=0, E=0)
2026-07-02 01:52:37.157 INFO  <Transformacion Fact_Registro_Siniestro - Unión por clave contrato> [/jobs/Job_dim_fact.kjb  /jobs/ETLfact_Registro_Siniestro.ktr]  Finished processing (I=0, O=0, R=1000, W=0, U=0, E=0)
2026-07-02 01:52:37.407 INFO  <Transformacion Fact_Registro_Siniestro - Unión por clave cliente> [/jobs/Job_dim_fact.kjb  /jobs/ETLfact_Registro_Siniestro.ktr]  Finished processing (I=0, O=0, R=1000, W=0, U=0, E=0)
2026-07-02 01:52:37.715 INFO  <Transformacion Fact_Registro_Siniestro - Unión por clave producto> [/jobs/Job_dim_fact.kjb  /jobs/ETLfact_Registro_Siniestro.ktr]  Finished processing (I=0, O=0, R=30, W=0, U=0, E=0)
2026-07-02 01:52:38.470 INFO  <Thread-7> [/jobs/Job_dim_fact.kjb]  Starting entry [ETL fact_eval_servicio]
2026-07-02 01:52:38.656 INFO  <Thread-7> [/jobs/Job_dim_fact.kjb]  Using run configuration [Pentaho local]
2026-07-02 01:52:38.659 INFO  <Thread-7> [/jobs/Job_dim_fact.kjb  /jobs/ETLfact_Evaluacion_Servicio.ktr]  Dispatching started for transformation [Transformacion Fact_Evaluacion_Servicio]
2026-07-02 01:52:38.736 INFO  <Transformacion Fact_Evaluacion_Servicio - Entrada Tabla dim producto> [/jobs/Job_dim_fact.kjb  /jobs/ETLfact_Evaluacion_Servicio.ktr]  Finished reading query, closing connection
2026-07-02 01:52:38.743 INFO  <Transformacion Fact_Evaluacion_Servicio - Ordenar filas cod_producto> [/jobs/Job_dim_fact.kjb  /jobs/ETLfact_Evaluacion_Servicio.ktr]  Finished processing (I=0, O=0, R=30, W=30, U=0, E=0)
2026-07-02 01:52:38.740 INFO  <Transformacion Fact_Evaluacion_Servicio - Entrada Tabla dim producto> [/jobs/Job_dim_fact.kjb  /jobs/ETLfact_Evaluacion_Servicio.ktr]  Finished processing (I=30, O=0, R=0, W=30, U=0, E=0)
2026-07-02 01:52:38.749 INFO  <Transformacion Fact_Evaluacion_Servicio - Entrada Tabla dim cliente> [/jobs/Job_dim_fact.kjb  /jobs/ETLfact_Evaluacion_Servicio.ktr]  Finished reading query, closing connection
2026-07-02 01:52:38.753 INFO  <Transformacion Fact_Evaluacion_Servicio - Ordenar filas cod_cliente> [/jobs/Job_dim_fact.kjb  /jobs/ETLfact_Evaluacion_Servicio.ktr]  Finished processing (I=0, O=0, R=300, W=300, U=0, E=0)
2026-07-02 01:52:38.760 INFO  <Transformacion Fact_Evaluacion_Servicio - Entrada Tabla dim cliente> [/jobs/Job_dim_fact.kjb  /jobs/ETLfact_Evaluacion_Servicio.ktr]  Finished processing (I=300, O=0, R=0, W=300, U=0, E=0)
2026-07-02 01:52:38.766 INFO  <Transformacion Fact_Evaluacion_Servicio - Entrada Tabla dim evaluacion servicio> [/jobs/Job_dim_fact.kjb  /jobs/ETLfact_Evaluacion_Servicio.ktr]  Finished reading query, closing connection
2026-07-02 01:52:38.770 INFO  <Transformacion Fact_Evaluacion_Servicio - Entrada Tabla dim evaluacion servicio> [/jobs/Job_dim_fact.kjb  /jobs/ETLfact_Evaluacion_Servicio.ktr]  Finished processing (I=6, O=0, R=0, W=6, U=0, E=0)
2026-07-02 01:52:38.777 INFO  <Transformacion Fact_Evaluacion_Servicio - Entrada Tabla dim_tiempo> [/jobs/Job_dim_fact.kjb  /jobs/ETLfact_Evaluacion_Servicio.ktr]  Finished reading query, closing connection
2026-07-02 01:52:38.774 INFO  <Transformacion Fact_Evaluacion_Servicio - Ordenar filas 2 evaluacion servicio> [/jobs/Job_dim_fact.kjb  /jobs/ETLfact_Evaluacion_Servicio.ktr]  Finished processing (I=0, O=0, R=6, W=6, U=0, E=0)
2026-07-02 01:52:38.786 INFO  <Transformacion Fact_Evaluacion_Servicio - Entrada Tabla recomienda> [/jobs/Job_dim_fact.kjb  /jobs/ETLfact_Evaluacion_Servicio.ktr]  Finished reading query, closing connection
2026-07-02 01:52:38.790 INFO  <Transformacion Fact_Evaluacion_Servicio - Entrada Tabla recomienda> [/jobs/Job_dim_fact.kjb  /jobs/ETLfact_Evaluacion_Servicio.ktr]  Finished processing (I=500, O=0, R=0, W=500, U=0, E=0)
2026-07-02 01:52:38.798 INFO  <Transformacion Fact_Evaluacion_Servicio - Ordenar filas codigo producto> [/jobs/Job_dim_fact.kjb  /jobs/ETLfact_Evaluacion_Servicio.ktr]  Finished processing (I=0, O=0, R=500, W=500, U=0, E=0)
2026-07-02 01:52:39.103 INFO  <Transformacion Fact_Evaluacion_Servicio - Unión por clave codigo pruducto> [/jobs/Job_dim_fact.kjb  /jobs/ETLfact_Evaluacion_Servicio.ktr]  Finished processing (I=0, O=0, R=530, W=500, U=0, E=0)
2026-07-02 01:52:39.110 INFO  <Transformacion Fact_Evaluacion_Servicio - Ordenar filas codigo cliente> [/jobs/Job_dim_fact.kjb  /jobs/ETLfact_Evaluacion_Servicio.ktr]  Finished processing (I=0, O=0, R=500, W=500, U=0, E=0)
2026-07-02 01:52:39.410 INFO  <Transformacion Fact_Evaluacion_Servicio - Unión por clave codigo cliente> [/jobs/Job_dim_fact.kjb  /jobs/ETLfact_Evaluacion_Servicio.ktr]  Finished processing (I=0, O=0, R=800, W=0, U=0, E=0)
2026-07-02 01:52:39.707 INFO  <Transformacion Fact_Evaluacion_Servicio - Unión por clave evaluacion servicio> [/jobs/Job_dim_fact.kjb  /jobs/ETLfact_Evaluacion_Servicio.ktr]  Finished processing (I=0, O=0, R=6, W=0, U=0, E=0)
2026-07-02 01:52:40.037 INFO  <Thread-7> [/jobs/Job_dim_fact.kjb]  Finished job entry [ETL fact_eval_servicio] (result=[true])
2026-07-02 01:52:40.039 INFO  <Thread-7> [/jobs/Job_dim_fact.kjb]  Finished job entry [ETL fact_reg_siniestro] (result=[true])
2026-07-02 01:52:40.042 INFO  <Thread-7> [/jobs/Job_dim_fact.kjb]  Finished job entry [ETL_fact_reg_contrato] (result=[true])
2026-07-02 01:52:40.045 INFO  <Thread-7> [/jobs/Job_dim_fact.kjb]  Finished job entry [ETL_fact_metas] (result=[true])
2026-07-02 01:52:40.047 INFO  <Thread-7> [/jobs/Job_dim_fact.kjb]  Finished job entry [ETL dim_siniestro] (result=[true])
2026-07-02 01:52:40.049 INFO  <Thread-7> [/jobs/Job_dim_fact.kjb]  Finished job entry [ETL dim_sucursal] (result=[true])
2026-07-02 01:52:40.051 INFO  <Thread-7> [/jobs/Job_dim_fact.kjb]  Finished job entry [ETL dim_estado_contrato] (result=[true])
2026-07-02 01:52:40.053 INFO  <Thread-7> [/jobs/Job_dim_fact.kjb]  Finished job entry [ELT dim_contrato] (result=[true])
2026-07-02 01:52:40.055 INFO  <Thread-7> [/jobs/Job_dim_fact.kjb]  Finished job entry [ETL dim_eval_servicio] (result=[true])
2026-07-02 01:52:40.056 INFO  <Thread-7> [/jobs/Job_dim_fact.kjb]  Finished job entry [ETL dim_cliente] (result=[true])
2026-07-02 01:52:40.059 INFO  <Thread-7> [/jobs/Job_dim_fact.kjb]  Finished job entry [ETL dim_producto] (result=[true])
2026-07-02 01:52:40.060 WARN  <Thread-7> [/jobs/Job_dim_fact.kjb]  Job execution finished
2026-07-02 01:56:55.937 WARN  <Thread-8> [/jobs/Job_dim_fact.kjb]  Start of job execution
2026-07-02 01:56:56.461 INFO  <Thread-8> [/jobs/Job_dim_fact.kjb]  Starting entry [ETL dim_producto]
2026-07-02 01:56:58.363 INFO  <Thread-8> [/jobs/Job_dim_fact.kjb]  Using run configuration [Pentaho local]
2026-07-02 01:56:58.424 INFO  <Thread-8> [/jobs/Job_dim_fact.kjb  /jobs/ETLdim_Producto.ktr]  Dispatching started for transformation [Transformacion ProductoLF]
2026-07-02 01:57:01.202 INFO  <init of Salida Tabla.0 (Thread-17)> [/jobs/Job_dim_fact.kjb  /jobs/ETLdim_Producto.ktr]  Connected to database [Docker] (commit=1000)
2026-07-02 01:57:01.467 INFO  <Transformacion ProductoLF - Entrada Tabla Tipo Producto> [/jobs/Job_dim_fact.kjb  /jobs/ETLdim_Producto.ktr]  Finished reading query, closing connection
2026-07-02 01:57:01.470 INFO  <Transformacion ProductoLF - Entrada Tabla Producto> [/jobs/Job_dim_fact.kjb  /jobs/ETLdim_Producto.ktr]  Finished reading query, closing connection
2026-07-02 01:57:01.483 INFO  <Transformacion ProductoLF - Entrada Tabla Tipo Producto> [/jobs/Job_dim_fact.kjb  /jobs/ETLdim_Producto.ktr]  Finished processing (I=4, O=0, R=0, W=4, U=0, E=0)
2026-07-02 01:57:01.485 INFO  <Transformacion ProductoLF - Entrada Tabla Producto> [/jobs/Job_dim_fact.kjb  /jobs/ETLdim_Producto.ktr]  Finished processing (I=30, O=0, R=0, W=30, U=0, E=0)
2026-07-02 01:57:01.507 INFO  <Transformacion ProductoLF - Ordenar filas> [/jobs/Job_dim_fact.kjb  /jobs/ETLdim_Producto.ktr]  Finished processing (I=0, O=0, R=4, W=4, U=0, E=0)
2026-07-02 01:57:01.512 INFO  <Transformacion ProductoLF - Ordenar filas 2> [/jobs/Job_dim_fact.kjb  /jobs/ETLdim_Producto.ktr]  Finished processing (I=0, O=0, R=30, W=30, U=0, E=0)
2026-07-02 01:57:01.819 INFO  <Transformacion ProductoLF - Unión por clave> [/jobs/Job_dim_fact.kjb  /jobs/ETLdim_Producto.ktr]  Finished processing (I=0, O=0, R=34, W=30, U=0, E=0)
2026-07-02 01:57:01.826 INFO  <Transformacion ProductoLF - Ordenar filas 3> [/jobs/Job_dim_fact.kjb  /jobs/ETLdim_Producto.ktr]  Finished processing (I=0, O=0, R=30, W=30, U=0, E=0)
2026-07-02 01:57:01.831 INFO  <Transformacion ProductoLF - Strings cut> [/jobs/Job_dim_fact.kjb  /jobs/ETLdim_Producto.ktr]  Finished processing (I=0, O=0, R=30, W=30, U=0, E=0)
2026-07-02 01:57:01.919 INFO  <Transformacion ProductoLF - Insert / update> [/jobs/Job_dim_fact.kjb  /jobs/ETLdim_Producto.ktr]  Finished processing (I=30, O=0, R=30, W=30, U=0, E=0)
2026-07-02 01:57:01.947 INFO  <Thread-8> [/jobs/Job_dim_fact.kjb]  Starting entry [ETL dim_cliente]
2026-07-02 01:57:02.077 INFO  <Thread-8> [/jobs/Job_dim_fact.kjb]  Using run configuration [Pentaho local]
2026-07-02 01:57:02.080 INFO  <Thread-8> [/jobs/Job_dim_fact.kjb  /jobs/ETLdim_Cliente.ktr]  Dispatching started for transformation [Transformacion ClienteLF]
2026-07-02 01:57:02.204 INFO  <init of Salida Tabla.0 (Thread-31)> [/jobs/Job_dim_fact.kjb  /jobs/ETLdim_Cliente.ktr]  Connected to database [Docker] (commit=1000)
2026-07-02 01:57:02.252 INFO  <Transformacion ClienteLF - Entrada Tabla> [/jobs/Job_dim_fact.kjb  /jobs/ETLdim_Cliente.ktr]  Finished reading query, closing connection
2026-07-02 01:57:02.257 INFO  <Transformacion ClienteLF - Entrada Tabla> [/jobs/Job_dim_fact.kjb  /jobs/ETLdim_Cliente.ktr]  Finished processing (I=300, O=0, R=0, W=300, U=0, E=0)
2026-07-02 01:57:02.273 INFO  <Transformacion ClienteLF - Add sequence Sk_dim_cliente> [/jobs/Job_dim_fact.kjb  /jobs/ETLdim_Cliente.ktr]  Finished processing (I=0, O=0, R=300, W=300, U=0, E=0)
2026-07-02 01:57:02.279 INFO  <Transformacion ClienteLF - Selecciona/Renombra valores> [/jobs/Job_dim_fact.kjb  /jobs/ETLdim_Cliente.ktr]  Finished processing (I=0, O=0, R=300, W=300, U=0, E=0)
2026-07-02 01:57:02.395 ERROR <Transformacion ClienteLF - SalidaActualizada> [/jobs/Job_dim_fact.kjb  /jobs/ETLdim_Cliente.ktr]  Error in step, asking everyone to stop because of:
2026-07-02 01:57:02.401 ERROR <Transformacion ClienteLF - SalidaActualizada> [/jobs/Job_dim_fact.kjb  /jobs/ETLdim_Cliente.ktr]  org.pentaho.di.core.exception.KettleDatabaseException: 
Error inserting/updating row
ERROR: duplicate key value violates unique constraint "pk_dim_cliente"
  Detail: Key (sk_dim_cliente)=(1) already exists.

	at org.pentaho.di.core.database.Database.insertRow(Database.java:1335)
	at org.pentaho.di.core.database.Database.insertRow(Database.java:1259)
	at org.pentaho.di.core.database.Database.insertRow(Database.java:1247)
	at org.pentaho.di.core.database.Database.insertRow(Database.java:1235)
	at org.pentaho.di.trans.steps.insertupdate.InsertUpdate.lookupValues(InsertUpdate.java:114)
	at org.pentaho.di.trans.steps.insertupdate.InsertUpdate.processRow(InsertUpdate.java:299)
	at org.pentaho.di.trans.step.RunThread.run(RunThread.java:62)
	at java.lang.Thread.run(Thread.java:750)
Caused by: org.postgresql.util.PSQLException: ERROR: duplicate key value violates unique constraint "pk_dim_cliente"
  Detail: Key (sk_dim_cliente)=(1) already exists.
	at org.postgresql.core.v3.QueryExecutorImpl.receiveErrorResponse(QueryExecutorImpl.java:2552)
	at org.postgresql.core.v3.QueryExecutorImpl.processResults(QueryExecutorImpl.java:2284)
	at org.postgresql.core.v3.QueryExecutorImpl.execute(QueryExecutorImpl.java:322)
	at org.postgresql.jdbc.PgStatement.executeInternal(PgStatement.java:481)
	at org.postgresql.jdbc.PgStatement.execute(PgStatement.java:401)
	at org.postgresql.jdbc.PgPreparedStatement.executeWithFlags(PgPreparedStatement.java:164)
	at org.postgresql.jdbc.PgPreparedStatement.executeUpdate(PgPreparedStatement.java:130)
	at org.pentaho.di.core.database.Database.insertRow(Database.java:1302)
	... 7 more

2026-07-02 01:57:02.403 ERROR <Thread-8> [/jobs/Job_dim_fact.kjb  /jobs/ETLdim_Cliente.ktr]  Errors detected!
2026-07-02 01:57:02.407 INFO  <Transformacion ClienteLF - SalidaActualizada> [/jobs/Job_dim_fact.kjb  /jobs/ETLdim_Cliente.ktr]  Finished processing (I=1, O=0, R=1, W=0, U=0, E=1)
2026-07-02 01:57:02.419 WARN  <Transformacion ClienteLF - SalidaActualizada> [/jobs/Job_dim_fact.kjb  /jobs/ETLdim_Cliente.ktr]  Transformation detected one or more steps with errors.
2026-07-02 01:57:02.419 ERROR <Thread-8> [/jobs/Job_dim_fact.kjb  /jobs/ETLdim_Cliente.ktr]  Errors detected!
2026-07-02 01:57:02.422 WARN  <Transformacion ClienteLF - SalidaActualizada> [/jobs/Job_dim_fact.kjb  /jobs/ETLdim_Cliente.ktr]  Transformation is killing the other steps!
2026-07-02 01:57:02.426 INFO  <Thread-8> [/jobs/Job_dim_fact.kjb]  Finished job entry [ETL dim_cliente] (result=[false])
2026-07-02 01:57:02.429 INFO  <Thread-8> [/jobs/Job_dim_fact.kjb]  Finished job entry [ETL dim_producto] (result=[false])
2026-07-02 01:57:02.432 WARN  <Thread-8> [/jobs/Job_dim_fact.kjb]  Job execution finished
2026-07-02 02:00:12.546 WARN  <Thread-8> [/jobs/Job_dim_fact.kjb]  Start of job execution
2026-07-02 02:00:13.092 INFO  <Thread-8> [/jobs/Job_dim_fact.kjb]  Starting entry [ETL dim_producto]
2026-07-02 02:00:14.860 INFO  <Thread-8> [/jobs/Job_dim_fact.kjb]  Using run configuration [Pentaho local]
2026-07-02 02:00:14.922 INFO  <Thread-8> [/jobs/Job_dim_fact.kjb  /jobs/ETLdim_Producto.ktr]  Dispatching started for transformation [Transformacion ProductoLF]
2026-07-02 02:00:17.527 INFO  <init of Salida Tabla.0 (Thread-17)> [/jobs/Job_dim_fact.kjb  /jobs/ETLdim_Producto.ktr]  Connected to database [Docker] (commit=1000)
2026-07-02 02:00:17.778 INFO  <Transformacion ProductoLF - Entrada Tabla Tipo Producto> [/jobs/Job_dim_fact.kjb  /jobs/ETLdim_Producto.ktr]  Finished reading query, closing connection
2026-07-02 02:00:17.783 INFO  <Transformacion ProductoLF - Entrada Tabla Producto> [/jobs/Job_dim_fact.kjb  /jobs/ETLdim_Producto.ktr]  Finished reading query, closing connection
2026-07-02 02:00:17.791 INFO  <Transformacion ProductoLF - Entrada Tabla Tipo Producto> [/jobs/Job_dim_fact.kjb  /jobs/ETLdim_Producto.ktr]  Finished processing (I=4, O=0, R=0, W=4, U=0, E=0)
2026-07-02 02:00:17.792 INFO  <Transformacion ProductoLF - Entrada Tabla Producto> [/jobs/Job_dim_fact.kjb  /jobs/ETLdim_Producto.ktr]  Finished processing (I=30, O=0, R=0, W=30, U=0, E=0)
2026-07-02 02:00:17.812 INFO  <Transformacion ProductoLF - Ordenar filas> [/jobs/Job_dim_fact.kjb  /jobs/ETLdim_Producto.ktr]  Finished processing (I=0, O=0, R=4, W=4, U=0, E=0)
2026-07-02 02:00:17.818 INFO  <Transformacion ProductoLF - Ordenar filas 2> [/jobs/Job_dim_fact.kjb  /jobs/ETLdim_Producto.ktr]  Finished processing (I=0, O=0, R=30, W=30, U=0, E=0)
2026-07-02 02:00:18.127 INFO  <Transformacion ProductoLF - Unión por clave> [/jobs/Job_dim_fact.kjb  /jobs/ETLdim_Producto.ktr]  Finished processing (I=0, O=0, R=34, W=30, U=0, E=0)
2026-07-02 02:00:18.134 INFO  <Transformacion ProductoLF - Ordenar filas 3> [/jobs/Job_dim_fact.kjb  /jobs/ETLdim_Producto.ktr]  Finished processing (I=0, O=0, R=30, W=30, U=0, E=0)
2026-07-02 02:00:18.140 INFO  <Transformacion ProductoLF - Strings cut> [/jobs/Job_dim_fact.kjb  /jobs/ETLdim_Producto.ktr]  Finished processing (I=0, O=0, R=30, W=30, U=0, E=0)
2026-07-02 02:00:18.222 INFO  <Transformacion ProductoLF - Insert / update> [/jobs/Job_dim_fact.kjb  /jobs/ETLdim_Producto.ktr]  Finished processing (I=30, O=0, R=30, W=30, U=0, E=0)
2026-07-02 02:00:18.248 INFO  <Thread-8> [/jobs/Job_dim_fact.kjb]  Starting entry [ETL dim_cliente]
2026-07-02 02:00:18.397 INFO  <Thread-8> [/jobs/Job_dim_fact.kjb]  Using run configuration [Pentaho local]
2026-07-02 02:00:18.401 INFO  <Thread-8> [/jobs/Job_dim_fact.kjb  /jobs/ETLdim_Cliente.ktr]  Dispatching started for transformation [Transformacion ClienteLF]
2026-07-02 02:00:18.551 INFO  <init of Salida Tabla.0 (Thread-31)> [/jobs/Job_dim_fact.kjb  /jobs/ETLdim_Cliente.ktr]  Connected to database [Docker] (commit=1000)
2026-07-02 02:00:18.645 INFO  <Transformacion ClienteLF - Entrada Tabla> [/jobs/Job_dim_fact.kjb  /jobs/ETLdim_Cliente.ktr]  Finished reading query, closing connection
2026-07-02 02:00:18.653 INFO  <Transformacion ClienteLF - Entrada Tabla> [/jobs/Job_dim_fact.kjb  /jobs/ETLdim_Cliente.ktr]  Finished processing (I=300, O=0, R=0, W=300, U=0, E=0)
2026-07-02 02:00:18.661 INFO  <Transformacion ClienteLF - Add sequence Sk_dim_cliente> [/jobs/Job_dim_fact.kjb  /jobs/ETLdim_Cliente.ktr]  Finished processing (I=0, O=0, R=300, W=300, U=0, E=0)
2026-07-02 02:00:18.669 INFO  <Transformacion ClienteLF - Selecciona/Renombra valores> [/jobs/Job_dim_fact.kjb  /jobs/ETLdim_Cliente.ktr]  Finished processing (I=0, O=0, R=300, W=300, U=0, E=0)
2026-07-02 02:00:18.766 ERROR <Transformacion ClienteLF - SalidaActualizada> [/jobs/Job_dim_fact.kjb  /jobs/ETLdim_Cliente.ktr]  Error in step, asking everyone to stop because of:
2026-07-02 02:00:18.769 ERROR <Transformacion ClienteLF - SalidaActualizada> [/jobs/Job_dim_fact.kjb  /jobs/ETLdim_Cliente.ktr]  org.pentaho.di.core.exception.KettleDatabaseException: 
Error inserting/updating row
ERROR: duplicate key value violates unique constraint "pk_dim_cliente"
  Detail: Key (sk_dim_cliente)=(1) already exists.

	at org.pentaho.di.core.database.Database.insertRow(Database.java:1335)
	at org.pentaho.di.core.database.Database.insertRow(Database.java:1259)
	at org.pentaho.di.core.database.Database.insertRow(Database.java:1247)
	at org.pentaho.di.core.database.Database.insertRow(Database.java:1235)
	at org.pentaho.di.trans.steps.insertupdate.InsertUpdate.lookupValues(InsertUpdate.java:114)
	at org.pentaho.di.trans.steps.insertupdate.InsertUpdate.processRow(InsertUpdate.java:299)
	at org.pentaho.di.trans.step.RunThread.run(RunThread.java:62)
	at java.lang.Thread.run(Thread.java:750)
Caused by: org.postgresql.util.PSQLException: ERROR: duplicate key value violates unique constraint "pk_dim_cliente"
  Detail: Key (sk_dim_cliente)=(1) already exists.
	at org.postgresql.core.v3.QueryExecutorImpl.receiveErrorResponse(QueryExecutorImpl.java:2552)
	at org.postgresql.core.v3.QueryExecutorImpl.processResults(QueryExecutorImpl.java:2284)
	at org.postgresql.core.v3.QueryExecutorImpl.execute(QueryExecutorImpl.java:322)
	at org.postgresql.jdbc.PgStatement.executeInternal(PgStatement.java:481)
	at org.postgresql.jdbc.PgStatement.execute(PgStatement.java:401)
	at org.postgresql.jdbc.PgPreparedStatement.executeWithFlags(PgPreparedStatement.java:164)
	at org.postgresql.jdbc.PgPreparedStatement.executeUpdate(PgPreparedStatement.java:130)
	at org.pentaho.di.core.database.Database.insertRow(Database.java:1302)
	... 7 more

2026-07-02 02:00:18.776 ERROR <Thread-8> [/jobs/Job_dim_fact.kjb  /jobs/ETLdim_Cliente.ktr]  Errors detected!
2026-07-02 02:00:18.779 INFO  <Transformacion ClienteLF - SalidaActualizada> [/jobs/Job_dim_fact.kjb  /jobs/ETLdim_Cliente.ktr]  Finished processing (I=1, O=0, R=1, W=0, U=0, E=1)
2026-07-02 02:00:18.792 ERROR <Thread-8> [/jobs/Job_dim_fact.kjb  /jobs/ETLdim_Cliente.ktr]  Errors detected!
2026-07-02 02:00:18.792 WARN  <Transformacion ClienteLF - SalidaActualizada> [/jobs/Job_dim_fact.kjb  /jobs/ETLdim_Cliente.ktr]  Transformation detected one or more steps with errors.
2026-07-02 02:00:18.796 WARN  <Transformacion ClienteLF - SalidaActualizada> [/jobs/Job_dim_fact.kjb  /jobs/ETLdim_Cliente.ktr]  Transformation is killing the other steps!
2026-07-02 02:00:18.798 INFO  <Thread-8> [/jobs/Job_dim_fact.kjb]  Finished job entry [ETL dim_cliente] (result=[false])
2026-07-02 02:00:18.800 INFO  <Thread-8> [/jobs/Job_dim_fact.kjb]  Finished job entry [ETL dim_producto] (result=[false])
2026-07-02 02:00:18.805 WARN  <Thread-8> [/jobs/Job_dim_fact.kjb]  Job execution finished
2026-07-02 02:24:52.431 WARN  <Thread-8> [/jobs/Job_dim_fact.kjb]  Start of job execution
2026-07-02 02:24:53.020 INFO  <Thread-8> [/jobs/Job_dim_fact.kjb]  Starting entry [ETL dim_tiempo]
2026-07-02 02:24:55.114 INFO  <Thread-8> [/jobs/Job_dim_fact.kjb]  Using run configuration [Pentaho local]
2026-07-02 02:24:55.183 INFO  <Thread-8> [/jobs/Job_dim_fact.kjb  /jobs/ETLdim_Tiempo.ktr]  Dispatching started for transformation [Transformacion Dim_Tiempo]
2026-07-02 02:24:58.794 INFO  <Transformacion Dim_Tiempo - Generate rows> [/jobs/Job_dim_fact.kjb  /jobs/ETLdim_Tiempo.ktr]  Finished processing (I=0, O=0, R=0, W=14976, U=0, E=0)
2026-07-02 02:24:59.018 INFO  <Transformacion Dim_Tiempo - suma_dias> [/jobs/Job_dim_fact.kjb  /jobs/ETLdim_Tiempo.ktr]  Finished processing (I=0, O=0, R=14976, W=14976, U=0, E=0)
2026-07-02 02:24:59.110 INFO  <Transformacion Dim_Tiempo - Calculator> [/jobs/Job_dim_fact.kjb  /jobs/ETLdim_Tiempo.ktr]  Finished processing (I=0, O=0, R=14976, W=14976, U=0, E=0)
2026-07-02 02:25:03.084 INFO  <Transformacion Dim_Tiempo - Select values> [/jobs/Job_dim_fact.kjb  /jobs/ETLdim_Tiempo.ktr]  Finished processing (I=0, O=0, R=14976, W=14976, U=0, E=0)
2026-07-02 02:25:03.802 INFO  <Transformacion Dim_Tiempo - Extraccion de año> [/jobs/Job_dim_fact.kjb  /jobs/ETLdim_Tiempo.ktr]  Finished processing (I=0, O=0, R=14976, W=14976, U=0, E=0)
2026-07-02 02:25:03.832 INFO  <Transformacion Dim_Tiempo - Extraccion de mes> [/jobs/Job_dim_fact.kjb  /jobs/ETLdim_Tiempo.ktr]  Finished processing (I=0, O=0, R=14976, W=14976, U=0, E=0)
2026-07-02 02:25:04.235 INFO  <Transformacion Dim_Tiempo - Extraccion dia año> [/jobs/Job_dim_fact.kjb  /jobs/ETLdim_Tiempo.ktr]  Finished processing (I=0, O=0, R=14976, W=14976, U=0, E=0)
2026-07-02 02:25:04.244 INFO  <Transformacion Dim_Tiempo - Extraccion dia mes> [/jobs/Job_dim_fact.kjb  /jobs/ETLdim_Tiempo.ktr]  Finished processing (I=0, O=0, R=14976, W=14976, U=0, E=0)
2026-07-02 02:25:04.254 INFO  <Transformacion Dim_Tiempo - Extraccion dia semana> [/jobs/Job_dim_fact.kjb  /jobs/ETLdim_Tiempo.ktr]  Finished processing (I=0, O=0, R=14976, W=14976, U=0, E=0)
2026-07-02 02:25:04.408 INFO  <Transformacion Dim_Tiempo - Extraccion semana> [/jobs/Job_dim_fact.kjb  /jobs/ETLdim_Tiempo.ktr]  Finished processing (I=0, O=0, R=14976, W=14976, U=0, E=0)
2026-07-02 02:25:04.414 INFO  <Transformacion Dim_Tiempo - Mapeo de valores Des_dia_semana> [/jobs/Job_dim_fact.kjb  /jobs/ETLdim_Tiempo.ktr]  Finished processing (I=0, O=0, R=14976, W=14976, U=0, E=0)
2026-07-02 02:25:04.417 INFO  <Transformacion Dim_Tiempo - Mapeo de valores desc_dia_semana_corta> [/jobs/Job_dim_fact.kjb  /jobs/ETLdim_Tiempo.ktr]  Finished processing (I=0, O=0, R=14976, W=14976, U=0, E=0)
2026-07-02 02:25:04.421 INFO  <Transformacion Dim_Tiempo - Mapeo de valores desc_mes> [/jobs/Job_dim_fact.kjb  /jobs/ETLdim_Tiempo.ktr]  Finished processing (I=0, O=0, R=14976, W=14976, U=0, E=0)
2026-07-02 02:25:04.425 INFO  <Transformacion Dim_Tiempo - Mapeo de valores desc_mes_corta> [/jobs/Job_dim_fact.kjb  /jobs/ETLdim_Tiempo.ktr]  Finished processing (I=0, O=0, R=14976, W=14976, U=0, E=0)
2026-07-02 02:25:04.442 INFO  <Transformacion Dim_Tiempo - Formula desc_trimestre> [/jobs/Job_dim_fact.kjb  /jobs/ETLdim_Tiempo.ktr]  Finished processing (I=0, O=0, R=14976, W=14976, U=0, E=0)
2026-07-02 02:25:11.526 INFO  <Transformacion Dim_Tiempo - Formula desc_semestre> [/jobs/Job_dim_fact.kjb  /jobs/ETLdim_Tiempo.ktr]  Finished processing (I=0, O=0, R=14976, W=14976, U=0, E=0)
2026-07-02 02:25:38.025 INFO  <Transformacion Dim_Tiempo - Insert / update> [/jobs/Job_dim_fact.kjb  /jobs/ETLdim_Tiempo.ktr]  Finished processing (I=14976, O=14976, R=14976, W=14976, U=0, E=0)
2026-07-02 02:25:38.062 INFO  <Thread-8> [/jobs/Job_dim_fact.kjb]  Starting entry [ETL dim_producto]
2026-07-02 02:25:38.282 INFO  <Thread-8> [/jobs/Job_dim_fact.kjb]  Using run configuration [Pentaho local]
2026-07-02 02:25:38.285 INFO  <Thread-8> [/jobs/Job_dim_fact.kjb  /jobs/ETLdim_Producto.ktr]  Dispatching started for transformation [Transformacion ProductoLF]
2026-07-02 02:25:38.523 INFO  <init of Salida Tabla.0 (Thread-52)> [/jobs/Job_dim_fact.kjb  /jobs/ETLdim_Producto.ktr]  Connected to database [Docker] (commit=1000)
2026-07-02 02:25:38.577 INFO  <Transformacion ProductoLF - Entrada Tabla Tipo Producto> [/jobs/Job_dim_fact.kjb  /jobs/ETLdim_Producto.ktr]  Finished reading query, closing connection
2026-07-02 02:25:38.582 INFO  <Transformacion ProductoLF - Entrada Tabla Producto> [/jobs/Job_dim_fact.kjb  /jobs/ETLdim_Producto.ktr]  Finished reading query, closing connection
2026-07-02 02:25:38.586 INFO  <Transformacion ProductoLF - Entrada Tabla Tipo Producto> [/jobs/Job_dim_fact.kjb  /jobs/ETLdim_Producto.ktr]  Finished processing (I=4, O=0, R=0, W=4, U=0, E=0)
2026-07-02 02:25:38.589 INFO  <Transformacion ProductoLF - Entrada Tabla Producto> [/jobs/Job_dim_fact.kjb  /jobs/ETLdim_Producto.ktr]  Finished processing (I=30, O=0, R=0, W=30, U=0, E=0)
2026-07-02 02:25:38.609 INFO  <Transformacion ProductoLF - Ordenar filas> [/jobs/Job_dim_fact.kjb  /jobs/ETLdim_Producto.ktr]  Finished processing (I=0, O=0, R=4, W=4, U=0, E=0)
2026-07-02 02:25:38.610 INFO  <Transformacion ProductoLF - Ordenar filas 2> [/jobs/Job_dim_fact.kjb  /jobs/ETLdim_Producto.ktr]  Finished processing (I=0, O=0, R=30, W=30, U=0, E=0)
2026-07-02 02:25:38.917 INFO  <Transformacion ProductoLF - Unión por clave> [/jobs/Job_dim_fact.kjb  /jobs/ETLdim_Producto.ktr]  Finished processing (I=0, O=0, R=34, W=30, U=0, E=0)
2026-07-02 02:25:38.922 INFO  <Transformacion ProductoLF - Ordenar filas 3> [/jobs/Job_dim_fact.kjb  /jobs/ETLdim_Producto.ktr]  Finished processing (I=0, O=0, R=30, W=30, U=0, E=0)
2026-07-02 02:25:38.927 INFO  <Transformacion ProductoLF - Strings cut> [/jobs/Job_dim_fact.kjb  /jobs/ETLdim_Producto.ktr]  Finished processing (I=0, O=0, R=30, W=30, U=0, E=0)
2026-07-02 02:25:39.057 INFO  <Transformacion ProductoLF - Insert / update> [/jobs/Job_dim_fact.kjb  /jobs/ETLdim_Producto.ktr]  Finished processing (I=30, O=30, R=30, W=30, U=0, E=0)
2026-07-02 02:25:39.073 INFO  <Thread-8> [/jobs/Job_dim_fact.kjb]  Starting entry [ETL dim_cliente]
2026-07-02 02:25:39.187 INFO  <Thread-8> [/jobs/Job_dim_fact.kjb]  Using run configuration [Pentaho local]
2026-07-02 02:25:39.195 INFO  <Thread-8> [/jobs/Job_dim_fact.kjb  /jobs/ETLdim_Cliente.ktr]  Dispatching started for transformation [Transformacion ClienteLF]
2026-07-02 02:25:39.254 INFO  <init of Salida Tabla.0 (Thread-66)> [/jobs/Job_dim_fact.kjb  /jobs/ETLdim_Cliente.ktr]  Connected to database [Docker] (commit=1000)
2026-07-02 02:25:39.306 INFO  <Transformacion ClienteLF - Selecciona/Renombra valores> [/jobs/Job_dim_fact.kjb  /jobs/ETLdim_Cliente.ktr]  Finished processing (I=0, O=0, R=300, W=300, U=0, E=0)
2026-07-02 02:25:39.309 INFO  <Transformacion ClienteLF - Entrada Tabla> [/jobs/Job_dim_fact.kjb  /jobs/ETLdim_Cliente.ktr]  Finished reading query, closing connection
2026-07-02 02:25:39.317 INFO  <Transformacion ClienteLF - Entrada Tabla> [/jobs/Job_dim_fact.kjb  /jobs/ETLdim_Cliente.ktr]  Finished processing (I=300, O=0, R=0, W=300, U=0, E=0)
2026-07-02 02:25:39.567 INFO  <Transformacion ClienteLF - SalidaActualizada> [/jobs/Job_dim_fact.kjb  /jobs/ETLdim_Cliente.ktr]  Finished processing (I=300, O=300, R=300, W=300, U=0, E=0)
2026-07-02 02:25:39.574 INFO  <Thread-8> [/jobs/Job_dim_fact.kjb]  Starting entry [ETL dim_eval_servicio]
2026-07-02 02:25:39.646 INFO  <Thread-8> [/jobs/Job_dim_fact.kjb]  Using run configuration [Pentaho local]
2026-07-02 02:25:39.653 INFO  <Thread-8> [/jobs/Job_dim_fact.kjb  /jobs/ETLdim_Evaluacion_Servicio.ktr]  Dispatching started for transformation [Transformacion Evaluacion ServicioLF]
2026-07-02 02:25:39.715 INFO  <Transformacion Evaluacion ServicioLF - Entrada Tabla Evaluacion_Servicio> [/jobs/Job_dim_fact.kjb  /jobs/ETLdim_Evaluacion_Servicio.ktr]  Finished reading query, closing connection
2026-07-02 02:25:39.719 INFO  <Transformacion Evaluacion ServicioLF - Entrada Tabla Evaluacion_Servicio> [/jobs/Job_dim_fact.kjb  /jobs/ETLdim_Evaluacion_Servicio.ktr]  Finished processing (I=6, O=0, R=0, W=6, U=0, E=0)
2026-07-02 02:25:39.769 INFO  <Transformacion Evaluacion ServicioLF - Insert / update> [/jobs/Job_dim_fact.kjb  /jobs/ETLdim_Evaluacion_Servicio.ktr]  Finished processing (I=6, O=6, R=6, W=6, U=0, E=0)
2026-07-02 02:25:39.779 INFO  <Thread-8> [/jobs/Job_dim_fact.kjb]  Starting entry [ELT dim_contrato]
2026-07-02 02:25:39.850 INFO  <Thread-8> [/jobs/Job_dim_fact.kjb]  Using run configuration [Pentaho local]
2026-07-02 02:25:39.854 INFO  <Thread-8> [/jobs/Job_dim_fact.kjb  /jobs/ETLdim_Contrato.ktr]  Dispatching started for transformation [Transformacion_ContratoLF]
2026-07-02 02:25:39.927 INFO  <Transformacion_ContratoLF - Entrada Tabla> [/jobs/Job_dim_fact.kjb  /jobs/ETLdim_Contrato.ktr]  Finished reading query, closing connection
2026-07-02 02:25:39.930 INFO  <Transformacion_ContratoLF - Entrada Tabla> [/jobs/Job_dim_fact.kjb  /jobs/ETLdim_Contrato.ktr]  Finished processing (I=1000, O=0, R=0, W=1000, U=0, E=0)
2026-07-02 02:25:40.637 INFO  <Transformacion_ContratoLF - Insert / update> [/jobs/Job_dim_fact.kjb  /jobs/ETLdim_Contrato.ktr]  Finished processing (I=1000, O=1000, R=1000, W=1000, U=0, E=0)
2026-07-02 02:25:40.646 INFO  <Thread-8> [/jobs/Job_dim_fact.kjb]  Starting entry [ETL dim_estado_contrato]
2026-07-02 02:25:40.787 INFO  <Thread-8> [/jobs/Job_dim_fact.kjb]  Using run configuration [Pentaho local]
2026-07-02 02:25:40.790 INFO  <Thread-8> [/jobs/Job_dim_fact.kjb  /jobs/ETLdim_Estado_Contrato.ktr]  Dispatching started for transformation [Transformacion Estado ContratoLF]
2026-07-02 02:25:40.917 INFO  <Transformacion Estado ContratoLF - Entrada Tabla Estado Contrato> [/jobs/Job_dim_fact.kjb  /jobs/ETLdim_Estado_Contrato.ktr]  Finished reading query, closing connection
2026-07-02 02:25:40.923 INFO  <Transformacion Estado ContratoLF - Seleccionar Estado Contrato> [/jobs/Job_dim_fact.kjb  /jobs/ETLdim_Estado_Contrato.ktr]  Finished processing (I=0, O=0, R=1000, W=1000, U=0, E=0)
2026-07-02 02:25:40.926 INFO  <Transformacion Estado ContratoLF - Entrada Tabla Estado Contrato> [/jobs/Job_dim_fact.kjb  /jobs/ETLdim_Estado_Contrato.ktr]  Finished processing (I=1000, O=0, R=0, W=1000, U=0, E=0)
2026-07-02 02:25:40.935 INFO  <Transformacion Estado ContratoLF - Agrupar> [/jobs/Job_dim_fact.kjb  /jobs/ETLdim_Estado_Contrato.ktr]  Finished processing (I=0, O=0, R=1000, W=3, U=0, E=0)
2026-07-02 02:25:40.937 INFO  <Transformacion Estado ContratoLF - Add sequence cod_estado> [/jobs/Job_dim_fact.kjb  /jobs/ETLdim_Estado_Contrato.ktr]  Finished processing (I=0, O=0, R=3, W=3, U=0, E=0)
2026-07-02 02:25:40.980 INFO  <Transformacion Estado ContratoLF - Insert / update> [/jobs/Job_dim_fact.kjb  /jobs/ETLdim_Estado_Contrato.ktr]  Finished processing (I=3, O=3, R=3, W=3, U=0, E=0)
2026-07-02 02:25:40.986 INFO  <Thread-8> [/jobs/Job_dim_fact.kjb]  Starting entry [ETL dim_sucursal]
2026-07-02 02:25:41.097 INFO  <Thread-8> [/jobs/Job_dim_fact.kjb]  Using run configuration [Pentaho local]
2026-07-02 02:25:41.101 INFO  <Thread-8> [/jobs/Job_dim_fact.kjb  /jobs/ETLdim_Sucursal.ktr]  Dispatching started for transformation [Transformacion SucursalLF]
2026-07-02 02:25:41.201 INFO  <Transformacion SucursalLF - Entrada Tabla Pais> [/jobs/Job_dim_fact.kjb  /jobs/ETLdim_Sucursal.ktr]  Finished reading query, closing connection
2026-07-02 02:25:41.201 INFO  <Transformacion SucursalLF - Entrada Tabla Sucursal> [/jobs/Job_dim_fact.kjb  /jobs/ETLdim_Sucursal.ktr]  Finished reading query, closing connection
2026-07-02 02:25:41.206 INFO  <Transformacion SucursalLF - Entrada Tabla Pais> [/jobs/Job_dim_fact.kjb  /jobs/ETLdim_Sucursal.ktr]  Finished processing (I=30, O=0, R=0, W=30, U=0, E=0)
2026-07-02 02:25:41.209 INFO  <Transformacion SucursalLF - Entrada Tabla Ciudad> [/jobs/Job_dim_fact.kjb  /jobs/ETLdim_Sucursal.ktr]  Finished reading query, closing connection
2026-07-02 02:25:41.210 INFO  <Transformacion SucursalLF - Entrada Tabla Sucursal> [/jobs/Job_dim_fact.kjb  /jobs/ETLdim_Sucursal.ktr]  Finished processing (I=30, O=0, R=0, W=30, U=0, E=0)
2026-07-02 02:25:41.218 INFO  <Transformacion SucursalLF - Entrada Tabla Ciudad> [/jobs/Job_dim_fact.kjb  /jobs/ETLdim_Sucursal.ktr]  Finished processing (I=30, O=0, R=0, W=30, U=0, E=0)
2026-07-02 02:25:41.518 INFO  <Transformacion SucursalLF - Unión Sucursal-Pais> [/jobs/Job_dim_fact.kjb  /jobs/ETLdim_Sucursal.ktr]  Finished processing (I=0, O=0, R=60, W=30, U=0, E=0)
2026-07-02 02:25:41.820 INFO  <Transformacion SucursalLF - Unión Sucursal-Pais-Ciudad> [/jobs/Job_dim_fact.kjb  /jobs/ETLdim_Sucursal.ktr]  Finished processing (I=0, O=0, R=60, W=30, U=0, E=0)
2026-07-02 02:25:41.849 INFO  <Transformacion SucursalLF - Insert / update> [/jobs/Job_dim_fact.kjb  /jobs/ETLdim_Sucursal.ktr]  Finished processing (I=30, O=30, R=30, W=30, U=0, E=0)
2026-07-02 02:25:41.855 INFO  <Thread-8> [/jobs/Job_dim_fact.kjb]  Starting entry [ETL dim_siniestro]
2026-07-02 02:25:41.925 INFO  <Thread-8> [/jobs/Job_dim_fact.kjb]  Using run configuration [Pentaho local]
2026-07-02 02:25:41.927 INFO  <Thread-8> [/jobs/Job_dim_fact.kjb  /jobs/ETLdim_Siniestro.ktr]  Dispatching started for transformation [Transformacion siniestroLF]
2026-07-02 02:25:41.982 INFO  <Transformacion siniestroLF - Entrada Tabla Siniestro> [/jobs/Job_dim_fact.kjb  /jobs/ETLdim_Siniestro.ktr]  Finished reading query, closing connection
2026-07-02 02:25:41.988 INFO  <Transformacion siniestroLF - Entrada Tabla Siniestro> [/jobs/Job_dim_fact.kjb  /jobs/ETLdim_Siniestro.ktr]  Finished processing (I=20, O=0, R=0, W=20, U=0, E=0)
2026-07-02 02:25:42.053 INFO  <Transformacion siniestroLF - Insert / update> [/jobs/Job_dim_fact.kjb  /jobs/ETLdim_Siniestro.ktr]  Finished processing (I=20, O=20, R=20, W=20, U=0, E=0)
2026-07-02 02:25:42.058 INFO  <Thread-8> [/jobs/Job_dim_fact.kjb]  Starting entry [ETL_fact_metas]
2026-07-02 02:25:42.336 INFO  <Thread-8> [/jobs/Job_dim_fact.kjb]  Using run configuration [Pentaho local]
2026-07-02 02:25:42.339 INFO  <Thread-8> [/jobs/Job_dim_fact.kjb  /jobs/ETLfact_Metas.ktr]  Dispatching started for transformation [LFTransformation_fact_metas]
2026-07-02 02:25:42.597 INFO  <LFTransformation_fact_metas - extraer producto> [/jobs/Job_dim_fact.kjb  /jobs/ETLfact_Metas.ktr]  Finished reading query, closing connection
2026-07-02 02:25:42.601 INFO  <LFTransformation_fact_metas - Sort cod_prod> [/jobs/Job_dim_fact.kjb  /jobs/ETLfact_Metas.ktr]  Finished processing (I=0, O=0, R=30, W=30, U=0, E=0)
2026-07-02 02:25:42.609 INFO  <LFTransformation_fact_metas - extraer producto> [/jobs/Job_dim_fact.kjb  /jobs/ETLfact_Metas.ktr]  Finished processing (I=30, O=0, R=0, W=30, U=0, E=0)
2026-07-02 02:25:42.747 INFO  <LFTransformation_fact_metas - extraer dim_tiempo> [/jobs/Job_dim_fact.kjb  /jobs/ETLfact_Metas.ktr]  Finished reading query, closing connection
2026-07-02 02:25:42.748 INFO  <LFTransformation_fact_metas - extraer dim_tiempo2> [/jobs/Job_dim_fact.kjb  /jobs/ETLfact_Metas.ktr]  Finished reading query, closing connection
2026-07-02 02:25:42.762 INFO  <LFTransformation_fact_metas - extraer dim_tiempo2> [/jobs/Job_dim_fact.kjb  /jobs/ETLfact_Metas.ktr]  Finished processing (I=14976, O=0, R=0, W=14976, U=0, E=0)
2026-07-02 02:25:42.754 INFO  <LFTransformation_fact_metas - extraer dim_tiempo> [/jobs/Job_dim_fact.kjb  /jobs/ETLfact_Metas.ktr]  Finished processing (I=14976, O=0, R=0, W=14976, U=0, E=0)
2026-07-02 02:25:46.766 INFO  <LFTransformation_fact_metas - Microsoft Excel metas> [/jobs/Job_dim_fact.kjb  /jobs/ETLfact_Metas.ktr]  Finished processing (I=390, O=0, R=0, W=390, U=0, E=0)
2026-07-02 02:25:46.774 INFO  <LFTransformation_fact_metas - Sort cod_prod 2> [/jobs/Job_dim_fact.kjb  /jobs/ETLfact_Metas.ktr]  Finished processing (I=0, O=0, R=390, W=390, U=0, E=0)
2026-07-02 02:25:47.081 INFO  <LFTransformation_fact_metas - Merge join> [/jobs/Job_dim_fact.kjb  /jobs/ETLfact_Metas.ktr]  Finished processing (I=0, O=0, R=420, W=390, U=0, E=0)
2026-07-02 02:25:47.085 INFO  <LFTransformation_fact_metas - Quitar cod_prod y dejar SK> [/jobs/Job_dim_fact.kjb  /jobs/ETLfact_Metas.ktr]  Finished processing (I=0, O=0, R=390, W=390, U=0, E=0)
2026-07-02 02:25:47.091 INFO  <LFTransformation_fact_metas - Sort fecha_inicio> [/jobs/Job_dim_fact.kjb  /jobs/ETLfact_Metas.ktr]  Finished processing (I=0, O=0, R=390, W=390, U=0, E=0)
2026-07-02 02:25:47.119 INFO  <LFTransformation_fact_metas - Sort fecha_completa> [/jobs/Job_dim_fact.kjb  /jobs/ETLfact_Metas.ktr]  Finished processing (I=0, O=0, R=14976, W=14976, U=0, E=0)
2026-07-02 02:25:47.445 INFO  <LFTransformation_fact_metas - Merge join 2> [/jobs/Job_dim_fact.kjb  /jobs/ETLfact_Metas.ktr]  Finished processing (I=0, O=0, R=15366, W=0, U=0, E=0)
2026-07-02 02:25:47.742 INFO  <LFTransformation_fact_metas - Sort fecha_completa2> [/jobs/Job_dim_fact.kjb  /jobs/ETLfact_Metas.ktr]  Finished processing (I=0, O=0, R=14976, W=14976, U=0, E=0)
2026-07-02 02:25:47.893 INFO  <LFTransformation_fact_metas - Merge join 3> [/jobs/Job_dim_fact.kjb  /jobs/ETLfact_Metas.ktr]  Finished processing (I=0, O=0, R=14976, W=0, U=0, E=0)
2026-07-02 02:25:47.903 INFO  <Thread-8> [/jobs/Job_dim_fact.kjb]  Starting entry [ETL_fact_reg_contrato]
2026-07-02 02:25:48.121 INFO  <Thread-8> [/jobs/Job_dim_fact.kjb]  Using run configuration [Pentaho local]
2026-07-02 02:25:48.124 INFO  <Thread-8> [/jobs/Job_dim_fact.kjb  /jobs/ETLfact_Registro_Contrato.ktr]  Dispatching started for transformation [Transformacion FACT_Registro_Contrato]
2026-07-02 02:25:48.226 INFO  <init of Salida Tabla.0 (Thread-166)> [/jobs/Job_dim_fact.kjb  /jobs/ETLfact_Registro_Contrato.ktr]  Connected to database [Docker] (commit=1000)
2026-07-02 02:25:48.288 INFO  <Transformacion FACT_Registro_Contrato - Entrada Tabla dim_producto> [/jobs/Job_dim_fact.kjb  /jobs/ETLfact_Registro_Contrato.ktr]  Finished reading query, closing connection
2026-07-02 02:25:48.295 INFO  <Transformacion FACT_Registro_Contrato - Entrada Tabla dim_producto> [/jobs/Job_dim_fact.kjb  /jobs/ETLfact_Registro_Contrato.ktr]  Finished processing (I=30, O=0, R=0, W=30, U=0, E=0)
2026-07-02 02:25:48.299 INFO  <Transformacion FACT_Registro_Contrato - Entrada Tabla Dim_Cliente> [/jobs/Job_dim_fact.kjb  /jobs/ETLfact_Registro_Contrato.ktr]  Finished reading query, closing connection
2026-07-02 02:25:48.303 INFO  <Transformacion FACT_Registro_Contrato - Ordenar filas cod_cliente 2> [/jobs/Job_dim_fact.kjb  /jobs/ETLfact_Registro_Contrato.ktr]  Finished processing (I=0, O=0, R=300, W=300, U=0, E=0)
2026-07-02 02:25:48.313 INFO  <Transformacion FACT_Registro_Contrato - Entrada Tabla dim_contrato> [/jobs/Job_dim_fact.kjb  /jobs/ETLfact_Registro_Contrato.ktr]  Finished reading query, closing connection
2026-07-02 02:25:48.323 INFO  <Transformacion FACT_Registro_Contrato - Entrada Tabla Registro Contrato> [/jobs/Job_dim_fact.kjb  /jobs/ETLfact_Registro_Contrato.ktr]  Finished reading query, closing connection
2026-07-02 02:25:48.330 INFO  <Transformacion FACT_Registro_Contrato - Ordenar filas nro_contrato 2> [/jobs/Job_dim_fact.kjb  /jobs/ETLfact_Registro_Contrato.ktr]  Finished processing (I=0, O=0, R=1000, W=1000, U=0, E=0)
2026-07-02 02:25:48.321 INFO  <Transformacion FACT_Registro_Contrato - Ordenar filas descrip_estado> [/jobs/Job_dim_fact.kjb  /jobs/ETLfact_Registro_Contrato.ktr]  Finished processing (I=0, O=0, R=3, W=3, U=0, E=0)
2026-07-02 02:25:48.318 INFO  <Transformacion FACT_Registro_Contrato - Entrada Tabla dim_estado_contrato> [/jobs/Job_dim_fact.kjb  /jobs/ETLfact_Registro_Contrato.ktr]  Finished reading query, closing connection
2026-07-02 02:25:48.318 INFO  <Transformacion FACT_Registro_Contrato - Entrada Tabla Dim_Cliente> [/jobs/Job_dim_fact.kjb  /jobs/ETLfact_Registro_Contrato.ktr]  Finished processing (I=300, O=0, R=0, W=300, U=0, E=0)
2026-07-02 02:25:48.316 INFO  <Transformacion FACT_Registro_Contrato - Ordenar filas cod_producto 2> [/jobs/Job_dim_fact.kjb  /jobs/ETLfact_Registro_Contrato.ktr]  Finished processing (I=0, O=0, R=30, W=30, U=0, E=0)
2026-07-02 02:25:48.337 INFO  <Transformacion FACT_Registro_Contrato - Entrada Tabla dim_estado_contrato> [/jobs/Job_dim_fact.kjb  /jobs/ETLfact_Registro_Contrato.ktr]  Finished processing (I=3, O=0, R=0, W=3, U=0, E=0)
2026-07-02 02:25:48.327 INFO  <Transformacion FACT_Registro_Contrato - Entrada Tabla dim_contrato> [/jobs/Job_dim_fact.kjb  /jobs/ETLfact_Registro_Contrato.ktr]  Finished processing (I=1000, O=0, R=0, W=1000, U=0, E=0)
2026-07-02 02:25:48.334 INFO  <Transformacion FACT_Registro_Contrato - Entrada Tabla Registro Contrato> [/jobs/Job_dim_fact.kjb  /jobs/ETLfact_Registro_Contrato.ktr]  Finished processing (I=1000, O=0, R=0, W=1000, U=0, E=0)
2026-07-02 02:25:48.348 INFO  <Transformacion FACT_Registro_Contrato - Ordenar filas cod_cliente> [/jobs/Job_dim_fact.kjb  /jobs/ETLfact_Registro_Contrato.ktr]  Finished processing (I=0, O=0, R=1000, W=1000, U=0, E=0)
2026-07-02 02:25:48.408 INFO  <Transformacion FACT_Registro_Contrato - Entrada Tabla dim_tiempo> [/jobs/Job_dim_fact.kjb  /jobs/ETLfact_Registro_Contrato.ktr]  Finished reading query, closing connection
2026-07-02 02:25:48.416 INFO  <Transformacion FACT_Registro_Contrato - Entrada Tabla dim_tiempo> [/jobs/Job_dim_fact.kjb  /jobs/ETLfact_Registro_Contrato.ktr]  Finished processing (I=14976, O=0, R=0, W=29952, U=0, E=0)
2026-07-02 02:25:48.647 INFO  <Transformacion FACT_Registro_Contrato - Unión por clave> [/jobs/Job_dim_fact.kjb  /jobs/ETLfact_Registro_Contrato.ktr]  Finished processing (I=0, O=0, R=1300, W=0, U=0, E=0)
2026-07-02 02:25:49.006 INFO  <Transformacion FACT_Registro_Contrato - Unión por clave cod_producto> [/jobs/Job_dim_fact.kjb  /jobs/ETLfact_Registro_Contrato.ktr]  Finished processing (I=0, O=0, R=30, W=0, U=0, E=0)
2026-07-02 02:25:49.313 INFO  <Transformacion FACT_Registro_Contrato - Unión por clave nro_contrato> [/jobs/Job_dim_fact.kjb  /jobs/ETLfact_Registro_Contrato.ktr]  Finished processing (I=0, O=0, R=1000, W=0, U=0, E=0)
2026-07-02 02:25:49.630 INFO  <Transformacion FACT_Registro_Contrato - Unión por clave estado_contrato> [/jobs/Job_dim_fact.kjb  /jobs/ETLfact_Registro_Contrato.ktr]  Finished processing (I=0, O=0, R=3, W=0, U=0, E=0)
2026-07-02 02:25:49.830 INFO  <Transformacion FACT_Registro_Contrato - Ordenar filas dim_tiempo> [/jobs/Job_dim_fact.kjb  /jobs/ETLfact_Registro_Contrato.ktr]  Finished processing (I=0, O=0, R=14976, W=14976, U=0, E=0)
2026-07-02 02:25:49.982 INFO  <Transformacion FACT_Registro_Contrato - Unión por clave fecha inicio> [/jobs/Job_dim_fact.kjb  /jobs/ETLfact_Registro_Contrato.ktr]  Finished processing (I=0, O=0, R=14976, W=0, U=0, E=0)
2026-07-02 02:25:50.137 INFO  <Transformacion FACT_Registro_Contrato - Ordenar filas dim_tiempo 2> [/jobs/Job_dim_fact.kjb  /jobs/ETLfact_Registro_Contrato.ktr]  Finished processing (I=0, O=0, R=14976, W=14976, U=0, E=0)
2026-07-02 02:25:50.289 INFO  <Transformacion FACT_Registro_Contrato - Unión por clave fecha fin> [/jobs/Job_dim_fact.kjb  /jobs/ETLfact_Registro_Contrato.ktr]  Finished processing (I=0, O=0, R=14976, W=0, U=0, E=0)
2026-07-02 02:25:50.298 INFO  <Thread-8> [/jobs/Job_dim_fact.kjb]  Starting entry [ETL fact_reg_siniestro]
2026-07-02 02:25:50.757 INFO  <Thread-8> [/jobs/Job_dim_fact.kjb]  Using run configuration [Pentaho local]
2026-07-02 02:25:50.761 INFO  <Thread-8> [/jobs/Job_dim_fact.kjb  /jobs/ETLfact_Registro_Siniestro.ktr]  Dispatching started for transformation [Transformacion Fact_Registro_Siniestro]
2026-07-02 02:25:50.995 INFO  <Transformacion Fact_Registro_Siniestro - Entrada Tabla dim_contrato> [/jobs/Job_dim_fact.kjb  /jobs/ETLfact_Registro_Siniestro.ktr]  Finished reading query, closing connection
2026-07-02 02:25:51.005 INFO  <Transformacion Fact_Registro_Siniestro - Entrada Tabla cliente> [/jobs/Job_dim_fact.kjb  /jobs/ETLfact_Registro_Siniestro.ktr]  Finished reading query, closing connection
2026-07-02 02:25:51.010 INFO  <Transformacion Fact_Registro_Siniestro - Ordenar filas codigo cliente> [/jobs/Job_dim_fact.kjb  /jobs/ETLfact_Registro_Siniestro.ktr]  Finished processing (I=0, O=0, R=300, W=300, U=0, E=0)
2026-07-02 02:25:51.013 INFO  <Transformacion Fact_Registro_Siniestro - Entrada Tabla dim_siniestro> [/jobs/Job_dim_fact.kjb  /jobs/ETLfact_Registro_Siniestro.ktr]  Finished reading query, closing connection
2026-07-02 02:25:51.020 INFO  <Transformacion Fact_Registro_Siniestro - Ordenar filas nro_contrato> [/jobs/Job_dim_fact.kjb  /jobs/ETLfact_Registro_Siniestro.ktr]  Finished processing (I=0, O=0, R=1000, W=1000, U=0, E=0)
2026-07-02 02:25:51.024 INFO  <Transformacion Fact_Registro_Siniestro - Entrada Tabla dim sucursal> [/jobs/Job_dim_fact.kjb  /jobs/ETLfact_Registro_Siniestro.ktr]  Finished reading query, closing connection
2026-07-02 02:25:51.028 INFO  <Transformacion Fact_Registro_Siniestro - Entrada Tabla Fact_Registro_Siniestro> [/jobs/Job_dim_fact.kjb  /jobs/ETLfact_Registro_Siniestro.ktr]  Finished reading query, closing connection
2026-07-02 02:25:51.031 INFO  <Transformacion Fact_Registro_Siniestro - Entrada Tabla Fact_Registro_Siniestro> [/jobs/Job_dim_fact.kjb  /jobs/ETLfact_Registro_Siniestro.ktr]  Finished processing (I=1000, O=0, R=0, W=1000, U=0, E=0)
2026-07-02 02:25:51.033 INFO  <Transformacion Fact_Registro_Siniestro - Ordenar filas sucursal 2> [/jobs/Job_dim_fact.kjb  /jobs/ETLfact_Registro_Siniestro.ktr]  Finished processing (I=0, O=0, R=30, W=30, U=0, E=0)
2026-07-02 02:25:51.041 INFO  <Transformacion Fact_Registro_Siniestro - Entrada Tabla cliente> [/jobs/Job_dim_fact.kjb  /jobs/ETLfact_Registro_Siniestro.ktr]  Finished processing (I=300, O=0, R=0, W=300, U=0, E=0)
2026-07-02 02:25:51.042 INFO  <Transformacion Fact_Registro_Siniestro - Entrada Tabla dim_contrato> [/jobs/Job_dim_fact.kjb  /jobs/ETLfact_Registro_Siniestro.ktr]  Finished processing (I=1000, O=0, R=0, W=1000, U=0, E=0)
2026-07-02 02:25:51.041 INFO  <Transformacion Fact_Registro_Siniestro - Ordenar filas nro_siniestro> [/jobs/Job_dim_fact.kjb  /jobs/ETLfact_Registro_Siniestro.ktr]  Finished processing (I=0, O=0, R=20, W=20, U=0, E=0)
2026-07-02 02:25:51.057 INFO  <Transformacion Fact_Registro_Siniestro - Entrada Tabla dim_cliente> [/jobs/Job_dim_fact.kjb  /jobs/ETLfact_Registro_Siniestro.ktr]  Finished reading query, closing connection
2026-07-02 02:25:51.059 INFO  <Transformacion Fact_Registro_Siniestro - Entrada Tabla Registro Contrato> [/jobs/Job_dim_fact.kjb  /jobs/ETLfact_Registro_Siniestro.ktr]  Finished reading query, closing connection
2026-07-02 02:25:51.058 INFO  <Transformacion Fact_Registro_Siniestro - Entrada Tabla dim_siniestro> [/jobs/Job_dim_fact.kjb  /jobs/ETLfact_Registro_Siniestro.ktr]  Finished processing (I=20, O=0, R=0, W=20, U=0, E=0)
2026-07-02 02:25:51.065 INFO  <Transformacion Fact_Registro_Siniestro - Entrada Tabla dim sucursal> [/jobs/Job_dim_fact.kjb  /jobs/ETLfact_Registro_Siniestro.ktr]  Finished processing (I=30, O=0, R=0, W=30, U=0, E=0)
2026-07-02 02:25:51.068 INFO  <Transformacion Fact_Registro_Siniestro - Ordenar filas siniestro> [/jobs/Job_dim_fact.kjb  /jobs/ETLfact_Registro_Siniestro.ktr]  Finished processing (I=0, O=0, R=1000, W=1000, U=0, E=0)
2026-07-02 02:25:51.075 INFO  <Transformacion Fact_Registro_Siniestro - Ordenar filas codigo cliente 2> [/jobs/Job_dim_fact.kjb  /jobs/ETLfact_Registro_Siniestro.ktr]  Finished processing (I=0, O=0, R=300, W=300, U=0, E=0)
2026-07-02 02:25:51.080 INFO  <Transformacion Fact_Registro_Siniestro - Entrada Tabla dim_cliente> [/jobs/Job_dim_fact.kjb  /jobs/ETLfact_Registro_Siniestro.ktr]  Finished processing (I=300, O=0, R=0, W=300, U=0, E=0)
2026-07-02 02:25:51.075 INFO  <Transformacion Fact_Registro_Siniestro - Entrada Tabla Registro Contrato> [/jobs/Job_dim_fact.kjb  /jobs/ETLfact_Registro_Siniestro.ktr]  Finished processing (I=1000, O=0, R=0, W=1000, U=0, E=0)
2026-07-02 02:25:51.096 INFO  <Transformacion Fact_Registro_Siniestro - Ordenar filas producto 2> [/jobs/Job_dim_fact.kjb  /jobs/ETLfact_Registro_Siniestro.ktr]  Finished processing (I=0, O=0, R=30, W=30, U=0, E=0)
2026-07-02 02:25:51.092 INFO  <Transformacion Fact_Registro_Siniestro - Ordenar filas cliente> [/jobs/Job_dim_fact.kjb  /jobs/ETLfact_Registro_Siniestro.ktr]  Finished processing (I=0, O=0, R=1000, W=1000, U=0, E=0)
2026-07-02 02:25:51.090 INFO  <Transformacion Fact_Registro_Siniestro - Entrada Tabla dim_producto> [/jobs/Job_dim_fact.kjb  /jobs/ETLfact_Registro_Siniestro.ktr]  Finished reading query, closing connection
2026-07-02 02:25:51.109 INFO  <Transformacion Fact_Registro_Siniestro - Entrada Tabla dim_producto> [/jobs/Job_dim_fact.kjb  /jobs/ETLfact_Registro_Siniestro.ktr]  Finished processing (I=30, O=0, R=0, W=30, U=0, E=0)
2026-07-02 02:25:51.157 INFO  <Transformacion Fact_Registro_Siniestro - Entrada Tabla fechas> [/jobs/Job_dim_fact.kjb  /jobs/ETLfact_Registro_Siniestro.ktr]  Finished reading query, closing connection
2026-07-02 02:25:51.167 INFO  <Transformacion Fact_Registro_Siniestro - Entrada Tabla fechas> [/jobs/Job_dim_fact.kjb  /jobs/ETLfact_Registro_Siniestro.ktr]  Finished processing (I=14976, O=0, R=0, W=29952, U=0, E=0)
2026-07-02 02:25:51.371 INFO  <Transformacion Fact_Registro_Siniestro - Unión por clave codigo cliente> [/jobs/Job_dim_fact.kjb  /jobs/ETLfact_Registro_Siniestro.ktr]  Finished processing (I=0, O=0, R=600, W=0, U=0, E=0)
2026-07-02 02:25:51.371 INFO  <Transformacion Fact_Registro_Siniestro - Unión por clave sinistro> [/jobs/Job_dim_fact.kjb  /jobs/ETLfact_Registro_Siniestro.ktr]  Finished processing (I=0, O=0, R=1020, W=0, U=0, E=0)
2026-07-02 02:25:51.753 INFO  <Transformacion Fact_Registro_Siniestro - Unión por clave sucursal> [/jobs/Job_dim_fact.kjb  /jobs/ETLfact_Registro_Siniestro.ktr]  Finished processing (I=0, O=0, R=30, W=0, U=0, E=0)
2026-07-02 02:25:51.799 INFO  <Transformacion Fact_Registro_Siniestro - Unión por clave contrato> [/jobs/Job_dim_fact.kjb  /jobs/ETLfact_Registro_Siniestro.ktr]  Finished processing (I=0, O=0, R=1000, W=0, U=0, E=0)
2026-07-02 02:25:52.086 INFO  <Transformacion Fact_Registro_Siniestro - Unión por clave cliente> [/jobs/Job_dim_fact.kjb  /jobs/ETLfact_Registro_Siniestro.ktr]  Finished processing (I=0, O=0, R=1000, W=0, U=0, E=0)
2026-07-02 02:25:52.399 INFO  <Transformacion Fact_Registro_Siniestro - Unión por clave producto> [/jobs/Job_dim_fact.kjb  /jobs/ETLfact_Registro_Siniestro.ktr]  Finished processing (I=0, O=0, R=30, W=0, U=0, E=0)
2026-07-02 02:25:52.683 INFO  <Transformacion Fact_Registro_Siniestro - Ordenar filas fecha completa> [/jobs/Job_dim_fact.kjb  /jobs/ETLfact_Registro_Siniestro.ktr]  Finished processing (I=0, O=0, R=14976, W=14976, U=0, E=0)
2026-07-02 02:25:52.834 INFO  <Transformacion Fact_Registro_Siniestro - Unión por clave fecha_siniestro> [/jobs/Job_dim_fact.kjb  /jobs/ETLfact_Registro_Siniestro.ktr]  Finished processing (I=0, O=0, R=14976, W=0, U=0, E=0)
2026-07-02 02:25:52.989 INFO  <Transformacion Fact_Registro_Siniestro - Ordenar filas fecha completa 2> [/jobs/Job_dim_fact.kjb  /jobs/ETLfact_Registro_Siniestro.ktr]  Finished processing (I=0, O=0, R=14976, W=14976, U=0, E=0)
2026-07-02 02:25:53.140 INFO  <Transformacion Fact_Registro_Siniestro - Unión por clave fecha respuesta> [/jobs/Job_dim_fact.kjb  /jobs/ETLfact_Registro_Siniestro.ktr]  Finished processing (I=0, O=0, R=14976, W=0, U=0, E=0)
2026-07-02 02:25:53.150 INFO  <Thread-8> [/jobs/Job_dim_fact.kjb]  Starting entry [ETL fact_eval_servicio]
2026-07-02 02:25:53.353 INFO  <Thread-8> [/jobs/Job_dim_fact.kjb]  Using run configuration [Pentaho local]
2026-07-02 02:25:53.355 INFO  <Thread-8> [/jobs/Job_dim_fact.kjb  /jobs/ETLfact_Evaluacion_Servicio.ktr]  Dispatching started for transformation [Transformacion Fact_Evaluacion_Servicio]
2026-07-02 02:25:53.458 INFO  <Transformacion Fact_Evaluacion_Servicio - Entrada Tabla dim producto> [/jobs/Job_dim_fact.kjb  /jobs/ETLfact_Evaluacion_Servicio.ktr]  Finished reading query, closing connection
2026-07-02 02:25:53.465 INFO  <Transformacion Fact_Evaluacion_Servicio - Entrada Tabla dim cliente> [/jobs/Job_dim_fact.kjb  /jobs/ETLfact_Evaluacion_Servicio.ktr]  Finished reading query, closing connection
2026-07-02 02:25:53.466 INFO  <Transformacion Fact_Evaluacion_Servicio - Ordenar filas cod_producto> [/jobs/Job_dim_fact.kjb  /jobs/ETLfact_Evaluacion_Servicio.ktr]  Finished processing (I=0, O=0, R=30, W=30, U=0, E=0)
2026-07-02 02:25:53.473 INFO  <Transformacion Fact_Evaluacion_Servicio - Ordenar filas cod_cliente> [/jobs/Job_dim_fact.kjb  /jobs/ETLfact_Evaluacion_Servicio.ktr]  Finished processing (I=0, O=0, R=300, W=300, U=0, E=0)
2026-07-02 02:25:53.471 INFO  <Transformacion Fact_Evaluacion_Servicio - Entrada Tabla dim cliente> [/jobs/Job_dim_fact.kjb  /jobs/ETLfact_Evaluacion_Servicio.ktr]  Finished processing (I=300, O=0, R=0, W=300, U=0, E=0)
2026-07-02 02:25:53.472 INFO  <Transformacion Fact_Evaluacion_Servicio - Entrada Tabla dim producto> [/jobs/Job_dim_fact.kjb  /jobs/ETLfact_Evaluacion_Servicio.ktr]  Finished processing (I=30, O=0, R=0, W=30, U=0, E=0)
2026-07-02 02:25:53.484 INFO  <Transformacion Fact_Evaluacion_Servicio - Entrada Tabla dim evaluacion servicio> [/jobs/Job_dim_fact.kjb  /jobs/ETLfact_Evaluacion_Servicio.ktr]  Finished reading query, closing connection
2026-07-02 02:25:53.484 INFO  <Transformacion Fact_Evaluacion_Servicio - Entrada Tabla recomienda> [/jobs/Job_dim_fact.kjb  /jobs/ETLfact_Evaluacion_Servicio.ktr]  Finished reading query, closing connection
2026-07-02 02:25:53.494 INFO  <Transformacion Fact_Evaluacion_Servicio - Ordenar filas codigo producto> [/jobs/Job_dim_fact.kjb  /jobs/ETLfact_Evaluacion_Servicio.ktr]  Finished processing (I=0, O=0, R=500, W=500, U=0, E=0)
2026-07-02 02:25:53.488 INFO  <Transformacion Fact_Evaluacion_Servicio - Ordenar filas 2 evaluacion servicio> [/jobs/Job_dim_fact.kjb  /jobs/ETLfact_Evaluacion_Servicio.ktr]  Finished processing (I=0, O=0, R=6, W=6, U=0, E=0)
2026-07-02 02:25:53.503 INFO  <Transformacion Fact_Evaluacion_Servicio - Entrada Tabla recomienda> [/jobs/Job_dim_fact.kjb  /jobs/ETLfact_Evaluacion_Servicio.ktr]  Finished processing (I=500, O=0, R=0, W=500, U=0, E=0)
2026-07-02 02:25:53.493 INFO  <Transformacion Fact_Evaluacion_Servicio - Entrada Tabla dim evaluacion servicio> [/jobs/Job_dim_fact.kjb  /jobs/ETLfact_Evaluacion_Servicio.ktr]  Finished processing (I=6, O=0, R=0, W=6, U=0, E=0)
2026-07-02 02:25:53.526 INFO  <Transformacion Fact_Evaluacion_Servicio - Entrada Tabla dim_tiempo> [/jobs/Job_dim_fact.kjb  /jobs/ETLfact_Evaluacion_Servicio.ktr]  Finished reading query, closing connection
2026-07-02 02:25:53.532 INFO  <Transformacion Fact_Evaluacion_Servicio - Entrada Tabla dim_tiempo> [/jobs/Job_dim_fact.kjb  /jobs/ETLfact_Evaluacion_Servicio.ktr]  Finished processing (I=14976, O=0, R=0, W=14976, U=0, E=0)
2026-07-02 02:25:53.811 INFO  <Transformacion Fact_Evaluacion_Servicio - Unión por clave codigo pruducto> [/jobs/Job_dim_fact.kjb  /jobs/ETLfact_Evaluacion_Servicio.ktr]  Finished processing (I=0, O=0, R=530, W=500, U=0, E=0)
2026-07-02 02:25:53.817 INFO  <Transformacion Fact_Evaluacion_Servicio - Ordenar filas codigo cliente> [/jobs/Job_dim_fact.kjb  /jobs/ETLfact_Evaluacion_Servicio.ktr]  Finished processing (I=0, O=0, R=500, W=500, U=0, E=0)
2026-07-02 02:25:54.119 INFO  <Transformacion Fact_Evaluacion_Servicio - Unión por clave codigo cliente> [/jobs/Job_dim_fact.kjb  /jobs/ETLfact_Evaluacion_Servicio.ktr]  Finished processing (I=0, O=0, R=800, W=0, U=0, E=0)
2026-07-02 02:25:54.456 INFO  <Transformacion Fact_Evaluacion_Servicio - Unión por clave evaluacion servicio> [/jobs/Job_dim_fact.kjb  /jobs/ETLfact_Evaluacion_Servicio.ktr]  Finished processing (I=0, O=0, R=6, W=0, U=0, E=0)
2026-07-02 02:25:54.676 INFO  <Transformacion Fact_Evaluacion_Servicio - Ordenar filas fecha completa> [/jobs/Job_dim_fact.kjb  /jobs/ETLfact_Evaluacion_Servicio.ktr]  Finished processing (I=0, O=0, R=14976, W=14976, U=0, E=0)
2026-07-02 02:25:54.827 INFO  <Transformacion Fact_Evaluacion_Servicio - Unión por clave fecha> [/jobs/Job_dim_fact.kjb  /jobs/ETLfact_Evaluacion_Servicio.ktr]  Finished processing (I=0, O=0, R=14976, W=0, U=0, E=0)
2026-07-02 02:25:54.838 INFO  <Thread-8> [/jobs/Job_dim_fact.kjb]  Finished job entry [ETL fact_eval_servicio] (result=[true])
2026-07-02 02:25:54.841 INFO  <Thread-8> [/jobs/Job_dim_fact.kjb]  Finished job entry [ETL fact_reg_siniestro] (result=[true])
2026-07-02 02:25:54.842 INFO  <Thread-8> [/jobs/Job_dim_fact.kjb]  Finished job entry [ETL_fact_reg_contrato] (result=[true])
2026-07-02 02:25:54.844 INFO  <Thread-8> [/jobs/Job_dim_fact.kjb]  Finished job entry [ETL_fact_metas] (result=[true])
2026-07-02 02:25:54.846 INFO  <Thread-8> [/jobs/Job_dim_fact.kjb]  Finished job entry [ETL dim_siniestro] (result=[true])
2026-07-02 02:25:54.847 INFO  <Thread-8> [/jobs/Job_dim_fact.kjb]  Finished job entry [ETL dim_sucursal] (result=[true])
2026-07-02 02:25:54.849 INFO  <Thread-8> [/jobs/Job_dim_fact.kjb]  Finished job entry [ETL dim_estado_contrato] (result=[true])
2026-07-02 02:25:54.851 INFO  <Thread-8> [/jobs/Job_dim_fact.kjb]  Finished job entry [ELT dim_contrato] (result=[true])
2026-07-02 02:25:54.852 INFO  <Thread-8> [/jobs/Job_dim_fact.kjb]  Finished job entry [ETL dim_eval_servicio] (result=[true])
2026-07-02 02:25:54.854 INFO  <Thread-8> [/jobs/Job_dim_fact.kjb]  Finished job entry [ETL dim_cliente] (result=[true])
2026-07-02 02:25:54.856 INFO  <Thread-8> [/jobs/Job_dim_fact.kjb]  Finished job entry [ETL dim_producto] (result=[true])
2026-07-02 02:25:54.857 INFO  <Thread-8> [/jobs/Job_dim_fact.kjb]  Finished job entry [ETL dim_tiempo] (result=[true])
2026-07-02 02:25:54.860 WARN  <Thread-8> [/jobs/Job_dim_fact.kjb]  Job execution finished
2026-07-02 02:33:30.911 WARN  <Thread-7> [/jobs/Job_dim_fact.kjb]  Start of job execution
2026-07-02 02:33:31.470 INFO  <Thread-7> [/jobs/Job_dim_fact.kjb]  Starting entry [ETL dim_tiempo]
2026-07-02 02:33:33.474 INFO  <Thread-7> [/jobs/Job_dim_fact.kjb]  Using run configuration [Pentaho local]
2026-07-02 02:33:33.546 INFO  <Thread-7> [/jobs/Job_dim_fact.kjb  /jobs/ETLdim_Tiempo.ktr]  Dispatching started for transformation [Transformacion Dim_Tiempo]
2026-07-02 02:33:36.452 INFO  <Transformacion Dim_Tiempo - Generate rows> [/jobs/Job_dim_fact.kjb  /jobs/ETLdim_Tiempo.ktr]  Finished processing (I=0, O=0, R=0, W=14976, U=0, E=0)
2026-07-02 02:33:36.611 INFO  <Transformacion Dim_Tiempo - suma_dias> [/jobs/Job_dim_fact.kjb  /jobs/ETLdim_Tiempo.ktr]  Finished processing (I=0, O=0, R=14976, W=14976, U=0, E=0)
2026-07-02 02:33:36.722 INFO  <Transformacion Dim_Tiempo - Calculator> [/jobs/Job_dim_fact.kjb  /jobs/ETLdim_Tiempo.ktr]  Finished processing (I=0, O=0, R=14976, W=14976, U=0, E=0)
2026-07-02 02:33:40.092 INFO  <Transformacion Dim_Tiempo - Select values> [/jobs/Job_dim_fact.kjb  /jobs/ETLdim_Tiempo.ktr]  Finished processing (I=0, O=0, R=14976, W=14976, U=0, E=0)
2026-07-02 02:33:40.937 INFO  <Transformacion Dim_Tiempo - Extraccion de año> [/jobs/Job_dim_fact.kjb  /jobs/ETLdim_Tiempo.ktr]  Finished processing (I=0, O=0, R=14976, W=14976, U=0, E=0)
2026-07-02 02:33:41.020 INFO  <Transformacion Dim_Tiempo - Extraccion de mes> [/jobs/Job_dim_fact.kjb  /jobs/ETLdim_Tiempo.ktr]  Finished processing (I=0, O=0, R=14976, W=14976, U=0, E=0)
2026-07-02 02:33:41.113 INFO  <Transformacion Dim_Tiempo - Extraccion dia año> [/jobs/Job_dim_fact.kjb  /jobs/ETLdim_Tiempo.ktr]  Finished processing (I=0, O=0, R=14976, W=14976, U=0, E=0)
2026-07-02 02:33:41.274 INFO  <Transformacion Dim_Tiempo - Extraccion dia mes> [/jobs/Job_dim_fact.kjb  /jobs/ETLdim_Tiempo.ktr]  Finished processing (I=0, O=0, R=14976, W=14976, U=0, E=0)
2026-07-02 02:33:41.286 INFO  <Transformacion Dim_Tiempo - Extraccion dia semana> [/jobs/Job_dim_fact.kjb  /jobs/ETLdim_Tiempo.ktr]  Finished processing (I=0, O=0, R=14976, W=14976, U=0, E=0)
2026-07-02 02:33:41.458 INFO  <Transformacion Dim_Tiempo - Extraccion semana> [/jobs/Job_dim_fact.kjb  /jobs/ETLdim_Tiempo.ktr]  Finished processing (I=0, O=0, R=14976, W=14976, U=0, E=0)
2026-07-02 02:33:41.460 INFO  <Transformacion Dim_Tiempo - Mapeo de valores Des_dia_semana> [/jobs/Job_dim_fact.kjb  /jobs/ETLdim_Tiempo.ktr]  Finished processing (I=0, O=0, R=14976, W=14976, U=0, E=0)
2026-07-02 02:33:41.468 INFO  <Transformacion Dim_Tiempo - Mapeo de valores desc_mes_corta> [/jobs/Job_dim_fact.kjb  /jobs/ETLdim_Tiempo.ktr]  Finished processing (I=0, O=0, R=14976, W=14976, U=0, E=0)
2026-07-02 02:33:41.465 INFO  <Transformacion Dim_Tiempo - Mapeo de valores desc_mes> [/jobs/Job_dim_fact.kjb  /jobs/ETLdim_Tiempo.ktr]  Finished processing (I=0, O=0, R=14976, W=14976, U=0, E=0)
2026-07-02 02:33:41.462 INFO  <Transformacion Dim_Tiempo - Mapeo de valores desc_dia_semana_corta> [/jobs/Job_dim_fact.kjb  /jobs/ETLdim_Tiempo.ktr]  Finished processing (I=0, O=0, R=14976, W=14976, U=0, E=0)
2026-07-02 02:33:41.480 INFO  <Transformacion Dim_Tiempo - Formula desc_trimestre> [/jobs/Job_dim_fact.kjb  /jobs/ETLdim_Tiempo.ktr]  Finished processing (I=0, O=0, R=14976, W=14976, U=0, E=0)
2026-07-02 02:34:02.178 INFO  <Transformacion Dim_Tiempo - Formula desc_semestre> [/jobs/Job_dim_fact.kjb  /jobs/ETLdim_Tiempo.ktr]  Finished processing (I=0, O=0, R=14976, W=14976, U=0, E=0)
2026-07-02 02:34:59.154 INFO  <Transformacion Dim_Tiempo - Insert / update> [/jobs/Job_dim_fact.kjb  /jobs/ETLdim_Tiempo.ktr]  Finished processing (I=14976, O=14976, R=14976, W=14976, U=0, E=0)
2026-07-02 02:34:59.191 INFO  <Thread-7> [/jobs/Job_dim_fact.kjb]  Starting entry [ETL dim_producto]
2026-07-02 02:34:59.437 INFO  <Thread-7> [/jobs/Job_dim_fact.kjb]  Using run configuration [Pentaho local]
2026-07-02 02:34:59.442 INFO  <Thread-7> [/jobs/Job_dim_fact.kjb  /jobs/ETLdim_Producto.ktr]  Dispatching started for transformation [Transformacion ProductoLF]
2026-07-02 02:34:59.698 INFO  <init of Salida Tabla.0 (Thread-52)> [/jobs/Job_dim_fact.kjb  /jobs/ETLdim_Producto.ktr]  Connected to database [Docker] (commit=1000)
2026-07-02 02:34:59.766 INFO  <Transformacion ProductoLF - Entrada Tabla Tipo Producto> [/jobs/Job_dim_fact.kjb  /jobs/ETLdim_Producto.ktr]  Finished reading query, closing connection
2026-07-02 02:34:59.773 INFO  <Transformacion ProductoLF - Entrada Tabla Tipo Producto> [/jobs/Job_dim_fact.kjb  /jobs/ETLdim_Producto.ktr]  Finished processing (I=4, O=0, R=0, W=4, U=0, E=0)
2026-07-02 02:34:59.784 INFO  <Transformacion ProductoLF - Entrada Tabla Producto> [/jobs/Job_dim_fact.kjb  /jobs/ETLdim_Producto.ktr]  Finished reading query, closing connection
2026-07-02 02:34:59.789 INFO  <Transformacion ProductoLF - Entrada Tabla Producto> [/jobs/Job_dim_fact.kjb  /jobs/ETLdim_Producto.ktr]  Finished processing (I=30, O=0, R=0, W=30, U=0, E=0)
2026-07-02 02:34:59.822 INFO  <Transformacion ProductoLF - Ordenar filas> [/jobs/Job_dim_fact.kjb  /jobs/ETLdim_Producto.ktr]  Finished processing (I=0, O=0, R=4, W=4, U=0, E=0)
2026-07-02 02:34:59.823 INFO  <Transformacion ProductoLF - Ordenar filas 2> [/jobs/Job_dim_fact.kjb  /jobs/ETLdim_Producto.ktr]  Finished processing (I=0, O=0, R=30, W=30, U=0, E=0)
2026-07-02 02:35:00.129 INFO  <Transformacion ProductoLF - Unión por clave> [/jobs/Job_dim_fact.kjb  /jobs/ETLdim_Producto.ktr]  Finished processing (I=0, O=0, R=34, W=30, U=0, E=0)
2026-07-02 02:35:00.135 INFO  <Transformacion ProductoLF - Ordenar filas 3> [/jobs/Job_dim_fact.kjb  /jobs/ETLdim_Producto.ktr]  Finished processing (I=0, O=0, R=30, W=30, U=0, E=0)
2026-07-02 02:35:00.138 INFO  <Transformacion ProductoLF - Strings cut> [/jobs/Job_dim_fact.kjb  /jobs/ETLdim_Producto.ktr]  Finished processing (I=0, O=0, R=30, W=30, U=0, E=0)
2026-07-02 02:35:00.187 INFO  <Transformacion ProductoLF - Insert / update> [/jobs/Job_dim_fact.kjb  /jobs/ETLdim_Producto.ktr]  Finished processing (I=30, O=0, R=30, W=30, U=0, E=0)
2026-07-02 02:35:00.204 INFO  <Thread-7> [/jobs/Job_dim_fact.kjb]  Starting entry [ETL dim_cliente]
2026-07-02 02:35:00.337 INFO  <Thread-7> [/jobs/Job_dim_fact.kjb]  Using run configuration [Pentaho local]
2026-07-02 02:35:00.347 INFO  <Thread-7> [/jobs/Job_dim_fact.kjb  /jobs/ETLdim_Cliente.ktr]  Dispatching started for transformation [Transformacion ClienteLF]
2026-07-02 02:35:00.418 INFO  <init of Salida Tabla.0 (Thread-65)> [/jobs/Job_dim_fact.kjb  /jobs/ETLdim_Cliente.ktr]  Connected to database [Docker] (commit=1000)
2026-07-02 02:35:00.491 INFO  <Transformacion ClienteLF - Entrada Tabla> [/jobs/Job_dim_fact.kjb  /jobs/ETLdim_Cliente.ktr]  Finished reading query, closing connection
2026-07-02 02:35:00.494 INFO  <Transformacion ClienteLF - Selecciona/Renombra valores> [/jobs/Job_dim_fact.kjb  /jobs/ETLdim_Cliente.ktr]  Finished processing (I=0, O=0, R=300, W=300, U=0, E=0)
2026-07-02 02:35:00.500 INFO  <Transformacion ClienteLF - Entrada Tabla> [/jobs/Job_dim_fact.kjb  /jobs/ETLdim_Cliente.ktr]  Finished processing (I=300, O=0, R=0, W=300, U=0, E=0)
2026-07-02 02:35:00.827 INFO  <Transformacion ClienteLF - SalidaActualizada> [/jobs/Job_dim_fact.kjb  /jobs/ETLdim_Cliente.ktr]  Finished processing (I=300, O=300, R=300, W=300, U=0, E=0)
2026-07-02 02:35:00.835 INFO  <Thread-7> [/jobs/Job_dim_fact.kjb]  Starting entry [ETL dim_eval_servicio]
2026-07-02 02:35:00.909 INFO  <Thread-7> [/jobs/Job_dim_fact.kjb]  Using run configuration [Pentaho local]
2026-07-02 02:35:00.917 INFO  <Thread-7> [/jobs/Job_dim_fact.kjb  /jobs/ETLdim_Evaluacion_Servicio.ktr]  Dispatching started for transformation [Transformacion Evaluacion ServicioLF]
2026-07-02 02:35:00.999 INFO  <Transformacion Evaluacion ServicioLF - Entrada Tabla Evaluacion_Servicio> [/jobs/Job_dim_fact.kjb  /jobs/ETLdim_Evaluacion_Servicio.ktr]  Finished reading query, closing connection
2026-07-02 02:35:01.006 INFO  <Transformacion Evaluacion ServicioLF - Entrada Tabla Evaluacion_Servicio> [/jobs/Job_dim_fact.kjb  /jobs/ETLdim_Evaluacion_Servicio.ktr]  Finished processing (I=6, O=0, R=0, W=6, U=0, E=0)
2026-07-02 02:35:01.039 INFO  <Transformacion Evaluacion ServicioLF - Insert / update> [/jobs/Job_dim_fact.kjb  /jobs/ETLdim_Evaluacion_Servicio.ktr]  Finished processing (I=6, O=6, R=6, W=6, U=0, E=0)
2026-07-02 02:35:01.049 INFO  <Thread-7> [/jobs/Job_dim_fact.kjb]  Starting entry [ELT dim_contrato]
2026-07-02 02:35:01.119 INFO  <Thread-7> [/jobs/Job_dim_fact.kjb]  Using run configuration [Pentaho local]
2026-07-02 02:35:01.123 INFO  <Thread-7> [/jobs/Job_dim_fact.kjb  /jobs/ETLdim_Contrato.ktr]  Dispatching started for transformation [Transformacion_ContratoLF]
2026-07-02 02:35:01.219 INFO  <Transformacion_ContratoLF - Entrada Tabla> [/jobs/Job_dim_fact.kjb  /jobs/ETLdim_Contrato.ktr]  Finished reading query, closing connection
2026-07-02 02:35:01.227 INFO  <Transformacion_ContratoLF - Entrada Tabla> [/jobs/Job_dim_fact.kjb  /jobs/ETLdim_Contrato.ktr]  Finished processing (I=1000, O=0, R=0, W=1000, U=0, E=0)
2026-07-02 02:35:02.033 INFO  <Transformacion_ContratoLF - Insert / update> [/jobs/Job_dim_fact.kjb  /jobs/ETLdim_Contrato.ktr]  Finished processing (I=1000, O=1000, R=1000, W=1000, U=0, E=0)
2026-07-02 02:35:02.043 INFO  <Thread-7> [/jobs/Job_dim_fact.kjb]  Starting entry [ETL dim_estado_contrato]
2026-07-02 02:35:02.203 INFO  <Thread-7> [/jobs/Job_dim_fact.kjb]  Using run configuration [Pentaho local]
2026-07-02 02:35:02.207 INFO  <Thread-7> [/jobs/Job_dim_fact.kjb  /jobs/ETLdim_Estado_Contrato.ktr]  Dispatching started for transformation [Transformacion Estado ContratoLF]
2026-07-02 02:35:02.376 INFO  <Transformacion Estado ContratoLF - Entrada Tabla Estado Contrato> [/jobs/Job_dim_fact.kjb  /jobs/ETLdim_Estado_Contrato.ktr]  Finished reading query, closing connection
2026-07-02 02:35:02.383 INFO  <Transformacion Estado ContratoLF - Seleccionar Estado Contrato> [/jobs/Job_dim_fact.kjb  /jobs/ETLdim_Estado_Contrato.ktr]  Finished processing (I=0, O=0, R=1000, W=1000, U=0, E=0)
2026-07-02 02:35:02.384 INFO  <Transformacion Estado ContratoLF - Entrada Tabla Estado Contrato> [/jobs/Job_dim_fact.kjb  /jobs/ETLdim_Estado_Contrato.ktr]  Finished processing (I=1000, O=0, R=0, W=1000, U=0, E=0)
2026-07-02 02:35:02.420 INFO  <Transformacion Estado ContratoLF - Agrupar> [/jobs/Job_dim_fact.kjb  /jobs/ETLdim_Estado_Contrato.ktr]  Finished processing (I=0, O=0, R=1000, W=3, U=0, E=0)
2026-07-02 02:35:02.422 INFO  <Transformacion Estado ContratoLF - Add sequence cod_estado> [/jobs/Job_dim_fact.kjb  /jobs/ETLdim_Estado_Contrato.ktr]  Finished processing (I=0, O=0, R=3, W=3, U=0, E=0)
2026-07-02 02:35:02.459 INFO  <Transformacion Estado ContratoLF - Insert / update> [/jobs/Job_dim_fact.kjb  /jobs/ETLdim_Estado_Contrato.ktr]  Finished processing (I=3, O=3, R=3, W=3, U=0, E=0)
2026-07-02 02:35:02.466 INFO  <Thread-7> [/jobs/Job_dim_fact.kjb]  Starting entry [ETL dim_sucursal]
2026-07-02 02:35:02.565 INFO  <Thread-7> [/jobs/Job_dim_fact.kjb]  Using run configuration [Pentaho local]
2026-07-02 02:35:02.568 INFO  <Thread-7> [/jobs/Job_dim_fact.kjb  /jobs/ETLdim_Sucursal.ktr]  Dispatching started for transformation [Transformacion SucursalLF]
2026-07-02 02:35:02.660 INFO  <Transformacion SucursalLF - Entrada Tabla Pais> [/jobs/Job_dim_fact.kjb  /jobs/ETLdim_Sucursal.ktr]  Finished reading query, closing connection
2026-07-02 02:35:02.669 INFO  <Transformacion SucursalLF - Entrada Tabla Pais> [/jobs/Job_dim_fact.kjb  /jobs/ETLdim_Sucursal.ktr]  Finished processing (I=30, O=0, R=0, W=30, U=0, E=0)
2026-07-02 02:35:02.674 INFO  <Transformacion SucursalLF - Entrada Tabla Ciudad> [/jobs/Job_dim_fact.kjb  /jobs/ETLdim_Sucursal.ktr]  Finished reading query, closing connection
2026-07-02 02:35:02.678 INFO  <Transformacion SucursalLF - Entrada Tabla Ciudad> [/jobs/Job_dim_fact.kjb  /jobs/ETLdim_Sucursal.ktr]  Finished processing (I=30, O=0, R=0, W=30, U=0, E=0)
2026-07-02 02:35:02.685 INFO  <Transformacion SucursalLF - Entrada Tabla Sucursal> [/jobs/Job_dim_fact.kjb  /jobs/ETLdim_Sucursal.ktr]  Finished reading query, closing connection
2026-07-02 02:35:02.695 INFO  <Transformacion SucursalLF - Entrada Tabla Sucursal> [/jobs/Job_dim_fact.kjb  /jobs/ETLdim_Sucursal.ktr]  Finished processing (I=30, O=0, R=0, W=30, U=0, E=0)
2026-07-02 02:35:02.989 INFO  <Transformacion SucursalLF - Unión Sucursal-Pais> [/jobs/Job_dim_fact.kjb  /jobs/ETLdim_Sucursal.ktr]  Finished processing (I=0, O=0, R=60, W=30, U=0, E=0)
2026-07-02 02:35:03.290 INFO  <Transformacion SucursalLF - Unión Sucursal-Pais-Ciudad> [/jobs/Job_dim_fact.kjb  /jobs/ETLdim_Sucursal.ktr]  Finished processing (I=0, O=0, R=60, W=30, U=0, E=0)
2026-07-02 02:35:03.306 INFO  <Transformacion SucursalLF - Insert / update> [/jobs/Job_dim_fact.kjb  /jobs/ETLdim_Sucursal.ktr]  Finished processing (I=30, O=30, R=30, W=30, U=0, E=0)
2026-07-02 02:35:03.311 INFO  <Thread-7> [/jobs/Job_dim_fact.kjb]  Starting entry [ETL dim_siniestro]
2026-07-02 02:35:03.372 INFO  <Thread-7> [/jobs/Job_dim_fact.kjb]  Using run configuration [Pentaho local]
2026-07-02 02:35:03.375 INFO  <Thread-7> [/jobs/Job_dim_fact.kjb  /jobs/ETLdim_Siniestro.ktr]  Dispatching started for transformation [Transformacion siniestroLF]
2026-07-02 02:35:03.436 INFO  <Transformacion siniestroLF - Entrada Tabla Siniestro> [/jobs/Job_dim_fact.kjb  /jobs/ETLdim_Siniestro.ktr]  Finished reading query, closing connection
2026-07-02 02:35:03.441 INFO  <Transformacion siniestroLF - Entrada Tabla Siniestro> [/jobs/Job_dim_fact.kjb  /jobs/ETLdim_Siniestro.ktr]  Finished processing (I=20, O=0, R=0, W=20, U=0, E=0)
2026-07-02 02:35:03.485 INFO  <Transformacion siniestroLF - Insert / update> [/jobs/Job_dim_fact.kjb  /jobs/ETLdim_Siniestro.ktr]  Finished processing (I=20, O=20, R=20, W=20, U=0, E=0)
2026-07-02 02:35:03.491 INFO  <Thread-7> [/jobs/Job_dim_fact.kjb]  Starting entry [ETL_fact_metas]
2026-07-02 02:35:03.836 INFO  <Thread-7> [/jobs/Job_dim_fact.kjb]  Using run configuration [Pentaho local]
2026-07-02 02:35:03.844 INFO  <Thread-7> [/jobs/Job_dim_fact.kjb  /jobs/ETLfact_Metas.ktr]  Dispatching started for transformation [LFTransformation_fact_metas]
2026-07-02 02:35:04.221 INFO  <LFTransformation_fact_metas - extraer producto> [/jobs/Job_dim_fact.kjb  /jobs/ETLfact_Metas.ktr]  Finished reading query, closing connection
2026-07-02 02:35:04.227 INFO  <LFTransformation_fact_metas - Sort cod_prod> [/jobs/Job_dim_fact.kjb  /jobs/ETLfact_Metas.ktr]  Finished processing (I=0, O=0, R=30, W=30, U=0, E=0)
2026-07-02 02:35:04.240 INFO  <LFTransformation_fact_metas - extraer producto> [/jobs/Job_dim_fact.kjb  /jobs/ETLfact_Metas.ktr]  Finished processing (I=30, O=0, R=0, W=30, U=0, E=0)
2026-07-02 02:35:04.476 INFO  <LFTransformation_fact_metas - extraer dim_tiempo> [/jobs/Job_dim_fact.kjb  /jobs/ETLfact_Metas.ktr]  Finished reading query, closing connection
2026-07-02 02:35:04.484 INFO  <LFTransformation_fact_metas - extraer dim_tiempo2> [/jobs/Job_dim_fact.kjb  /jobs/ETLfact_Metas.ktr]  Finished reading query, closing connection
2026-07-02 02:35:04.503 INFO  <LFTransformation_fact_metas - extraer dim_tiempo2> [/jobs/Job_dim_fact.kjb  /jobs/ETLfact_Metas.ktr]  Finished processing (I=29952, O=0, R=0, W=29952, U=0, E=0)
2026-07-02 02:35:04.504 INFO  <LFTransformation_fact_metas - extraer dim_tiempo> [/jobs/Job_dim_fact.kjb  /jobs/ETLfact_Metas.ktr]  Finished processing (I=29952, O=0, R=0, W=29952, U=0, E=0)
2026-07-02 02:35:08.991 INFO  <LFTransformation_fact_metas - Microsoft Excel metas> [/jobs/Job_dim_fact.kjb  /jobs/ETLfact_Metas.ktr]  Finished processing (I=390, O=0, R=0, W=390, U=0, E=0)
2026-07-02 02:35:08.997 INFO  <LFTransformation_fact_metas - Sort cod_prod 2> [/jobs/Job_dim_fact.kjb  /jobs/ETLfact_Metas.ktr]  Finished processing (I=0, O=0, R=390, W=390, U=0, E=0)
2026-07-02 02:35:09.303 INFO  <LFTransformation_fact_metas - Merge join> [/jobs/Job_dim_fact.kjb  /jobs/ETLfact_Metas.ktr]  Finished processing (I=0, O=0, R=420, W=390, U=0, E=0)
2026-07-02 02:35:09.312 INFO  <LFTransformation_fact_metas - Sort fecha_inicio> [/jobs/Job_dim_fact.kjb  /jobs/ETLfact_Metas.ktr]  Finished processing (I=0, O=0, R=390, W=390, U=0, E=0)
2026-07-02 02:35:09.307 INFO  <LFTransformation_fact_metas - Quitar cod_prod y dejar SK> [/jobs/Job_dim_fact.kjb  /jobs/ETLfact_Metas.ktr]  Finished processing (I=0, O=0, R=390, W=390, U=0, E=0)
2026-07-02 02:35:09.376 INFO  <LFTransformation_fact_metas - Sort fecha_completa> [/jobs/Job_dim_fact.kjb  /jobs/ETLfact_Metas.ktr]  Finished processing (I=0, O=0, R=29952, W=29952, U=0, E=0)
2026-07-02 02:35:09.688 INFO  <LFTransformation_fact_metas - Merge join 2> [/jobs/Job_dim_fact.kjb  /jobs/ETLfact_Metas.ktr]  Finished processing (I=0, O=0, R=30342, W=0, U=0, E=0)
2026-07-02 02:35:09.974 INFO  <LFTransformation_fact_metas - Sort fecha_completa2> [/jobs/Job_dim_fact.kjb  /jobs/ETLfact_Metas.ktr]  Finished processing (I=0, O=0, R=29952, W=29952, U=0, E=0)
2026-07-02 02:35:10.125 INFO  <LFTransformation_fact_metas - Merge join 3> [/jobs/Job_dim_fact.kjb  /jobs/ETLfact_Metas.ktr]  Finished processing (I=0, O=0, R=29952, W=0, U=0, E=0)
2026-07-02 02:35:10.133 INFO  <Thread-7> [/jobs/Job_dim_fact.kjb]  Starting entry [ETL_fact_reg_contrato]
2026-07-02 02:35:10.375 INFO  <Thread-7> [/jobs/Job_dim_fact.kjb]  Using run configuration [Pentaho local]
2026-07-02 02:35:10.378 INFO  <Thread-7> [/jobs/Job_dim_fact.kjb  /jobs/ETLfact_Registro_Contrato.ktr]  Dispatching started for transformation [Transformacion FACT_Registro_Contrato]
2026-07-02 02:35:10.502 INFO  <init of Salida Tabla.0 (Thread-166)> [/jobs/Job_dim_fact.kjb  /jobs/ETLfact_Registro_Contrato.ktr]  Connected to database [Docker] (commit=1000)
2026-07-02 02:35:10.571 INFO  <Transformacion FACT_Registro_Contrato - Entrada Tabla Dim_Cliente> [/jobs/Job_dim_fact.kjb  /jobs/ETLfact_Registro_Contrato.ktr]  Finished reading query, closing connection
2026-07-02 02:35:10.571 INFO  <Transformacion FACT_Registro_Contrato - Entrada Tabla Registro Contrato> [/jobs/Job_dim_fact.kjb  /jobs/ETLfact_Registro_Contrato.ktr]  Finished reading query, closing connection
2026-07-02 02:35:10.589 INFO  <Transformacion FACT_Registro_Contrato - Entrada Tabla dim_producto> [/jobs/Job_dim_fact.kjb  /jobs/ETLfact_Registro_Contrato.ktr]  Finished reading query, closing connection
2026-07-02 02:35:10.593 INFO  <Transformacion FACT_Registro_Contrato - Entrada Tabla dim_producto> [/jobs/Job_dim_fact.kjb  /jobs/ETLfact_Registro_Contrato.ktr]  Finished processing (I=30, O=0, R=0, W=30, U=0, E=0)
2026-07-02 02:35:10.593 INFO  <Transformacion FACT_Registro_Contrato - Ordenar filas cod_cliente 2> [/jobs/Job_dim_fact.kjb  /jobs/ETLfact_Registro_Contrato.ktr]  Finished processing (I=0, O=0, R=600, W=600, U=0, E=0)
2026-07-02 02:35:10.595 INFO  <Transformacion FACT_Registro_Contrato - Ordenar filas cod_cliente> [/jobs/Job_dim_fact.kjb  /jobs/ETLfact_Registro_Contrato.ktr]  Finished processing (I=0, O=0, R=1000, W=1000, U=0, E=0)
2026-07-02 02:35:10.602 INFO  <Transformacion FACT_Registro_Contrato - Entrada Tabla Registro Contrato> [/jobs/Job_dim_fact.kjb  /jobs/ETLfact_Registro_Contrato.ktr]  Finished processing (I=1000, O=0, R=0, W=1000, U=0, E=0)
2026-07-02 02:35:10.603 INFO  <Transformacion FACT_Registro_Contrato - Ordenar filas cod_producto 2> [/jobs/Job_dim_fact.kjb  /jobs/ETLfact_Registro_Contrato.ktr]  Finished processing (I=0, O=0, R=30, W=30, U=0, E=0)
2026-07-02 02:35:10.603 INFO  <Transformacion FACT_Registro_Contrato - Entrada Tabla Dim_Cliente> [/jobs/Job_dim_fact.kjb  /jobs/ETLfact_Registro_Contrato.ktr]  Finished processing (I=600, O=0, R=0, W=600, U=0, E=0)
2026-07-02 02:35:10.639 INFO  <Transformacion FACT_Registro_Contrato - Entrada Tabla dim_estado_contrato> [/jobs/Job_dim_fact.kjb  /jobs/ETLfact_Registro_Contrato.ktr]  Finished reading query, closing connection
2026-07-02 02:35:10.650 INFO  <Transformacion FACT_Registro_Contrato - Ordenar filas descrip_estado> [/jobs/Job_dim_fact.kjb  /jobs/ETLfact_Registro_Contrato.ktr]  Finished processing (I=0, O=0, R=6, W=6, U=0, E=0)
2026-07-02 02:35:10.657 INFO  <Transformacion FACT_Registro_Contrato - Entrada Tabla dim_estado_contrato> [/jobs/Job_dim_fact.kjb  /jobs/ETLfact_Registro_Contrato.ktr]  Finished processing (I=6, O=0, R=0, W=6, U=0, E=0)
2026-07-02 02:35:10.674 INFO  <Transformacion FACT_Registro_Contrato - Entrada Tabla dim_contrato> [/jobs/Job_dim_fact.kjb  /jobs/ETLfact_Registro_Contrato.ktr]  Finished reading query, closing connection
2026-07-02 02:35:10.689 INFO  <Transformacion FACT_Registro_Contrato - Entrada Tabla dim_contrato> [/jobs/Job_dim_fact.kjb  /jobs/ETLfact_Registro_Contrato.ktr]  Finished processing (I=2000, O=0, R=0, W=2000, U=0, E=0)
2026-07-02 02:35:10.691 INFO  <Transformacion FACT_Registro_Contrato - Ordenar filas nro_contrato 2> [/jobs/Job_dim_fact.kjb  /jobs/ETLfact_Registro_Contrato.ktr]  Finished processing (I=0, O=0, R=2000, W=2000, U=0, E=0)
2026-07-02 02:35:10.829 INFO  <Transformacion FACT_Registro_Contrato - Entrada Tabla dim_tiempo> [/jobs/Job_dim_fact.kjb  /jobs/ETLfact_Registro_Contrato.ktr]  Finished reading query, closing connection
2026-07-02 02:35:10.835 INFO  <Transformacion FACT_Registro_Contrato - Entrada Tabla dim_tiempo> [/jobs/Job_dim_fact.kjb  /jobs/ETLfact_Registro_Contrato.ktr]  Finished processing (I=29952, O=0, R=0, W=59904, U=0, E=0)
2026-07-02 02:35:10.914 INFO  <Transformacion FACT_Registro_Contrato - Unión por clave> [/jobs/Job_dim_fact.kjb  /jobs/ETLfact_Registro_Contrato.ktr]  Finished processing (I=0, O=0, R=1600, W=0, U=0, E=0)
2026-07-02 02:35:11.356 INFO  <Transformacion FACT_Registro_Contrato - Unión por clave cod_producto> [/jobs/Job_dim_fact.kjb  /jobs/ETLfact_Registro_Contrato.ktr]  Finished processing (I=0, O=0, R=30, W=0, U=0, E=0)
2026-07-02 02:35:11.679 INFO  <Transformacion FACT_Registro_Contrato - Unión por clave nro_contrato> [/jobs/Job_dim_fact.kjb  /jobs/ETLfact_Registro_Contrato.ktr]  Finished processing (I=0, O=0, R=2000, W=0, U=0, E=0)
2026-07-02 02:35:11.996 INFO  <Transformacion FACT_Registro_Contrato - Unión por clave estado_contrato> [/jobs/Job_dim_fact.kjb  /jobs/ETLfact_Registro_Contrato.ktr]  Finished processing (I=0, O=0, R=6, W=0, U=0, E=0)
2026-07-02 02:35:12.210 INFO  <Transformacion FACT_Registro_Contrato - Ordenar filas dim_tiempo> [/jobs/Job_dim_fact.kjb  /jobs/ETLfact_Registro_Contrato.ktr]  Finished processing (I=0, O=0, R=29952, W=29952, U=0, E=0)
2026-07-02 02:35:12.362 INFO  <Transformacion FACT_Registro_Contrato - Unión por clave fecha inicio> [/jobs/Job_dim_fact.kjb  /jobs/ETLfact_Registro_Contrato.ktr]  Finished processing (I=0, O=0, R=29952, W=0, U=0, E=0)
2026-07-02 02:35:12.532 INFO  <Transformacion FACT_Registro_Contrato - Ordenar filas dim_tiempo 2> [/jobs/Job_dim_fact.kjb  /jobs/ETLfact_Registro_Contrato.ktr]  Finished processing (I=0, O=0, R=29952, W=29952, U=0, E=0)
2026-07-02 02:35:12.682 INFO  <Transformacion FACT_Registro_Contrato - Unión por clave fecha fin> [/jobs/Job_dim_fact.kjb  /jobs/ETLfact_Registro_Contrato.ktr]  Finished processing (I=0, O=0, R=29952, W=0, U=0, E=0)
2026-07-02 02:35:12.689 INFO  <Thread-7> [/jobs/Job_dim_fact.kjb]  Starting entry [ETL fact_reg_siniestro]
2026-07-02 02:35:12.940 INFO  <Thread-7> [/jobs/Job_dim_fact.kjb]  Using run configuration [Pentaho local]
2026-07-02 02:35:12.944 INFO  <Thread-7> [/jobs/Job_dim_fact.kjb  /jobs/ETLfact_Registro_Siniestro.ktr]  Dispatching started for transformation [Transformacion Fact_Registro_Siniestro]
2026-07-02 02:35:13.126 INFO  <Transformacion Fact_Registro_Siniestro - Ordenar filas nro_siniestro> [/jobs/Job_dim_fact.kjb  /jobs/ETLfact_Registro_Siniestro.ktr]  Finished processing (I=0, O=0, R=40, W=40, U=0, E=0)
2026-07-02 02:35:13.126 INFO  <Transformacion Fact_Registro_Siniestro - Entrada Tabla dim_siniestro> [/jobs/Job_dim_fact.kjb  /jobs/ETLfact_Registro_Siniestro.ktr]  Finished reading query, closing connection
2026-07-02 02:35:13.135 INFO  <Transformacion Fact_Registro_Siniestro - Entrada Tabla dim_siniestro> [/jobs/Job_dim_fact.kjb  /jobs/ETLfact_Registro_Siniestro.ktr]  Finished processing (I=40, O=0, R=0, W=40, U=0, E=0)
2026-07-02 02:35:13.148 INFO  <Transformacion Fact_Registro_Siniestro - Entrada Tabla dim_contrato> [/jobs/Job_dim_fact.kjb  /jobs/ETLfact_Registro_Siniestro.ktr]  Finished reading query, closing connection
2026-07-02 02:35:13.150 INFO  <Transformacion Fact_Registro_Siniestro - Entrada Tabla Fact_Registro_Siniestro> [/jobs/Job_dim_fact.kjb  /jobs/ETLfact_Registro_Siniestro.ktr]  Finished reading query, closing connection
2026-07-02 02:35:13.158 INFO  <Transformacion Fact_Registro_Siniestro - Entrada Tabla Fact_Registro_Siniestro> [/jobs/Job_dim_fact.kjb  /jobs/ETLfact_Registro_Siniestro.ktr]  Finished processing (I=1000, O=0, R=0, W=1000, U=0, E=0)
2026-07-02 02:35:13.159 INFO  <Transformacion Fact_Registro_Siniestro - Ordenar filas nro_contrato> [/jobs/Job_dim_fact.kjb  /jobs/ETLfact_Registro_Siniestro.ktr]  Finished processing (I=0, O=0, R=2000, W=2000, U=0, E=0)
2026-07-02 02:35:13.210 INFO  <Transformacion Fact_Registro_Siniestro - Entrada Tabla dim_contrato> [/jobs/Job_dim_fact.kjb  /jobs/ETLfact_Registro_Siniestro.ktr]  Finished processing (I=2000, O=0, R=0, W=2000, U=0, E=0)
2026-07-02 02:35:13.217 INFO  <Transformacion Fact_Registro_Siniestro - Ordenar filas siniestro> [/jobs/Job_dim_fact.kjb  /jobs/ETLfact_Registro_Siniestro.ktr]  Finished processing (I=0, O=0, R=1000, W=1000, U=0, E=0)
2026-07-02 02:35:13.213 INFO  <Transformacion Fact_Registro_Siniestro - Entrada Tabla cliente> [/jobs/Job_dim_fact.kjb  /jobs/ETLfact_Registro_Siniestro.ktr]  Finished reading query, closing connection
2026-07-02 02:35:13.218 INFO  <Transformacion Fact_Registro_Siniestro - Ordenar filas codigo cliente> [/jobs/Job_dim_fact.kjb  /jobs/ETLfact_Registro_Siniestro.ktr]  Finished processing (I=0, O=0, R=300, W=300, U=0, E=0)
2026-07-02 02:35:13.232 INFO  <Transformacion Fact_Registro_Siniestro - Entrada Tabla dim sucursal> [/jobs/Job_dim_fact.kjb  /jobs/ETLfact_Registro_Siniestro.ktr]  Finished reading query, closing connection
2026-07-02 02:35:13.233 INFO  <Transformacion Fact_Registro_Siniestro - Entrada Tabla cliente> [/jobs/Job_dim_fact.kjb  /jobs/ETLfact_Registro_Siniestro.ktr]  Finished processing (I=300, O=0, R=0, W=300, U=0, E=0)
2026-07-02 02:35:13.240 INFO  <Transformacion Fact_Registro_Siniestro - Entrada Tabla dim_cliente> [/jobs/Job_dim_fact.kjb  /jobs/ETLfact_Registro_Siniestro.ktr]  Finished reading query, closing connection
2026-07-02 02:35:13.233 INFO  <Transformacion Fact_Registro_Siniestro - Ordenar filas producto 2> [/jobs/Job_dim_fact.kjb  /jobs/ETLfact_Registro_Siniestro.ktr]  Finished processing (I=0, O=0, R=30, W=30, U=0, E=0)
2026-07-02 02:35:13.240 INFO  <Transformacion Fact_Registro_Siniestro - Ordenar filas sucursal 2> [/jobs/Job_dim_fact.kjb  /jobs/ETLfact_Registro_Siniestro.ktr]  Finished processing (I=0, O=0, R=60, W=60, U=0, E=0)
2026-07-02 02:35:13.251 INFO  <Transformacion Fact_Registro_Siniestro - Entrada Tabla dim sucursal> [/jobs/Job_dim_fact.kjb  /jobs/ETLfact_Registro_Siniestro.ktr]  Finished processing (I=60, O=0, R=0, W=60, U=0, E=0)
2026-07-02 02:35:13.251 INFO  <Transformacion Fact_Registro_Siniestro - Ordenar filas codigo cliente 2> [/jobs/Job_dim_fact.kjb  /jobs/ETLfact_Registro_Siniestro.ktr]  Finished processing (I=0, O=0, R=600, W=600, U=0, E=0)
2026-07-02 02:35:13.240 INFO  <Transformacion Fact_Registro_Siniestro - Entrada Tabla Registro Contrato> [/jobs/Job_dim_fact.kjb  /jobs/ETLfact_Registro_Siniestro.ktr]  Finished reading query, closing connection
2026-07-02 02:35:13.239 INFO  <Transformacion Fact_Registro_Siniestro - Entrada Tabla dim_producto> [/jobs/Job_dim_fact.kjb  /jobs/ETLfact_Registro_Siniestro.ktr]  Finished reading query, closing connection
2026-07-02 02:35:13.261 INFO  <Transformacion Fact_Registro_Siniestro - Ordenar filas cliente> [/jobs/Job_dim_fact.kjb  /jobs/ETLfact_Registro_Siniestro.ktr]  Finished processing (I=0, O=0, R=1000, W=1000, U=0, E=0)
2026-07-02 02:35:13.264 INFO  <Transformacion Fact_Registro_Siniestro - Entrada Tabla dim_cliente> [/jobs/Job_dim_fact.kjb  /jobs/ETLfact_Registro_Siniestro.ktr]  Finished processing (I=600, O=0, R=0, W=600, U=0, E=0)
2026-07-02 02:35:13.280 INFO  <Transformacion Fact_Registro_Siniestro - Entrada Tabla dim_producto> [/jobs/Job_dim_fact.kjb  /jobs/ETLfact_Registro_Siniestro.ktr]  Finished processing (I=30, O=0, R=0, W=30, U=0, E=0)
2026-07-02 02:35:13.281 INFO  <Transformacion Fact_Registro_Siniestro - Entrada Tabla Registro Contrato> [/jobs/Job_dim_fact.kjb  /jobs/ETLfact_Registro_Siniestro.ktr]  Finished processing (I=1000, O=0, R=0, W=1000, U=0, E=0)
2026-07-02 02:35:13.364 INFO  <Transformacion Fact_Registro_Siniestro - Entrada Tabla fechas> [/jobs/Job_dim_fact.kjb  /jobs/ETLfact_Registro_Siniestro.ktr]  Finished reading query, closing connection
2026-07-02 02:35:13.371 INFO  <Transformacion Fact_Registro_Siniestro - Entrada Tabla fechas> [/jobs/Job_dim_fact.kjb  /jobs/ETLfact_Registro_Siniestro.ktr]  Finished processing (I=29952, O=0, R=0, W=59904, U=0, E=0)
2026-07-02 02:35:13.518 INFO  <Transformacion Fact_Registro_Siniestro - Unión por clave sinistro> [/jobs/Job_dim_fact.kjb  /jobs/ETLfact_Registro_Siniestro.ktr]  Finished processing (I=0, O=0, R=1040, W=0, U=0, E=0)
2026-07-02 02:35:13.552 INFO  <Transformacion Fact_Registro_Siniestro - Unión por clave codigo cliente> [/jobs/Job_dim_fact.kjb  /jobs/ETLfact_Registro_Siniestro.ktr]  Finished processing (I=0, O=0, R=900, W=0, U=0, E=0)
2026-07-02 02:35:13.902 INFO  <Transformacion Fact_Registro_Siniestro - Unión por clave sucursal> [/jobs/Job_dim_fact.kjb  /jobs/ETLfact_Registro_Siniestro.ktr]  Finished processing (I=0, O=0, R=60, W=0, U=0, E=0)
2026-07-02 02:35:13.917 INFO  <Transformacion Fact_Registro_Siniestro - Unión por clave contrato> [/jobs/Job_dim_fact.kjb  /jobs/ETLfact_Registro_Siniestro.ktr]  Finished processing (I=0, O=0, R=2000, W=0, U=0, E=0)
2026-07-02 02:35:14.210 INFO  <Transformacion Fact_Registro_Siniestro - Unión por clave cliente> [/jobs/Job_dim_fact.kjb  /jobs/ETLfact_Registro_Siniestro.ktr]  Finished processing (I=0, O=0, R=1000, W=0, U=0, E=0)
2026-07-02 02:35:14.526 INFO  <Transformacion Fact_Registro_Siniestro - Unión por clave producto> [/jobs/Job_dim_fact.kjb  /jobs/ETLfact_Registro_Siniestro.ktr]  Finished processing (I=0, O=0, R=30, W=0, U=0, E=0)
2026-07-02 02:35:14.798 INFO  <Transformacion Fact_Registro_Siniestro - Ordenar filas fecha completa> [/jobs/Job_dim_fact.kjb  /jobs/ETLfact_Registro_Siniestro.ktr]  Finished processing (I=0, O=0, R=29952, W=29952, U=0, E=0)
2026-07-02 02:35:14.950 INFO  <Transformacion Fact_Registro_Siniestro - Unión por clave fecha_siniestro> [/jobs/Job_dim_fact.kjb  /jobs/ETLfact_Registro_Siniestro.ktr]  Finished processing (I=0, O=0, R=29952, W=0, U=0, E=0)
2026-07-02 02:35:15.101 INFO  <Transformacion Fact_Registro_Siniestro - Ordenar filas fecha completa 2> [/jobs/Job_dim_fact.kjb  /jobs/ETLfact_Registro_Siniestro.ktr]  Finished processing (I=0, O=0, R=29952, W=29952, U=0, E=0)
2026-07-02 02:35:15.251 INFO  <Transformacion Fact_Registro_Siniestro - Unión por clave fecha respuesta> [/jobs/Job_dim_fact.kjb  /jobs/ETLfact_Registro_Siniestro.ktr]  Finished processing (I=0, O=0, R=29952, W=0, U=0, E=0)
2026-07-02 02:35:15.263 INFO  <Thread-7> [/jobs/Job_dim_fact.kjb]  Starting entry [ETL fact_eval_servicio]
2026-07-02 02:35:15.440 INFO  <Thread-7> [/jobs/Job_dim_fact.kjb]  Using run configuration [Pentaho local]
2026-07-02 02:35:15.443 INFO  <Thread-7> [/jobs/Job_dim_fact.kjb  /jobs/ETLfact_Evaluacion_Servicio.ktr]  Dispatching started for transformation [Transformacion Fact_Evaluacion_Servicio]
2026-07-02 02:35:15.559 INFO  <Transformacion Fact_Evaluacion_Servicio - Entrada Tabla dim producto> [/jobs/Job_dim_fact.kjb  /jobs/ETLfact_Evaluacion_Servicio.ktr]  Finished reading query, closing connection
2026-07-02 02:35:15.564 INFO  <Transformacion Fact_Evaluacion_Servicio - Entrada Tabla dim producto> [/jobs/Job_dim_fact.kjb  /jobs/ETLfact_Evaluacion_Servicio.ktr]  Finished processing (I=30, O=0, R=0, W=30, U=0, E=0)
2026-07-02 02:35:15.566 INFO  <Transformacion Fact_Evaluacion_Servicio - Ordenar filas cod_producto> [/jobs/Job_dim_fact.kjb  /jobs/ETLfact_Evaluacion_Servicio.ktr]  Finished processing (I=0, O=0, R=30, W=30, U=0, E=0)
2026-07-02 02:35:15.580 INFO  <Transformacion Fact_Evaluacion_Servicio - Entrada Tabla dim evaluacion servicio> [/jobs/Job_dim_fact.kjb  /jobs/ETLfact_Evaluacion_Servicio.ktr]  Finished reading query, closing connection
2026-07-02 02:35:15.583 INFO  <Transformacion Fact_Evaluacion_Servicio - Ordenar filas 2 evaluacion servicio> [/jobs/Job_dim_fact.kjb  /jobs/ETLfact_Evaluacion_Servicio.ktr]  Finished processing (I=0, O=0, R=12, W=12, U=0, E=0)
2026-07-02 02:35:15.593 INFO  <Transformacion Fact_Evaluacion_Servicio - Ordenar filas codigo producto> [/jobs/Job_dim_fact.kjb  /jobs/ETLfact_Evaluacion_Servicio.ktr]  Finished processing (I=0, O=0, R=500, W=500, U=0, E=0)
2026-07-02 02:35:15.581 INFO  <Transformacion Fact_Evaluacion_Servicio - Entrada Tabla recomienda> [/jobs/Job_dim_fact.kjb  /jobs/ETLfact_Evaluacion_Servicio.ktr]  Finished reading query, closing connection
2026-07-02 02:35:15.587 INFO  <Transformacion Fact_Evaluacion_Servicio - Entrada Tabla dim evaluacion servicio> [/jobs/Job_dim_fact.kjb  /jobs/ETLfact_Evaluacion_Servicio.ktr]  Finished processing (I=12, O=0, R=0, W=12, U=0, E=0)
2026-07-02 02:35:15.612 INFO  <Transformacion Fact_Evaluacion_Servicio - Entrada Tabla dim cliente> [/jobs/Job_dim_fact.kjb  /jobs/ETLfact_Evaluacion_Servicio.ktr]  Finished reading query, closing connection
2026-07-02 02:35:15.619 INFO  <Transformacion Fact_Evaluacion_Servicio - Entrada Tabla dim cliente> [/jobs/Job_dim_fact.kjb  /jobs/ETLfact_Evaluacion_Servicio.ktr]  Finished processing (I=600, O=0, R=0, W=600, U=0, E=0)
2026-07-02 02:35:15.624 INFO  <Transformacion Fact_Evaluacion_Servicio - Ordenar filas cod_cliente> [/jobs/Job_dim_fact.kjb  /jobs/ETLfact_Evaluacion_Servicio.ktr]  Finished processing (I=0, O=0, R=600, W=600, U=0, E=0)
2026-07-02 02:35:15.624 INFO  <Transformacion Fact_Evaluacion_Servicio - Entrada Tabla recomienda> [/jobs/Job_dim_fact.kjb  /jobs/ETLfact_Evaluacion_Servicio.ktr]  Finished processing (I=500, O=0, R=0, W=500, U=0, E=0)
2026-07-02 02:35:15.692 INFO  <Transformacion Fact_Evaluacion_Servicio - Entrada Tabla dim_tiempo> [/jobs/Job_dim_fact.kjb  /jobs/ETLfact_Evaluacion_Servicio.ktr]  Finished reading query, closing connection
2026-07-02 02:35:15.696 INFO  <Transformacion Fact_Evaluacion_Servicio - Entrada Tabla dim_tiempo> [/jobs/Job_dim_fact.kjb  /jobs/ETLfact_Evaluacion_Servicio.ktr]  Finished processing (I=29952, O=0, R=0, W=29952, U=0, E=0)
2026-07-02 02:35:15.896 INFO  <Transformacion Fact_Evaluacion_Servicio - Unión por clave codigo pruducto> [/jobs/Job_dim_fact.kjb  /jobs/ETLfact_Evaluacion_Servicio.ktr]  Finished processing (I=0, O=0, R=530, W=500, U=0, E=0)
2026-07-02 02:35:15.902 INFO  <Transformacion Fact_Evaluacion_Servicio - Ordenar filas codigo cliente> [/jobs/Job_dim_fact.kjb  /jobs/ETLfact_Evaluacion_Servicio.ktr]  Finished processing (I=0, O=0, R=500, W=500, U=0, E=0)
2026-07-02 02:35:16.204 INFO  <Transformacion Fact_Evaluacion_Servicio - Unión por clave codigo cliente> [/jobs/Job_dim_fact.kjb  /jobs/ETLfact_Evaluacion_Servicio.ktr]  Finished processing (I=0, O=0, R=1100, W=0, U=0, E=0)
2026-07-02 02:35:16.535 INFO  <Transformacion Fact_Evaluacion_Servicio - Unión por clave evaluacion servicio> [/jobs/Job_dim_fact.kjb  /jobs/ETLfact_Evaluacion_Servicio.ktr]  Finished processing (I=0, O=0, R=12, W=0, U=0, E=0)
2026-07-02 02:35:16.716 INFO  <Transformacion Fact_Evaluacion_Servicio - Ordenar filas fecha completa> [/jobs/Job_dim_fact.kjb  /jobs/ETLfact_Evaluacion_Servicio.ktr]  Finished processing (I=0, O=0, R=29952, W=29952, U=0, E=0)
2026-07-02 02:35:16.866 INFO  <Transformacion Fact_Evaluacion_Servicio - Unión por clave fecha> [/jobs/Job_dim_fact.kjb  /jobs/ETLfact_Evaluacion_Servicio.ktr]  Finished processing (I=0, O=0, R=29952, W=0, U=0, E=0)
2026-07-02 02:35:16.879 INFO  <Thread-7> [/jobs/Job_dim_fact.kjb]  Finished job entry [ETL fact_eval_servicio] (result=[true])
2026-07-02 02:35:16.883 INFO  <Thread-7> [/jobs/Job_dim_fact.kjb]  Finished job entry [ETL fact_reg_siniestro] (result=[true])
2026-07-02 02:35:16.885 INFO  <Thread-7> [/jobs/Job_dim_fact.kjb]  Finished job entry [ETL_fact_reg_contrato] (result=[true])
2026-07-02 02:35:16.887 INFO  <Thread-7> [/jobs/Job_dim_fact.kjb]  Finished job entry [ETL_fact_metas] (result=[true])
2026-07-02 02:35:16.889 INFO  <Thread-7> [/jobs/Job_dim_fact.kjb]  Finished job entry [ETL dim_siniestro] (result=[true])
2026-07-02 02:35:16.891 INFO  <Thread-7> [/jobs/Job_dim_fact.kjb]  Finished job entry [ETL dim_sucursal] (result=[true])
2026-07-02 02:35:16.893 INFO  <Thread-7> [/jobs/Job_dim_fact.kjb]  Finished job entry [ETL dim_estado_contrato] (result=[true])
2026-07-02 02:35:16.895 INFO  <Thread-7> [/jobs/Job_dim_fact.kjb]  Finished job entry [ELT dim_contrato] (result=[true])
2026-07-02 02:35:16.897 INFO  <Thread-7> [/jobs/Job_dim_fact.kjb]  Finished job entry [ETL dim_eval_servicio] (result=[true])
2026-07-02 02:35:16.899 INFO  <Thread-7> [/jobs/Job_dim_fact.kjb]  Finished job entry [ETL dim_cliente] (result=[true])
2026-07-02 02:35:16.901 INFO  <Thread-7> [/jobs/Job_dim_fact.kjb]  Finished job entry [ETL dim_producto] (result=[true])
2026-07-02 02:35:16.903 INFO  <Thread-7> [/jobs/Job_dim_fact.kjb]  Finished job entry [ETL dim_tiempo] (result=[true])
2026-07-02 02:35:16.906 WARN  <Thread-7> [/jobs/Job_dim_fact.kjb]  Job execution finished
2026-07-02 02:54:46.446 WARN  <Thread-8> [/jobs/Job_dim_fact.kjb]  Start of job execution
2026-07-02 02:54:47.034 INFO  <Thread-8> [/jobs/Job_dim_fact.kjb]  Starting entry [ETL dim_tiempo]
2026-07-02 02:54:48.963 INFO  <Thread-8> [/jobs/Job_dim_fact.kjb]  Using run configuration [Pentaho local]
2026-07-02 02:54:49.028 INFO  <Thread-8> [/jobs/Job_dim_fact.kjb  /jobs/ETLdim_Tiempo.ktr]  Dispatching started for transformation [Transformacion Dim_Tiempo]
2026-07-02 02:54:52.005 INFO  <Transformacion Dim_Tiempo - Generate rows> [/jobs/Job_dim_fact.kjb  /jobs/ETLdim_Tiempo.ktr]  Finished processing (I=0, O=0, R=0, W=14976, U=0, E=0)
2026-07-02 02:54:52.187 INFO  <Transformacion Dim_Tiempo - suma_dias> [/jobs/Job_dim_fact.kjb  /jobs/ETLdim_Tiempo.ktr]  Finished processing (I=0, O=0, R=14976, W=14976, U=0, E=0)
2026-07-02 02:54:52.286 INFO  <Transformacion Dim_Tiempo - Calculator> [/jobs/Job_dim_fact.kjb  /jobs/ETLdim_Tiempo.ktr]  Finished processing (I=0, O=0, R=14976, W=14976, U=0, E=0)
2026-07-02 02:54:55.626 INFO  <Transformacion Dim_Tiempo - Select values> [/jobs/Job_dim_fact.kjb  /jobs/ETLdim_Tiempo.ktr]  Finished processing (I=0, O=0, R=14976, W=14976, U=0, E=0)
2026-07-02 02:54:56.257 INFO  <Transformacion Dim_Tiempo - Extraccion de año> [/jobs/Job_dim_fact.kjb  /jobs/ETLdim_Tiempo.ktr]  Finished processing (I=0, O=0, R=14976, W=14976, U=0, E=0)
2026-07-02 02:54:56.325 INFO  <Transformacion Dim_Tiempo - Extraccion de mes> [/jobs/Job_dim_fact.kjb  /jobs/ETLdim_Tiempo.ktr]  Finished processing (I=0, O=0, R=14976, W=14976, U=0, E=0)
2026-07-02 02:54:56.515 INFO  <Transformacion Dim_Tiempo - Extraccion dia año> [/jobs/Job_dim_fact.kjb  /jobs/ETLdim_Tiempo.ktr]  Finished processing (I=0, O=0, R=14976, W=14976, U=0, E=0)
2026-07-02 02:54:56.542 INFO  <Transformacion Dim_Tiempo - Extraccion dia mes> [/jobs/Job_dim_fact.kjb  /jobs/ETLdim_Tiempo.ktr]  Finished processing (I=0, O=0, R=14976, W=14976, U=0, E=0)
2026-07-02 02:54:56.566 INFO  <Transformacion Dim_Tiempo - Extraccion dia semana> [/jobs/Job_dim_fact.kjb  /jobs/ETLdim_Tiempo.ktr]  Finished processing (I=0, O=0, R=14976, W=14976, U=0, E=0)
2026-07-02 02:54:56.713 INFO  <Transformacion Dim_Tiempo - Extraccion semana> [/jobs/Job_dim_fact.kjb  /jobs/ETLdim_Tiempo.ktr]  Finished processing (I=0, O=0, R=14976, W=14976, U=0, E=0)
2026-07-02 02:54:56.720 INFO  <Transformacion Dim_Tiempo - Mapeo de valores desc_dia_semana_corta> [/jobs/Job_dim_fact.kjb  /jobs/ETLdim_Tiempo.ktr]  Finished processing (I=0, O=0, R=14976, W=14976, U=0, E=0)
2026-07-02 02:54:56.719 INFO  <Transformacion Dim_Tiempo - Mapeo de valores Des_dia_semana> [/jobs/Job_dim_fact.kjb  /jobs/ETLdim_Tiempo.ktr]  Finished processing (I=0, O=0, R=14976, W=14976, U=0, E=0)
2026-07-02 02:54:56.733 INFO  <Transformacion Dim_Tiempo - Mapeo de valores desc_mes> [/jobs/Job_dim_fact.kjb  /jobs/ETLdim_Tiempo.ktr]  Finished processing (I=0, O=0, R=14976, W=14976, U=0, E=0)
2026-07-02 02:54:56.738 INFO  <Transformacion Dim_Tiempo - Mapeo de valores desc_mes_corta> [/jobs/Job_dim_fact.kjb  /jobs/ETLdim_Tiempo.ktr]  Finished processing (I=0, O=0, R=14976, W=14976, U=0, E=0)
2026-07-02 02:54:56.746 INFO  <Transformacion Dim_Tiempo - Formula desc_trimestre> [/jobs/Job_dim_fact.kjb  /jobs/ETLdim_Tiempo.ktr]  Finished processing (I=0, O=0, R=14976, W=14976, U=0, E=0)
2026-07-02 02:55:29.844 INFO  <Transformacion Dim_Tiempo - Formula desc_semestre> [/jobs/Job_dim_fact.kjb  /jobs/ETLdim_Tiempo.ktr]  Finished processing (I=0, O=0, R=14976, W=14976, U=0, E=0)
2026-07-02 02:56:56.575 INFO  <Transformacion Dim_Tiempo - Insert / update> [/jobs/Job_dim_fact.kjb  /jobs/ETLdim_Tiempo.ktr]  Finished processing (I=14976, O=14976, R=14976, W=14976, U=0, E=0)
2026-07-02 02:56:56.609 INFO  <Thread-8> [/jobs/Job_dim_fact.kjb]  Starting entry [ETL dim_producto]
2026-07-02 02:56:56.865 INFO  <Thread-8> [/jobs/Job_dim_fact.kjb]  Using run configuration [Pentaho local]
2026-07-02 02:56:56.868 INFO  <Thread-8> [/jobs/Job_dim_fact.kjb  /jobs/ETLdim_Producto.ktr]  Dispatching started for transformation [Transformacion ProductoLF]
2026-07-02 02:56:57.162 ERROR <init of Entrada Tabla Tipo Producto.0 (Thread-44)> [/jobs/Job_dim_fact.kjb  /jobs/ETLdim_Producto.ktr]  An error occurred, processing will be stopped: 
Error occurred while trying to connect to the database

Connection failed. Verify all connection parameters and confirm that the appropriate driver is installed.
Connection to localhost:5432 refused. Check that the hostname and port are correct and that the postmaster is accepting TCP/IP connections.


2026-07-02 02:56:57.163 ERROR <init of Entrada Tabla Producto.0 (Thread-46)> [/jobs/Job_dim_fact.kjb  /jobs/ETLdim_Producto.ktr]  An error occurred, processing will be stopped: 
Error occurred while trying to connect to the database

Connection failed. Verify all connection parameters and confirm that the appropriate driver is installed.
Connection to localhost:5432 refused. Check that the hostname and port are correct and that the postmaster is accepting TCP/IP connections.


2026-07-02 02:56:57.167 ERROR <init of Entrada Tabla Tipo Producto.0 (Thread-44)> [/jobs/Job_dim_fact.kjb  /jobs/ETLdim_Producto.ktr]  Error initializing step [Entrada Tabla Tipo Producto]
2026-07-02 02:56:57.168 ERROR <init of Entrada Tabla Producto.0 (Thread-46)> [/jobs/Job_dim_fact.kjb  /jobs/ETLdim_Producto.ktr]  Error initializing step [Entrada Tabla Producto]
2026-07-02 02:56:57.192 ERROR <init of Insert / update.0 (Thread-51)> [/jobs/Job_dim_fact.kjb  /jobs/ETLdim_Producto.ktr]  An error occurred during initialization, processing will be stopped: 
Error occurred while trying to connect to the database

Connection failed. Verify all connection parameters and confirm that the appropriate driver is installed.
Connection to localhost:5432 refused. Check that the hostname and port are correct and that the postmaster is accepting TCP/IP connections.


2026-07-02 02:56:57.194 ERROR <init of Insert / update.0 (Thread-51)> [/jobs/Job_dim_fact.kjb  /jobs/ETLdim_Producto.ktr]  Error initializing step [Insert / update]
2026-07-02 02:56:57.197 ERROR <Thread-8> [/jobs/Job_dim_fact.kjb  /jobs/ETLdim_Producto.ktr]  Step [Entrada Tabla Tipo Producto.0] failed to initialize!
2026-07-02 02:56:57.199 ERROR <Thread-8> [/jobs/Job_dim_fact.kjb  /jobs/ETLdim_Producto.ktr]  Step [Entrada Tabla Producto.0] failed to initialize!
2026-07-02 02:56:57.201 ERROR <Thread-8> [/jobs/Job_dim_fact.kjb  /jobs/ETLdim_Producto.ktr]  Step [Insert / update.0] failed to initialize!
2026-07-02 02:56:57.206 INFO  <Thread-8> [/jobs/Job_dim_fact.kjb  /jobs/ETLdim_Producto.ktr]  Finished reading query, closing connection
2026-07-02 02:56:57.209 INFO  <Thread-8> [/jobs/Job_dim_fact.kjb  /jobs/ETLdim_Producto.ktr]  Finished reading query, closing connection
2026-07-02 02:56:57.212 ERROR <Thread-8> [/jobs/Job_dim_fact.kjb]  Unable to prepare for execution of the transformation
2026-07-02 02:56:57.214 ERROR <Thread-8> [/jobs/Job_dim_fact.kjb]  org.pentaho.di.core.exception.KettleException: 
We failed to initialize at least one step.  Execution can not begin!


	at org.pentaho.di.trans.Trans.prepareExecution(Trans.java:1301)
	at org.pentaho.di.trans.Trans.execute(Trans.java:763)
	at org.pentaho.di.job.entries.trans.JobEntryTrans.execute(JobEntryTrans.java:1189)
	at org.pentaho.di.job.Job.execute(Job.java:707)
	at org.pentaho.di.job.Job.execute(Job.java:848)
	at org.pentaho.di.job.Job.execute(Job.java:848)
	at org.pentaho.di.job.Job.execute(Job.java:517)
	at org.pentaho.di.job.Job.run(Job.java:395)

2026-07-02 02:56:57.219 INFO  <Thread-8> [/jobs/Job_dim_fact.kjb]  Finished job entry [ETL dim_producto] (result=[false])
2026-07-02 02:56:57.221 INFO  <Thread-8> [/jobs/Job_dim_fact.kjb]  Finished job entry [ETL dim_tiempo] (result=[false])
2026-07-02 02:56:57.223 WARN  <Thread-8> [/jobs/Job_dim_fact.kjb]  Job execution finished
2026-07-02 03:01:52.335 WARN  <Thread-8> [/jobs/Job_dim_fact.kjb]  Start of job execution
2026-07-02 03:01:52.870 INFO  <Thread-8> [/jobs/Job_dim_fact.kjb]  Starting entry [ETL dim_tiempo]
2026-07-02 03:01:54.760 INFO  <Thread-8> [/jobs/Job_dim_fact.kjb]  Using run configuration [Pentaho local]
2026-07-02 03:01:54.827 INFO  <Thread-8> [/jobs/Job_dim_fact.kjb  /jobs/ETLdim_Tiempo.ktr]  Dispatching started for transformation [Transformacion Dim_Tiempo]
2026-07-02 03:01:57.928 INFO  <Transformacion Dim_Tiempo - Generate rows> [/jobs/Job_dim_fact.kjb  /jobs/ETLdim_Tiempo.ktr]  Finished processing (I=0, O=0, R=0, W=14976, U=0, E=0)
2026-07-02 03:01:58.136 INFO  <Transformacion Dim_Tiempo - suma_dias> [/jobs/Job_dim_fact.kjb  /jobs/ETLdim_Tiempo.ktr]  Finished processing (I=0, O=0, R=14976, W=14976, U=0, E=0)
2026-07-02 03:01:58.276 INFO  <Transformacion Dim_Tiempo - Calculator> [/jobs/Job_dim_fact.kjb  /jobs/ETLdim_Tiempo.ktr]  Finished processing (I=0, O=0, R=14976, W=14976, U=0, E=0)
2026-07-02 03:02:02.001 INFO  <Transformacion Dim_Tiempo - Select values> [/jobs/Job_dim_fact.kjb  /jobs/ETLdim_Tiempo.ktr]  Finished processing (I=0, O=0, R=14976, W=14976, U=0, E=0)
2026-07-02 03:02:02.814 INFO  <Transformacion Dim_Tiempo - Extraccion de año> [/jobs/Job_dim_fact.kjb  /jobs/ETLdim_Tiempo.ktr]  Finished processing (I=0, O=0, R=14976, W=14976, U=0, E=0)
2026-07-02 03:02:02.835 INFO  <Transformacion Dim_Tiempo - Extraccion de mes> [/jobs/Job_dim_fact.kjb  /jobs/ETLdim_Tiempo.ktr]  Finished processing (I=0, O=0, R=14976, W=14976, U=0, E=0)
2026-07-02 03:02:03.108 INFO  <Transformacion Dim_Tiempo - Extraccion dia año> [/jobs/Job_dim_fact.kjb  /jobs/ETLdim_Tiempo.ktr]  Finished processing (I=0, O=0, R=14976, W=14976, U=0, E=0)
2026-07-02 03:02:03.116 INFO  <Transformacion Dim_Tiempo - Extraccion dia mes> [/jobs/Job_dim_fact.kjb  /jobs/ETLdim_Tiempo.ktr]  Finished processing (I=0, O=0, R=14976, W=14976, U=0, E=0)
2026-07-02 03:02:03.141 INFO  <Transformacion Dim_Tiempo - Extraccion dia semana> [/jobs/Job_dim_fact.kjb  /jobs/ETLdim_Tiempo.ktr]  Finished processing (I=0, O=0, R=14976, W=14976, U=0, E=0)
2026-07-02 03:02:03.487 INFO  <Transformacion Dim_Tiempo - Extraccion semana> [/jobs/Job_dim_fact.kjb  /jobs/ETLdim_Tiempo.ktr]  Finished processing (I=0, O=0, R=14976, W=14976, U=0, E=0)
2026-07-02 03:02:03.498 INFO  <Transformacion Dim_Tiempo - Mapeo de valores desc_dia_semana_corta> [/jobs/Job_dim_fact.kjb  /jobs/ETLdim_Tiempo.ktr]  Finished processing (I=0, O=0, R=14976, W=14976, U=0, E=0)
2026-07-02 03:02:03.507 INFO  <Transformacion Dim_Tiempo - Mapeo de valores desc_mes> [/jobs/Job_dim_fact.kjb  /jobs/ETLdim_Tiempo.ktr]  Finished processing (I=0, O=0, R=14976, W=14976, U=0, E=0)
2026-07-02 03:02:03.523 INFO  <Transformacion Dim_Tiempo - Mapeo de valores desc_mes_corta> [/jobs/Job_dim_fact.kjb  /jobs/ETLdim_Tiempo.ktr]  Finished processing (I=0, O=0, R=14976, W=14976, U=0, E=0)
2026-07-02 03:02:03.495 INFO  <Transformacion Dim_Tiempo - Mapeo de valores Des_dia_semana> [/jobs/Job_dim_fact.kjb  /jobs/ETLdim_Tiempo.ktr]  Finished processing (I=0, O=0, R=14976, W=14976, U=0, E=0)
2026-07-02 03:02:03.534 INFO  <Transformacion Dim_Tiempo - Formula desc_trimestre> [/jobs/Job_dim_fact.kjb  /jobs/ETLdim_Tiempo.ktr]  Finished processing (I=0, O=0, R=14976, W=14976, U=0, E=0)
2026-07-02 03:02:54.326 INFO  <Transformacion Dim_Tiempo - Formula desc_semestre> [/jobs/Job_dim_fact.kjb  /jobs/ETLdim_Tiempo.ktr]  Finished processing (I=0, O=0, R=14976, W=14976, U=0, E=0)
2026-07-02 03:04:52.349 INFO  <Transformacion Dim_Tiempo - Insert / update> [/jobs/Job_dim_fact.kjb  /jobs/ETLdim_Tiempo.ktr]  Finished processing (I=14976, O=14976, R=14976, W=14976, U=0, E=0)
2026-07-02 03:04:52.394 INFO  <Thread-8> [/jobs/Job_dim_fact.kjb]  Starting entry [ETL dim_producto]
2026-07-02 03:04:52.671 INFO  <Thread-8> [/jobs/Job_dim_fact.kjb]  Using run configuration [Pentaho local]
2026-07-02 03:04:52.674 INFO  <Thread-8> [/jobs/Job_dim_fact.kjb  /jobs/ETLdim_Producto.ktr]  Dispatching started for transformation [Transformacion ProductoLF]
2026-07-02 03:04:52.884 INFO  <Transformacion ProductoLF - Entrada Tabla Tipo Producto> [/jobs/Job_dim_fact.kjb  /jobs/ETLdim_Producto.ktr]  Finished reading query, closing connection
2026-07-02 03:04:52.892 INFO  <Transformacion ProductoLF - Entrada Tabla Tipo Producto> [/jobs/Job_dim_fact.kjb  /jobs/ETLdim_Producto.ktr]  Finished processing (I=4, O=0, R=0, W=4, U=0, E=0)
2026-07-02 03:04:52.904 INFO  <Transformacion ProductoLF - Entrada Tabla Producto> [/jobs/Job_dim_fact.kjb  /jobs/ETLdim_Producto.ktr]  Finished reading query, closing connection
2026-07-02 03:04:52.909 INFO  <Transformacion ProductoLF - Entrada Tabla Producto> [/jobs/Job_dim_fact.kjb  /jobs/ETLdim_Producto.ktr]  Finished processing (I=30, O=0, R=0, W=30, U=0, E=0)
2026-07-02 03:04:52.943 INFO  <Transformacion ProductoLF - Ordenar filas 2> [/jobs/Job_dim_fact.kjb  /jobs/ETLdim_Producto.ktr]  Finished processing (I=0, O=0, R=30, W=30, U=0, E=0)
2026-07-02 03:04:52.942 INFO  <Transformacion ProductoLF - Ordenar filas> [/jobs/Job_dim_fact.kjb  /jobs/ETLdim_Producto.ktr]  Finished processing (I=0, O=0, R=4, W=4, U=0, E=0)
2026-07-02 03:04:53.256 INFO  <Transformacion ProductoLF - Unión por clave> [/jobs/Job_dim_fact.kjb  /jobs/ETLdim_Producto.ktr]  Finished processing (I=0, O=0, R=34, W=30, U=0, E=0)
2026-07-02 03:04:53.262 INFO  <Transformacion ProductoLF - Ordenar filas 3> [/jobs/Job_dim_fact.kjb  /jobs/ETLdim_Producto.ktr]  Finished processing (I=0, O=0, R=30, W=30, U=0, E=0)
2026-07-02 03:04:53.265 INFO  <Transformacion ProductoLF - Strings cut> [/jobs/Job_dim_fact.kjb  /jobs/ETLdim_Producto.ktr]  Finished processing (I=0, O=0, R=30, W=30, U=0, E=0)
2026-07-02 03:04:53.315 INFO  <Transformacion ProductoLF - Insert / update> [/jobs/Job_dim_fact.kjb  /jobs/ETLdim_Producto.ktr]  Finished processing (I=30, O=0, R=30, W=30, U=0, E=0)
2026-07-02 03:04:53.337 INFO  <Thread-8> [/jobs/Job_dim_fact.kjb]  Starting entry [ETL dim_cliente]
2026-07-02 03:04:53.444 INFO  <Thread-8> [/jobs/Job_dim_fact.kjb]  Using run configuration [Pentaho local]
2026-07-02 03:04:53.448 INFO  <Thread-8> [/jobs/Job_dim_fact.kjb  /jobs/ETLdim_Cliente.ktr]  Dispatching started for transformation [Transformacion ClienteLF]
2026-07-02 03:04:53.556 INFO  <Transformacion ClienteLF - Entrada Tabla> [/jobs/Job_dim_fact.kjb  /jobs/ETLdim_Cliente.ktr]  Finished reading query, closing connection
2026-07-02 03:04:53.561 INFO  <Transformacion ClienteLF - Selecciona/Renombra valores> [/jobs/Job_dim_fact.kjb  /jobs/ETLdim_Cliente.ktr]  Finished processing (I=0, O=0, R=300, W=300, U=0, E=0)
2026-07-02 03:04:53.562 INFO  <Transformacion ClienteLF - Entrada Tabla> [/jobs/Job_dim_fact.kjb  /jobs/ETLdim_Cliente.ktr]  Finished processing (I=300, O=0, R=0, W=300, U=0, E=0)
2026-07-02 03:04:53.576 INFO  <Transformacion ClienteLF - Ordenar filas 3> [/jobs/Job_dim_fact.kjb  /jobs/ETLdim_Cliente.ktr]  Finished processing (I=0, O=0, R=300, W=300, U=0, E=0)
2026-07-02 03:04:53.881 INFO  <Transformacion ClienteLF - SalidaActualizada> [/jobs/Job_dim_fact.kjb  /jobs/ETLdim_Cliente.ktr]  Finished processing (I=300, O=300, R=300, W=300, U=0, E=0)
2026-07-02 03:04:53.889 INFO  <Thread-8> [/jobs/Job_dim_fact.kjb]  Starting entry [ETL dim_eval_servicio]
2026-07-02 03:04:53.984 INFO  <Thread-8> [/jobs/Job_dim_fact.kjb]  Using run configuration [Pentaho local]
2026-07-02 03:04:53.988 INFO  <Thread-8> [/jobs/Job_dim_fact.kjb  /jobs/ETLdim_Evaluacion_Servicio.ktr]  Dispatching started for transformation [Transformacion Evaluacion ServicioLF]
2026-07-02 03:04:54.067 INFO  <Transformacion Evaluacion ServicioLF - Entrada Tabla Evaluacion_Servicio> [/jobs/Job_dim_fact.kjb  /jobs/ETLdim_Evaluacion_Servicio.ktr]  Finished reading query, closing connection
2026-07-02 03:04:54.071 INFO  <Transformacion Evaluacion ServicioLF - Ordenar filas 3> [/jobs/Job_dim_fact.kjb  /jobs/ETLdim_Evaluacion_Servicio.ktr]  Finished processing (I=0, O=0, R=6, W=6, U=0, E=0)
2026-07-02 03:04:54.077 INFO  <Transformacion Evaluacion ServicioLF - Entrada Tabla Evaluacion_Servicio> [/jobs/Job_dim_fact.kjb  /jobs/ETLdim_Evaluacion_Servicio.ktr]  Finished processing (I=6, O=0, R=0, W=6, U=0, E=0)
2026-07-02 03:04:54.109 INFO  <Transformacion Evaluacion ServicioLF - Insert / update> [/jobs/Job_dim_fact.kjb  /jobs/ETLdim_Evaluacion_Servicio.ktr]  Finished processing (I=6, O=6, R=6, W=6, U=0, E=0)
2026-07-02 03:04:54.119 INFO  <Thread-8> [/jobs/Job_dim_fact.kjb]  Starting entry [ELT dim_contrato]
2026-07-02 03:04:54.185 INFO  <Thread-8> [/jobs/Job_dim_fact.kjb]  Using run configuration [Pentaho local]
2026-07-02 03:04:54.188 INFO  <Thread-8> [/jobs/Job_dim_fact.kjb  /jobs/ETLdim_Contrato.ktr]  Dispatching started for transformation [Transformacion_ContratoLF]
2026-07-02 03:04:54.270 INFO  <Transformacion_ContratoLF - Entrada Tabla> [/jobs/Job_dim_fact.kjb  /jobs/ETLdim_Contrato.ktr]  Finished reading query, closing connection
2026-07-02 03:04:54.275 INFO  <Transformacion_ContratoLF - Entrada Tabla> [/jobs/Job_dim_fact.kjb  /jobs/ETLdim_Contrato.ktr]  Finished processing (I=1000, O=0, R=0, W=1000, U=0, E=0)
2026-07-02 03:04:55.157 INFO  <Transformacion_ContratoLF - Insert / update> [/jobs/Job_dim_fact.kjb  /jobs/ETLdim_Contrato.ktr]  Finished processing (I=1000, O=1000, R=1000, W=1000, U=0, E=0)
2026-07-02 03:04:55.164 INFO  <Thread-8> [/jobs/Job_dim_fact.kjb]  Starting entry [ETL dim_estado_contrato]
2026-07-02 03:04:55.343 INFO  <Thread-8> [/jobs/Job_dim_fact.kjb]  Using run configuration [Pentaho local]
2026-07-02 03:04:55.346 INFO  <Thread-8> [/jobs/Job_dim_fact.kjb  /jobs/ETLdim_Estado_Contrato.ktr]  Dispatching started for transformation [Transformacion Estado ContratoLF]
2026-07-02 03:04:55.515 INFO  <Transformacion Estado ContratoLF - Entrada Tabla Estado Contrato> [/jobs/Job_dim_fact.kjb  /jobs/ETLdim_Estado_Contrato.ktr]  Finished reading query, closing connection
2026-07-02 03:04:55.518 INFO  <Transformacion Estado ContratoLF - Seleccionar Estado Contrato> [/jobs/Job_dim_fact.kjb  /jobs/ETLdim_Estado_Contrato.ktr]  Finished processing (I=0, O=0, R=1000, W=1000, U=0, E=0)
2026-07-02 03:04:55.525 INFO  <Transformacion Estado ContratoLF - Entrada Tabla Estado Contrato> [/jobs/Job_dim_fact.kjb  /jobs/ETLdim_Estado_Contrato.ktr]  Finished processing (I=1000, O=0, R=0, W=1000, U=0, E=0)
2026-07-02 03:04:55.572 INFO  <Transformacion Estado ContratoLF - Agrupar> [/jobs/Job_dim_fact.kjb  /jobs/ETLdim_Estado_Contrato.ktr]  Finished processing (I=0, O=0, R=1000, W=3, U=0, E=0)
2026-07-02 03:04:55.577 INFO  <Transformacion Estado ContratoLF - Add sequence cod_estado> [/jobs/Job_dim_fact.kjb  /jobs/ETLdim_Estado_Contrato.ktr]  Finished processing (I=0, O=0, R=3, W=3, U=0, E=0)
2026-07-02 03:04:55.609 INFO  <Transformacion Estado ContratoLF - Insert / update> [/jobs/Job_dim_fact.kjb  /jobs/ETLdim_Estado_Contrato.ktr]  Finished processing (I=3, O=3, R=3, W=3, U=0, E=0)
2026-07-02 03:04:55.615 INFO  <Thread-8> [/jobs/Job_dim_fact.kjb]  Starting entry [ETL dim_sucursal]
2026-07-02 03:04:55.694 INFO  <Thread-8> [/jobs/Job_dim_fact.kjb]  Using run configuration [Pentaho local]
2026-07-02 03:04:55.698 INFO  <Thread-8> [/jobs/Job_dim_fact.kjb  /jobs/ETLdim_Sucursal.ktr]  Dispatching started for transformation [Transformacion SucursalLF]
2026-07-02 03:04:55.801 INFO  <Transformacion SucursalLF - Entrada Tabla Pais> [/jobs/Job_dim_fact.kjb  /jobs/ETLdim_Sucursal.ktr]  Finished reading query, closing connection
2026-07-02 03:04:55.802 INFO  <Transformacion SucursalLF - Entrada Tabla Ciudad> [/jobs/Job_dim_fact.kjb  /jobs/ETLdim_Sucursal.ktr]  Finished reading query, closing connection
2026-07-02 03:04:55.811 INFO  <Transformacion SucursalLF - Entrada Tabla Ciudad> [/jobs/Job_dim_fact.kjb  /jobs/ETLdim_Sucursal.ktr]  Finished processing (I=30, O=0, R=0, W=30, U=0, E=0)
2026-07-02 03:04:55.813 INFO  <Transformacion SucursalLF - Entrada Tabla Pais> [/jobs/Job_dim_fact.kjb  /jobs/ETLdim_Sucursal.ktr]  Finished processing (I=30, O=0, R=0, W=30, U=0, E=0)
2026-07-02 03:04:55.811 INFO  <Transformacion SucursalLF - Entrada Tabla Sucursal> [/jobs/Job_dim_fact.kjb  /jobs/ETLdim_Sucursal.ktr]  Finished reading query, closing connection
2026-07-02 03:04:55.827 INFO  <Transformacion SucursalLF - Entrada Tabla Sucursal> [/jobs/Job_dim_fact.kjb  /jobs/ETLdim_Sucursal.ktr]  Finished processing (I=30, O=0, R=0, W=30, U=0, E=0)
2026-07-02 03:04:56.114 INFO  <Transformacion SucursalLF - Unión Sucursal-Pais> [/jobs/Job_dim_fact.kjb  /jobs/ETLdim_Sucursal.ktr]  Finished processing (I=0, O=0, R=60, W=30, U=0, E=0)
2026-07-02 03:04:56.416 INFO  <Transformacion SucursalLF - Unión Sucursal-Pais-Ciudad> [/jobs/Job_dim_fact.kjb  /jobs/ETLdim_Sucursal.ktr]  Finished processing (I=0, O=0, R=60, W=30, U=0, E=0)
2026-07-02 03:04:56.442 INFO  <Transformacion SucursalLF - Insert / update> [/jobs/Job_dim_fact.kjb  /jobs/ETLdim_Sucursal.ktr]  Finished processing (I=30, O=30, R=30, W=30, U=0, E=0)
2026-07-02 03:04:56.450 INFO  <Thread-8> [/jobs/Job_dim_fact.kjb]  Starting entry [ETL dim_siniestro]
2026-07-02 03:04:56.517 INFO  <Thread-8> [/jobs/Job_dim_fact.kjb]  Using run configuration [Pentaho local]
2026-07-02 03:04:56.520 INFO  <Thread-8> [/jobs/Job_dim_fact.kjb  /jobs/ETLdim_Siniestro.ktr]  Dispatching started for transformation [Transformacion siniestroLF]
2026-07-02 03:04:56.588 INFO  <Transformacion siniestroLF - Entrada Tabla Siniestro> [/jobs/Job_dim_fact.kjb  /jobs/ETLdim_Siniestro.ktr]  Finished reading query, closing connection
2026-07-02 03:04:56.591 INFO  <Transformacion siniestroLF - Entrada Tabla Siniestro> [/jobs/Job_dim_fact.kjb  /jobs/ETLdim_Siniestro.ktr]  Finished processing (I=20, O=0, R=0, W=20, U=0, E=0)
2026-07-02 03:04:56.637 INFO  <Transformacion siniestroLF - Insert / update> [/jobs/Job_dim_fact.kjb  /jobs/ETLdim_Siniestro.ktr]  Finished processing (I=20, O=20, R=20, W=20, U=0, E=0)
2026-07-02 03:04:56.643 INFO  <Thread-8> [/jobs/Job_dim_fact.kjb]  Starting entry [ETL_fact_metas]
2026-07-02 03:04:56.972 INFO  <Thread-8> [/jobs/Job_dim_fact.kjb]  Using run configuration [Pentaho local]
2026-07-02 03:04:56.976 INFO  <Thread-8> [/jobs/Job_dim_fact.kjb  /jobs/ETLfact_Metas.ktr]  Dispatching started for transformation [LFTransformation_fact_metas]
2026-07-02 03:04:57.302 INFO  <LFTransformation_fact_metas - extraer producto> [/jobs/Job_dim_fact.kjb  /jobs/ETLfact_Metas.ktr]  Finished reading query, closing connection
2026-07-02 03:04:57.312 INFO  <LFTransformation_fact_metas - extraer producto> [/jobs/Job_dim_fact.kjb  /jobs/ETLfact_Metas.ktr]  Finished processing (I=30, O=0, R=0, W=30, U=0, E=0)
2026-07-02 03:04:57.313 INFO  <LFTransformation_fact_metas - Sort cod_prod> [/jobs/Job_dim_fact.kjb  /jobs/ETLfact_Metas.ktr]  Finished processing (I=0, O=0, R=30, W=30, U=0, E=0)
2026-07-02 03:04:57.824 INFO  <LFTransformation_fact_metas - extraer dim_tiempo> [/jobs/Job_dim_fact.kjb  /jobs/ETLfact_Metas.ktr]  linenr 50000
2026-07-02 03:04:57.846 INFO  <LFTransformation_fact_metas - Sort fecha_completa> [/jobs/Job_dim_fact.kjb  /jobs/ETLfact_Metas.ktr]  Linenr 50000
2026-07-02 03:04:57.873 INFO  <LFTransformation_fact_metas - extraer dim_tiempo2> [/jobs/Job_dim_fact.kjb  /jobs/ETLfact_Metas.ktr]  linenr 50000
2026-07-02 03:04:57.894 INFO  <LFTransformation_fact_metas - Sort fecha_completa2> [/jobs/Job_dim_fact.kjb  /jobs/ETLfact_Metas.ktr]  Linenr 50000
2026-07-02 03:04:57.925 INFO  <LFTransformation_fact_metas - extraer dim_tiempo> [/jobs/Job_dim_fact.kjb  /jobs/ETLfact_Metas.ktr]  Finished reading query, closing connection
2026-07-02 03:04:57.944 INFO  <LFTransformation_fact_metas - extraer dim_tiempo> [/jobs/Job_dim_fact.kjb  /jobs/ETLfact_Metas.ktr]  Finished processing (I=59904, O=0, R=0, W=59904, U=0, E=0)
2026-07-02 03:04:57.991 INFO  <LFTransformation_fact_metas - extraer dim_tiempo2> [/jobs/Job_dim_fact.kjb  /jobs/ETLfact_Metas.ktr]  Finished reading query, closing connection
2026-07-02 03:04:58.002 INFO  <LFTransformation_fact_metas - extraer dim_tiempo2> [/jobs/Job_dim_fact.kjb  /jobs/ETLfact_Metas.ktr]  Finished processing (I=59904, O=0, R=0, W=59904, U=0, E=0)
2026-07-02 03:05:02.840 INFO  <LFTransformation_fact_metas - Microsoft Excel metas> [/jobs/Job_dim_fact.kjb  /jobs/ETLfact_Metas.ktr]  Finished processing (I=390, O=0, R=0, W=390, U=0, E=0)
2026-07-02 03:05:02.845 INFO  <LFTransformation_fact_metas - Sort cod_prod 2> [/jobs/Job_dim_fact.kjb  /jobs/ETLfact_Metas.ktr]  Finished processing (I=0, O=0, R=390, W=390, U=0, E=0)
2026-07-02 03:05:03.154 INFO  <LFTransformation_fact_metas - Merge join> [/jobs/Job_dim_fact.kjb  /jobs/ETLfact_Metas.ktr]  Finished processing (I=0, O=0, R=420, W=390, U=0, E=0)
2026-07-02 03:05:03.157 INFO  <LFTransformation_fact_metas - Quitar cod_prod y dejar SK> [/jobs/Job_dim_fact.kjb  /jobs/ETLfact_Metas.ktr]  Finished processing (I=0, O=0, R=390, W=390, U=0, E=0)
2026-07-02 03:05:03.166 INFO  <LFTransformation_fact_metas - Sort fecha_inicio> [/jobs/Job_dim_fact.kjb  /jobs/ETLfact_Metas.ktr]  Finished processing (I=0, O=0, R=390, W=390, U=0, E=0)
2026-07-02 03:05:03.310 INFO  <LFTransformation_fact_metas - Merge join 2> [/jobs/Job_dim_fact.kjb  /jobs/ETLfact_Metas.ktr]  linenr 50000
2026-07-02 03:05:03.319 INFO  <LFTransformation_fact_metas - Sort fecha_completa> [/jobs/Job_dim_fact.kjb  /jobs/ETLfact_Metas.ktr]  Finished processing (I=0, O=0, R=59904, W=59904, U=0, E=0)
2026-07-02 03:05:03.622 INFO  <LFTransformation_fact_metas - Merge join 2> [/jobs/Job_dim_fact.kjb  /jobs/ETLfact_Metas.ktr]  Finished processing (I=0, O=0, R=60294, W=0, U=0, E=0)
2026-07-02 03:05:03.950 INFO  <LFTransformation_fact_metas - Sort fecha_completa2> [/jobs/Job_dim_fact.kjb  /jobs/ETLfact_Metas.ktr]  Finished processing (I=0, O=0, R=59904, W=59904, U=0, E=0)
2026-07-02 03:05:04.101 INFO  <LFTransformation_fact_metas - Merge join 3> [/jobs/Job_dim_fact.kjb  /jobs/ETLfact_Metas.ktr]  Finished processing (I=0, O=0, R=59904, W=0, U=0, E=0)
2026-07-02 03:05:04.109 INFO  <Thread-8> [/jobs/Job_dim_fact.kjb]  Starting entry [ETL_fact_reg_contrato]
2026-07-02 03:05:04.360 INFO  <Thread-8> [/jobs/Job_dim_fact.kjb]  Using run configuration [Pentaho local]
2026-07-02 03:05:04.362 INFO  <Thread-8> [/jobs/Job_dim_fact.kjb  /jobs/ETLfact_Registro_Contrato.ktr]  Dispatching started for transformation [Transformacion FACT_Registro_Contrato]
2026-07-02 03:05:04.508 INFO  <init of Salida Tabla.0 (Thread-165)> [/jobs/Job_dim_fact.kjb  /jobs/ETLfact_Registro_Contrato.ktr]  Connected to database [Docker] (commit=1000)
2026-07-02 03:05:04.567 INFO  <Transformacion FACT_Registro_Contrato - Entrada Tabla Registro Contrato> [/jobs/Job_dim_fact.kjb  /jobs/ETLfact_Registro_Contrato.ktr]  Finished reading query, closing connection
2026-07-02 03:05:04.579 INFO  <Transformacion FACT_Registro_Contrato - Entrada Tabla Registro Contrato> [/jobs/Job_dim_fact.kjb  /jobs/ETLfact_Registro_Contrato.ktr]  Finished processing (I=1000, O=0, R=0, W=1000, U=0, E=0)
2026-07-02 03:05:04.593 INFO  <Transformacion FACT_Registro_Contrato - Ordenar filas cod_producto 2> [/jobs/Job_dim_fact.kjb  /jobs/ETLfact_Registro_Contrato.ktr]  Finished processing (I=0, O=0, R=30, W=30, U=0, E=0)
2026-07-02 03:05:04.591 INFO  <Transformacion FACT_Registro_Contrato - Entrada Tabla dim_producto> [/jobs/Job_dim_fact.kjb  /jobs/ETLfact_Registro_Contrato.ktr]  Finished reading query, closing connection
2026-07-02 03:05:04.594 INFO  <Transformacion FACT_Registro_Contrato - Ordenar filas cod_cliente> [/jobs/Job_dim_fact.kjb  /jobs/ETLfact_Registro_Contrato.ktr]  Finished processing (I=0, O=0, R=1000, W=1000, U=0, E=0)
2026-07-02 03:05:04.610 INFO  <Transformacion FACT_Registro_Contrato - Entrada Tabla dim_estado_contrato> [/jobs/Job_dim_fact.kjb  /jobs/ETLfact_Registro_Contrato.ktr]  Finished reading query, closing connection
2026-07-02 03:05:04.612 INFO  <Transformacion FACT_Registro_Contrato - Entrada Tabla Dim_Cliente> [/jobs/Job_dim_fact.kjb  /jobs/ETLfact_Registro_Contrato.ktr]  Finished reading query, closing connection
2026-07-02 03:05:04.630 INFO  <Transformacion FACT_Registro_Contrato - Ordenar filas cod_cliente 2> [/jobs/Job_dim_fact.kjb  /jobs/ETLfact_Registro_Contrato.ktr]  Finished processing (I=0, O=0, R=900, W=900, U=0, E=0)
2026-07-02 03:05:04.623 INFO  <Transformacion FACT_Registro_Contrato - Entrada Tabla dim_producto> [/jobs/Job_dim_fact.kjb  /jobs/ETLfact_Registro_Contrato.ktr]  Finished processing (I=30, O=0, R=0, W=30, U=0, E=0)
2026-07-02 03:05:04.630 INFO  <Transformacion FACT_Registro_Contrato - Ordenar filas descrip_estado> [/jobs/Job_dim_fact.kjb  /jobs/ETLfact_Registro_Contrato.ktr]  Finished processing (I=0, O=0, R=9, W=9, U=0, E=0)
2026-07-02 03:05:04.620 INFO  <Transformacion FACT_Registro_Contrato - Entrada Tabla dim_contrato> [/jobs/Job_dim_fact.kjb  /jobs/ETLfact_Registro_Contrato.ktr]  Finished reading query, closing connection
2026-07-02 03:05:04.644 INFO  <Transformacion FACT_Registro_Contrato - Entrada Tabla Dim_Cliente> [/jobs/Job_dim_fact.kjb  /jobs/ETLfact_Registro_Contrato.ktr]  Finished processing (I=900, O=0, R=0, W=900, U=0, E=0)
2026-07-02 03:05:04.639 INFO  <Transformacion FACT_Registro_Contrato - Entrada Tabla dim_estado_contrato> [/jobs/Job_dim_fact.kjb  /jobs/ETLfact_Registro_Contrato.ktr]  Finished processing (I=9, O=0, R=0, W=9, U=0, E=0)
2026-07-02 03:05:04.662 INFO  <Transformacion FACT_Registro_Contrato - Entrada Tabla dim_contrato> [/jobs/Job_dim_fact.kjb  /jobs/ETLfact_Registro_Contrato.ktr]  Finished processing (I=3000, O=0, R=0, W=3000, U=0, E=0)
2026-07-02 03:05:04.674 INFO  <Transformacion FACT_Registro_Contrato - Ordenar filas nro_contrato 2> [/jobs/Job_dim_fact.kjb  /jobs/ETLfact_Registro_Contrato.ktr]  Finished processing (I=0, O=0, R=3000, W=3000, U=0, E=0)
2026-07-02 03:05:04.912 INFO  <Transformacion FACT_Registro_Contrato - Entrada Tabla dim_tiempo> [/jobs/Job_dim_fact.kjb  /jobs/ETLfact_Registro_Contrato.ktr]  linenr 50000
2026-07-02 03:05:04.928 INFO  <Transformacion FACT_Registro_Contrato - Ordenar filas dim_tiempo 2> [/jobs/Job_dim_fact.kjb  /jobs/ETLfact_Registro_Contrato.ktr]  Linenr 50000
2026-07-02 03:05:04.930 INFO  <Transformacion FACT_Registro_Contrato - Ordenar filas dim_tiempo> [/jobs/Job_dim_fact.kjb  /jobs/ETLfact_Registro_Contrato.ktr]  Linenr 50000
2026-07-02 03:05:04.960 INFO  <Transformacion FACT_Registro_Contrato - Entrada Tabla dim_tiempo> [/jobs/Job_dim_fact.kjb  /jobs/ETLfact_Registro_Contrato.ktr]  Finished reading query, closing connection
2026-07-02 03:05:04.970 INFO  <Transformacion FACT_Registro_Contrato - Entrada Tabla dim_tiempo> [/jobs/Job_dim_fact.kjb  /jobs/ETLfact_Registro_Contrato.ktr]  Finished processing (I=59904, O=0, R=0, W=119808, U=0, E=0)
2026-07-02 03:05:04.973 INFO  <Transformacion FACT_Registro_Contrato - Unión por clave> [/jobs/Job_dim_fact.kjb  /jobs/ETLfact_Registro_Contrato.ktr]  Finished processing (I=0, O=0, R=1900, W=0, U=0, E=0)
2026-07-02 03:05:05.353 INFO  <Transformacion FACT_Registro_Contrato - Unión por clave cod_producto> [/jobs/Job_dim_fact.kjb  /jobs/ETLfact_Registro_Contrato.ktr]  Finished processing (I=0, O=0, R=30, W=0, U=0, E=0)
2026-07-02 03:05:05.686 INFO  <Transformacion FACT_Registro_Contrato - Unión por clave nro_contrato> [/jobs/Job_dim_fact.kjb  /jobs/ETLfact_Registro_Contrato.ktr]  Finished processing (I=0, O=0, R=3000, W=0, U=0, E=0)
2026-07-02 03:05:05.984 INFO  <Transformacion FACT_Registro_Contrato - Unión por clave estado_contrato> [/jobs/Job_dim_fact.kjb  /jobs/ETLfact_Registro_Contrato.ktr]  Finished processing (I=0, O=0, R=9, W=0, U=0, E=0)
2026-07-02 03:05:06.176 INFO  <Transformacion FACT_Registro_Contrato - Ordenar filas dim_tiempo> [/jobs/Job_dim_fact.kjb  /jobs/ETLfact_Registro_Contrato.ktr]  Finished processing (I=0, O=0, R=59904, W=59904, U=0, E=0)
2026-07-02 03:05:06.327 INFO  <Transformacion FACT_Registro_Contrato - Unión por clave fecha inicio> [/jobs/Job_dim_fact.kjb  /jobs/ETLfact_Registro_Contrato.ktr]  Finished processing (I=0, O=0, R=59904, W=0, U=0, E=0)
2026-07-02 03:05:06.521 INFO  <Transformacion FACT_Registro_Contrato - Ordenar filas dim_tiempo 2> [/jobs/Job_dim_fact.kjb  /jobs/ETLfact_Registro_Contrato.ktr]  Finished processing (I=0, O=0, R=59904, W=59904, U=0, E=0)
2026-07-02 03:05:06.672 INFO  <Transformacion FACT_Registro_Contrato - Unión por clave fecha fin> [/jobs/Job_dim_fact.kjb  /jobs/ETLfact_Registro_Contrato.ktr]  Finished processing (I=0, O=0, R=59904, W=0, U=0, E=0)
2026-07-02 03:05:06.679 INFO  <Thread-8> [/jobs/Job_dim_fact.kjb]  Starting entry [ETL fact_reg_siniestro]
2026-07-02 03:05:07.204 INFO  <Thread-8> [/jobs/Job_dim_fact.kjb]  Using run configuration [Pentaho local]
2026-07-02 03:05:07.207 INFO  <Thread-8> [/jobs/Job_dim_fact.kjb  /jobs/ETLfact_Registro_Siniestro.ktr]  Dispatching started for transformation [Transformacion Fact_Registro_Siniestro]
2026-07-02 03:05:07.397 INFO  <Transformacion Fact_Registro_Siniestro - Entrada Tabla dim_siniestro> [/jobs/Job_dim_fact.kjb  /jobs/ETLfact_Registro_Siniestro.ktr]  Finished reading query, closing connection
2026-07-02 03:05:07.407 INFO  <Transformacion Fact_Registro_Siniestro - Entrada Tabla Fact_Registro_Siniestro> [/jobs/Job_dim_fact.kjb  /jobs/ETLfact_Registro_Siniestro.ktr]  Finished reading query, closing connection
2026-07-02 03:05:07.414 INFO  <Transformacion Fact_Registro_Siniestro - Ordenar filas nro_siniestro> [/jobs/Job_dim_fact.kjb  /jobs/ETLfact_Registro_Siniestro.ktr]  Finished processing (I=0, O=0, R=60, W=60, U=0, E=0)
2026-07-02 03:05:07.418 INFO  <Transformacion Fact_Registro_Siniestro - Entrada Tabla Fact_Registro_Siniestro> [/jobs/Job_dim_fact.kjb  /jobs/ETLfact_Registro_Siniestro.ktr]  Finished processing (I=1000, O=0, R=0, W=1000, U=0, E=0)
2026-07-02 03:05:07.434 INFO  <Transformacion Fact_Registro_Siniestro - Ordenar filas siniestro> [/jobs/Job_dim_fact.kjb  /jobs/ETLfact_Registro_Siniestro.ktr]  Finished processing (I=0, O=0, R=1000, W=1000, U=0, E=0)
2026-07-02 03:05:07.442 INFO  <Transformacion Fact_Registro_Siniestro - Entrada Tabla dim_contrato> [/jobs/Job_dim_fact.kjb  /jobs/ETLfact_Registro_Siniestro.ktr]  Finished reading query, closing connection
2026-07-02 03:05:07.451 INFO  <Transformacion Fact_Registro_Siniestro - Entrada Tabla dim_siniestro> [/jobs/Job_dim_fact.kjb  /jobs/ETLfact_Registro_Siniestro.ktr]  Finished processing (I=60, O=0, R=0, W=60, U=0, E=0)
2026-07-02 03:05:07.494 INFO  <Transformacion Fact_Registro_Siniestro - Entrada Tabla Registro Contrato> [/jobs/Job_dim_fact.kjb  /jobs/ETLfact_Registro_Siniestro.ktr]  Finished reading query, closing connection
2026-07-02 03:05:07.493 INFO  <Transformacion Fact_Registro_Siniestro - Entrada Tabla cliente> [/jobs/Job_dim_fact.kjb  /jobs/ETLfact_Registro_Siniestro.ktr]  Finished reading query, closing connection
2026-07-02 03:05:07.530 INFO  <Transformacion Fact_Registro_Siniestro - Ordenar filas producto 2> [/jobs/Job_dim_fact.kjb  /jobs/ETLfact_Registro_Siniestro.ktr]  Finished processing (I=0, O=0, R=30, W=30, U=0, E=0)
2026-07-02 03:05:07.503 INFO  <Transformacion Fact_Registro_Siniestro - Ordenar filas sucursal 2> [/jobs/Job_dim_fact.kjb  /jobs/ETLfact_Registro_Siniestro.ktr]  Finished processing (I=0, O=0, R=90, W=90, U=0, E=0)
2026-07-02 03:05:07.521 INFO  <Transformacion Fact_Registro_Siniestro - Ordenar filas codigo cliente> [/jobs/Job_dim_fact.kjb  /jobs/ETLfact_Registro_Siniestro.ktr]  Finished processing (I=0, O=0, R=300, W=300, U=0, E=0)
2026-07-02 03:05:07.519 INFO  <Transformacion Fact_Registro_Siniestro - Entrada Tabla dim_producto> [/jobs/Job_dim_fact.kjb  /jobs/ETLfact_Registro_Siniestro.ktr]  Finished reading query, closing connection
2026-07-02 03:05:07.495 INFO  <Transformacion Fact_Registro_Siniestro - Entrada Tabla dim sucursal> [/jobs/Job_dim_fact.kjb  /jobs/ETLfact_Registro_Siniestro.ktr]  Finished reading query, closing connection
2026-07-02 03:05:07.512 INFO  <Transformacion Fact_Registro_Siniestro - Entrada Tabla dim_cliente> [/jobs/Job_dim_fact.kjb  /jobs/ETLfact_Registro_Siniestro.ktr]  Finished reading query, closing connection
2026-07-02 03:05:07.512 INFO  <Transformacion Fact_Registro_Siniestro - Ordenar filas cliente> [/jobs/Job_dim_fact.kjb  /jobs/ETLfact_Registro_Siniestro.ktr]  Finished processing (I=0, O=0, R=1000, W=1000, U=0, E=0)
2026-07-02 03:05:07.512 INFO  <Transformacion Fact_Registro_Siniestro - Entrada Tabla Registro Contrato> [/jobs/Job_dim_fact.kjb  /jobs/ETLfact_Registro_Siniestro.ktr]  Finished processing (I=1000, O=0, R=0, W=1000, U=0, E=0)
2026-07-02 03:05:07.580 INFO  <Transformacion Fact_Registro_Siniestro - Entrada Tabla dim sucursal> [/jobs/Job_dim_fact.kjb  /jobs/ETLfact_Registro_Siniestro.ktr]  Finished processing (I=90, O=0, R=0, W=90, U=0, E=0)
2026-07-02 03:05:07.578 INFO  <Transformacion Fact_Registro_Siniestro - Entrada Tabla dim_producto> [/jobs/Job_dim_fact.kjb  /jobs/ETLfact_Registro_Siniestro.ktr]  Finished processing (I=30, O=0, R=0, W=30, U=0, E=0)
2026-07-02 03:05:07.518 INFO  <Transformacion Fact_Registro_Siniestro - Ordenar filas codigo cliente 2> [/jobs/Job_dim_fact.kjb  /jobs/ETLfact_Registro_Siniestro.ktr]  Finished processing (I=0, O=0, R=900, W=900, U=0, E=0)
2026-07-02 03:05:07.511 INFO  <Transformacion Fact_Registro_Siniestro - Entrada Tabla dim_contrato> [/jobs/Job_dim_fact.kjb  /jobs/ETLfact_Registro_Siniestro.ktr]  Finished processing (I=3000, O=0, R=0, W=3000, U=0, E=0)
2026-07-02 03:05:07.600 INFO  <Transformacion Fact_Registro_Siniestro - Entrada Tabla dim_cliente> [/jobs/Job_dim_fact.kjb  /jobs/ETLfact_Registro_Siniestro.ktr]  Finished processing (I=900, O=0, R=0, W=900, U=0, E=0)
2026-07-02 03:05:07.543 INFO  <Transformacion Fact_Registro_Siniestro - Ordenar filas nro_contrato> [/jobs/Job_dim_fact.kjb  /jobs/ETLfact_Registro_Siniestro.ktr]  Finished processing (I=0, O=0, R=3000, W=3000, U=0, E=0)
2026-07-02 03:05:07.630 INFO  <Transformacion Fact_Registro_Siniestro - Entrada Tabla cliente> [/jobs/Job_dim_fact.kjb  /jobs/ETLfact_Registro_Siniestro.ktr]  Finished processing (I=300, O=0, R=0, W=300, U=0, E=0)
2026-07-02 03:05:07.733 INFO  <Transformacion Fact_Registro_Siniestro - Entrada Tabla fechas> [/jobs/Job_dim_fact.kjb  /jobs/ETLfact_Registro_Siniestro.ktr]  linenr 50000
2026-07-02 03:05:07.750 INFO  <Transformacion Fact_Registro_Siniestro - Unión por clave sinistro> [/jobs/Job_dim_fact.kjb  /jobs/ETLfact_Registro_Siniestro.ktr]  Finished processing (I=0, O=0, R=1060, W=0, U=0, E=0)
2026-07-02 03:05:07.770 INFO  <Transformacion Fact_Registro_Siniestro - Ordenar filas fecha completa> [/jobs/Job_dim_fact.kjb  /jobs/ETLfact_Registro_Siniestro.ktr]  Linenr 50000
2026-07-02 03:05:07.770 INFO  <Transformacion Fact_Registro_Siniestro - Ordenar filas fecha completa 2> [/jobs/Job_dim_fact.kjb  /jobs/ETLfact_Registro_Siniestro.ktr]  Linenr 50000
2026-07-02 03:05:07.799 INFO  <Transformacion Fact_Registro_Siniestro - Entrada Tabla fechas> [/jobs/Job_dim_fact.kjb  /jobs/ETLfact_Registro_Siniestro.ktr]  Finished reading query, closing connection
2026-07-02 03:05:07.817 INFO  <Transformacion Fact_Registro_Siniestro - Entrada Tabla fechas> [/jobs/Job_dim_fact.kjb  /jobs/ETLfact_Registro_Siniestro.ktr]  Finished processing (I=59904, O=0, R=0, W=119808, U=0, E=0)
2026-07-02 03:05:07.837 INFO  <Transformacion Fact_Registro_Siniestro - Unión por clave codigo cliente> [/jobs/Job_dim_fact.kjb  /jobs/ETLfact_Registro_Siniestro.ktr]  Finished processing (I=0, O=0, R=1200, W=0, U=0, E=0)
2026-07-02 03:05:08.195 INFO  <Transformacion Fact_Registro_Siniestro - Unión por clave contrato> [/jobs/Job_dim_fact.kjb  /jobs/ETLfact_Registro_Siniestro.ktr]  Finished processing (I=0, O=0, R=3000, W=0, U=0, E=0)
2026-07-02 03:05:08.274 INFO  <Transformacion Fact_Registro_Siniestro - Unión por clave sucursal> [/jobs/Job_dim_fact.kjb  /jobs/ETLfact_Registro_Siniestro.ktr]  Finished processing (I=0, O=0, R=90, W=0, U=0, E=0)
2026-07-02 03:05:08.606 INFO  <Transformacion Fact_Registro_Siniestro - Unión por clave cliente> [/jobs/Job_dim_fact.kjb  /jobs/ETLfact_Registro_Siniestro.ktr]  Finished processing (I=0, O=0, R=1000, W=0, U=0, E=0)
2026-07-02 03:05:08.945 INFO  <Transformacion Fact_Registro_Siniestro - Unión por clave producto> [/jobs/Job_dim_fact.kjb  /jobs/ETLfact_Registro_Siniestro.ktr]  Finished processing (I=0, O=0, R=30, W=0, U=0, E=0)
2026-07-02 03:05:09.251 INFO  <Transformacion Fact_Registro_Siniestro - Ordenar filas fecha completa> [/jobs/Job_dim_fact.kjb  /jobs/ETLfact_Registro_Siniestro.ktr]  Finished processing (I=0, O=0, R=59904, W=59904, U=0, E=0)
2026-07-02 03:05:09.401 INFO  <Transformacion Fact_Registro_Siniestro - Unión por clave fecha_siniestro> [/jobs/Job_dim_fact.kjb  /jobs/ETLfact_Registro_Siniestro.ktr]  Finished processing (I=0, O=0, R=59904, W=0, U=0, E=0)
2026-07-02 03:05:09.549 INFO  <Transformacion Fact_Registro_Siniestro - Ordenar filas fecha completa 2> [/jobs/Job_dim_fact.kjb  /jobs/ETLfact_Registro_Siniestro.ktr]  Finished processing (I=0, O=0, R=59904, W=59904, U=0, E=0)
2026-07-02 03:05:09.701 INFO  <Transformacion Fact_Registro_Siniestro - Unión por clave fecha respuesta> [/jobs/Job_dim_fact.kjb  /jobs/ETLfact_Registro_Siniestro.ktr]  Finished processing (I=0, O=0, R=59904, W=0, U=0, E=0)
2026-07-02 03:05:09.712 INFO  <Thread-8> [/jobs/Job_dim_fact.kjb]  Starting entry [ETL fact_eval_servicio]
2026-07-02 03:05:09.917 INFO  <Thread-8> [/jobs/Job_dim_fact.kjb]  Using run configuration [Pentaho local]
2026-07-02 03:05:09.921 INFO  <Thread-8> [/jobs/Job_dim_fact.kjb  /jobs/ETLfact_Evaluacion_Servicio.ktr]  Dispatching started for transformation [Transformacion Fact_Evaluacion_Servicio]
2026-07-02 03:05:10.037 INFO  <Transformacion Fact_Evaluacion_Servicio - Entrada Tabla dim cliente> [/jobs/Job_dim_fact.kjb  /jobs/ETLfact_Evaluacion_Servicio.ktr]  Finished reading query, closing connection
2026-07-02 03:05:10.045 INFO  <Transformacion Fact_Evaluacion_Servicio - Ordenar filas cod_producto> [/jobs/Job_dim_fact.kjb  /jobs/ETLfact_Evaluacion_Servicio.ktr]  Finished processing (I=0, O=0, R=30, W=30, U=0, E=0)
2026-07-02 03:05:10.037 INFO  <Transformacion Fact_Evaluacion_Servicio - Entrada Tabla dim producto> [/jobs/Job_dim_fact.kjb  /jobs/ETLfact_Evaluacion_Servicio.ktr]  Finished reading query, closing connection
2026-07-02 03:05:10.044 INFO  <Transformacion Fact_Evaluacion_Servicio - Ordenar filas cod_cliente> [/jobs/Job_dim_fact.kjb  /jobs/ETLfact_Evaluacion_Servicio.ktr]  Finished processing (I=0, O=0, R=900, W=900, U=0, E=0)
2026-07-02 03:05:10.054 INFO  <Transformacion Fact_Evaluacion_Servicio - Entrada Tabla dim cliente> [/jobs/Job_dim_fact.kjb  /jobs/ETLfact_Evaluacion_Servicio.ktr]  Finished processing (I=900, O=0, R=0, W=900, U=0, E=0)
2026-07-02 03:05:10.068 INFO  <Transformacion Fact_Evaluacion_Servicio - Entrada Tabla dim producto> [/jobs/Job_dim_fact.kjb  /jobs/ETLfact_Evaluacion_Servicio.ktr]  Finished processing (I=30, O=0, R=0, W=30, U=0, E=0)
2026-07-02 03:05:10.071 INFO  <Transformacion Fact_Evaluacion_Servicio - Entrada Tabla dim evaluacion servicio> [/jobs/Job_dim_fact.kjb  /jobs/ETLfact_Evaluacion_Servicio.ktr]  Finished reading query, closing connection
2026-07-02 03:05:10.075 INFO  <Transformacion Fact_Evaluacion_Servicio - Entrada Tabla recomienda> [/jobs/Job_dim_fact.kjb  /jobs/ETLfact_Evaluacion_Servicio.ktr]  Finished reading query, closing connection
2026-07-02 03:05:10.091 INFO  <Transformacion Fact_Evaluacion_Servicio - Entrada Tabla dim evaluacion servicio> [/jobs/Job_dim_fact.kjb  /jobs/ETLfact_Evaluacion_Servicio.ktr]  Finished processing (I=18, O=0, R=0, W=18, U=0, E=0)
2026-07-02 03:05:10.096 INFO  <Transformacion Fact_Evaluacion_Servicio - Entrada Tabla recomienda> [/jobs/Job_dim_fact.kjb  /jobs/ETLfact_Evaluacion_Servicio.ktr]  Finished processing (I=500, O=0, R=0, W=500, U=0, E=0)
2026-07-02 03:05:10.093 INFO  <Transformacion Fact_Evaluacion_Servicio - Ordenar filas codigo producto> [/jobs/Job_dim_fact.kjb  /jobs/ETLfact_Evaluacion_Servicio.ktr]  Finished processing (I=0, O=0, R=500, W=500, U=0, E=0)
2026-07-02 03:05:10.095 INFO  <Transformacion Fact_Evaluacion_Servicio - Ordenar filas 2 evaluacion servicio> [/jobs/Job_dim_fact.kjb  /jobs/ETLfact_Evaluacion_Servicio.ktr]  Finished processing (I=0, O=0, R=18, W=18, U=0, E=0)
2026-07-02 03:05:10.262 INFO  <Transformacion Fact_Evaluacion_Servicio - Entrada Tabla dim_tiempo> [/jobs/Job_dim_fact.kjb  /jobs/ETLfact_Evaluacion_Servicio.ktr]  linenr 50000
2026-07-02 03:05:10.311 INFO  <Transformacion Fact_Evaluacion_Servicio - Ordenar filas fecha completa> [/jobs/Job_dim_fact.kjb  /jobs/ETLfact_Evaluacion_Servicio.ktr]  Linenr 50000
2026-07-02 03:05:10.314 INFO  <Transformacion Fact_Evaluacion_Servicio - Entrada Tabla dim_tiempo> [/jobs/Job_dim_fact.kjb  /jobs/ETLfact_Evaluacion_Servicio.ktr]  Finished reading query, closing connection
2026-07-02 03:05:10.323 INFO  <Transformacion Fact_Evaluacion_Servicio - Entrada Tabla dim_tiempo> [/jobs/Job_dim_fact.kjb  /jobs/ETLfact_Evaluacion_Servicio.ktr]  Finished processing (I=59904, O=0, R=0, W=59904, U=0, E=0)
2026-07-02 03:05:10.405 INFO  <Transformacion Fact_Evaluacion_Servicio - Unión por clave codigo pruducto> [/jobs/Job_dim_fact.kjb  /jobs/ETLfact_Evaluacion_Servicio.ktr]  Finished processing (I=0, O=0, R=530, W=500, U=0, E=0)
2026-07-02 03:05:10.411 INFO  <Transformacion Fact_Evaluacion_Servicio - Ordenar filas codigo cliente> [/jobs/Job_dim_fact.kjb  /jobs/ETLfact_Evaluacion_Servicio.ktr]  Finished processing (I=0, O=0, R=500, W=500, U=0, E=0)
2026-07-02 03:05:10.714 INFO  <Transformacion Fact_Evaluacion_Servicio - Unión por clave codigo cliente> [/jobs/Job_dim_fact.kjb  /jobs/ETLfact_Evaluacion_Servicio.ktr]  Finished processing (I=0, O=0, R=1400, W=0, U=0, E=0)
2026-07-02 03:05:11.058 INFO  <Transformacion Fact_Evaluacion_Servicio - Unión por clave evaluacion servicio> [/jobs/Job_dim_fact.kjb  /jobs/ETLfact_Evaluacion_Servicio.ktr]  Finished processing (I=0, O=0, R=18, W=0, U=0, E=0)
2026-07-02 03:05:11.297 INFO  <Transformacion Fact_Evaluacion_Servicio - Ordenar filas fecha completa> [/jobs/Job_dim_fact.kjb  /jobs/ETLfact_Evaluacion_Servicio.ktr]  Finished processing (I=0, O=0, R=59904, W=59904, U=0, E=0)
2026-07-02 03:05:11.448 INFO  <Transformacion Fact_Evaluacion_Servicio - Unión por clave fecha> [/jobs/Job_dim_fact.kjb  /jobs/ETLfact_Evaluacion_Servicio.ktr]  Finished processing (I=0, O=0, R=59904, W=0, U=0, E=0)
2026-07-02 03:05:11.459 INFO  <Thread-8> [/jobs/Job_dim_fact.kjb]  Finished job entry [ETL fact_eval_servicio] (result=[true])
2026-07-02 03:05:11.461 INFO  <Thread-8> [/jobs/Job_dim_fact.kjb]  Finished job entry [ETL fact_reg_siniestro] (result=[true])
2026-07-02 03:05:11.464 INFO  <Thread-8> [/jobs/Job_dim_fact.kjb]  Finished job entry [ETL_fact_reg_contrato] (result=[true])
2026-07-02 03:05:11.466 INFO  <Thread-8> [/jobs/Job_dim_fact.kjb]  Finished job entry [ETL_fact_metas] (result=[true])
2026-07-02 03:05:11.468 INFO  <Thread-8> [/jobs/Job_dim_fact.kjb]  Finished job entry [ETL dim_siniestro] (result=[true])
2026-07-02 03:05:11.470 INFO  <Thread-8> [/jobs/Job_dim_fact.kjb]  Finished job entry [ETL dim_sucursal] (result=[true])
2026-07-02 03:05:11.472 INFO  <Thread-8> [/jobs/Job_dim_fact.kjb]  Finished job entry [ETL dim_estado_contrato] (result=[true])
2026-07-02 03:05:11.474 INFO  <Thread-8> [/jobs/Job_dim_fact.kjb]  Finished job entry [ELT dim_contrato] (result=[true])
2026-07-02 03:05:11.476 INFO  <Thread-8> [/jobs/Job_dim_fact.kjb]  Finished job entry [ETL dim_eval_servicio] (result=[true])
2026-07-02 03:05:11.478 INFO  <Thread-8> [/jobs/Job_dim_fact.kjb]  Finished job entry [ETL dim_cliente] (result=[true])
2026-07-02 03:05:11.480 INFO  <Thread-8> [/jobs/Job_dim_fact.kjb]  Finished job entry [ETL dim_producto] (result=[true])
2026-07-02 03:05:11.482 INFO  <Thread-8> [/jobs/Job_dim_fact.kjb]  Finished job entry [ETL dim_tiempo] (result=[true])
2026-07-02 03:05:11.485 WARN  <Thread-8> [/jobs/Job_dim_fact.kjb]  Job execution finished
2026-07-02 03:10:14.790 WARN  <Thread-8> [/jobs/Job_dim_fact.kjb]  Start of job execution
2026-07-02 03:10:15.375 INFO  <Thread-8> [/jobs/Job_dim_fact.kjb]  Starting entry [ETL dim_tiempo]
2026-07-02 03:10:17.466 INFO  <Thread-8> [/jobs/Job_dim_fact.kjb]  Using run configuration [Pentaho local]
2026-07-02 03:10:17.570 INFO  <Thread-8> [/jobs/Job_dim_fact.kjb  /jobs/ETLdim_Tiempo.ktr]  Dispatching started for transformation [Transformacion Dim_Tiempo]
2026-07-02 03:10:20.746 INFO  <Transformacion Dim_Tiempo - Generate rows> [/jobs/Job_dim_fact.kjb  /jobs/ETLdim_Tiempo.ktr]  Finished processing (I=0, O=0, R=0, W=14976, U=0, E=0)
2026-07-02 03:10:20.907 INFO  <Transformacion Dim_Tiempo - suma_dias> [/jobs/Job_dim_fact.kjb  /jobs/ETLdim_Tiempo.ktr]  Finished processing (I=0, O=0, R=14976, W=14976, U=0, E=0)
2026-07-02 03:10:21.022 INFO  <Transformacion Dim_Tiempo - Calculator> [/jobs/Job_dim_fact.kjb  /jobs/ETLdim_Tiempo.ktr]  Finished processing (I=0, O=0, R=14976, W=14976, U=0, E=0)
2026-07-02 03:10:24.119 ERROR <Transformacion Dim_Tiempo - Ordenar filas 3> [/jobs/Job_dim_fact.kjb  /jobs/ETLdim_Tiempo.ktr]  Unexpected error
2026-07-02 03:10:24.128 ERROR <Transformacion Dim_Tiempo - Ordenar filas 3> [/jobs/Job_dim_fact.kjb  /jobs/ETLdim_Tiempo.ktr]  org.pentaho.di.core.exception.KettleException: 
The field fecha_completa specified in the "Ordenar filas 3" step is not in the steps input stream.

	at org.pentaho.di.trans.steps.sort.SortRows.processRow(SortRows.java:426)
	at org.pentaho.di.trans.step.RunThread.run(RunThread.java:62)
	at java.lang.Thread.run(Thread.java:750)

2026-07-02 03:10:24.138 ERROR <Thread-8> [/jobs/Job_dim_fact.kjb  /jobs/ETLdim_Tiempo.ktr]  Errors detected!
2026-07-02 03:10:24.143 INFO  <Transformacion Dim_Tiempo - Mapeo de valores Des_dia_semana> [/jobs/Job_dim_fact.kjb  /jobs/ETLdim_Tiempo.ktr]  Finished processing (I=0, O=0, R=55, W=55, U=0, E=0)
2026-07-02 03:10:24.140 INFO  <Transformacion Dim_Tiempo - Formula desc_semestre> [/jobs/Job_dim_fact.kjb  /jobs/ETLdim_Tiempo.ktr]  Finished processing (I=0, O=0, R=48, W=48, U=0, E=0)
2026-07-02 03:10:24.142 INFO  <Transformacion Dim_Tiempo - Mapeo de valores desc_dia_semana_corta> [/jobs/Job_dim_fact.kjb  /jobs/ETLdim_Tiempo.ktr]  Finished processing (I=0, O=0, R=55, W=55, U=0, E=0)
2026-07-02 03:10:24.140 INFO  <Transformacion Dim_Tiempo - Ordenar filas 3> [/jobs/Job_dim_fact.kjb  /jobs/ETLdim_Tiempo.ktr]  Finished processing (I=0, O=0, R=1, W=0, U=0, E=1)
2026-07-02 03:10:24.140 INFO  <Transformacion Dim_Tiempo - Formula desc_trimestre> [/jobs/Job_dim_fact.kjb  /jobs/ETLdim_Tiempo.ktr]  Finished processing (I=0, O=0, R=55, W=55, U=0, E=0)
2026-07-02 03:10:24.140 INFO  <Transformacion Dim_Tiempo - Select values> [/jobs/Job_dim_fact.kjb  /jobs/ETLdim_Tiempo.ktr]  Finished processing (I=0, O=0, R=10859, W=10859, U=0, E=0)
2026-07-02 03:10:24.140 INFO  <Transformacion Dim_Tiempo - Mapeo de valores desc_mes> [/jobs/Job_dim_fact.kjb  /jobs/ETLdim_Tiempo.ktr]  Finished processing (I=0, O=0, R=55, W=55, U=0, E=0)
2026-07-02 03:10:24.142 INFO  <Transformacion Dim_Tiempo - Mapeo de valores desc_mes_corta> [/jobs/Job_dim_fact.kjb  /jobs/ETLdim_Tiempo.ktr]  Finished processing (I=0, O=0, R=55, W=55, U=0, E=0)
2026-07-02 03:10:24.150 INFO  <Transformacion Dim_Tiempo - Extraccion dia semana> [/jobs/Job_dim_fact.kjb  /jobs/ETLdim_Tiempo.ktr]  Finished processing (I=0, O=0, R=186, W=186, U=0, E=0)
2026-07-02 03:10:24.149 INFO  <Transformacion Dim_Tiempo - Extraccion dia mes> [/jobs/Job_dim_fact.kjb  /jobs/ETLdim_Tiempo.ktr]  Finished processing (I=0, O=0, R=297, W=296, U=0, E=0)
2026-07-02 03:10:24.157 INFO  <Transformacion Dim_Tiempo - Extraccion semana> [/jobs/Job_dim_fact.kjb  /jobs/ETLdim_Tiempo.ktr]  Finished processing (I=0, O=0, R=59, W=58, U=0, E=0)
2026-07-02 03:10:24.158 INFO  <Transformacion Dim_Tiempo - Extraccion dia año> [/jobs/Job_dim_fact.kjb  /jobs/ETLdim_Tiempo.ktr]  Finished processing (I=0, O=0, R=616, W=615, U=0, E=0)
2026-07-02 03:10:24.158 INFO  <Transformacion Dim_Tiempo - Extraccion de mes> [/jobs/Job_dim_fact.kjb  /jobs/ETLdim_Tiempo.ktr]  Finished processing (I=0, O=0, R=846, W=845, U=0, E=0)
2026-07-02 03:10:24.161 INFO  <Transformacion Dim_Tiempo - Extraccion de año> [/jobs/Job_dim_fact.kjb  /jobs/ETLdim_Tiempo.ktr]  Finished processing (I=0, O=0, R=957, W=956, U=0, E=0)
2026-07-02 03:10:24.170 WARN  <Transformacion Dim_Tiempo - Ordenar filas 3> [/jobs/Job_dim_fact.kjb  /jobs/ETLdim_Tiempo.ktr]  Transformation detected one or more steps with errors.
2026-07-02 03:10:24.192 WARN  <Transformacion Dim_Tiempo - Ordenar filas 3> [/jobs/Job_dim_fact.kjb  /jobs/ETLdim_Tiempo.ktr]  Transformation is killing the other steps!
2026-07-02 03:10:24.585 ERROR <Thread-8> [/jobs/Job_dim_fact.kjb  /jobs/ETLdim_Tiempo.ktr]  Errors detected!
2026-07-02 03:10:24.591 INFO  <Thread-8> [/jobs/Job_dim_fact.kjb]  Starting entry [ETL dim_producto]
2026-07-02 03:10:24.787 INFO  <Thread-8> [/jobs/Job_dim_fact.kjb]  Using run configuration [Pentaho local]
2026-07-02 03:10:24.790 INFO  <Thread-8> [/jobs/Job_dim_fact.kjb  /jobs/ETLdim_Producto.ktr]  Dispatching started for transformation [Transformacion ProductoLF]
2026-07-02 03:10:25.201 INFO  <Transformacion ProductoLF - Entrada Tabla Tipo Producto> [/jobs/Job_dim_fact.kjb  /jobs/ETLdim_Producto.ktr]  Finished reading query, closing connection
2026-07-02 03:10:25.206 INFO  <Transformacion ProductoLF - Entrada Tabla Producto> [/jobs/Job_dim_fact.kjb  /jobs/ETLdim_Producto.ktr]  Finished reading query, closing connection
2026-07-02 03:10:25.216 INFO  <Transformacion ProductoLF - Entrada Tabla Tipo Producto> [/jobs/Job_dim_fact.kjb  /jobs/ETLdim_Producto.ktr]  Finished processing (I=4, O=0, R=0, W=4, U=0, E=0)
2026-07-02 03:10:25.219 INFO  <Transformacion ProductoLF - Ordenar filas 2> [/jobs/Job_dim_fact.kjb  /jobs/ETLdim_Producto.ktr]  Finished processing (I=0, O=0, R=30, W=30, U=0, E=0)
2026-07-02 03:10:25.216 INFO  <Transformacion ProductoLF - Entrada Tabla Producto> [/jobs/Job_dim_fact.kjb  /jobs/ETLdim_Producto.ktr]  Finished processing (I=30, O=0, R=0, W=30, U=0, E=0)
2026-07-02 03:10:25.222 INFO  <Transformacion ProductoLF - Ordenar filas> [/jobs/Job_dim_fact.kjb  /jobs/ETLdim_Producto.ktr]  Finished processing (I=0, O=0, R=4, W=4, U=0, E=0)
2026-07-02 03:10:25.531 INFO  <Transformacion ProductoLF - Unión por clave> [/jobs/Job_dim_fact.kjb  /jobs/ETLdim_Producto.ktr]  Finished processing (I=0, O=0, R=34, W=30, U=0, E=0)
2026-07-02 03:10:25.536 INFO  <Transformacion ProductoLF - Ordenar filas 3> [/jobs/Job_dim_fact.kjb  /jobs/ETLdim_Producto.ktr]  Finished processing (I=0, O=0, R=30, W=30, U=0, E=0)
2026-07-02 03:10:25.541 INFO  <Transformacion ProductoLF - Strings cut> [/jobs/Job_dim_fact.kjb  /jobs/ETLdim_Producto.ktr]  Finished processing (I=0, O=0, R=30, W=30, U=0, E=0)
2026-07-02 03:10:25.628 INFO  <Transformacion ProductoLF - Insert / update> [/jobs/Job_dim_fact.kjb  /jobs/ETLdim_Producto.ktr]  Finished processing (I=30, O=0, R=30, W=30, U=0, E=0)
2026-07-02 03:10:25.646 INFO  <Thread-8> [/jobs/Job_dim_fact.kjb]  Starting entry [ETL dim_cliente]
2026-07-02 03:10:26.019 INFO  <Thread-8> [/jobs/Job_dim_fact.kjb]  Using run configuration [Pentaho local]
2026-07-02 03:10:26.044 INFO  <Thread-8> [/jobs/Job_dim_fact.kjb  /jobs/ETLdim_Cliente.ktr]  Dispatching started for transformation [Transformacion ClienteLF]
2026-07-02 03:10:26.150 INFO  <Transformacion ClienteLF - Entrada Tabla> [/jobs/Job_dim_fact.kjb  /jobs/ETLdim_Cliente.ktr]  Finished reading query, closing connection
2026-07-02 03:10:26.159 INFO  <Transformacion ClienteLF - Selecciona/Renombra valores> [/jobs/Job_dim_fact.kjb  /jobs/ETLdim_Cliente.ktr]  Finished processing (I=0, O=0, R=300, W=300, U=0, E=0)
2026-07-02 03:10:26.166 INFO  <Transformacion ClienteLF - Entrada Tabla> [/jobs/Job_dim_fact.kjb  /jobs/ETLdim_Cliente.ktr]  Finished processing (I=300, O=0, R=0, W=300, U=0, E=0)
2026-07-02 03:10:26.168 INFO  <Transformacion ClienteLF - Ordenar filas 3> [/jobs/Job_dim_fact.kjb  /jobs/ETLdim_Cliente.ktr]  Finished processing (I=0, O=0, R=300, W=300, U=0, E=0)
2026-07-02 03:10:26.586 INFO  <Transformacion ClienteLF - SalidaActualizada> [/jobs/Job_dim_fact.kjb  /jobs/ETLdim_Cliente.ktr]  Finished processing (I=300, O=300, R=300, W=300, U=0, E=0)
2026-07-02 03:10:26.596 INFO  <Thread-8> [/jobs/Job_dim_fact.kjb]  Starting entry [ETL dim_eval_servicio]
2026-07-02 03:10:26.665 INFO  <Thread-8> [/jobs/Job_dim_fact.kjb]  Using run configuration [Pentaho local]
2026-07-02 03:10:26.669 INFO  <Thread-8> [/jobs/Job_dim_fact.kjb  /jobs/ETLdim_Evaluacion_Servicio.ktr]  Dispatching started for transformation [Transformacion Evaluacion ServicioLF]
2026-07-02 03:10:26.738 INFO  <Transformacion Evaluacion ServicioLF - Entrada Tabla Evaluacion_Servicio> [/jobs/Job_dim_fact.kjb  /jobs/ETLdim_Evaluacion_Servicio.ktr]  Finished reading query, closing connection
2026-07-02 03:10:26.741 INFO  <Transformacion Evaluacion ServicioLF - Ordenar filas 3> [/jobs/Job_dim_fact.kjb  /jobs/ETLdim_Evaluacion_Servicio.ktr]  Finished processing (I=0, O=0, R=6, W=6, U=0, E=0)
2026-07-02 03:10:26.741 INFO  <Transformacion Evaluacion ServicioLF - Entrada Tabla Evaluacion_Servicio> [/jobs/Job_dim_fact.kjb  /jobs/ETLdim_Evaluacion_Servicio.ktr]  Finished processing (I=6, O=0, R=0, W=6, U=0, E=0)
2026-07-02 03:10:26.789 INFO  <Transformacion Evaluacion ServicioLF - Insert / update> [/jobs/Job_dim_fact.kjb  /jobs/ETLdim_Evaluacion_Servicio.ktr]  Finished processing (I=6, O=6, R=6, W=6, U=0, E=0)
2026-07-02 03:10:26.795 INFO  <Thread-8> [/jobs/Job_dim_fact.kjb]  Starting entry [ELT dim_contrato]
2026-07-02 03:10:26.869 INFO  <Thread-8> [/jobs/Job_dim_fact.kjb]  Using run configuration [Pentaho local]
2026-07-02 03:10:26.873 INFO  <Thread-8> [/jobs/Job_dim_fact.kjb  /jobs/ETLdim_Contrato.ktr]  Dispatching started for transformation [Transformacion_ContratoLF]
2026-07-02 03:10:26.950 INFO  <Transformacion_ContratoLF - Entrada Tabla> [/jobs/Job_dim_fact.kjb  /jobs/ETLdim_Contrato.ktr]  Finished reading query, closing connection
2026-07-02 03:10:26.955 INFO  <Transformacion_ContratoLF - Entrada Tabla> [/jobs/Job_dim_fact.kjb  /jobs/ETLdim_Contrato.ktr]  Finished processing (I=1000, O=0, R=0, W=1000, U=0, E=0)
2026-07-02 03:10:26.964 INFO  <Transformacion_ContratoLF - Ordenar filas 3> [/jobs/Job_dim_fact.kjb  /jobs/ETLdim_Contrato.ktr]  Finished processing (I=0, O=0, R=1000, W=1000, U=0, E=0)
2026-07-02 03:10:28.072 INFO  <Transformacion_ContratoLF - Insert / update> [/jobs/Job_dim_fact.kjb  /jobs/ETLdim_Contrato.ktr]  Finished processing (I=1000, O=1000, R=1000, W=1000, U=0, E=0)
2026-07-02 03:10:28.078 INFO  <Thread-8> [/jobs/Job_dim_fact.kjb]  Starting entry [ETL dim_estado_contrato]
2026-07-02 03:10:28.231 INFO  <Thread-8> [/jobs/Job_dim_fact.kjb]  Using run configuration [Pentaho local]
2026-07-02 03:10:28.234 INFO  <Thread-8> [/jobs/Job_dim_fact.kjb  /jobs/ETLdim_Estado_Contrato.ktr]  Dispatching started for transformation [Transformacion Estado ContratoLF]
2026-07-02 03:10:28.386 INFO  <Transformacion Estado ContratoLF - Entrada Tabla Estado Contrato> [/jobs/Job_dim_fact.kjb  /jobs/ETLdim_Estado_Contrato.ktr]  Finished reading query, closing connection
2026-07-02 03:10:28.394 INFO  <Transformacion Estado ContratoLF - Entrada Tabla Estado Contrato> [/jobs/Job_dim_fact.kjb  /jobs/ETLdim_Estado_Contrato.ktr]  Finished processing (I=1000, O=0, R=0, W=1000, U=0, E=0)
2026-07-02 03:10:28.394 INFO  <Transformacion Estado ContratoLF - Seleccionar Estado Contrato> [/jobs/Job_dim_fact.kjb  /jobs/ETLdim_Estado_Contrato.ktr]  Finished processing (I=0, O=0, R=1000, W=1000, U=0, E=0)
2026-07-02 03:10:28.397 INFO  <Transformacion Estado ContratoLF - Agrupar> [/jobs/Job_dim_fact.kjb  /jobs/ETLdim_Estado_Contrato.ktr]  Finished processing (I=0, O=0, R=1000, W=3, U=0, E=0)
2026-07-02 03:10:28.406 INFO  <Transformacion Estado ContratoLF - Add sequence cod_estado> [/jobs/Job_dim_fact.kjb  /jobs/ETLdim_Estado_Contrato.ktr]  Finished processing (I=0, O=0, R=3, W=3, U=0, E=0)
2026-07-02 03:10:28.410 INFO  <Transformacion Estado ContratoLF - Ordenar filas 3> [/jobs/Job_dim_fact.kjb  /jobs/ETLdim_Estado_Contrato.ktr]  Finished processing (I=0, O=0, R=3, W=3, U=0, E=0)
2026-07-02 03:10:28.448 INFO  <Transformacion Estado ContratoLF - Insert / update> [/jobs/Job_dim_fact.kjb  /jobs/ETLdim_Estado_Contrato.ktr]  Finished processing (I=3, O=3, R=3, W=3, U=0, E=0)
2026-07-02 03:10:28.453 INFO  <Thread-8> [/jobs/Job_dim_fact.kjb]  Starting entry [ETL dim_sucursal]
2026-07-02 03:10:28.565 INFO  <Thread-8> [/jobs/Job_dim_fact.kjb]  Using run configuration [Pentaho local]
2026-07-02 03:10:28.568 INFO  <Thread-8> [/jobs/Job_dim_fact.kjb  /jobs/ETLdim_Sucursal.ktr]  Dispatching started for transformation [Transformacion SucursalLF]
2026-07-02 03:10:28.665 INFO  <Transformacion SucursalLF - Entrada Tabla Sucursal> [/jobs/Job_dim_fact.kjb  /jobs/ETLdim_Sucursal.ktr]  Finished reading query, closing connection
2026-07-02 03:10:28.671 INFO  <Transformacion SucursalLF - Entrada Tabla Sucursal> [/jobs/Job_dim_fact.kjb  /jobs/ETLdim_Sucursal.ktr]  Finished processing (I=30, O=0, R=0, W=30, U=0, E=0)
2026-07-02 03:10:28.671 INFO  <Transformacion SucursalLF - Entrada Tabla Pais> [/jobs/Job_dim_fact.kjb  /jobs/ETLdim_Sucursal.ktr]  Finished reading query, closing connection
2026-07-02 03:10:28.674 INFO  <Transformacion SucursalLF - Entrada Tabla Ciudad> [/jobs/Job_dim_fact.kjb  /jobs/ETLdim_Sucursal.ktr]  Finished reading query, closing connection
2026-07-02 03:10:28.677 INFO  <Transformacion SucursalLF - Entrada Tabla Pais> [/jobs/Job_dim_fact.kjb  /jobs/ETLdim_Sucursal.ktr]  Finished processing (I=30, O=0, R=0, W=30, U=0, E=0)
2026-07-02 03:10:28.679 INFO  <Transformacion SucursalLF - Entrada Tabla Ciudad> [/jobs/Job_dim_fact.kjb  /jobs/ETLdim_Sucursal.ktr]  Finished processing (I=30, O=0, R=0, W=30, U=0, E=0)
2026-07-02 03:10:28.978 INFO  <Transformacion SucursalLF - Unión Sucursal-Pais> [/jobs/Job_dim_fact.kjb  /jobs/ETLdim_Sucursal.ktr]  Finished processing (I=0, O=0, R=60, W=30, U=0, E=0)
2026-07-02 03:10:29.279 INFO  <Transformacion SucursalLF - Unión Sucursal-Pais-Ciudad> [/jobs/Job_dim_fact.kjb  /jobs/ETLdim_Sucursal.ktr]  Finished processing (I=0, O=0, R=60, W=30, U=0, E=0)
2026-07-02 03:10:29.283 INFO  <Transformacion SucursalLF - Ordenar filas 3> [/jobs/Job_dim_fact.kjb  /jobs/ETLdim_Sucursal.ktr]  Finished processing (I=0, O=0, R=30, W=30, U=0, E=0)
2026-07-02 03:10:29.363 INFO  <Transformacion SucursalLF - Insert / update> [/jobs/Job_dim_fact.kjb  /jobs/ETLdim_Sucursal.ktr]  Finished processing (I=30, O=30, R=30, W=30, U=0, E=0)
2026-07-02 03:10:29.369 INFO  <Thread-8> [/jobs/Job_dim_fact.kjb]  Starting entry [ETL dim_siniestro]
2026-07-02 03:10:29.454 INFO  <Thread-8> [/jobs/Job_dim_fact.kjb]  Using run configuration [Pentaho local]
2026-07-02 03:10:29.457 INFO  <Thread-8> [/jobs/Job_dim_fact.kjb  /jobs/ETLdim_Siniestro.ktr]  Dispatching started for transformation [Transformacion siniestroLF]
2026-07-02 03:10:29.525 INFO  <Transformacion siniestroLF - Entrada Tabla Siniestro> [/jobs/Job_dim_fact.kjb  /jobs/ETLdim_Siniestro.ktr]  Finished reading query, closing connection
2026-07-02 03:10:29.533 INFO  <Transformacion siniestroLF - Ordenar filas 3> [/jobs/Job_dim_fact.kjb  /jobs/ETLdim_Siniestro.ktr]  Finished processing (I=0, O=0, R=20, W=20, U=0, E=0)
2026-07-02 03:10:29.533 INFO  <Transformacion siniestroLF - Entrada Tabla Siniestro> [/jobs/Job_dim_fact.kjb  /jobs/ETLdim_Siniestro.ktr]  Finished processing (I=20, O=0, R=0, W=20, U=0, E=0)
2026-07-02 03:10:29.577 INFO  <Transformacion siniestroLF - Insert / update> [/jobs/Job_dim_fact.kjb  /jobs/ETLdim_Siniestro.ktr]  Finished processing (I=20, O=20, R=20, W=20, U=0, E=0)
2026-07-02 03:10:29.584 INFO  <Thread-8> [/jobs/Job_dim_fact.kjb]  Starting entry [ETL_fact_metas]
2026-07-02 03:10:29.876 INFO  <Thread-8> [/jobs/Job_dim_fact.kjb]  Using run configuration [Pentaho local]
2026-07-02 03:10:29.880 INFO  <Thread-8> [/jobs/Job_dim_fact.kjb  /jobs/ETLfact_Metas.ktr]  Dispatching started for transformation [LFTransformation_fact_metas]
2026-07-02 03:10:30.211 INFO  <LFTransformation_fact_metas - extraer producto> [/jobs/Job_dim_fact.kjb  /jobs/ETLfact_Metas.ktr]  Finished reading query, closing connection
2026-07-02 03:10:30.225 INFO  <LFTransformation_fact_metas - Sort cod_prod> [/jobs/Job_dim_fact.kjb  /jobs/ETLfact_Metas.ktr]  Finished processing (I=0, O=0, R=30, W=30, U=0, E=0)
2026-07-02 03:10:30.225 INFO  <LFTransformation_fact_metas - extraer producto> [/jobs/Job_dim_fact.kjb  /jobs/ETLfact_Metas.ktr]  Finished processing (I=30, O=0, R=0, W=30, U=0, E=0)
2026-07-02 03:10:30.487 INFO  <LFTransformation_fact_metas - extraer dim_tiempo> [/jobs/Job_dim_fact.kjb  /jobs/ETLfact_Metas.ktr]  linenr 50000
2026-07-02 03:10:30.503 INFO  <LFTransformation_fact_metas - Sort fecha_completa> [/jobs/Job_dim_fact.kjb  /jobs/ETLfact_Metas.ktr]  Linenr 50000
2026-07-02 03:10:30.529 INFO  <LFTransformation_fact_metas - extraer dim_tiempo2> [/jobs/Job_dim_fact.kjb  /jobs/ETLfact_Metas.ktr]  linenr 50000
2026-07-02 03:10:30.533 INFO  <LFTransformation_fact_metas - extraer dim_tiempo> [/jobs/Job_dim_fact.kjb  /jobs/ETLfact_Metas.ktr]  Finished reading query, closing connection
2026-07-02 03:10:30.543 INFO  <LFTransformation_fact_metas - extraer dim_tiempo> [/jobs/Job_dim_fact.kjb  /jobs/ETLfact_Metas.ktr]  Finished processing (I=59904, O=0, R=0, W=59904, U=0, E=0)
2026-07-02 03:10:30.550 INFO  <LFTransformation_fact_metas - Sort fecha_completa2> [/jobs/Job_dim_fact.kjb  /jobs/ETLfact_Metas.ktr]  Linenr 50000
2026-07-02 03:10:30.575 INFO  <LFTransformation_fact_metas - extraer dim_tiempo2> [/jobs/Job_dim_fact.kjb  /jobs/ETLfact_Metas.ktr]  Finished reading query, closing connection
2026-07-02 03:10:30.585 INFO  <LFTransformation_fact_metas - extraer dim_tiempo2> [/jobs/Job_dim_fact.kjb  /jobs/ETLfact_Metas.ktr]  Finished processing (I=59904, O=0, R=0, W=59904, U=0, E=0)
2026-07-02 03:10:35.246 INFO  <LFTransformation_fact_metas - Microsoft Excel metas> [/jobs/Job_dim_fact.kjb  /jobs/ETLfact_Metas.ktr]  Finished processing (I=390, O=0, R=0, W=390, U=0, E=0)
2026-07-02 03:10:35.254 INFO  <LFTransformation_fact_metas - Sort cod_prod 2> [/jobs/Job_dim_fact.kjb  /jobs/ETLfact_Metas.ktr]  Finished processing (I=0, O=0, R=390, W=390, U=0, E=0)
2026-07-02 03:10:35.559 INFO  <LFTransformation_fact_metas - Merge join> [/jobs/Job_dim_fact.kjb  /jobs/ETLfact_Metas.ktr]  Finished processing (I=0, O=0, R=420, W=390, U=0, E=0)
2026-07-02 03:10:35.563 INFO  <LFTransformation_fact_metas - Quitar cod_prod y dejar SK> [/jobs/Job_dim_fact.kjb  /jobs/ETLfact_Metas.ktr]  Finished processing (I=0, O=0, R=390, W=390, U=0, E=0)
2026-07-02 03:10:35.569 INFO  <LFTransformation_fact_metas - Sort fecha_inicio> [/jobs/Job_dim_fact.kjb  /jobs/ETLfact_Metas.ktr]  Finished processing (I=0, O=0, R=390, W=390, U=0, E=0)
2026-07-02 03:10:35.659 INFO  <LFTransformation_fact_metas - Merge join 2> [/jobs/Job_dim_fact.kjb  /jobs/ETLfact_Metas.ktr]  linenr 50000
2026-07-02 03:10:35.664 INFO  <LFTransformation_fact_metas - Sort fecha_completa> [/jobs/Job_dim_fact.kjb  /jobs/ETLfact_Metas.ktr]  Finished processing (I=0, O=0, R=59904, W=59904, U=0, E=0)
2026-07-02 03:10:35.972 INFO  <LFTransformation_fact_metas - Merge join 2> [/jobs/Job_dim_fact.kjb  /jobs/ETLfact_Metas.ktr]  Finished processing (I=0, O=0, R=60294, W=0, U=0, E=0)
2026-07-02 03:10:36.297 INFO  <LFTransformation_fact_metas - Sort fecha_completa2> [/jobs/Job_dim_fact.kjb  /jobs/ETLfact_Metas.ktr]  Finished processing (I=0, O=0, R=59904, W=59904, U=0, E=0)
2026-07-02 03:10:36.449 INFO  <LFTransformation_fact_metas - Merge join 3> [/jobs/Job_dim_fact.kjb  /jobs/ETLfact_Metas.ktr]  Finished processing (I=0, O=0, R=59904, W=0, U=0, E=0)
2026-07-02 03:10:36.459 INFO  <Thread-8> [/jobs/Job_dim_fact.kjb]  Starting entry [ETL_fact_reg_contrato]
2026-07-02 03:10:36.774 INFO  <Thread-8> [/jobs/Job_dim_fact.kjb]  Using run configuration [Pentaho local]
2026-07-02 03:10:36.783 INFO  <Thread-8> [/jobs/Job_dim_fact.kjb  /jobs/ETLfact_Registro_Contrato.ktr]  Dispatching started for transformation [Transformacion FACT_Registro_Contrato]
2026-07-02 03:10:36.939 INFO  <init of Salida Tabla.0 (Thread-175)> [/jobs/Job_dim_fact.kjb  /jobs/ETLfact_Registro_Contrato.ktr]  Connected to database [Docker] (commit=1000)
2026-07-02 03:10:36.977 INFO  <Transformacion FACT_Registro_Contrato - Entrada Tabla Dim_Cliente> [/jobs/Job_dim_fact.kjb  /jobs/ETLfact_Registro_Contrato.ktr]  Finished reading query, closing connection
2026-07-02 03:10:37.001 INFO  <Transformacion FACT_Registro_Contrato - Entrada Tabla dim_estado_contrato> [/jobs/Job_dim_fact.kjb  /jobs/ETLfact_Registro_Contrato.ktr]  Finished reading query, closing connection
2026-07-02 03:10:37.006 INFO  <Transformacion FACT_Registro_Contrato - Entrada Tabla Dim_Cliente> [/jobs/Job_dim_fact.kjb  /jobs/ETLfact_Registro_Contrato.ktr]  Finished processing (I=1200, O=0, R=0, W=1200, U=0, E=0)
2026-07-02 03:10:37.004 INFO  <Transformacion FACT_Registro_Contrato - Ordenar filas descrip_estado> [/jobs/Job_dim_fact.kjb  /jobs/ETLfact_Registro_Contrato.ktr]  Finished processing (I=0, O=0, R=12, W=12, U=0, E=0)
2026-07-02 03:10:37.005 INFO  <Transformacion FACT_Registro_Contrato - Entrada Tabla dim_contrato> [/jobs/Job_dim_fact.kjb  /jobs/ETLfact_Registro_Contrato.ktr]  Finished reading query, closing connection
2026-07-02 03:10:37.005 INFO  <Transformacion FACT_Registro_Contrato - Ordenar filas cod_cliente 2> [/jobs/Job_dim_fact.kjb  /jobs/ETLfact_Registro_Contrato.ktr]  Finished processing (I=0, O=0, R=1200, W=1200, U=0, E=0)
2026-07-02 03:10:37.042 INFO  <Transformacion FACT_Registro_Contrato - Entrada Tabla dim_contrato> [/jobs/Job_dim_fact.kjb  /jobs/ETLfact_Registro_Contrato.ktr]  Finished processing (I=4000, O=0, R=0, W=4000, U=0, E=0)
2026-07-02 03:10:37.022 INFO  <Transformacion FACT_Registro_Contrato - Ordenar filas cod_producto 2> [/jobs/Job_dim_fact.kjb  /jobs/ETLfact_Registro_Contrato.ktr]  Finished processing (I=0, O=0, R=30, W=30, U=0, E=0)
2026-07-02 03:10:37.033 INFO  <Transformacion FACT_Registro_Contrato - Entrada Tabla dim_producto> [/jobs/Job_dim_fact.kjb  /jobs/ETLfact_Registro_Contrato.ktr]  Finished reading query, closing connection
2026-07-02 03:10:37.048 INFO  <Transformacion FACT_Registro_Contrato - Entrada Tabla Registro Contrato> [/jobs/Job_dim_fact.kjb  /jobs/ETLfact_Registro_Contrato.ktr]  Finished reading query, closing connection
2026-07-02 03:10:37.022 INFO  <Transformacion FACT_Registro_Contrato - Entrada Tabla dim_estado_contrato> [/jobs/Job_dim_fact.kjb  /jobs/ETLfact_Registro_Contrato.ktr]  Finished processing (I=12, O=0, R=0, W=12, U=0, E=0)
2026-07-02 03:10:37.059 INFO  <Transformacion FACT_Registro_Contrato - Entrada Tabla dim_producto> [/jobs/Job_dim_fact.kjb  /jobs/ETLfact_Registro_Contrato.ktr]  Finished processing (I=30, O=0, R=0, W=30, U=0, E=0)
2026-07-02 03:10:37.035 INFO  <Transformacion FACT_Registro_Contrato - Ordenar filas nro_contrato 2> [/jobs/Job_dim_fact.kjb  /jobs/ETLfact_Registro_Contrato.ktr]  Finished processing (I=0, O=0, R=4000, W=4000, U=0, E=0)
2026-07-02 03:10:37.074 INFO  <Transformacion FACT_Registro_Contrato - Entrada Tabla Registro Contrato> [/jobs/Job_dim_fact.kjb  /jobs/ETLfact_Registro_Contrato.ktr]  Finished processing (I=1000, O=0, R=0, W=1000, U=0, E=0)
2026-07-02 03:10:37.111 INFO  <Transformacion FACT_Registro_Contrato - Ordenar filas cod_cliente> [/jobs/Job_dim_fact.kjb  /jobs/ETLfact_Registro_Contrato.ktr]  Finished processing (I=0, O=0, R=1000, W=1000, U=0, E=0)
2026-07-02 03:10:37.376 INFO  <Transformacion FACT_Registro_Contrato - Entrada Tabla dim_tiempo> [/jobs/Job_dim_fact.kjb  /jobs/ETLfact_Registro_Contrato.ktr]  linenr 50000
2026-07-02 03:10:37.390 INFO  <Transformacion FACT_Registro_Contrato - Ordenar filas dim_tiempo 2> [/jobs/Job_dim_fact.kjb  /jobs/ETLfact_Registro_Contrato.ktr]  Linenr 50000
2026-07-02 03:10:37.391 INFO  <Transformacion FACT_Registro_Contrato - Ordenar filas dim_tiempo> [/jobs/Job_dim_fact.kjb  /jobs/ETLfact_Registro_Contrato.ktr]  Linenr 50000
2026-07-02 03:10:37.425 INFO  <Transformacion FACT_Registro_Contrato - Unión por clave> [/jobs/Job_dim_fact.kjb  /jobs/ETLfact_Registro_Contrato.ktr]  Finished processing (I=0, O=0, R=2200, W=0, U=0, E=0)
2026-07-02 03:10:37.439 INFO  <Transformacion FACT_Registro_Contrato - Entrada Tabla dim_tiempo> [/jobs/Job_dim_fact.kjb  /jobs/ETLfact_Registro_Contrato.ktr]  Finished reading query, closing connection
2026-07-02 03:10:37.449 INFO  <Transformacion FACT_Registro_Contrato - Entrada Tabla dim_tiempo> [/jobs/Job_dim_fact.kjb  /jobs/ETLfact_Registro_Contrato.ktr]  Finished processing (I=59904, O=0, R=0, W=119808, U=0, E=0)
2026-07-02 03:10:37.861 INFO  <Transformacion FACT_Registro_Contrato - Unión por clave cod_producto> [/jobs/Job_dim_fact.kjb  /jobs/ETLfact_Registro_Contrato.ktr]  Finished processing (I=0, O=0, R=30, W=0, U=0, E=0)
2026-07-02 03:10:38.175 INFO  <Transformacion FACT_Registro_Contrato - Unión por clave nro_contrato> [/jobs/Job_dim_fact.kjb  /jobs/ETLfact_Registro_Contrato.ktr]  Finished processing (I=0, O=0, R=4000, W=0, U=0, E=0)
2026-07-02 03:10:38.497 INFO  <Transformacion FACT_Registro_Contrato - Unión por clave estado_contrato> [/jobs/Job_dim_fact.kjb  /jobs/ETLfact_Registro_Contrato.ktr]  Finished processing (I=0, O=0, R=12, W=0, U=0, E=0)
2026-07-02 03:10:38.721 INFO  <Transformacion FACT_Registro_Contrato - Ordenar filas dim_tiempo> [/jobs/Job_dim_fact.kjb  /jobs/ETLfact_Registro_Contrato.ktr]  Finished processing (I=0, O=0, R=59904, W=59904, U=0, E=0)
2026-07-02 03:10:38.872 INFO  <Transformacion FACT_Registro_Contrato - Unión por clave fecha inicio> [/jobs/Job_dim_fact.kjb  /jobs/ETLfact_Registro_Contrato.ktr]  Finished processing (I=0, O=0, R=59904, W=0, U=0, E=0)
2026-07-02 03:10:39.055 INFO  <Transformacion FACT_Registro_Contrato - Ordenar filas dim_tiempo 2> [/jobs/Job_dim_fact.kjb  /jobs/ETLfact_Registro_Contrato.ktr]  Finished processing (I=0, O=0, R=59904, W=59904, U=0, E=0)
2026-07-02 03:10:39.206 INFO  <Transformacion FACT_Registro_Contrato - Unión por clave fecha fin> [/jobs/Job_dim_fact.kjb  /jobs/ETLfact_Registro_Contrato.ktr]  Finished processing (I=0, O=0, R=59904, W=0, U=0, E=0)
2026-07-02 03:10:39.216 INFO  <Thread-8> [/jobs/Job_dim_fact.kjb]  Starting entry [ETL fact_reg_siniestro]
2026-07-02 03:10:39.533 INFO  <Thread-8> [/jobs/Job_dim_fact.kjb]  Using run configuration [Pentaho local]
2026-07-02 03:10:39.537 INFO  <Thread-8> [/jobs/Job_dim_fact.kjb  /jobs/ETLfact_Registro_Siniestro.ktr]  Dispatching started for transformation [Transformacion Fact_Registro_Siniestro]
2026-07-02 03:10:39.723 INFO  <Transformacion Fact_Registro_Siniestro - Entrada Tabla dim_siniestro> [/jobs/Job_dim_fact.kjb  /jobs/ETLfact_Registro_Siniestro.ktr]  Finished reading query, closing connection
2026-07-02 03:10:39.734 INFO  <Transformacion Fact_Registro_Siniestro - Ordenar filas nro_siniestro> [/jobs/Job_dim_fact.kjb  /jobs/ETLfact_Registro_Siniestro.ktr]  Finished processing (I=0, O=0, R=80, W=80, U=0, E=0)
2026-07-02 03:10:39.738 INFO  <Transformacion Fact_Registro_Siniestro - Entrada Tabla dim_siniestro> [/jobs/Job_dim_fact.kjb  /jobs/ETLfact_Registro_Siniestro.ktr]  Finished processing (I=80, O=0, R=0, W=80, U=0, E=0)
2026-07-02 03:10:39.749 INFO  <Transformacion Fact_Registro_Siniestro - Entrada Tabla Fact_Registro_Siniestro> [/jobs/Job_dim_fact.kjb  /jobs/ETLfact_Registro_Siniestro.ktr]  Finished reading query, closing connection
2026-07-02 03:10:39.763 INFO  <Transformacion Fact_Registro_Siniestro - Ordenar filas siniestro> [/jobs/Job_dim_fact.kjb  /jobs/ETLfact_Registro_Siniestro.ktr]  Finished processing (I=0, O=0, R=1000, W=1000, U=0, E=0)
2026-07-02 03:10:39.764 INFO  <Transformacion Fact_Registro_Siniestro - Entrada Tabla dim_contrato> [/jobs/Job_dim_fact.kjb  /jobs/ETLfact_Registro_Siniestro.ktr]  Finished reading query, closing connection
2026-07-02 03:10:39.774 INFO  <Transformacion Fact_Registro_Siniestro - Entrada Tabla cliente> [/jobs/Job_dim_fact.kjb  /jobs/ETLfact_Registro_Siniestro.ktr]  Finished reading query, closing connection
2026-07-02 03:10:39.784 INFO  <Transformacion Fact_Registro_Siniestro - Entrada Tabla Fact_Registro_Siniestro> [/jobs/Job_dim_fact.kjb  /jobs/ETLfact_Registro_Siniestro.ktr]  Finished processing (I=1000, O=0, R=0, W=1000, U=0, E=0)
2026-07-02 03:10:39.798 INFO  <Transformacion Fact_Registro_Siniestro - Ordenar filas nro_contrato> [/jobs/Job_dim_fact.kjb  /jobs/ETLfact_Registro_Siniestro.ktr]  Finished processing (I=0, O=0, R=4000, W=4000, U=0, E=0)
2026-07-02 03:10:39.793 INFO  <Transformacion Fact_Registro_Siniestro - Ordenar filas codigo cliente> [/jobs/Job_dim_fact.kjb  /jobs/ETLfact_Registro_Siniestro.ktr]  Finished processing (I=0, O=0, R=300, W=300, U=0, E=0)
2026-07-02 03:10:39.789 INFO  <Transformacion Fact_Registro_Siniestro - Entrada Tabla dim_contrato> [/jobs/Job_dim_fact.kjb  /jobs/ETLfact_Registro_Siniestro.ktr]  Finished processing (I=4000, O=0, R=0, W=4000, U=0, E=0)
2026-07-02 03:10:39.803 INFO  <Transformacion Fact_Registro_Siniestro - Entrada Tabla cliente> [/jobs/Job_dim_fact.kjb  /jobs/ETLfact_Registro_Siniestro.ktr]  Finished processing (I=300, O=0, R=0, W=300, U=0, E=0)
2026-07-02 03:10:39.824 INFO  <Transformacion Fact_Registro_Siniestro - Entrada Tabla dim_producto> [/jobs/Job_dim_fact.kjb  /jobs/ETLfact_Registro_Siniestro.ktr]  Finished reading query, closing connection
2026-07-02 03:10:39.827 INFO  <Transformacion Fact_Registro_Siniestro - Entrada Tabla Registro Contrato> [/jobs/Job_dim_fact.kjb  /jobs/ETLfact_Registro_Siniestro.ktr]  Finished reading query, closing connection
2026-07-02 03:10:39.827 INFO  <Transformacion Fact_Registro_Siniestro - Entrada Tabla dim_cliente> [/jobs/Job_dim_fact.kjb  /jobs/ETLfact_Registro_Siniestro.ktr]  Finished reading query, closing connection
2026-07-02 03:10:39.840 INFO  <Transformacion Fact_Registro_Siniestro - Entrada Tabla dim_producto> [/jobs/Job_dim_fact.kjb  /jobs/ETLfact_Registro_Siniestro.ktr]  Finished processing (I=30, O=0, R=0, W=30, U=0, E=0)
2026-07-02 03:10:39.838 INFO  <Transformacion Fact_Registro_Siniestro - Ordenar filas producto 2> [/jobs/Job_dim_fact.kjb  /jobs/ETLfact_Registro_Siniestro.ktr]  Finished processing (I=0, O=0, R=30, W=30, U=0, E=0)
2026-07-02 03:10:39.826 INFO  <Transformacion Fact_Registro_Siniestro - Entrada Tabla dim sucursal> [/jobs/Job_dim_fact.kjb  /jobs/ETLfact_Registro_Siniestro.ktr]  Finished reading query, closing connection
2026-07-02 03:10:39.842 INFO  <Transformacion Fact_Registro_Siniestro - Ordenar filas sucursal 2> [/jobs/Job_dim_fact.kjb  /jobs/ETLfact_Registro_Siniestro.ktr]  Finished processing (I=0, O=0, R=120, W=120, U=0, E=0)
2026-07-02 03:10:39.842 INFO  <Transformacion Fact_Registro_Siniestro - Ordenar filas codigo cliente 2> [/jobs/Job_dim_fact.kjb  /jobs/ETLfact_Registro_Siniestro.ktr]  Finished processing (I=0, O=0, R=1200, W=1200, U=0, E=0)
2026-07-02 03:10:39.894 INFO  <Transformacion Fact_Registro_Siniestro - Entrada Tabla dim sucursal> [/jobs/Job_dim_fact.kjb  /jobs/ETLfact_Registro_Siniestro.ktr]  Finished processing (I=120, O=0, R=0, W=120, U=0, E=0)
2026-07-02 03:10:39.873 INFO  <Transformacion Fact_Registro_Siniestro - Entrada Tabla Registro Contrato> [/jobs/Job_dim_fact.kjb  /jobs/ETLfact_Registro_Siniestro.ktr]  Finished processing (I=1000, O=0, R=0, W=1000, U=0, E=0)
2026-07-02 03:10:39.856 INFO  <Transformacion Fact_Registro_Siniestro - Ordenar filas cliente> [/jobs/Job_dim_fact.kjb  /jobs/ETLfact_Registro_Siniestro.ktr]  Finished processing (I=0, O=0, R=1000, W=1000, U=0, E=0)
2026-07-02 03:10:39.856 INFO  <Transformacion Fact_Registro_Siniestro - Entrada Tabla dim_cliente> [/jobs/Job_dim_fact.kjb  /jobs/ETLfact_Registro_Siniestro.ktr]  Finished processing (I=1200, O=0, R=0, W=1200, U=0, E=0)
2026-07-02 03:10:40.033 INFO  <Transformacion Fact_Registro_Siniestro - Entrada Tabla fechas> [/jobs/Job_dim_fact.kjb  /jobs/ETLfact_Registro_Siniestro.ktr]  linenr 50000
2026-07-02 03:10:40.046 INFO  <Transformacion Fact_Registro_Siniestro - Ordenar filas fecha completa 2> [/jobs/Job_dim_fact.kjb  /jobs/ETLfact_Registro_Siniestro.ktr]  Linenr 50000
2026-07-02 03:10:40.046 INFO  <Transformacion Fact_Registro_Siniestro - Ordenar filas fecha completa> [/jobs/Job_dim_fact.kjb  /jobs/ETLfact_Registro_Siniestro.ktr]  Linenr 50000
2026-07-02 03:10:40.066 INFO  <Transformacion Fact_Registro_Siniestro - Unión por clave sinistro> [/jobs/Job_dim_fact.kjb  /jobs/ETLfact_Registro_Siniestro.ktr]  Finished processing (I=0, O=0, R=1080, W=0, U=0, E=0)
2026-07-02 03:10:40.067 INFO  <Transformacion Fact_Registro_Siniestro - Entrada Tabla fechas> [/jobs/Job_dim_fact.kjb  /jobs/ETLfact_Registro_Siniestro.ktr]  Finished reading query, closing connection
2026-07-02 03:10:40.078 INFO  <Transformacion Fact_Registro_Siniestro - Entrada Tabla fechas> [/jobs/Job_dim_fact.kjb  /jobs/ETLfact_Registro_Siniestro.ktr]  Finished processing (I=59904, O=0, R=0, W=119808, U=0, E=0)
2026-07-02 03:10:40.146 INFO  <Transformacion Fact_Registro_Siniestro - Unión por clave codigo cliente> [/jobs/Job_dim_fact.kjb  /jobs/ETLfact_Registro_Siniestro.ktr]  Finished processing (I=0, O=0, R=1500, W=0, U=0, E=0)
2026-07-02 03:10:40.473 INFO  <Transformacion Fact_Registro_Siniestro - Unión por clave contrato> [/jobs/Job_dim_fact.kjb  /jobs/ETLfact_Registro_Siniestro.ktr]  Finished processing (I=0, O=0, R=4000, W=0, U=0, E=0)
2026-07-02 03:10:40.509 INFO  <Transformacion Fact_Registro_Siniestro - Unión por clave sucursal> [/jobs/Job_dim_fact.kjb  /jobs/ETLfact_Registro_Siniestro.ktr]  Finished processing (I=0, O=0, R=120, W=0, U=0, E=0)
2026-07-02 03:10:40.815 INFO  <Transformacion Fact_Registro_Siniestro - Unión por clave cliente> [/jobs/Job_dim_fact.kjb  /jobs/ETLfact_Registro_Siniestro.ktr]  Finished processing (I=0, O=0, R=1000, W=0, U=0, E=0)
2026-07-02 03:10:41.160 INFO  <Transformacion Fact_Registro_Siniestro - Unión por clave producto> [/jobs/Job_dim_fact.kjb  /jobs/ETLfact_Registro_Siniestro.ktr]  Finished processing (I=0, O=0, R=30, W=0, U=0, E=0)
2026-07-02 03:10:41.465 INFO  <Transformacion Fact_Registro_Siniestro - Ordenar filas fecha completa> [/jobs/Job_dim_fact.kjb  /jobs/ETLfact_Registro_Siniestro.ktr]  Finished processing (I=0, O=0, R=59904, W=59904, U=0, E=0)
2026-07-02 03:10:41.616 INFO  <Transformacion Fact_Registro_Siniestro - Unión por clave fecha_siniestro> [/jobs/Job_dim_fact.kjb  /jobs/ETLfact_Registro_Siniestro.ktr]  Finished processing (I=0, O=0, R=59904, W=0, U=0, E=0)
2026-07-02 03:10:41.769 INFO  <Transformacion Fact_Registro_Siniestro - Ordenar filas fecha completa 2> [/jobs/Job_dim_fact.kjb  /jobs/ETLfact_Registro_Siniestro.ktr]  Finished processing (I=0, O=0, R=59904, W=59904, U=0, E=0)
2026-07-02 03:10:41.920 INFO  <Transformacion Fact_Registro_Siniestro - Unión por clave fecha respuesta> [/jobs/Job_dim_fact.kjb  /jobs/ETLfact_Registro_Siniestro.ktr]  Finished processing (I=0, O=0, R=59904, W=0, U=0, E=0)
2026-07-02 03:10:41.976 INFO  <Thread-8> [/jobs/Job_dim_fact.kjb]  Starting entry [ETL fact_eval_servicio]
2026-07-02 03:10:42.313 INFO  <Thread-8> [/jobs/Job_dim_fact.kjb]  Using run configuration [Pentaho local]
2026-07-02 03:10:42.316 INFO  <Thread-8> [/jobs/Job_dim_fact.kjb  /jobs/ETLfact_Evaluacion_Servicio.ktr]  Dispatching started for transformation [Transformacion Fact_Evaluacion_Servicio]
2026-07-02 03:10:42.422 INFO  <Transformacion Fact_Evaluacion_Servicio - Entrada Tabla dim producto> [/jobs/Job_dim_fact.kjb  /jobs/ETLfact_Evaluacion_Servicio.ktr]  Finished reading query, closing connection
2026-07-02 03:10:42.426 INFO  <Transformacion Fact_Evaluacion_Servicio - Entrada Tabla dim cliente> [/jobs/Job_dim_fact.kjb  /jobs/ETLfact_Evaluacion_Servicio.ktr]  Finished reading query, closing connection
2026-07-02 03:10:42.427 INFO  <Transformacion Fact_Evaluacion_Servicio - Ordenar filas cod_producto> [/jobs/Job_dim_fact.kjb  /jobs/ETLfact_Evaluacion_Servicio.ktr]  Finished processing (I=0, O=0, R=30, W=30, U=0, E=0)
2026-07-02 03:10:42.431 INFO  <Transformacion Fact_Evaluacion_Servicio - Entrada Tabla dim cliente> [/jobs/Job_dim_fact.kjb  /jobs/ETLfact_Evaluacion_Servicio.ktr]  Finished processing (I=1200, O=0, R=0, W=1200, U=0, E=0)
2026-07-02 03:10:42.436 INFO  <Transformacion Fact_Evaluacion_Servicio - Entrada Tabla dim producto> [/jobs/Job_dim_fact.kjb  /jobs/ETLfact_Evaluacion_Servicio.ktr]  Finished processing (I=30, O=0, R=0, W=30, U=0, E=0)
2026-07-02 03:10:42.437 INFO  <Transformacion Fact_Evaluacion_Servicio - Ordenar filas cod_cliente> [/jobs/Job_dim_fact.kjb  /jobs/ETLfact_Evaluacion_Servicio.ktr]  Finished processing (I=0, O=0, R=1200, W=1200, U=0, E=0)
2026-07-02 03:10:42.443 INFO  <Transformacion Fact_Evaluacion_Servicio - Entrada Tabla dim evaluacion servicio> [/jobs/Job_dim_fact.kjb  /jobs/ETLfact_Evaluacion_Servicio.ktr]  Finished reading query, closing connection
2026-07-02 03:10:42.450 INFO  <Transformacion Fact_Evaluacion_Servicio - Ordenar filas 2 evaluacion servicio> [/jobs/Job_dim_fact.kjb  /jobs/ETLfact_Evaluacion_Servicio.ktr]  Finished processing (I=0, O=0, R=24, W=24, U=0, E=0)
2026-07-02 03:10:42.453 INFO  <Transformacion Fact_Evaluacion_Servicio - Entrada Tabla dim evaluacion servicio> [/jobs/Job_dim_fact.kjb  /jobs/ETLfact_Evaluacion_Servicio.ktr]  Finished processing (I=24, O=0, R=0, W=24, U=0, E=0)
2026-07-02 03:10:42.460 INFO  <Transformacion Fact_Evaluacion_Servicio - Entrada Tabla recomienda> [/jobs/Job_dim_fact.kjb  /jobs/ETLfact_Evaluacion_Servicio.ktr]  Finished reading query, closing connection
2026-07-02 03:10:42.472 INFO  <Transformacion Fact_Evaluacion_Servicio - Ordenar filas codigo producto> [/jobs/Job_dim_fact.kjb  /jobs/ETLfact_Evaluacion_Servicio.ktr]  Finished processing (I=0, O=0, R=500, W=500, U=0, E=0)
2026-07-02 03:10:42.473 INFO  <Transformacion Fact_Evaluacion_Servicio - Entrada Tabla recomienda> [/jobs/Job_dim_fact.kjb  /jobs/ETLfact_Evaluacion_Servicio.ktr]  Finished processing (I=500, O=0, R=0, W=500, U=0, E=0)
2026-07-02 03:10:42.663 INFO  <Transformacion Fact_Evaluacion_Servicio - Entrada Tabla dim_tiempo> [/jobs/Job_dim_fact.kjb  /jobs/ETLfact_Evaluacion_Servicio.ktr]  linenr 50000
2026-07-02 03:10:42.690 INFO  <Transformacion Fact_Evaluacion_Servicio - Ordenar filas fecha completa> [/jobs/Job_dim_fact.kjb  /jobs/ETLfact_Evaluacion_Servicio.ktr]  Linenr 50000
2026-07-02 03:10:42.694 INFO  <Transformacion Fact_Evaluacion_Servicio - Entrada Tabla dim_tiempo> [/jobs/Job_dim_fact.kjb  /jobs/ETLfact_Evaluacion_Servicio.ktr]  Finished reading query, closing connection
2026-07-02 03:10:42.698 INFO  <Transformacion Fact_Evaluacion_Servicio - Entrada Tabla dim_tiempo> [/jobs/Job_dim_fact.kjb  /jobs/ETLfact_Evaluacion_Servicio.ktr]  Finished processing (I=59904, O=0, R=0, W=59904, U=0, E=0)
2026-07-02 03:10:42.800 INFO  <Transformacion Fact_Evaluacion_Servicio - Unión por clave codigo pruducto> [/jobs/Job_dim_fact.kjb  /jobs/ETLfact_Evaluacion_Servicio.ktr]  Finished processing (I=0, O=0, R=530, W=500, U=0, E=0)
2026-07-02 03:10:42.804 INFO  <Transformacion Fact_Evaluacion_Servicio - Ordenar filas codigo cliente> [/jobs/Job_dim_fact.kjb  /jobs/ETLfact_Evaluacion_Servicio.ktr]  Finished processing (I=0, O=0, R=500, W=500, U=0, E=0)
2026-07-02 03:10:43.109 INFO  <Transformacion Fact_Evaluacion_Servicio - Unión por clave codigo cliente> [/jobs/Job_dim_fact.kjb  /jobs/ETLfact_Evaluacion_Servicio.ktr]  Finished processing (I=0, O=0, R=1700, W=0, U=0, E=0)
2026-07-02 03:10:43.449 INFO  <Transformacion Fact_Evaluacion_Servicio - Unión por clave evaluacion servicio> [/jobs/Job_dim_fact.kjb  /jobs/ETLfact_Evaluacion_Servicio.ktr]  Finished processing (I=0, O=0, R=24, W=0, U=0, E=0)
2026-07-02 03:10:43.672 INFO  <Transformacion Fact_Evaluacion_Servicio - Ordenar filas fecha completa> [/jobs/Job_dim_fact.kjb  /jobs/ETLfact_Evaluacion_Servicio.ktr]  Finished processing (I=0, O=0, R=59904, W=59904, U=0, E=0)
2026-07-02 03:10:43.823 INFO  <Transformacion Fact_Evaluacion_Servicio - Unión por clave fecha> [/jobs/Job_dim_fact.kjb  /jobs/ETLfact_Evaluacion_Servicio.ktr]  Finished processing (I=0, O=0, R=59904, W=0, U=0, E=0)
2026-07-02 03:10:43.833 INFO  <Thread-8> [/jobs/Job_dim_fact.kjb]  Finished job entry [ETL fact_eval_servicio] (result=[true])
2026-07-02 03:10:43.837 INFO  <Thread-8> [/jobs/Job_dim_fact.kjb]  Finished job entry [ETL fact_reg_siniestro] (result=[true])
2026-07-02 03:10:43.840 INFO  <Thread-8> [/jobs/Job_dim_fact.kjb]  Finished job entry [ETL_fact_reg_contrato] (result=[true])
2026-07-02 03:10:43.844 INFO  <Thread-8> [/jobs/Job_dim_fact.kjb]  Finished job entry [ETL_fact_metas] (result=[true])
2026-07-02 03:10:43.846 INFO  <Thread-8> [/jobs/Job_dim_fact.kjb]  Finished job entry [ETL dim_siniestro] (result=[true])
2026-07-02 03:10:43.848 INFO  <Thread-8> [/jobs/Job_dim_fact.kjb]  Finished job entry [ETL dim_sucursal] (result=[true])
2026-07-02 03:10:43.851 INFO  <Thread-8> [/jobs/Job_dim_fact.kjb]  Finished job entry [ETL dim_estado_contrato] (result=[true])
2026-07-02 03:10:43.854 INFO  <Thread-8> [/jobs/Job_dim_fact.kjb]  Finished job entry [ELT dim_contrato] (result=[true])
2026-07-02 03:10:43.856 INFO  <Thread-8> [/jobs/Job_dim_fact.kjb]  Finished job entry [ETL dim_eval_servicio] (result=[true])
2026-07-02 03:10:43.859 INFO  <Thread-8> [/jobs/Job_dim_fact.kjb]  Finished job entry [ETL dim_cliente] (result=[true])
2026-07-02 03:10:43.860 INFO  <Thread-8> [/jobs/Job_dim_fact.kjb]  Finished job entry [ETL dim_producto] (result=[true])
2026-07-02 03:10:43.862 INFO  <Thread-8> [/jobs/Job_dim_fact.kjb]  Finished job entry [ETL dim_tiempo] (result=[true])
2026-07-02 03:10:43.865 WARN  <Thread-8> [/jobs/Job_dim_fact.kjb]  Job execution finished
2026-07-02 03:15:42.877 WARN  <Thread-7> [/jobs/Job_dim_fact.kjb]  Start of job execution
2026-07-02 03:15:43.555 INFO  <Thread-7> [/jobs/Job_dim_fact.kjb]  Starting entry [ETL dim_tiempo]
2026-07-02 03:15:45.822 INFO  <Thread-7> [/jobs/Job_dim_fact.kjb]  Using run configuration [Pentaho local]
2026-07-02 03:15:45.888 INFO  <Thread-7> [/jobs/Job_dim_fact.kjb  /jobs/ETLdim_Tiempo.ktr]  Dispatching started for transformation [Transformacion Dim_Tiempo]
2026-07-02 03:15:48.814 INFO  <Transformacion Dim_Tiempo - Generate rows> [/jobs/Job_dim_fact.kjb  /jobs/ETLdim_Tiempo.ktr]  Finished processing (I=0, O=0, R=0, W=14976, U=0, E=0)
2026-07-02 03:15:49.053 INFO  <Transformacion Dim_Tiempo - suma_dias> [/jobs/Job_dim_fact.kjb  /jobs/ETLdim_Tiempo.ktr]  Finished processing (I=0, O=0, R=14976, W=14976, U=0, E=0)
2026-07-02 03:15:49.165 INFO  <Transformacion Dim_Tiempo - Calculator> [/jobs/Job_dim_fact.kjb  /jobs/ETLdim_Tiempo.ktr]  Finished processing (I=0, O=0, R=14976, W=14976, U=0, E=0)
2026-07-02 03:15:52.399 ERROR <Transformacion Dim_Tiempo - Ordenar filas 3> [/jobs/Job_dim_fact.kjb  /jobs/ETLdim_Tiempo.ktr]  Unexpected error
2026-07-02 03:15:52.401 ERROR <Transformacion Dim_Tiempo - Ordenar filas 3> [/jobs/Job_dim_fact.kjb  /jobs/ETLdim_Tiempo.ktr]  org.pentaho.di.core.exception.KettleException: 
The field fecha_completa specified in the "Ordenar filas 3" step is not in the steps input stream.

	at org.pentaho.di.trans.steps.sort.SortRows.processRow(SortRows.java:426)
	at org.pentaho.di.trans.step.RunThread.run(RunThread.java:62)
	at java.lang.Thread.run(Thread.java:750)

2026-07-02 03:15:52.407 INFO  <Transformacion Dim_Tiempo - Mapeo de valores desc_mes_corta> [/jobs/Job_dim_fact.kjb  /jobs/ETLdim_Tiempo.ktr]  Finished processing (I=0, O=0, R=89, W=89, U=0, E=0)
2026-07-02 03:15:52.409 INFO  <Transformacion Dim_Tiempo - Formula desc_trimestre> [/jobs/Job_dim_fact.kjb  /jobs/ETLdim_Tiempo.ktr]  Finished processing (I=0, O=0, R=71, W=71, U=0, E=0)
2026-07-02 03:15:52.408 INFO  <Transformacion Dim_Tiempo - Extraccion dia semana> [/jobs/Job_dim_fact.kjb  /jobs/ETLdim_Tiempo.ktr]  Finished processing (I=0, O=0, R=813, W=812, U=0, E=0)
2026-07-02 03:15:52.408 INFO  <Transformacion Dim_Tiempo - Extraccion dia año> [/jobs/Job_dim_fact.kjb  /jobs/ETLdim_Tiempo.ktr]  Finished processing (I=0, O=0, R=1355, W=1354, U=0, E=0)
2026-07-02 03:15:52.407 INFO  <Transformacion Dim_Tiempo - Mapeo de valores Des_dia_semana> [/jobs/Job_dim_fact.kjb  /jobs/ETLdim_Tiempo.ktr]  Finished processing (I=0, O=0, R=202, W=202, U=0, E=0)
2026-07-02 03:15:52.407 ERROR <Thread-7> [/jobs/Job_dim_fact.kjb  /jobs/ETLdim_Tiempo.ktr]  Errors detected!
2026-07-02 03:15:52.407 INFO  <Transformacion Dim_Tiempo - Select values> [/jobs/Job_dim_fact.kjb  /jobs/ETLdim_Tiempo.ktr]  Finished processing (I=0, O=0, R=12263, W=12263, U=0, E=0)
2026-07-02 03:15:52.407 INFO  <Transformacion Dim_Tiempo - Ordenar filas 3> [/jobs/Job_dim_fact.kjb  /jobs/ETLdim_Tiempo.ktr]  Finished processing (I=0, O=0, R=1, W=0, U=0, E=1)
2026-07-02 03:15:52.407 INFO  <Transformacion Dim_Tiempo - Extraccion semana> [/jobs/Job_dim_fact.kjb  /jobs/ETLdim_Tiempo.ktr]  Finished processing (I=0, O=0, R=300, W=299, U=0, E=0)
2026-07-02 03:15:52.408 INFO  <Transformacion Dim_Tiempo - Extraccion de año> [/jobs/Job_dim_fact.kjb  /jobs/ETLdim_Tiempo.ktr]  Finished processing (I=0, O=0, R=2368, W=2367, U=0, E=0)
2026-07-02 03:15:52.408 INFO  <Transformacion Dim_Tiempo - Mapeo de valores desc_mes> [/jobs/Job_dim_fact.kjb  /jobs/ETLdim_Tiempo.ktr]  Finished processing (I=0, O=0, R=91, W=91, U=0, E=0)
2026-07-02 03:15:52.409 INFO  <Transformacion Dim_Tiempo - Extraccion de mes> [/jobs/Job_dim_fact.kjb  /jobs/ETLdim_Tiempo.ktr]  Finished processing (I=0, O=0, R=1892, W=1891, U=0, E=0)
2026-07-02 03:15:52.409 INFO  <Transformacion Dim_Tiempo - Mapeo de valores desc_dia_semana_corta> [/jobs/Job_dim_fact.kjb  /jobs/ETLdim_Tiempo.ktr]  Finished processing (I=0, O=0, R=102, W=102, U=0, E=0)
2026-07-02 03:15:52.409 INFO  <Transformacion Dim_Tiempo - Extraccion dia mes> [/jobs/Job_dim_fact.kjb  /jobs/ETLdim_Tiempo.ktr]  Finished processing (I=0, O=0, R=972, W=971, U=0, E=0)
2026-07-02 03:15:52.410 INFO  <Transformacion Dim_Tiempo - Formula desc_semestre> [/jobs/Job_dim_fact.kjb  /jobs/ETLdim_Tiempo.ktr]  Finished processing (I=0, O=0, R=55, W=55, U=0, E=0)
2026-07-02 03:15:52.442 WARN  <Transformacion Dim_Tiempo - Ordenar filas 3> [/jobs/Job_dim_fact.kjb  /jobs/ETLdim_Tiempo.ktr]  Transformation detected one or more steps with errors.
2026-07-02 03:15:52.453 WARN  <Transformacion Dim_Tiempo - Ordenar filas 3> [/jobs/Job_dim_fact.kjb  /jobs/ETLdim_Tiempo.ktr]  Transformation is killing the other steps!
2026-07-02 03:15:52.847 ERROR <Thread-7> [/jobs/Job_dim_fact.kjb  /jobs/ETLdim_Tiempo.ktr]  Errors detected!
2026-07-02 03:15:52.851 INFO  <Thread-7> [/jobs/Job_dim_fact.kjb]  Starting entry [ETL dim_producto]
2026-07-02 03:15:53.032 INFO  <Thread-7> [/jobs/Job_dim_fact.kjb]  Using run configuration [Pentaho local]
2026-07-02 03:15:53.036 INFO  <Thread-7> [/jobs/Job_dim_fact.kjb  /jobs/ETLdim_Producto.ktr]  Dispatching started for transformation [Transformacion ProductoLF]
2026-07-02 03:15:53.366 INFO  <Transformacion ProductoLF - Entrada Tabla Tipo Producto> [/jobs/Job_dim_fact.kjb  /jobs/ETLdim_Producto.ktr]  Finished reading query, closing connection
2026-07-02 03:15:53.373 INFO  <Transformacion ProductoLF - Entrada Tabla Producto> [/jobs/Job_dim_fact.kjb  /jobs/ETLdim_Producto.ktr]  Finished reading query, closing connection
2026-07-02 03:15:53.383 INFO  <Transformacion ProductoLF - Entrada Tabla Tipo Producto> [/jobs/Job_dim_fact.kjb  /jobs/ETLdim_Producto.ktr]  Finished processing (I=4, O=0, R=0, W=4, U=0, E=0)
2026-07-02 03:15:53.383 INFO  <Transformacion ProductoLF - Entrada Tabla Producto> [/jobs/Job_dim_fact.kjb  /jobs/ETLdim_Producto.ktr]  Finished processing (I=30, O=0, R=0, W=30, U=0, E=0)
2026-07-02 03:15:53.392 INFO  <Transformacion ProductoLF - Ordenar filas 2> [/jobs/Job_dim_fact.kjb  /jobs/ETLdim_Producto.ktr]  Finished processing (I=0, O=0, R=30, W=30, U=0, E=0)
2026-07-02 03:15:53.385 INFO  <Transformacion ProductoLF - Ordenar filas> [/jobs/Job_dim_fact.kjb  /jobs/ETLdim_Producto.ktr]  Finished processing (I=0, O=0, R=4, W=4, U=0, E=0)
2026-07-02 03:15:53.695 INFO  <Transformacion ProductoLF - Unión por clave> [/jobs/Job_dim_fact.kjb  /jobs/ETLdim_Producto.ktr]  Finished processing (I=0, O=0, R=34, W=30, U=0, E=0)
2026-07-02 03:15:53.702 INFO  <Transformacion ProductoLF - Ordenar filas 3> [/jobs/Job_dim_fact.kjb  /jobs/ETLdim_Producto.ktr]  Finished processing (I=0, O=0, R=30, W=30, U=0, E=0)
2026-07-02 03:15:53.702 INFO  <Transformacion ProductoLF - Strings cut> [/jobs/Job_dim_fact.kjb  /jobs/ETLdim_Producto.ktr]  Finished processing (I=0, O=0, R=30, W=30, U=0, E=0)
2026-07-02 03:15:53.886 INFO  <Transformacion ProductoLF - Insert / update> [/jobs/Job_dim_fact.kjb  /jobs/ETLdim_Producto.ktr]  Finished processing (I=30, O=30, R=30, W=30, U=0, E=0)
2026-07-02 03:15:53.902 INFO  <Thread-7> [/jobs/Job_dim_fact.kjb]  Starting entry [ETL dim_cliente]
2026-07-02 03:15:54.017 INFO  <Thread-7> [/jobs/Job_dim_fact.kjb]  Using run configuration [Pentaho local]
2026-07-02 03:15:54.022 INFO  <Thread-7> [/jobs/Job_dim_fact.kjb  /jobs/ETLdim_Cliente.ktr]  Dispatching started for transformation [Transformacion ClienteLF]
2026-07-02 03:15:54.120 INFO  <Transformacion ClienteLF - Entrada Tabla> [/jobs/Job_dim_fact.kjb  /jobs/ETLdim_Cliente.ktr]  Finished reading query, closing connection
2026-07-02 03:15:54.126 INFO  <Transformacion ClienteLF - Entrada Tabla> [/jobs/Job_dim_fact.kjb  /jobs/ETLdim_Cliente.ktr]  Finished processing (I=300, O=0, R=0, W=300, U=0, E=0)
2026-07-02 03:15:54.129 INFO  <Transformacion ClienteLF - Selecciona/Renombra valores> [/jobs/Job_dim_fact.kjb  /jobs/ETLdim_Cliente.ktr]  Finished processing (I=0, O=0, R=300, W=300, U=0, E=0)
2026-07-02 03:15:54.140 INFO  <Transformacion ClienteLF - Ordenar filas 3> [/jobs/Job_dim_fact.kjb  /jobs/ETLdim_Cliente.ktr]  Finished processing (I=0, O=0, R=300, W=300, U=0, E=0)
2026-07-02 03:15:54.588 INFO  <Transformacion ClienteLF - SalidaActualizada> [/jobs/Job_dim_fact.kjb  /jobs/ETLdim_Cliente.ktr]  Finished processing (I=300, O=300, R=300, W=300, U=0, E=0)
2026-07-02 03:15:54.594 INFO  <Thread-7> [/jobs/Job_dim_fact.kjb]  Starting entry [ETL dim_eval_servicio]
2026-07-02 03:15:54.661 INFO  <Thread-7> [/jobs/Job_dim_fact.kjb]  Using run configuration [Pentaho local]
2026-07-02 03:15:54.664 INFO  <Thread-7> [/jobs/Job_dim_fact.kjb  /jobs/ETLdim_Evaluacion_Servicio.ktr]  Dispatching started for transformation [Transformacion Evaluacion ServicioLF]
2026-07-02 03:15:54.773 INFO  <Transformacion Evaluacion ServicioLF - Entrada Tabla Evaluacion_Servicio> [/jobs/Job_dim_fact.kjb  /jobs/ETLdim_Evaluacion_Servicio.ktr]  Finished reading query, closing connection
2026-07-02 03:15:54.777 INFO  <Transformacion Evaluacion ServicioLF - Ordenar filas 3> [/jobs/Job_dim_fact.kjb  /jobs/ETLdim_Evaluacion_Servicio.ktr]  Finished processing (I=0, O=0, R=6, W=6, U=0, E=0)
2026-07-02 03:15:54.779 INFO  <Transformacion Evaluacion ServicioLF - Entrada Tabla Evaluacion_Servicio> [/jobs/Job_dim_fact.kjb  /jobs/ETLdim_Evaluacion_Servicio.ktr]  Finished processing (I=6, O=0, R=0, W=6, U=0, E=0)
2026-07-02 03:15:54.817 INFO  <Transformacion Evaluacion ServicioLF - Insert / update> [/jobs/Job_dim_fact.kjb  /jobs/ETLdim_Evaluacion_Servicio.ktr]  Finished processing (I=6, O=6, R=6, W=6, U=0, E=0)
2026-07-02 03:15:54.827 INFO  <Thread-7> [/jobs/Job_dim_fact.kjb]  Starting entry [ELT dim_contrato]
2026-07-02 03:15:54.902 INFO  <Thread-7> [/jobs/Job_dim_fact.kjb]  Using run configuration [Pentaho local]
2026-07-02 03:15:54.909 INFO  <Thread-7> [/jobs/Job_dim_fact.kjb  /jobs/ETLdim_Contrato.ktr]  Dispatching started for transformation [Transformacion_ContratoLF]
2026-07-02 03:15:55.004 INFO  <Transformacion_ContratoLF - Entrada Tabla> [/jobs/Job_dim_fact.kjb  /jobs/ETLdim_Contrato.ktr]  Finished reading query, closing connection
2026-07-02 03:15:55.013 INFO  <Transformacion_ContratoLF - Entrada Tabla> [/jobs/Job_dim_fact.kjb  /jobs/ETLdim_Contrato.ktr]  Finished processing (I=1000, O=0, R=0, W=1000, U=0, E=0)
2026-07-02 03:15:55.013 INFO  <Transformacion_ContratoLF - Ordenar filas 3> [/jobs/Job_dim_fact.kjb  /jobs/ETLdim_Contrato.ktr]  Finished processing (I=0, O=0, R=1000, W=1000, U=0, E=0)
2026-07-02 03:15:55.839 INFO  <Transformacion_ContratoLF - Insert / update> [/jobs/Job_dim_fact.kjb  /jobs/ETLdim_Contrato.ktr]  Finished processing (I=1000, O=1000, R=1000, W=1000, U=0, E=0)
2026-07-02 03:15:55.844 INFO  <Thread-7> [/jobs/Job_dim_fact.kjb]  Starting entry [ETL dim_estado_contrato]
2026-07-02 03:15:55.986 INFO  <Thread-7> [/jobs/Job_dim_fact.kjb]  Using run configuration [Pentaho local]
2026-07-02 03:15:55.989 INFO  <Thread-7> [/jobs/Job_dim_fact.kjb  /jobs/ETLdim_Estado_Contrato.ktr]  Dispatching started for transformation [Transformacion Estado ContratoLF]
2026-07-02 03:15:56.139 INFO  <Transformacion Estado ContratoLF - Entrada Tabla Estado Contrato> [/jobs/Job_dim_fact.kjb  /jobs/ETLdim_Estado_Contrato.ktr]  Finished reading query, closing connection
2026-07-02 03:15:56.141 INFO  <Transformacion Estado ContratoLF - Seleccionar Estado Contrato> [/jobs/Job_dim_fact.kjb  /jobs/ETLdim_Estado_Contrato.ktr]  Finished processing (I=0, O=0, R=1000, W=1000, U=0, E=0)
2026-07-02 03:15:56.142 INFO  <Transformacion Estado ContratoLF - Entrada Tabla Estado Contrato> [/jobs/Job_dim_fact.kjb  /jobs/ETLdim_Estado_Contrato.ktr]  Finished processing (I=1000, O=0, R=0, W=1000, U=0, E=0)
2026-07-02 03:15:56.154 INFO  <Transformacion Estado ContratoLF - Agrupar> [/jobs/Job_dim_fact.kjb  /jobs/ETLdim_Estado_Contrato.ktr]  Finished processing (I=0, O=0, R=1000, W=3, U=0, E=0)
2026-07-02 03:15:56.158 INFO  <Transformacion Estado ContratoLF - Add sequence cod_estado> [/jobs/Job_dim_fact.kjb  /jobs/ETLdim_Estado_Contrato.ktr]  Finished processing (I=0, O=0, R=3, W=3, U=0, E=0)
2026-07-02 03:15:56.167 INFO  <Transformacion Estado ContratoLF - Ordenar filas 3> [/jobs/Job_dim_fact.kjb  /jobs/ETLdim_Estado_Contrato.ktr]  Finished processing (I=0, O=0, R=3, W=3, U=0, E=0)
2026-07-02 03:15:56.205 INFO  <Transformacion Estado ContratoLF - Insert / update> [/jobs/Job_dim_fact.kjb  /jobs/ETLdim_Estado_Contrato.ktr]  Finished processing (I=3, O=3, R=3, W=3, U=0, E=0)
2026-07-02 03:15:56.212 INFO  <Thread-7> [/jobs/Job_dim_fact.kjb]  Starting entry [ETL dim_sucursal]
2026-07-02 03:15:56.297 INFO  <Thread-7> [/jobs/Job_dim_fact.kjb]  Using run configuration [Pentaho local]
2026-07-02 03:15:56.302 INFO  <Thread-7> [/jobs/Job_dim_fact.kjb  /jobs/ETLdim_Sucursal.ktr]  Dispatching started for transformation [Transformacion SucursalLF]
2026-07-02 03:15:56.404 INFO  <Transformacion SucursalLF - Entrada Tabla Sucursal> [/jobs/Job_dim_fact.kjb  /jobs/ETLdim_Sucursal.ktr]  Finished reading query, closing connection
2026-07-02 03:15:56.406 INFO  <Transformacion SucursalLF - Entrada Tabla Pais> [/jobs/Job_dim_fact.kjb  /jobs/ETLdim_Sucursal.ktr]  Finished reading query, closing connection
2026-07-02 03:15:56.408 INFO  <Transformacion SucursalLF - Entrada Tabla Sucursal> [/jobs/Job_dim_fact.kjb  /jobs/ETLdim_Sucursal.ktr]  Finished processing (I=30, O=0, R=0, W=30, U=0, E=0)
2026-07-02 03:15:56.413 INFO  <Transformacion SucursalLF - Entrada Tabla Pais> [/jobs/Job_dim_fact.kjb  /jobs/ETLdim_Sucursal.ktr]  Finished processing (I=30, O=0, R=0, W=30, U=0, E=0)
2026-07-02 03:15:56.426 INFO  <Transformacion SucursalLF - Entrada Tabla Ciudad> [/jobs/Job_dim_fact.kjb  /jobs/ETLdim_Sucursal.ktr]  Finished reading query, closing connection
2026-07-02 03:15:56.431 INFO  <Transformacion SucursalLF - Entrada Tabla Ciudad> [/jobs/Job_dim_fact.kjb  /jobs/ETLdim_Sucursal.ktr]  Finished processing (I=30, O=0, R=0, W=30, U=0, E=0)
2026-07-02 03:15:56.728 INFO  <Transformacion SucursalLF - Unión Sucursal-Pais> [/jobs/Job_dim_fact.kjb  /jobs/ETLdim_Sucursal.ktr]  Finished processing (I=0, O=0, R=60, W=30, U=0, E=0)
2026-07-02 03:15:57.029 INFO  <Transformacion SucursalLF - Unión Sucursal-Pais-Ciudad> [/jobs/Job_dim_fact.kjb  /jobs/ETLdim_Sucursal.ktr]  Finished processing (I=0, O=0, R=60, W=30, U=0, E=0)
2026-07-02 03:15:57.031 INFO  <Transformacion SucursalLF - Ordenar filas 3> [/jobs/Job_dim_fact.kjb  /jobs/ETLdim_Sucursal.ktr]  Finished processing (I=0, O=0, R=30, W=30, U=0, E=0)
2026-07-02 03:15:57.082 INFO  <Transformacion SucursalLF - Insert / update> [/jobs/Job_dim_fact.kjb  /jobs/ETLdim_Sucursal.ktr]  Finished processing (I=30, O=30, R=30, W=30, U=0, E=0)
2026-07-02 03:15:57.088 INFO  <Thread-7> [/jobs/Job_dim_fact.kjb]  Starting entry [ETL dim_siniestro]
2026-07-02 03:15:57.158 INFO  <Thread-7> [/jobs/Job_dim_fact.kjb]  Using run configuration [Pentaho local]
2026-07-02 03:15:57.161 INFO  <Thread-7> [/jobs/Job_dim_fact.kjb  /jobs/ETLdim_Siniestro.ktr]  Dispatching started for transformation [Transformacion siniestroLF]
2026-07-02 03:15:57.223 INFO  <Transformacion siniestroLF - Entrada Tabla Siniestro> [/jobs/Job_dim_fact.kjb  /jobs/ETLdim_Siniestro.ktr]  Finished reading query, closing connection
2026-07-02 03:15:57.228 INFO  <Transformacion siniestroLF - Entrada Tabla Siniestro> [/jobs/Job_dim_fact.kjb  /jobs/ETLdim_Siniestro.ktr]  Finished processing (I=20, O=0, R=0, W=20, U=0, E=0)
2026-07-02 03:15:57.228 INFO  <Transformacion siniestroLF - Ordenar filas 3> [/jobs/Job_dim_fact.kjb  /jobs/ETLdim_Siniestro.ktr]  Finished processing (I=0, O=0, R=20, W=20, U=0, E=0)
2026-07-02 03:15:57.278 INFO  <Transformacion siniestroLF - Insert / update> [/jobs/Job_dim_fact.kjb  /jobs/ETLdim_Siniestro.ktr]  Finished processing (I=20, O=20, R=20, W=20, U=0, E=0)
2026-07-02 03:15:57.283 INFO  <Thread-7> [/jobs/Job_dim_fact.kjb]  Starting entry [ETL_fact_metas]
2026-07-02 03:15:57.581 INFO  <Thread-7> [/jobs/Job_dim_fact.kjb]  Using run configuration [Pentaho local]
2026-07-02 03:15:57.584 INFO  <Thread-7> [/jobs/Job_dim_fact.kjb  /jobs/ETLfact_Metas.ktr]  Dispatching started for transformation [LFTransformation_fact_metas]
2026-07-02 03:15:57.884 INFO  <LFTransformation_fact_metas - extraer producto> [/jobs/Job_dim_fact.kjb  /jobs/ETLfact_Metas.ktr]  Finished reading query, closing connection
2026-07-02 03:15:57.890 INFO  <LFTransformation_fact_metas - extraer producto> [/jobs/Job_dim_fact.kjb  /jobs/ETLfact_Metas.ktr]  Finished processing (I=30, O=0, R=0, W=30, U=0, E=0)
2026-07-02 03:15:57.891 INFO  <LFTransformation_fact_metas - Sort cod_prod> [/jobs/Job_dim_fact.kjb  /jobs/ETLfact_Metas.ktr]  Finished processing (I=0, O=0, R=30, W=30, U=0, E=0)
2026-07-02 03:15:57.911 INFO  <LFTransformation_fact_metas - extraer dim_tiempo> [/jobs/Job_dim_fact.kjb  /jobs/ETLfact_Metas.ktr]  Finished reading query, closing connection
2026-07-02 03:15:57.919 INFO  <LFTransformation_fact_metas - extraer dim_tiempo2> [/jobs/Job_dim_fact.kjb  /jobs/ETLfact_Metas.ktr]  Finished reading query, closing connection
2026-07-02 03:16:02.262 INFO  <LFTransformation_fact_metas - Microsoft Excel metas> [/jobs/Job_dim_fact.kjb  /jobs/ETLfact_Metas.ktr]  Finished processing (I=390, O=0, R=0, W=390, U=0, E=0)
2026-07-02 03:16:02.266 INFO  <LFTransformation_fact_metas - Sort cod_prod 2> [/jobs/Job_dim_fact.kjb  /jobs/ETLfact_Metas.ktr]  Finished processing (I=0, O=0, R=390, W=390, U=0, E=0)
2026-07-02 03:16:02.573 INFO  <LFTransformation_fact_metas - Merge join> [/jobs/Job_dim_fact.kjb  /jobs/ETLfact_Metas.ktr]  Finished processing (I=0, O=0, R=420, W=390, U=0, E=0)
2026-07-02 03:16:02.576 INFO  <LFTransformation_fact_metas - Quitar cod_prod y dejar SK> [/jobs/Job_dim_fact.kjb  /jobs/ETLfact_Metas.ktr]  Finished processing (I=0, O=0, R=390, W=390, U=0, E=0)
2026-07-02 03:16:02.585 INFO  <LFTransformation_fact_metas - Sort fecha_inicio> [/jobs/Job_dim_fact.kjb  /jobs/ETLfact_Metas.ktr]  Finished processing (I=0, O=0, R=390, W=390, U=0, E=0)
2026-07-02 03:16:02.734 INFO  <LFTransformation_fact_metas - Merge join 2> [/jobs/Job_dim_fact.kjb  /jobs/ETLfact_Metas.ktr]  Finished processing (I=0, O=0, R=390, W=0, U=0, E=0)
2026-07-02 03:16:03.079 INFO  <Thread-7> [/jobs/Job_dim_fact.kjb]  Starting entry [ETL_fact_reg_contrato]
2026-07-02 03:16:03.307 INFO  <Thread-7> [/jobs/Job_dim_fact.kjb]  Using run configuration [Pentaho local]
2026-07-02 03:16:03.310 INFO  <Thread-7> [/jobs/Job_dim_fact.kjb  /jobs/ETLfact_Registro_Contrato.ktr]  Dispatching started for transformation [Transformacion FACT_Registro_Contrato]
2026-07-02 03:16:03.460 INFO  <init of Salida Tabla.0 (Thread-175)> [/jobs/Job_dim_fact.kjb  /jobs/ETLfact_Registro_Contrato.ktr]  Connected to database [Docker] (commit=1000)
2026-07-02 03:16:03.496 INFO  <Transformacion FACT_Registro_Contrato - Entrada Tabla dim_producto> [/jobs/Job_dim_fact.kjb  /jobs/ETLfact_Registro_Contrato.ktr]  Finished reading query, closing connection
2026-07-02 03:16:03.502 INFO  <Transformacion FACT_Registro_Contrato - Ordenar filas cod_producto 2> [/jobs/Job_dim_fact.kjb  /jobs/ETLfact_Registro_Contrato.ktr]  Finished processing (I=0, O=0, R=30, W=30, U=0, E=0)
2026-07-02 03:16:03.517 INFO  <Transformacion FACT_Registro_Contrato - Entrada Tabla dim_producto> [/jobs/Job_dim_fact.kjb  /jobs/ETLfact_Registro_Contrato.ktr]  Finished processing (I=30, O=0, R=0, W=30, U=0, E=0)
2026-07-02 03:16:03.536 INFO  <Transformacion FACT_Registro_Contrato - Entrada Tabla Registro Contrato> [/jobs/Job_dim_fact.kjb  /jobs/ETLfact_Registro_Contrato.ktr]  Finished reading query, closing connection
2026-07-02 03:16:03.536 INFO  <Transformacion FACT_Registro_Contrato - Entrada Tabla dim_contrato> [/jobs/Job_dim_fact.kjb  /jobs/ETLfact_Registro_Contrato.ktr]  Finished reading query, closing connection
2026-07-02 03:16:03.546 INFO  <Transformacion FACT_Registro_Contrato - Ordenar filas cod_cliente 2> [/jobs/Job_dim_fact.kjb  /jobs/ETLfact_Registro_Contrato.ktr]  Finished processing (I=0, O=0, R=300, W=300, U=0, E=0)
2026-07-02 03:16:03.536 INFO  <Transformacion FACT_Registro_Contrato - Entrada Tabla Dim_Cliente> [/jobs/Job_dim_fact.kjb  /jobs/ETLfact_Registro_Contrato.ktr]  Finished reading query, closing connection
2026-07-02 03:16:03.542 INFO  <Transformacion FACT_Registro_Contrato - Entrada Tabla Registro Contrato> [/jobs/Job_dim_fact.kjb  /jobs/ETLfact_Registro_Contrato.ktr]  Finished processing (I=1000, O=0, R=0, W=1000, U=0, E=0)
2026-07-02 03:16:03.565 INFO  <Transformacion FACT_Registro_Contrato - Entrada Tabla dim_contrato> [/jobs/Job_dim_fact.kjb  /jobs/ETLfact_Registro_Contrato.ktr]  Finished processing (I=1000, O=0, R=0, W=1000, U=0, E=0)
2026-07-02 03:16:03.556 INFO  <Transformacion FACT_Registro_Contrato - Ordenar filas nro_contrato 2> [/jobs/Job_dim_fact.kjb  /jobs/ETLfact_Registro_Contrato.ktr]  Finished processing (I=0, O=0, R=1000, W=1000, U=0, E=0)
2026-07-02 03:16:03.579 INFO  <Transformacion FACT_Registro_Contrato - Entrada Tabla Dim_Cliente> [/jobs/Job_dim_fact.kjb  /jobs/ETLfact_Registro_Contrato.ktr]  Finished processing (I=300, O=0, R=0, W=300, U=0, E=0)
2026-07-02 03:16:03.586 INFO  <Transformacion FACT_Registro_Contrato - Entrada Tabla dim_tiempo> [/jobs/Job_dim_fact.kjb  /jobs/ETLfact_Registro_Contrato.ktr]  Finished reading query, closing connection
2026-07-02 03:16:03.601 INFO  <Transformacion FACT_Registro_Contrato - Entrada Tabla dim_estado_contrato> [/jobs/Job_dim_fact.kjb  /jobs/ETLfact_Registro_Contrato.ktr]  Finished reading query, closing connection
2026-07-02 03:16:03.601 INFO  <Transformacion FACT_Registro_Contrato - Ordenar filas cod_cliente> [/jobs/Job_dim_fact.kjb  /jobs/ETLfact_Registro_Contrato.ktr]  Finished processing (I=0, O=0, R=1000, W=1000, U=0, E=0)
2026-07-02 03:16:03.610 INFO  <Transformacion FACT_Registro_Contrato - Ordenar filas descrip_estado> [/jobs/Job_dim_fact.kjb  /jobs/ETLfact_Registro_Contrato.ktr]  Finished processing (I=0, O=0, R=3, W=3, U=0, E=0)
2026-07-02 03:16:03.607 INFO  <Transformacion FACT_Registro_Contrato - Entrada Tabla dim_estado_contrato> [/jobs/Job_dim_fact.kjb  /jobs/ETLfact_Registro_Contrato.ktr]  Finished processing (I=3, O=0, R=0, W=3, U=0, E=0)
2026-07-02 03:16:03.910 INFO  <Transformacion FACT_Registro_Contrato - Unión por clave> [/jobs/Job_dim_fact.kjb  /jobs/ETLfact_Registro_Contrato.ktr]  Finished processing (I=0, O=0, R=1300, W=0, U=0, E=0)
2026-07-02 03:16:04.275 INFO  <Transformacion FACT_Registro_Contrato - Unión por clave cod_producto> [/jobs/Job_dim_fact.kjb  /jobs/ETLfact_Registro_Contrato.ktr]  Finished processing (I=0, O=0, R=30, W=0, U=0, E=0)
2026-07-02 03:16:04.606 INFO  <Transformacion FACT_Registro_Contrato - Unión por clave nro_contrato> [/jobs/Job_dim_fact.kjb  /jobs/ETLfact_Registro_Contrato.ktr]  Finished processing (I=0, O=0, R=1000, W=0, U=0, E=0)
2026-07-02 03:16:04.917 INFO  <Transformacion FACT_Registro_Contrato - Unión por clave estado_contrato> [/jobs/Job_dim_fact.kjb  /jobs/ETLfact_Registro_Contrato.ktr]  Finished processing (I=0, O=0, R=3, W=0, U=0, E=0)
2026-07-02 03:16:05.541 INFO  <Thread-7> [/jobs/Job_dim_fact.kjb]  Starting entry [ETL fact_reg_siniestro]
2026-07-02 03:16:05.897 INFO  <Thread-7> [/jobs/Job_dim_fact.kjb]  Using run configuration [Pentaho local]
2026-07-02 03:16:05.902 INFO  <Thread-7> [/jobs/Job_dim_fact.kjb  /jobs/ETLfact_Registro_Siniestro.ktr]  Dispatching started for transformation [Transformacion Fact_Registro_Siniestro]
2026-07-02 03:16:06.078 INFO  <Transformacion Fact_Registro_Siniestro - Entrada Tabla dim_siniestro> [/jobs/Job_dim_fact.kjb  /jobs/ETLfact_Registro_Siniestro.ktr]  Finished reading query, closing connection
2026-07-02 03:16:06.084 INFO  <Transformacion Fact_Registro_Siniestro - Entrada Tabla dim_contrato> [/jobs/Job_dim_fact.kjb  /jobs/ETLfact_Registro_Siniestro.ktr]  Finished reading query, closing connection
2026-07-02 03:16:06.085 INFO  <Transformacion Fact_Registro_Siniestro - Ordenar filas nro_siniestro> [/jobs/Job_dim_fact.kjb  /jobs/ETLfact_Registro_Siniestro.ktr]  Finished processing (I=0, O=0, R=20, W=20, U=0, E=0)
2026-07-02 03:16:06.095 INFO  <Transformacion Fact_Registro_Siniestro - Entrada Tabla dim_siniestro> [/jobs/Job_dim_fact.kjb  /jobs/ETLfact_Registro_Siniestro.ktr]  Finished processing (I=20, O=0, R=0, W=20, U=0, E=0)
2026-07-02 03:16:06.106 INFO  <Transformacion Fact_Registro_Siniestro - Entrada Tabla dim_contrato> [/jobs/Job_dim_fact.kjb  /jobs/ETLfact_Registro_Siniestro.ktr]  Finished processing (I=1000, O=0, R=0, W=1000, U=0, E=0)
2026-07-02 03:16:06.114 INFO  <Transformacion Fact_Registro_Siniestro - Ordenar filas nro_contrato> [/jobs/Job_dim_fact.kjb  /jobs/ETLfact_Registro_Siniestro.ktr]  Finished processing (I=0, O=0, R=1000, W=1000, U=0, E=0)
2026-07-02 03:16:06.121 INFO  <Transformacion Fact_Registro_Siniestro - Entrada Tabla dim_cliente> [/jobs/Job_dim_fact.kjb  /jobs/ETLfact_Registro_Siniestro.ktr]  Finished reading query, closing connection
2026-07-02 03:16:06.123 INFO  <Transformacion Fact_Registro_Siniestro - Entrada Tabla Fact_Registro_Siniestro> [/jobs/Job_dim_fact.kjb  /jobs/ETLfact_Registro_Siniestro.ktr]  Finished reading query, closing connection
2026-07-02 03:16:06.131 INFO  <Transformacion Fact_Registro_Siniestro - Ordenar filas codigo cliente 2> [/jobs/Job_dim_fact.kjb  /jobs/ETLfact_Registro_Siniestro.ktr]  Finished processing (I=0, O=0, R=300, W=300, U=0, E=0)
2026-07-02 03:16:06.132 INFO  <Transformacion Fact_Registro_Siniestro - Entrada Tabla dim_cliente> [/jobs/Job_dim_fact.kjb  /jobs/ETLfact_Registro_Siniestro.ktr]  Finished processing (I=300, O=0, R=0, W=300, U=0, E=0)
2026-07-02 03:16:06.135 INFO  <Transformacion Fact_Registro_Siniestro - Entrada Tabla Fact_Registro_Siniestro> [/jobs/Job_dim_fact.kjb  /jobs/ETLfact_Registro_Siniestro.ktr]  Finished processing (I=1000, O=0, R=0, W=1000, U=0, E=0)
2026-07-02 03:16:06.164 INFO  <Transformacion Fact_Registro_Siniestro - Entrada Tabla dim_producto> [/jobs/Job_dim_fact.kjb  /jobs/ETLfact_Registro_Siniestro.ktr]  Finished reading query, closing connection
2026-07-02 03:16:06.155 INFO  <Transformacion Fact_Registro_Siniestro - Entrada Tabla dim sucursal> [/jobs/Job_dim_fact.kjb  /jobs/ETLfact_Registro_Siniestro.ktr]  Finished reading query, closing connection
2026-07-02 03:16:06.155 INFO  <Transformacion Fact_Registro_Siniestro - Entrada Tabla cliente> [/jobs/Job_dim_fact.kjb  /jobs/ETLfact_Registro_Siniestro.ktr]  Finished reading query, closing connection
2026-07-02 03:16:06.187 INFO  <Transformacion Fact_Registro_Siniestro - Entrada Tabla cliente> [/jobs/Job_dim_fact.kjb  /jobs/ETLfact_Registro_Siniestro.ktr]  Finished processing (I=300, O=0, R=0, W=300, U=0, E=0)
2026-07-02 03:16:06.167 INFO  <Transformacion Fact_Registro_Siniestro - Ordenar filas producto 2> [/jobs/Job_dim_fact.kjb  /jobs/ETLfact_Registro_Siniestro.ktr]  Finished processing (I=0, O=0, R=30, W=30, U=0, E=0)
2026-07-02 03:16:06.165 INFO  <Transformacion Fact_Registro_Siniestro - Ordenar filas codigo cliente> [/jobs/Job_dim_fact.kjb  /jobs/ETLfact_Registro_Siniestro.ktr]  Finished processing (I=0, O=0, R=300, W=300, U=0, E=0)
2026-07-02 03:16:06.168 INFO  <Transformacion Fact_Registro_Siniestro - Ordenar filas siniestro> [/jobs/Job_dim_fact.kjb  /jobs/ETLfact_Registro_Siniestro.ktr]  Finished processing (I=0, O=0, R=1000, W=1000, U=0, E=0)
2026-07-02 03:16:06.168 INFO  <Transformacion Fact_Registro_Siniestro - Ordenar filas sucursal 2> [/jobs/Job_dim_fact.kjb  /jobs/ETLfact_Registro_Siniestro.ktr]  Finished processing (I=0, O=0, R=30, W=30, U=0, E=0)
2026-07-02 03:16:06.187 INFO  <Transformacion Fact_Registro_Siniestro - Entrada Tabla dim_producto> [/jobs/Job_dim_fact.kjb  /jobs/ETLfact_Registro_Siniestro.ktr]  Finished processing (I=30, O=0, R=0, W=30, U=0, E=0)
2026-07-02 03:16:06.187 INFO  <Transformacion Fact_Registro_Siniestro - Entrada Tabla Registro Contrato> [/jobs/Job_dim_fact.kjb  /jobs/ETLfact_Registro_Siniestro.ktr]  Finished reading query, closing connection
2026-07-02 03:16:06.191 INFO  <Transformacion Fact_Registro_Siniestro - Entrada Tabla fechas> [/jobs/Job_dim_fact.kjb  /jobs/ETLfact_Registro_Siniestro.ktr]  Finished reading query, closing connection
2026-07-02 03:16:06.180 INFO  <Transformacion Fact_Registro_Siniestro - Entrada Tabla dim sucursal> [/jobs/Job_dim_fact.kjb  /jobs/ETLfact_Registro_Siniestro.ktr]  Finished processing (I=30, O=0, R=0, W=30, U=0, E=0)
2026-07-02 03:16:06.205 INFO  <Transformacion Fact_Registro_Siniestro - Ordenar filas cliente> [/jobs/Job_dim_fact.kjb  /jobs/ETLfact_Registro_Siniestro.ktr]  Finished processing (I=0, O=0, R=1000, W=1000, U=0, E=0)
2026-07-02 03:16:06.213 INFO  <Transformacion Fact_Registro_Siniestro - Entrada Tabla Registro Contrato> [/jobs/Job_dim_fact.kjb  /jobs/ETLfact_Registro_Siniestro.ktr]  Finished processing (I=1000, O=0, R=0, W=1000, U=0, E=0)
2026-07-02 03:16:06.462 INFO  <Transformacion Fact_Registro_Siniestro - Unión por clave sinistro> [/jobs/Job_dim_fact.kjb  /jobs/ETLfact_Registro_Siniestro.ktr]  Finished processing (I=0, O=0, R=1020, W=0, U=0, E=0)
2026-07-02 03:16:06.469 INFO  <Transformacion Fact_Registro_Siniestro - Unión por clave codigo cliente> [/jobs/Job_dim_fact.kjb  /jobs/ETLfact_Registro_Siniestro.ktr]  Finished processing (I=0, O=0, R=600, W=0, U=0, E=0)
2026-07-02 03:16:06.823 INFO  <Transformacion Fact_Registro_Siniestro - Unión por clave contrato> [/jobs/Job_dim_fact.kjb  /jobs/ETLfact_Registro_Siniestro.ktr]  Finished processing (I=0, O=0, R=1000, W=0, U=0, E=0)
2026-07-02 03:16:06.855 INFO  <Transformacion Fact_Registro_Siniestro - Unión por clave sucursal> [/jobs/Job_dim_fact.kjb  /jobs/ETLfact_Registro_Siniestro.ktr]  Finished processing (I=0, O=0, R=30, W=0, U=0, E=0)
2026-07-02 03:16:07.199 INFO  <Transformacion Fact_Registro_Siniestro - Unión por clave cliente> [/jobs/Job_dim_fact.kjb  /jobs/ETLfact_Registro_Siniestro.ktr]  Finished processing (I=0, O=0, R=1000, W=0, U=0, E=0)
2026-07-02 03:16:07.522 INFO  <Transformacion Fact_Registro_Siniestro - Unión por clave producto> [/jobs/Job_dim_fact.kjb  /jobs/ETLfact_Registro_Siniestro.ktr]  Finished processing (I=0, O=0, R=30, W=0, U=0, E=0)
2026-07-02 03:16:08.244 INFO  <Thread-7> [/jobs/Job_dim_fact.kjb]  Starting entry [ETL fact_eval_servicio]
2026-07-02 03:16:08.518 INFO  <Thread-7> [/jobs/Job_dim_fact.kjb]  Using run configuration [Pentaho local]
2026-07-02 03:16:08.521 INFO  <Thread-7> [/jobs/Job_dim_fact.kjb  /jobs/ETLfact_Evaluacion_Servicio.ktr]  Dispatching started for transformation [Transformacion Fact_Evaluacion_Servicio]
2026-07-02 03:16:08.635 INFO  <Transformacion Fact_Evaluacion_Servicio - Entrada Tabla dim producto> [/jobs/Job_dim_fact.kjb  /jobs/ETLfact_Evaluacion_Servicio.ktr]  Finished reading query, closing connection
2026-07-02 03:16:08.638 INFO  <Transformacion Fact_Evaluacion_Servicio - Entrada Tabla dim producto> [/jobs/Job_dim_fact.kjb  /jobs/ETLfact_Evaluacion_Servicio.ktr]  Finished processing (I=30, O=0, R=0, W=30, U=0, E=0)
2026-07-02 03:16:08.645 INFO  <Transformacion Fact_Evaluacion_Servicio - Ordenar filas cod_producto> [/jobs/Job_dim_fact.kjb  /jobs/ETLfact_Evaluacion_Servicio.ktr]  Finished processing (I=0, O=0, R=30, W=30, U=0, E=0)
2026-07-02 03:16:08.657 INFO  <Transformacion Fact_Evaluacion_Servicio - Entrada Tabla dim evaluacion servicio> [/jobs/Job_dim_fact.kjb  /jobs/ETLfact_Evaluacion_Servicio.ktr]  Finished reading query, closing connection
2026-07-02 03:16:08.659 INFO  <Transformacion Fact_Evaluacion_Servicio - Ordenar filas 2 evaluacion servicio> [/jobs/Job_dim_fact.kjb  /jobs/ETLfact_Evaluacion_Servicio.ktr]  Finished processing (I=0, O=0, R=6, W=6, U=0, E=0)
2026-07-02 03:16:08.667 INFO  <Transformacion Fact_Evaluacion_Servicio - Entrada Tabla dim evaluacion servicio> [/jobs/Job_dim_fact.kjb  /jobs/ETLfact_Evaluacion_Servicio.ktr]  Finished processing (I=6, O=0, R=0, W=6, U=0, E=0)
2026-07-02 03:16:08.665 INFO  <Transformacion Fact_Evaluacion_Servicio - Entrada Tabla dim_tiempo> [/jobs/Job_dim_fact.kjb  /jobs/ETLfact_Evaluacion_Servicio.ktr]  Finished reading query, closing connection
2026-07-02 03:16:08.666 INFO  <Transformacion Fact_Evaluacion_Servicio - Ordenar filas cod_cliente> [/jobs/Job_dim_fact.kjb  /jobs/ETLfact_Evaluacion_Servicio.ktr]  Finished processing (I=0, O=0, R=300, W=300, U=0, E=0)
2026-07-02 03:16:08.662 INFO  <Transformacion Fact_Evaluacion_Servicio - Entrada Tabla dim cliente> [/jobs/Job_dim_fact.kjb  /jobs/ETLfact_Evaluacion_Servicio.ktr]  Finished reading query, closing connection
2026-07-02 03:16:08.675 INFO  <Transformacion Fact_Evaluacion_Servicio - Entrada Tabla recomienda> [/jobs/Job_dim_fact.kjb  /jobs/ETLfact_Evaluacion_Servicio.ktr]  Finished reading query, closing connection
2026-07-02 03:16:08.682 INFO  <Transformacion Fact_Evaluacion_Servicio - Entrada Tabla dim cliente> [/jobs/Job_dim_fact.kjb  /jobs/ETLfact_Evaluacion_Servicio.ktr]  Finished processing (I=300, O=0, R=0, W=300, U=0, E=0)
2026-07-02 03:16:08.683 INFO  <Transformacion Fact_Evaluacion_Servicio - Ordenar filas codigo producto> [/jobs/Job_dim_fact.kjb  /jobs/ETLfact_Evaluacion_Servicio.ktr]  Finished processing (I=0, O=0, R=500, W=500, U=0, E=0)
2026-07-02 03:16:08.688 INFO  <Transformacion Fact_Evaluacion_Servicio - Entrada Tabla recomienda> [/jobs/Job_dim_fact.kjb  /jobs/ETLfact_Evaluacion_Servicio.ktr]  Finished processing (I=500, O=0, R=0, W=500, U=0, E=0)
2026-07-02 03:16:08.988 INFO  <Transformacion Fact_Evaluacion_Servicio - Unión por clave codigo pruducto> [/jobs/Job_dim_fact.kjb  /jobs/ETLfact_Evaluacion_Servicio.ktr]  Finished processing (I=0, O=0, R=530, W=500, U=0, E=0)
2026-07-02 03:16:08.993 INFO  <Transformacion Fact_Evaluacion_Servicio - Ordenar filas codigo cliente> [/jobs/Job_dim_fact.kjb  /jobs/ETLfact_Evaluacion_Servicio.ktr]  Finished processing (I=0, O=0, R=500, W=500, U=0, E=0)
2026-07-02 03:16:09.294 INFO  <Transformacion Fact_Evaluacion_Servicio - Unión por clave codigo cliente> [/jobs/Job_dim_fact.kjb  /jobs/ETLfact_Evaluacion_Servicio.ktr]  Finished processing (I=0, O=0, R=800, W=0, U=0, E=0)
2026-07-02 03:16:09.620 INFO  <Transformacion Fact_Evaluacion_Servicio - Unión por clave evaluacion servicio> [/jobs/Job_dim_fact.kjb  /jobs/ETLfact_Evaluacion_Servicio.ktr]  Finished processing (I=0, O=0, R=6, W=0, U=0, E=0)
2026-07-02 03:16:09.962 INFO  <Thread-7> [/jobs/Job_dim_fact.kjb]  Finished job entry [ETL fact_eval_servicio] (result=[true])
2026-07-02 03:16:09.965 INFO  <Thread-7> [/jobs/Job_dim_fact.kjb]  Finished job entry [ETL fact_reg_siniestro] (result=[true])
2026-07-02 03:16:09.967 INFO  <Thread-7> [/jobs/Job_dim_fact.kjb]  Finished job entry [ETL_fact_reg_contrato] (result=[true])
2026-07-02 03:16:09.969 INFO  <Thread-7> [/jobs/Job_dim_fact.kjb]  Finished job entry [ETL_fact_metas] (result=[true])
2026-07-02 03:16:09.971 INFO  <Thread-7> [/jobs/Job_dim_fact.kjb]  Finished job entry [ETL dim_siniestro] (result=[true])
2026-07-02 03:16:09.973 INFO  <Thread-7> [/jobs/Job_dim_fact.kjb]  Finished job entry [ETL dim_sucursal] (result=[true])
2026-07-02 03:16:09.975 INFO  <Thread-7> [/jobs/Job_dim_fact.kjb]  Finished job entry [ETL dim_estado_contrato] (result=[true])
2026-07-02 03:16:09.977 INFO  <Thread-7> [/jobs/Job_dim_fact.kjb]  Finished job entry [ELT dim_contrato] (result=[true])
2026-07-02 03:16:09.981 INFO  <Thread-7> [/jobs/Job_dim_fact.kjb]  Finished job entry [ETL dim_eval_servicio] (result=[true])
2026-07-02 03:16:09.984 INFO  <Thread-7> [/jobs/Job_dim_fact.kjb]  Finished job entry [ETL dim_cliente] (result=[true])
2026-07-02 03:16:09.986 INFO  <Thread-7> [/jobs/Job_dim_fact.kjb]  Finished job entry [ETL dim_producto] (result=[true])
2026-07-02 03:16:09.988 INFO  <Thread-7> [/jobs/Job_dim_fact.kjb]  Finished job entry [ETL dim_tiempo] (result=[true])
2026-07-02 03:16:09.990 WARN  <Thread-7> [/jobs/Job_dim_fact.kjb]  Job execution finished
2026-07-02 03:25:24.992 WARN  <Thread-8> [/jobs/Job_dim_fact.kjb]  Start of job execution
2026-07-02 03:25:25.576 INFO  <Thread-8> [/jobs/Job_dim_fact.kjb]  Starting entry [ETL dim_tiempo]
2026-07-02 03:25:27.624 INFO  <Thread-8> [/jobs/Job_dim_fact.kjb]  Using run configuration [Pentaho local]
2026-07-02 03:25:27.740 INFO  <Thread-8> [/jobs/Job_dim_fact.kjb  /jobs/ETLdim_Tiempo.ktr]  Dispatching started for transformation [Transformacion Dim_Tiempo]
2026-07-02 03:25:30.727 INFO  <Transformacion Dim_Tiempo - Generate rows> [/jobs/Job_dim_fact.kjb  /jobs/ETLdim_Tiempo.ktr]  Finished processing (I=0, O=0, R=0, W=14976, U=0, E=0)
2026-07-02 03:25:30.878 INFO  <Transformacion Dim_Tiempo - suma_dias> [/jobs/Job_dim_fact.kjb  /jobs/ETLdim_Tiempo.ktr]  Finished processing (I=0, O=0, R=14976, W=14976, U=0, E=0)
2026-07-02 03:25:31.136 INFO  <Transformacion Dim_Tiempo - Calculator> [/jobs/Job_dim_fact.kjb  /jobs/ETLdim_Tiempo.ktr]  Finished processing (I=0, O=0, R=14976, W=14976, U=0, E=0)
2026-07-02 03:25:34.597 ERROR <Transformacion Dim_Tiempo - Ordenar filas 3> [/jobs/Job_dim_fact.kjb  /jobs/ETLdim_Tiempo.ktr]  Unexpected error
2026-07-02 03:25:34.603 ERROR <Transformacion Dim_Tiempo - Ordenar filas 3> [/jobs/Job_dim_fact.kjb  /jobs/ETLdim_Tiempo.ktr]  org.pentaho.di.core.exception.KettleException: 
The field fecha_completa specified in the "Ordenar filas 3" step is not in the steps input stream.

	at org.pentaho.di.trans.steps.sort.SortRows.processRow(SortRows.java:426)
	at org.pentaho.di.trans.step.RunThread.run(RunThread.java:62)
	at java.lang.Thread.run(Thread.java:750)

2026-07-02 03:25:34.615 ERROR <Thread-8> [/jobs/Job_dim_fact.kjb  /jobs/ETLdim_Tiempo.ktr]  Errors detected!
2026-07-02 03:25:34.627 INFO  <Transformacion Dim_Tiempo - Ordenar filas 3> [/jobs/Job_dim_fact.kjb  /jobs/ETLdim_Tiempo.ktr]  Finished processing (I=0, O=0, R=1, W=0, U=0, E=1)
2026-07-02 03:25:34.631 INFO  <Transformacion Dim_Tiempo - Extraccion de año> [/jobs/Job_dim_fact.kjb  /jobs/ETLdim_Tiempo.ktr]  Finished processing (I=0, O=0, R=1325, W=1324, U=0, E=0)
2026-07-02 03:25:34.630 INFO  <Transformacion Dim_Tiempo - Extraccion dia mes> [/jobs/Job_dim_fact.kjb  /jobs/ETLdim_Tiempo.ktr]  Finished processing (I=0, O=0, R=489, W=488, U=0, E=0)
2026-07-02 03:25:34.630 INFO  <Transformacion Dim_Tiempo - Formula desc_trimestre> [/jobs/Job_dim_fact.kjb  /jobs/ETLdim_Tiempo.ktr]  Finished processing (I=0, O=0, R=54, W=54, U=0, E=0)
2026-07-02 03:25:34.638 WARN  <Transformacion Dim_Tiempo - Ordenar filas 3> [/jobs/Job_dim_fact.kjb  /jobs/ETLdim_Tiempo.ktr]  Transformation detected one or more steps with errors.
2026-07-02 03:25:34.635 INFO  <Transformacion Dim_Tiempo - Extraccion semana> [/jobs/Job_dim_fact.kjb  /jobs/ETLdim_Tiempo.ktr]  Finished processing (I=0, O=0, R=103, W=102, U=0, E=0)
2026-07-02 03:25:34.629 INFO  <Transformacion Dim_Tiempo - Mapeo de valores Des_dia_semana> [/jobs/Job_dim_fact.kjb  /jobs/ETLdim_Tiempo.ktr]  Finished processing (I=0, O=0, R=58, W=58, U=0, E=0)
2026-07-02 03:25:34.628 INFO  <Transformacion Dim_Tiempo - Mapeo de valores desc_dia_semana_corta> [/jobs/Job_dim_fact.kjb  /jobs/ETLdim_Tiempo.ktr]  Finished processing (I=0, O=0, R=58, W=58, U=0, E=0)
2026-07-02 03:25:34.635 INFO  <Transformacion Dim_Tiempo - Extraccion de mes> [/jobs/Job_dim_fact.kjb  /jobs/ETLdim_Tiempo.ktr]  Finished processing (I=0, O=0, R=1224, W=1223, U=0, E=0)
2026-07-02 03:25:34.652 INFO  <Transformacion Dim_Tiempo - Formula desc_semestre> [/jobs/Job_dim_fact.kjb  /jobs/ETLdim_Tiempo.ktr]  Finished processing (I=0, O=0, R=51, W=51, U=0, E=0)
2026-07-02 03:25:34.636 INFO  <Transformacion Dim_Tiempo - Extraccion dia semana> [/jobs/Job_dim_fact.kjb  /jobs/ETLdim_Tiempo.ktr]  Finished processing (I=0, O=0, R=336, W=335, U=0, E=0)
2026-07-02 03:25:34.648 INFO  <Transformacion Dim_Tiempo - Mapeo de valores desc_mes_corta> [/jobs/Job_dim_fact.kjb  /jobs/ETLdim_Tiempo.ktr]  Finished processing (I=0, O=0, R=58, W=58, U=0, E=0)
2026-07-02 03:25:34.656 WARN  <Transformacion Dim_Tiempo - Ordenar filas 3> [/jobs/Job_dim_fact.kjb  /jobs/ETLdim_Tiempo.ktr]  Transformation is killing the other steps!
2026-07-02 03:25:34.648 INFO  <Transformacion Dim_Tiempo - Select values> [/jobs/Job_dim_fact.kjb  /jobs/ETLdim_Tiempo.ktr]  Finished processing (I=0, O=0, R=11230, W=11230, U=0, E=0)
2026-07-02 03:25:34.639 INFO  <Transformacion Dim_Tiempo - Extraccion dia año> [/jobs/Job_dim_fact.kjb  /jobs/ETLdim_Tiempo.ktr]  Finished processing (I=0, O=0, R=669, W=668, U=0, E=0)
2026-07-02 03:25:34.640 INFO  <Transformacion Dim_Tiempo - Mapeo de valores desc_mes> [/jobs/Job_dim_fact.kjb  /jobs/ETLdim_Tiempo.ktr]  Finished processing (I=0, O=0, R=58, W=58, U=0, E=0)
2026-07-02 03:25:35.074 ERROR <Thread-8> [/jobs/Job_dim_fact.kjb  /jobs/ETLdim_Tiempo.ktr]  Errors detected!
2026-07-02 03:25:35.078 INFO  <Thread-8> [/jobs/Job_dim_fact.kjb]  Starting entry [ETL dim_producto]
2026-07-02 03:25:35.283 INFO  <Thread-8> [/jobs/Job_dim_fact.kjb]  Using run configuration [Pentaho local]
2026-07-02 03:25:35.287 INFO  <Thread-8> [/jobs/Job_dim_fact.kjb  /jobs/ETLdim_Producto.ktr]  Dispatching started for transformation [Transformacion ProductoLF]
2026-07-02 03:25:35.736 INFO  <Transformacion ProductoLF - Entrada Tabla Tipo Producto> [/jobs/Job_dim_fact.kjb  /jobs/ETLdim_Producto.ktr]  Finished reading query, closing connection
2026-07-02 03:25:35.746 INFO  <Transformacion ProductoLF - Entrada Tabla Producto> [/jobs/Job_dim_fact.kjb  /jobs/ETLdim_Producto.ktr]  Finished reading query, closing connection
2026-07-02 03:25:35.755 INFO  <Transformacion ProductoLF - Entrada Tabla Producto> [/jobs/Job_dim_fact.kjb  /jobs/ETLdim_Producto.ktr]  Finished processing (I=30, O=0, R=0, W=30, U=0, E=0)
2026-07-02 03:25:35.756 INFO  <Transformacion ProductoLF - Ordenar filas> [/jobs/Job_dim_fact.kjb  /jobs/ETLdim_Producto.ktr]  Finished processing (I=0, O=0, R=4, W=4, U=0, E=0)
2026-07-02 03:25:35.758 INFO  <Transformacion ProductoLF - Entrada Tabla Tipo Producto> [/jobs/Job_dim_fact.kjb  /jobs/ETLdim_Producto.ktr]  Finished processing (I=4, O=0, R=0, W=4, U=0, E=0)
2026-07-02 03:25:35.766 INFO  <Transformacion ProductoLF - Ordenar filas 2> [/jobs/Job_dim_fact.kjb  /jobs/ETLdim_Producto.ktr]  Finished processing (I=0, O=0, R=30, W=30, U=0, E=0)
2026-07-02 03:25:36.076 INFO  <Transformacion ProductoLF - Unión por clave> [/jobs/Job_dim_fact.kjb  /jobs/ETLdim_Producto.ktr]  Finished processing (I=0, O=0, R=34, W=30, U=0, E=0)
2026-07-02 03:25:36.081 INFO  <Transformacion ProductoLF - Ordenar filas 3> [/jobs/Job_dim_fact.kjb  /jobs/ETLdim_Producto.ktr]  Finished processing (I=0, O=0, R=30, W=30, U=0, E=0)
2026-07-02 03:25:36.085 INFO  <Transformacion ProductoLF - Strings cut> [/jobs/Job_dim_fact.kjb  /jobs/ETLdim_Producto.ktr]  Finished processing (I=0, O=0, R=30, W=30, U=0, E=0)
2026-07-02 03:25:36.180 INFO  <Transformacion ProductoLF - Insert / update> [/jobs/Job_dim_fact.kjb  /jobs/ETLdim_Producto.ktr]  Finished processing (I=30, O=0, R=30, W=30, U=0, E=0)
2026-07-02 03:25:36.196 INFO  <Thread-8> [/jobs/Job_dim_fact.kjb]  Starting entry [ETL dim_cliente]
2026-07-02 03:25:36.319 INFO  <Thread-8> [/jobs/Job_dim_fact.kjb]  Using run configuration [Pentaho local]
2026-07-02 03:25:36.324 INFO  <Thread-8> [/jobs/Job_dim_fact.kjb  /jobs/ETLdim_Cliente.ktr]  Dispatching started for transformation [Transformacion ClienteLF]
2026-07-02 03:25:36.423 INFO  <Transformacion ClienteLF - Entrada Tabla> [/jobs/Job_dim_fact.kjb  /jobs/ETLdim_Cliente.ktr]  Finished reading query, closing connection
2026-07-02 03:25:36.427 INFO  <Transformacion ClienteLF - Selecciona/Renombra valores> [/jobs/Job_dim_fact.kjb  /jobs/ETLdim_Cliente.ktr]  Finished processing (I=0, O=0, R=300, W=300, U=0, E=0)
2026-07-02 03:25:36.433 INFO  <Transformacion ClienteLF - Ordenar filas 3> [/jobs/Job_dim_fact.kjb  /jobs/ETLdim_Cliente.ktr]  Finished processing (I=0, O=0, R=300, W=300, U=0, E=0)
2026-07-02 03:25:36.433 INFO  <Transformacion ClienteLF - Entrada Tabla> [/jobs/Job_dim_fact.kjb  /jobs/ETLdim_Cliente.ktr]  Finished processing (I=300, O=0, R=0, W=300, U=0, E=0)
2026-07-02 03:25:36.865 INFO  <Transformacion ClienteLF - SalidaActualizada> [/jobs/Job_dim_fact.kjb  /jobs/ETLdim_Cliente.ktr]  Finished processing (I=300, O=300, R=300, W=300, U=0, E=0)
2026-07-02 03:25:36.872 INFO  <Thread-8> [/jobs/Job_dim_fact.kjb]  Starting entry [ETL dim_eval_servicio]
2026-07-02 03:25:36.942 INFO  <Thread-8> [/jobs/Job_dim_fact.kjb]  Using run configuration [Pentaho local]
2026-07-02 03:25:36.949 INFO  <Thread-8> [/jobs/Job_dim_fact.kjb  /jobs/ETLdim_Evaluacion_Servicio.ktr]  Dispatching started for transformation [Transformacion Evaluacion ServicioLF]
2026-07-02 03:25:37.050 INFO  <Transformacion Evaluacion ServicioLF - Entrada Tabla Evaluacion_Servicio> [/jobs/Job_dim_fact.kjb  /jobs/ETLdim_Evaluacion_Servicio.ktr]  Finished reading query, closing connection
2026-07-02 03:25:37.054 INFO  <Transformacion Evaluacion ServicioLF - Ordenar filas 3> [/jobs/Job_dim_fact.kjb  /jobs/ETLdim_Evaluacion_Servicio.ktr]  Finished processing (I=0, O=0, R=6, W=6, U=0, E=0)
2026-07-02 03:25:37.057 INFO  <Transformacion Evaluacion ServicioLF - Entrada Tabla Evaluacion_Servicio> [/jobs/Job_dim_fact.kjb  /jobs/ETLdim_Evaluacion_Servicio.ktr]  Finished processing (I=6, O=0, R=0, W=6, U=0, E=0)
2026-07-02 03:25:37.095 INFO  <Transformacion Evaluacion ServicioLF - Insert / update> [/jobs/Job_dim_fact.kjb  /jobs/ETLdim_Evaluacion_Servicio.ktr]  Finished processing (I=6, O=6, R=6, W=6, U=0, E=0)
2026-07-02 03:25:37.102 INFO  <Thread-8> [/jobs/Job_dim_fact.kjb]  Starting entry [ELT dim_contrato]
2026-07-02 03:25:37.188 INFO  <Thread-8> [/jobs/Job_dim_fact.kjb]  Using run configuration [Pentaho local]
2026-07-02 03:25:37.196 INFO  <Thread-8> [/jobs/Job_dim_fact.kjb  /jobs/ETLdim_Contrato.ktr]  Dispatching started for transformation [Transformacion_ContratoLF]
2026-07-02 03:25:37.275 INFO  <Transformacion_ContratoLF - Entrada Tabla> [/jobs/Job_dim_fact.kjb  /jobs/ETLdim_Contrato.ktr]  Finished reading query, closing connection
2026-07-02 03:25:37.280 INFO  <Transformacion_ContratoLF - Entrada Tabla> [/jobs/Job_dim_fact.kjb  /jobs/ETLdim_Contrato.ktr]  Finished processing (I=1000, O=0, R=0, W=1000, U=0, E=0)
2026-07-02 03:25:37.295 INFO  <Transformacion_ContratoLF - Ordenar filas 3> [/jobs/Job_dim_fact.kjb  /jobs/ETLdim_Contrato.ktr]  Finished processing (I=0, O=0, R=1000, W=1000, U=0, E=0)
2026-07-02 03:25:38.173 INFO  <Transformacion_ContratoLF - Insert / update> [/jobs/Job_dim_fact.kjb  /jobs/ETLdim_Contrato.ktr]  Finished processing (I=1000, O=1000, R=1000, W=1000, U=0, E=0)
2026-07-02 03:25:38.178 INFO  <Thread-8> [/jobs/Job_dim_fact.kjb]  Starting entry [ETL dim_estado_contrato]
2026-07-02 03:25:38.324 INFO  <Thread-8> [/jobs/Job_dim_fact.kjb]  Using run configuration [Pentaho local]
2026-07-02 03:25:38.328 INFO  <Thread-8> [/jobs/Job_dim_fact.kjb  /jobs/ETLdim_Estado_Contrato.ktr]  Dispatching started for transformation [Transformacion Estado ContratoLF]
2026-07-02 03:25:38.488 INFO  <Transformacion Estado ContratoLF - Entrada Tabla Estado Contrato> [/jobs/Job_dim_fact.kjb  /jobs/ETLdim_Estado_Contrato.ktr]  Finished reading query, closing connection
2026-07-02 03:25:38.492 INFO  <Transformacion Estado ContratoLF - Seleccionar Estado Contrato> [/jobs/Job_dim_fact.kjb  /jobs/ETLdim_Estado_Contrato.ktr]  Finished processing (I=0, O=0, R=1000, W=1000, U=0, E=0)
2026-07-02 03:25:38.495 INFO  <Transformacion Estado ContratoLF - Entrada Tabla Estado Contrato> [/jobs/Job_dim_fact.kjb  /jobs/ETLdim_Estado_Contrato.ktr]  Finished processing (I=1000, O=0, R=0, W=1000, U=0, E=0)
2026-07-02 03:25:38.502 INFO  <Transformacion Estado ContratoLF - Ordenar filas 3> [/jobs/Job_dim_fact.kjb  /jobs/ETLdim_Estado_Contrato.ktr]  Finished processing (I=0, O=0, R=3, W=3, U=0, E=0)
2026-07-02 03:25:38.499 INFO  <Transformacion Estado ContratoLF - Add sequence cod_estado> [/jobs/Job_dim_fact.kjb  /jobs/ETLdim_Estado_Contrato.ktr]  Finished processing (I=0, O=0, R=3, W=3, U=0, E=0)
2026-07-02 03:25:38.496 INFO  <Transformacion Estado ContratoLF - Agrupar> [/jobs/Job_dim_fact.kjb  /jobs/ETLdim_Estado_Contrato.ktr]  Finished processing (I=0, O=0, R=1000, W=3, U=0, E=0)
2026-07-02 03:25:38.549 INFO  <Transformacion Estado ContratoLF - Insert / update> [/jobs/Job_dim_fact.kjb  /jobs/ETLdim_Estado_Contrato.ktr]  Finished processing (I=3, O=3, R=3, W=3, U=0, E=0)
2026-07-02 03:25:38.556 INFO  <Thread-8> [/jobs/Job_dim_fact.kjb]  Starting entry [ETL dim_sucursal]
2026-07-02 03:25:38.652 INFO  <Thread-8> [/jobs/Job_dim_fact.kjb]  Using run configuration [Pentaho local]
2026-07-02 03:25:38.656 INFO  <Thread-8> [/jobs/Job_dim_fact.kjb  /jobs/ETLdim_Sucursal.ktr]  Dispatching started for transformation [Transformacion SucursalLF]
2026-07-02 03:25:38.759 INFO  <Transformacion SucursalLF - Entrada Tabla Pais> [/jobs/Job_dim_fact.kjb  /jobs/ETLdim_Sucursal.ktr]  Finished reading query, closing connection
2026-07-02 03:25:38.766 INFO  <Transformacion SucursalLF - Entrada Tabla Pais> [/jobs/Job_dim_fact.kjb  /jobs/ETLdim_Sucursal.ktr]  Finished processing (I=30, O=0, R=0, W=30, U=0, E=0)
2026-07-02 03:25:38.770 INFO  <Transformacion SucursalLF - Entrada Tabla Ciudad> [/jobs/Job_dim_fact.kjb  /jobs/ETLdim_Sucursal.ktr]  Finished reading query, closing connection
2026-07-02 03:25:38.778 INFO  <Transformacion SucursalLF - Entrada Tabla Sucursal> [/jobs/Job_dim_fact.kjb  /jobs/ETLdim_Sucursal.ktr]  Finished reading query, closing connection
2026-07-02 03:25:38.779 INFO  <Transformacion SucursalLF - Entrada Tabla Ciudad> [/jobs/Job_dim_fact.kjb  /jobs/ETLdim_Sucursal.ktr]  Finished processing (I=30, O=0, R=0, W=30, U=0, E=0)
2026-07-02 03:25:38.786 INFO  <Transformacion SucursalLF - Entrada Tabla Sucursal> [/jobs/Job_dim_fact.kjb  /jobs/ETLdim_Sucursal.ktr]  Finished processing (I=30, O=0, R=0, W=30, U=0, E=0)
2026-07-02 03:25:39.080 INFO  <Transformacion SucursalLF - Unión Sucursal-Pais> [/jobs/Job_dim_fact.kjb  /jobs/ETLdim_Sucursal.ktr]  Finished processing (I=0, O=0, R=60, W=30, U=0, E=0)
2026-07-02 03:25:39.381 INFO  <Transformacion SucursalLF - Unión Sucursal-Pais-Ciudad> [/jobs/Job_dim_fact.kjb  /jobs/ETLdim_Sucursal.ktr]  Finished processing (I=0, O=0, R=60, W=30, U=0, E=0)
2026-07-02 03:25:39.384 INFO  <Transformacion SucursalLF - Ordenar filas 3> [/jobs/Job_dim_fact.kjb  /jobs/ETLdim_Sucursal.ktr]  Finished processing (I=0, O=0, R=30, W=30, U=0, E=0)
2026-07-02 03:25:39.580 INFO  <Transformacion SucursalLF - Insert / update> [/jobs/Job_dim_fact.kjb  /jobs/ETLdim_Sucursal.ktr]  Finished processing (I=30, O=30, R=30, W=30, U=0, E=0)
2026-07-02 03:25:39.587 INFO  <Thread-8> [/jobs/Job_dim_fact.kjb]  Starting entry [ETL dim_siniestro]
2026-07-02 03:25:39.654 INFO  <Thread-8> [/jobs/Job_dim_fact.kjb]  Using run configuration [Pentaho local]
2026-07-02 03:25:39.657 INFO  <Thread-8> [/jobs/Job_dim_fact.kjb  /jobs/ETLdim_Siniestro.ktr]  Dispatching started for transformation [Transformacion siniestroLF]
2026-07-02 03:25:39.727 INFO  <Transformacion siniestroLF - Entrada Tabla Siniestro> [/jobs/Job_dim_fact.kjb  /jobs/ETLdim_Siniestro.ktr]  Finished reading query, closing connection
2026-07-02 03:25:39.731 INFO  <Transformacion siniestroLF - Entrada Tabla Siniestro> [/jobs/Job_dim_fact.kjb  /jobs/ETLdim_Siniestro.ktr]  Finished processing (I=20, O=0, R=0, W=20, U=0, E=0)
2026-07-02 03:25:39.733 INFO  <Transformacion siniestroLF - Ordenar filas 3> [/jobs/Job_dim_fact.kjb  /jobs/ETLdim_Siniestro.ktr]  Finished processing (I=0, O=0, R=20, W=20, U=0, E=0)
2026-07-02 03:25:39.797 INFO  <Transformacion siniestroLF - Insert / update> [/jobs/Job_dim_fact.kjb  /jobs/ETLdim_Siniestro.ktr]  Finished processing (I=20, O=20, R=20, W=20, U=0, E=0)
2026-07-02 03:25:39.803 INFO  <Thread-8> [/jobs/Job_dim_fact.kjb]  Starting entry [ETL_fact_metas]
2026-07-02 03:25:40.099 INFO  <Thread-8> [/jobs/Job_dim_fact.kjb]  Using run configuration [Pentaho local]
2026-07-02 03:25:40.104 INFO  <Thread-8> [/jobs/Job_dim_fact.kjb  /jobs/ETLfact_Metas.ktr]  Dispatching started for transformation [LFTransformation_fact_metas]
2026-07-02 03:25:40.462 INFO  <LFTransformation_fact_metas - extraer producto> [/jobs/Job_dim_fact.kjb  /jobs/ETLfact_Metas.ktr]  Finished reading query, closing connection
2026-07-02 03:25:40.469 INFO  <LFTransformation_fact_metas - Sort cod_prod> [/jobs/Job_dim_fact.kjb  /jobs/ETLfact_Metas.ktr]  Finished processing (I=0, O=0, R=30, W=30, U=0, E=0)
2026-07-02 03:25:40.470 INFO  <LFTransformation_fact_metas - extraer dim_tiempo2> [/jobs/Job_dim_fact.kjb  /jobs/ETLfact_Metas.ktr]  Finished reading query, closing connection
2026-07-02 03:25:40.474 INFO  <LFTransformation_fact_metas - extraer dim_tiempo> [/jobs/Job_dim_fact.kjb  /jobs/ETLfact_Metas.ktr]  Finished reading query, closing connection
2026-07-02 03:25:40.472 INFO  <LFTransformation_fact_metas - extraer producto> [/jobs/Job_dim_fact.kjb  /jobs/ETLfact_Metas.ktr]  Finished processing (I=30, O=0, R=0, W=30, U=0, E=0)
2026-07-02 03:25:44.679 INFO  <LFTransformation_fact_metas - Microsoft Excel metas> [/jobs/Job_dim_fact.kjb  /jobs/ETLfact_Metas.ktr]  Finished processing (I=390, O=0, R=0, W=390, U=0, E=0)
2026-07-02 03:25:44.685 INFO  <LFTransformation_fact_metas - Sort cod_prod 2> [/jobs/Job_dim_fact.kjb  /jobs/ETLfact_Metas.ktr]  Finished processing (I=0, O=0, R=390, W=390, U=0, E=0)
2026-07-02 03:25:44.999 INFO  <LFTransformation_fact_metas - Merge join> [/jobs/Job_dim_fact.kjb  /jobs/ETLfact_Metas.ktr]  Finished processing (I=0, O=0, R=420, W=390, U=0, E=0)
2026-07-02 03:25:45.002 INFO  <LFTransformation_fact_metas - Quitar cod_prod y dejar SK> [/jobs/Job_dim_fact.kjb  /jobs/ETLfact_Metas.ktr]  Finished processing (I=0, O=0, R=390, W=390, U=0, E=0)
2026-07-02 03:25:45.011 INFO  <LFTransformation_fact_metas - Sort fecha_inicio> [/jobs/Job_dim_fact.kjb  /jobs/ETLfact_Metas.ktr]  Finished processing (I=0, O=0, R=390, W=390, U=0, E=0)
2026-07-02 03:25:45.162 INFO  <LFTransformation_fact_metas - Merge join 2> [/jobs/Job_dim_fact.kjb  /jobs/ETLfact_Metas.ktr]  Finished processing (I=0, O=0, R=390, W=0, U=0, E=0)
2026-07-02 03:25:45.500 INFO  <Thread-8> [/jobs/Job_dim_fact.kjb]  Starting entry [ETL_fact_reg_contrato]
2026-07-02 03:25:45.805 INFO  <Thread-8> [/jobs/Job_dim_fact.kjb]  Using run configuration [Pentaho local]
2026-07-02 03:25:45.809 INFO  <Thread-8> [/jobs/Job_dim_fact.kjb  /jobs/ETLfact_Registro_Contrato.ktr]  Dispatching started for transformation [Transformacion FACT_Registro_Contrato]
2026-07-02 03:25:46.026 INFO  <init of Salida Tabla.0 (Thread-175)> [/jobs/Job_dim_fact.kjb  /jobs/ETLfact_Registro_Contrato.ktr]  Connected to database [Docker] (commit=1000)
2026-07-02 03:25:46.074 INFO  <Transformacion FACT_Registro_Contrato - Entrada Tabla dim_producto> [/jobs/Job_dim_fact.kjb  /jobs/ETLfact_Registro_Contrato.ktr]  Finished reading query, closing connection
2026-07-02 03:25:46.086 INFO  <Transformacion FACT_Registro_Contrato - Ordenar filas cod_producto 2> [/jobs/Job_dim_fact.kjb  /jobs/ETLfact_Registro_Contrato.ktr]  Finished processing (I=0, O=0, R=30, W=30, U=0, E=0)
2026-07-02 03:25:46.098 INFO  <Transformacion FACT_Registro_Contrato - Entrada Tabla dim_estado_contrato> [/jobs/Job_dim_fact.kjb  /jobs/ETLfact_Registro_Contrato.ktr]  Finished reading query, closing connection
2026-07-02 03:25:46.100 INFO  <Transformacion FACT_Registro_Contrato - Entrada Tabla dim_producto> [/jobs/Job_dim_fact.kjb  /jobs/ETLfact_Registro_Contrato.ktr]  Finished processing (I=30, O=0, R=0, W=30, U=0, E=0)
2026-07-02 03:25:46.104 INFO  <Transformacion FACT_Registro_Contrato - Entrada Tabla dim_estado_contrato> [/jobs/Job_dim_fact.kjb  /jobs/ETLfact_Registro_Contrato.ktr]  Finished processing (I=6, O=0, R=0, W=6, U=0, E=0)
2026-07-02 03:25:46.109 INFO  <Transformacion FACT_Registro_Contrato - Entrada Tabla dim_tiempo> [/jobs/Job_dim_fact.kjb  /jobs/ETLfact_Registro_Contrato.ktr]  Finished reading query, closing connection
2026-07-02 03:25:46.116 INFO  <Transformacion FACT_Registro_Contrato - Ordenar filas descrip_estado> [/jobs/Job_dim_fact.kjb  /jobs/ETLfact_Registro_Contrato.ktr]  Finished processing (I=0, O=0, R=6, W=6, U=0, E=0)
2026-07-02 03:25:46.117 INFO  <Transformacion FACT_Registro_Contrato - Entrada Tabla dim_contrato> [/jobs/Job_dim_fact.kjb  /jobs/ETLfact_Registro_Contrato.ktr]  Finished reading query, closing connection
2026-07-02 03:25:46.125 INFO  <Transformacion FACT_Registro_Contrato - Entrada Tabla Dim_Cliente> [/jobs/Job_dim_fact.kjb  /jobs/ETLfact_Registro_Contrato.ktr]  Finished reading query, closing connection
2026-07-02 03:25:46.132 INFO  <Transformacion FACT_Registro_Contrato - Entrada Tabla Dim_Cliente> [/jobs/Job_dim_fact.kjb  /jobs/ETLfact_Registro_Contrato.ktr]  Finished processing (I=600, O=0, R=0, W=600, U=0, E=0)
2026-07-02 03:25:46.133 INFO  <Transformacion FACT_Registro_Contrato - Entrada Tabla dim_contrato> [/jobs/Job_dim_fact.kjb  /jobs/ETLfact_Registro_Contrato.ktr]  Finished processing (I=2000, O=0, R=0, W=2000, U=0, E=0)
2026-07-02 03:25:46.140 INFO  <Transformacion FACT_Registro_Contrato - Ordenar filas cod_cliente 2> [/jobs/Job_dim_fact.kjb  /jobs/ETLfact_Registro_Contrato.ktr]  Finished processing (I=0, O=0, R=600, W=600, U=0, E=0)
2026-07-02 03:25:46.149 INFO  <Transformacion FACT_Registro_Contrato - Entrada Tabla Registro Contrato> [/jobs/Job_dim_fact.kjb  /jobs/ETLfact_Registro_Contrato.ktr]  Finished reading query, closing connection
2026-07-02 03:25:46.152 INFO  <Transformacion FACT_Registro_Contrato - Ordenar filas nro_contrato 2> [/jobs/Job_dim_fact.kjb  /jobs/ETLfact_Registro_Contrato.ktr]  Finished processing (I=0, O=0, R=2000, W=2000, U=0, E=0)
2026-07-02 03:25:46.152 INFO  <Transformacion FACT_Registro_Contrato - Entrada Tabla Registro Contrato> [/jobs/Job_dim_fact.kjb  /jobs/ETLfact_Registro_Contrato.ktr]  Finished processing (I=1000, O=0, R=0, W=1000, U=0, E=0)
2026-07-02 03:25:46.175 INFO  <Transformacion FACT_Registro_Contrato - Ordenar filas cod_cliente> [/jobs/Job_dim_fact.kjb  /jobs/ETLfact_Registro_Contrato.ktr]  Finished processing (I=0, O=0, R=1000, W=1000, U=0, E=0)
2026-07-02 03:25:46.475 INFO  <Transformacion FACT_Registro_Contrato - Unión por clave> [/jobs/Job_dim_fact.kjb  /jobs/ETLfact_Registro_Contrato.ktr]  Finished processing (I=0, O=0, R=1600, W=0, U=0, E=0)
2026-07-02 03:25:46.861 INFO  <Transformacion FACT_Registro_Contrato - Unión por clave cod_producto> [/jobs/Job_dim_fact.kjb  /jobs/ETLfact_Registro_Contrato.ktr]  Finished processing (I=0, O=0, R=30, W=0, U=0, E=0)
2026-07-02 03:25:47.218 INFO  <Transformacion FACT_Registro_Contrato - Unión por clave nro_contrato> [/jobs/Job_dim_fact.kjb  /jobs/ETLfact_Registro_Contrato.ktr]  Finished processing (I=0, O=0, R=2000, W=0, U=0, E=0)
2026-07-02 03:25:47.637 INFO  <Transformacion FACT_Registro_Contrato - Unión por clave estado_contrato> [/jobs/Job_dim_fact.kjb  /jobs/ETLfact_Registro_Contrato.ktr]  Finished processing (I=0, O=0, R=6, W=0, U=0, E=0)
2026-07-02 03:25:48.296 INFO  <Thread-8> [/jobs/Job_dim_fact.kjb]  Starting entry [ETL fact_reg_siniestro]
2026-07-02 03:25:48.618 INFO  <Thread-8> [/jobs/Job_dim_fact.kjb]  Using run configuration [Pentaho local]
2026-07-02 03:25:48.621 INFO  <Thread-8> [/jobs/Job_dim_fact.kjb  /jobs/ETLfact_Registro_Siniestro.ktr]  Dispatching started for transformation [Transformacion Fact_Registro_Siniestro]
2026-07-02 03:25:48.874 INFO  <Transformacion Fact_Registro_Siniestro - Entrada Tabla dim_siniestro> [/jobs/Job_dim_fact.kjb  /jobs/ETLfact_Registro_Siniestro.ktr]  Finished reading query, closing connection
2026-07-02 03:25:48.881 INFO  <Transformacion Fact_Registro_Siniestro - Ordenar filas nro_siniestro> [/jobs/Job_dim_fact.kjb  /jobs/ETLfact_Registro_Siniestro.ktr]  Finished processing (I=0, O=0, R=40, W=40, U=0, E=0)
2026-07-02 03:25:48.891 INFO  <Transformacion Fact_Registro_Siniestro - Entrada Tabla dim_siniestro> [/jobs/Job_dim_fact.kjb  /jobs/ETLfact_Registro_Siniestro.ktr]  Finished processing (I=40, O=0, R=0, W=40, U=0, E=0)
2026-07-02 03:25:48.912 INFO  <Transformacion Fact_Registro_Siniestro - Entrada Tabla Fact_Registro_Siniestro> [/jobs/Job_dim_fact.kjb  /jobs/ETLfact_Registro_Siniestro.ktr]  Finished reading query, closing connection
2026-07-02 03:25:48.915 INFO  <Transformacion Fact_Registro_Siniestro - Entrada Tabla dim_contrato> [/jobs/Job_dim_fact.kjb  /jobs/ETLfact_Registro_Siniestro.ktr]  Finished reading query, closing connection
2026-07-02 03:25:48.925 INFO  <Transformacion Fact_Registro_Siniestro - Entrada Tabla dim_contrato> [/jobs/Job_dim_fact.kjb  /jobs/ETLfact_Registro_Siniestro.ktr]  Finished processing (I=2000, O=0, R=0, W=2000, U=0, E=0)
2026-07-02 03:25:48.938 INFO  <Transformacion Fact_Registro_Siniestro - Ordenar filas nro_contrato> [/jobs/Job_dim_fact.kjb  /jobs/ETLfact_Registro_Siniestro.ktr]  Finished processing (I=0, O=0, R=2000, W=2000, U=0, E=0)
2026-07-02 03:25:48.934 INFO  <Transformacion Fact_Registro_Siniestro - Entrada Tabla Fact_Registro_Siniestro> [/jobs/Job_dim_fact.kjb  /jobs/ETLfact_Registro_Siniestro.ktr]  Finished processing (I=1000, O=0, R=0, W=1000, U=0, E=0)
2026-07-02 03:25:48.943 INFO  <Transformacion Fact_Registro_Siniestro - Ordenar filas siniestro> [/jobs/Job_dim_fact.kjb  /jobs/ETLfact_Registro_Siniestro.ktr]  Finished processing (I=0, O=0, R=1000, W=1000, U=0, E=0)
2026-07-02 03:25:48.952 INFO  <Transformacion Fact_Registro_Siniestro - Entrada Tabla cliente> [/jobs/Job_dim_fact.kjb  /jobs/ETLfact_Registro_Siniestro.ktr]  Finished reading query, closing connection
2026-07-02 03:25:48.963 INFO  <Transformacion Fact_Registro_Siniestro - Entrada Tabla dim_producto> [/jobs/Job_dim_fact.kjb  /jobs/ETLfact_Registro_Siniestro.ktr]  Finished reading query, closing connection
2026-07-02 03:25:48.965 INFO  <Transformacion Fact_Registro_Siniestro - Ordenar filas producto 2> [/jobs/Job_dim_fact.kjb  /jobs/ETLfact_Registro_Siniestro.ktr]  Finished processing (I=0, O=0, R=30, W=30, U=0, E=0)
2026-07-02 03:25:48.977 INFO  <Transformacion Fact_Registro_Siniestro - Ordenar filas codigo cliente 2> [/jobs/Job_dim_fact.kjb  /jobs/ETLfact_Registro_Siniestro.ktr]  Finished processing (I=0, O=0, R=600, W=600, U=0, E=0)
2026-07-02 03:25:48.976 INFO  <Transformacion Fact_Registro_Siniestro - Entrada Tabla dim sucursal> [/jobs/Job_dim_fact.kjb  /jobs/ETLfact_Registro_Siniestro.ktr]  Finished reading query, closing connection
2026-07-02 03:25:48.964 INFO  <Transformacion Fact_Registro_Siniestro - Entrada Tabla dim_cliente> [/jobs/Job_dim_fact.kjb  /jobs/ETLfact_Registro_Siniestro.ktr]  Finished reading query, closing connection
2026-07-02 03:25:48.977 INFO  <Transformacion Fact_Registro_Siniestro - Ordenar filas codigo cliente> [/jobs/Job_dim_fact.kjb  /jobs/ETLfact_Registro_Siniestro.ktr]  Finished processing (I=0, O=0, R=300, W=300, U=0, E=0)
2026-07-02 03:25:48.994 INFO  <Transformacion Fact_Registro_Siniestro - Entrada Tabla dim sucursal> [/jobs/Job_dim_fact.kjb  /jobs/ETLfact_Registro_Siniestro.ktr]  Finished processing (I=60, O=0, R=0, W=60, U=0, E=0)
2026-07-02 03:25:48.992 INFO  <Transformacion Fact_Registro_Siniestro - Entrada Tabla fechas> [/jobs/Job_dim_fact.kjb  /jobs/ETLfact_Registro_Siniestro.ktr]  Finished reading query, closing connection
2026-07-02 03:25:49.000 INFO  <Transformacion Fact_Registro_Siniestro - Entrada Tabla dim_cliente> [/jobs/Job_dim_fact.kjb  /jobs/ETLfact_Registro_Siniestro.ktr]  Finished processing (I=600, O=0, R=0, W=600, U=0, E=0)
2026-07-02 03:25:49.000 INFO  <Transformacion Fact_Registro_Siniestro - Entrada Tabla cliente> [/jobs/Job_dim_fact.kjb  /jobs/ETLfact_Registro_Siniestro.ktr]  Finished processing (I=300, O=0, R=0, W=300, U=0, E=0)
2026-07-02 03:25:48.996 INFO  <Transformacion Fact_Registro_Siniestro - Ordenar filas sucursal 2> [/jobs/Job_dim_fact.kjb  /jobs/ETLfact_Registro_Siniestro.ktr]  Finished processing (I=0, O=0, R=60, W=60, U=0, E=0)
2026-07-02 03:25:48.996 INFO  <Transformacion Fact_Registro_Siniestro - Entrada Tabla dim_producto> [/jobs/Job_dim_fact.kjb  /jobs/ETLfact_Registro_Siniestro.ktr]  Finished processing (I=30, O=0, R=0, W=30, U=0, E=0)
2026-07-02 03:25:49.020 INFO  <Transformacion Fact_Registro_Siniestro - Entrada Tabla Registro Contrato> [/jobs/Job_dim_fact.kjb  /jobs/ETLfact_Registro_Siniestro.ktr]  Finished reading query, closing connection
2026-07-02 03:25:49.025 INFO  <Transformacion Fact_Registro_Siniestro - Entrada Tabla Registro Contrato> [/jobs/Job_dim_fact.kjb  /jobs/ETLfact_Registro_Siniestro.ktr]  Finished processing (I=1000, O=0, R=0, W=1000, U=0, E=0)
2026-07-02 03:25:49.026 INFO  <Transformacion Fact_Registro_Siniestro - Ordenar filas cliente> [/jobs/Job_dim_fact.kjb  /jobs/ETLfact_Registro_Siniestro.ktr]  Finished processing (I=0, O=0, R=1000, W=1000, U=0, E=0)
2026-07-02 03:25:49.253 INFO  <Transformacion Fact_Registro_Siniestro - Unión por clave sinistro> [/jobs/Job_dim_fact.kjb  /jobs/ETLfact_Registro_Siniestro.ktr]  Finished processing (I=0, O=0, R=1040, W=0, U=0, E=0)
2026-07-02 03:25:49.281 INFO  <Transformacion Fact_Registro_Siniestro - Unión por clave codigo cliente> [/jobs/Job_dim_fact.kjb  /jobs/ETLfact_Registro_Siniestro.ktr]  Finished processing (I=0, O=0, R=900, W=0, U=0, E=0)
2026-07-02 03:25:49.662 INFO  <Transformacion Fact_Registro_Siniestro - Unión por clave contrato> [/jobs/Job_dim_fact.kjb  /jobs/ETLfact_Registro_Siniestro.ktr]  Finished processing (I=0, O=0, R=2000, W=0, U=0, E=0)
2026-07-02 03:25:49.671 INFO  <Transformacion Fact_Registro_Siniestro - Unión por clave sucursal> [/jobs/Job_dim_fact.kjb  /jobs/ETLfact_Registro_Siniestro.ktr]  Finished processing (I=0, O=0, R=60, W=0, U=0, E=0)
2026-07-02 03:25:49.988 INFO  <Transformacion Fact_Registro_Siniestro - Unión por clave cliente> [/jobs/Job_dim_fact.kjb  /jobs/ETLfact_Registro_Siniestro.ktr]  Finished processing (I=0, O=0, R=1000, W=0, U=0, E=0)
2026-07-02 03:25:50.319 INFO  <Transformacion Fact_Registro_Siniestro - Unión por clave producto> [/jobs/Job_dim_fact.kjb  /jobs/ETLfact_Registro_Siniestro.ktr]  Finished processing (I=0, O=0, R=30, W=0, U=0, E=0)
2026-07-02 03:25:51.091 INFO  <Thread-8> [/jobs/Job_dim_fact.kjb]  Starting entry [ETL fact_eval_servicio]
2026-07-02 03:25:51.286 INFO  <Thread-8> [/jobs/Job_dim_fact.kjb]  Using run configuration [Pentaho local]
2026-07-02 03:25:51.292 INFO  <Thread-8> [/jobs/Job_dim_fact.kjb  /jobs/ETLfact_Evaluacion_Servicio.ktr]  Dispatching started for transformation [Transformacion Fact_Evaluacion_Servicio]
2026-07-02 03:25:51.430 INFO  <Transformacion Fact_Evaluacion_Servicio - Entrada Tabla dim producto> [/jobs/Job_dim_fact.kjb  /jobs/ETLfact_Evaluacion_Servicio.ktr]  Finished reading query, closing connection
2026-07-02 03:25:51.432 INFO  <Transformacion Fact_Evaluacion_Servicio - Entrada Tabla dim cliente> [/jobs/Job_dim_fact.kjb  /jobs/ETLfact_Evaluacion_Servicio.ktr]  Finished reading query, closing connection
2026-07-02 03:25:51.432 INFO  <Transformacion Fact_Evaluacion_Servicio - Ordenar filas cod_producto> [/jobs/Job_dim_fact.kjb  /jobs/ETLfact_Evaluacion_Servicio.ktr]  Finished processing (I=0, O=0, R=30, W=30, U=0, E=0)
2026-07-02 03:25:51.439 INFO  <Transformacion Fact_Evaluacion_Servicio - Ordenar filas cod_cliente> [/jobs/Job_dim_fact.kjb  /jobs/ETLfact_Evaluacion_Servicio.ktr]  Finished processing (I=0, O=0, R=600, W=600, U=0, E=0)
2026-07-02 03:25:51.435 INFO  <Transformacion Fact_Evaluacion_Servicio - Entrada Tabla dim producto> [/jobs/Job_dim_fact.kjb  /jobs/ETLfact_Evaluacion_Servicio.ktr]  Finished processing (I=30, O=0, R=0, W=30, U=0, E=0)
2026-07-02 03:25:51.447 INFO  <Transformacion Fact_Evaluacion_Servicio - Entrada Tabla dim evaluacion servicio> [/jobs/Job_dim_fact.kjb  /jobs/ETLfact_Evaluacion_Servicio.ktr]  Finished reading query, closing connection
2026-07-02 03:25:51.444 INFO  <Transformacion Fact_Evaluacion_Servicio - Entrada Tabla dim cliente> [/jobs/Job_dim_fact.kjb  /jobs/ETLfact_Evaluacion_Servicio.ktr]  Finished processing (I=600, O=0, R=0, W=600, U=0, E=0)
2026-07-02 03:25:51.450 INFO  <Transformacion Fact_Evaluacion_Servicio - Ordenar filas 2 evaluacion servicio> [/jobs/Job_dim_fact.kjb  /jobs/ETLfact_Evaluacion_Servicio.ktr]  Finished processing (I=0, O=0, R=12, W=12, U=0, E=0)
2026-07-02 03:25:51.460 INFO  <Transformacion Fact_Evaluacion_Servicio - Entrada Tabla recomienda> [/jobs/Job_dim_fact.kjb  /jobs/ETLfact_Evaluacion_Servicio.ktr]  Finished reading query, closing connection
2026-07-02 03:25:51.458 INFO  <Transformacion Fact_Evaluacion_Servicio - Entrada Tabla dim_tiempo> [/jobs/Job_dim_fact.kjb  /jobs/ETLfact_Evaluacion_Servicio.ktr]  Finished reading query, closing connection
2026-07-02 03:25:51.464 INFO  <Transformacion Fact_Evaluacion_Servicio - Entrada Tabla dim evaluacion servicio> [/jobs/Job_dim_fact.kjb  /jobs/ETLfact_Evaluacion_Servicio.ktr]  Finished processing (I=12, O=0, R=0, W=12, U=0, E=0)
2026-07-02 03:25:51.470 INFO  <Transformacion Fact_Evaluacion_Servicio - Ordenar filas codigo producto> [/jobs/Job_dim_fact.kjb  /jobs/ETLfact_Evaluacion_Servicio.ktr]  Finished processing (I=0, O=0, R=500, W=500, U=0, E=0)
2026-07-02 03:25:51.486 INFO  <Transformacion Fact_Evaluacion_Servicio - Entrada Tabla recomienda> [/jobs/Job_dim_fact.kjb  /jobs/ETLfact_Evaluacion_Servicio.ktr]  Finished processing (I=500, O=0, R=0, W=500, U=0, E=0)
2026-07-02 03:25:51.773 INFO  <Transformacion Fact_Evaluacion_Servicio - Unión por clave codigo pruducto> [/jobs/Job_dim_fact.kjb  /jobs/ETLfact_Evaluacion_Servicio.ktr]  Finished processing (I=0, O=0, R=530, W=500, U=0, E=0)
2026-07-02 03:25:51.778 INFO  <Transformacion Fact_Evaluacion_Servicio - Ordenar filas codigo cliente> [/jobs/Job_dim_fact.kjb  /jobs/ETLfact_Evaluacion_Servicio.ktr]  Finished processing (I=0, O=0, R=500, W=500, U=0, E=0)
2026-07-02 03:25:52.080 INFO  <Transformacion Fact_Evaluacion_Servicio - Unión por clave codigo cliente> [/jobs/Job_dim_fact.kjb  /jobs/ETLfact_Evaluacion_Servicio.ktr]  Finished processing (I=0, O=0, R=1100, W=0, U=0, E=0)
2026-07-02 03:25:52.400 INFO  <Transformacion Fact_Evaluacion_Servicio - Unión por clave evaluacion servicio> [/jobs/Job_dim_fact.kjb  /jobs/ETLfact_Evaluacion_Servicio.ktr]  Finished processing (I=0, O=0, R=12, W=0, U=0, E=0)
2026-07-02 03:25:52.727 INFO  <Thread-8> [/jobs/Job_dim_fact.kjb]  Finished job entry [ETL fact_eval_servicio] (result=[true])
2026-07-02 03:25:52.729 INFO  <Thread-8> [/jobs/Job_dim_fact.kjb]  Finished job entry [ETL fact_reg_siniestro] (result=[true])
2026-07-02 03:25:52.733 INFO  <Thread-8> [/jobs/Job_dim_fact.kjb]  Finished job entry [ETL_fact_reg_contrato] (result=[true])
2026-07-02 03:25:52.736 INFO  <Thread-8> [/jobs/Job_dim_fact.kjb]  Finished job entry [ETL_fact_metas] (result=[true])
2026-07-02 03:25:52.738 INFO  <Thread-8> [/jobs/Job_dim_fact.kjb]  Finished job entry [ETL dim_siniestro] (result=[true])
2026-07-02 03:25:52.740 INFO  <Thread-8> [/jobs/Job_dim_fact.kjb]  Finished job entry [ETL dim_sucursal] (result=[true])
2026-07-02 03:25:52.742 INFO  <Thread-8> [/jobs/Job_dim_fact.kjb]  Finished job entry [ETL dim_estado_contrato] (result=[true])
2026-07-02 03:25:52.744 INFO  <Thread-8> [/jobs/Job_dim_fact.kjb]  Finished job entry [ELT dim_contrato] (result=[true])
2026-07-02 03:25:52.748 INFO  <Thread-8> [/jobs/Job_dim_fact.kjb]  Finished job entry [ETL dim_eval_servicio] (result=[true])
2026-07-02 03:25:52.750 INFO  <Thread-8> [/jobs/Job_dim_fact.kjb]  Finished job entry [ETL dim_cliente] (result=[true])
2026-07-02 03:25:52.751 INFO  <Thread-8> [/jobs/Job_dim_fact.kjb]  Finished job entry [ETL dim_producto] (result=[true])
2026-07-02 03:25:52.754 INFO  <Thread-8> [/jobs/Job_dim_fact.kjb]  Finished job entry [ETL dim_tiempo] (result=[true])
2026-07-02 03:25:52.755 WARN  <Thread-8> [/jobs/Job_dim_fact.kjb]  Job execution finished
2026-07-02 03:41:20.149 WARN  <Thread-8> [/jobs/Job_dim_fact.kjb]  Start of job execution
2026-07-02 03:41:20.722 INFO  <Thread-8> [/jobs/Job_dim_fact.kjb]  Starting entry [ETL dim_tiempo]
2026-07-02 03:41:22.802 INFO  <Thread-8> [/jobs/Job_dim_fact.kjb]  Using run configuration [Pentaho local]
2026-07-02 03:41:22.905 INFO  <Thread-8> [/jobs/Job_dim_fact.kjb  /jobs/ETLdim_Tiempo.ktr]  Dispatching started for transformation [Transformacion Dim_Tiempo]
2026-07-02 03:41:26.236 INFO  <Transformacion Dim_Tiempo - Generate rows> [/jobs/Job_dim_fact.kjb  /jobs/ETLdim_Tiempo.ktr]  Finished processing (I=0, O=0, R=0, W=14976, U=0, E=0)
2026-07-02 03:41:26.416 INFO  <Transformacion Dim_Tiempo - suma_dias> [/jobs/Job_dim_fact.kjb  /jobs/ETLdim_Tiempo.ktr]  Finished processing (I=0, O=0, R=14976, W=14976, U=0, E=0)
2026-07-02 03:41:26.518 INFO  <Transformacion Dim_Tiempo - Calculator> [/jobs/Job_dim_fact.kjb  /jobs/ETLdim_Tiempo.ktr]  Finished processing (I=0, O=0, R=14976, W=14976, U=0, E=0)
2026-07-02 03:41:29.862 ERROR <Transformacion Dim_Tiempo - Ordenar filas 3> [/jobs/Job_dim_fact.kjb  /jobs/ETLdim_Tiempo.ktr]  Unexpected error
2026-07-02 03:41:29.872 ERROR <Transformacion Dim_Tiempo - Ordenar filas 3> [/jobs/Job_dim_fact.kjb  /jobs/ETLdim_Tiempo.ktr]  org.pentaho.di.core.exception.KettleException: 
The field fecha_completa specified in the "Ordenar filas 3" step is not in the steps input stream.

	at org.pentaho.di.trans.steps.sort.SortRows.processRow(SortRows.java:426)
	at org.pentaho.di.trans.step.RunThread.run(RunThread.java:62)
	at java.lang.Thread.run(Thread.java:750)

2026-07-02 03:41:29.877 INFO  <Transformacion Dim_Tiempo - Mapeo de valores desc_mes_corta> [/jobs/Job_dim_fact.kjb  /jobs/ETLdim_Tiempo.ktr]  Finished processing (I=0, O=0, R=72, W=72, U=0, E=0)
2026-07-02 03:41:29.880 INFO  <Transformacion Dim_Tiempo - Select values> [/jobs/Job_dim_fact.kjb  /jobs/ETLdim_Tiempo.ktr]  Finished processing (I=0, O=0, R=11839, W=11839, U=0, E=0)
2026-07-02 03:41:29.880 INFO  <Transformacion Dim_Tiempo - Formula desc_trimestre> [/jobs/Job_dim_fact.kjb  /jobs/ETLdim_Tiempo.ktr]  Finished processing (I=0, O=0, R=53, W=53, U=0, E=0)
2026-07-02 03:41:29.879 INFO  <Transformacion Dim_Tiempo - Mapeo de valores desc_mes> [/jobs/Job_dim_fact.kjb  /jobs/ETLdim_Tiempo.ktr]  Finished processing (I=0, O=0, R=72, W=72, U=0, E=0)
2026-07-02 03:41:29.897 INFO  <Transformacion Dim_Tiempo - Ordenar filas 3> [/jobs/Job_dim_fact.kjb  /jobs/ETLdim_Tiempo.ktr]  Finished processing (I=0, O=0, R=1, W=0, U=0, E=1)
2026-07-02 03:41:29.896 INFO  <Transformacion Dim_Tiempo - Extraccion de año> [/jobs/Job_dim_fact.kjb  /jobs/ETLdim_Tiempo.ktr]  Finished processing (I=0, O=0, R=1935, W=1934, U=0, E=0)
2026-07-02 03:41:29.896 INFO  <Transformacion Dim_Tiempo - Extraccion dia año> [/jobs/Job_dim_fact.kjb  /jobs/ETLdim_Tiempo.ktr]  Finished processing (I=0, O=0, R=1177, W=1176, U=0, E=0)
2026-07-02 03:41:29.878 ERROR <Thread-8> [/jobs/Job_dim_fact.kjb  /jobs/ETLdim_Tiempo.ktr]  Errors detected!
2026-07-02 03:41:29.888 INFO  <Transformacion Dim_Tiempo - Mapeo de valores desc_dia_semana_corta> [/jobs/Job_dim_fact.kjb  /jobs/ETLdim_Tiempo.ktr]  Finished processing (I=0, O=0, R=85, W=85, U=0, E=0)
2026-07-02 03:41:29.887 INFO  <Transformacion Dim_Tiempo - Formula desc_semestre> [/jobs/Job_dim_fact.kjb  /jobs/ETLdim_Tiempo.ktr]  Finished processing (I=0, O=0, R=53, W=53, U=0, E=0)
2026-07-02 03:41:29.896 INFO  <Transformacion Dim_Tiempo - Extraccion semana> [/jobs/Job_dim_fact.kjb  /jobs/ETLdim_Tiempo.ktr]  Finished processing (I=0, O=0, R=219, W=218, U=0, E=0)
2026-07-02 03:41:29.892 INFO  <Transformacion Dim_Tiempo - Extraccion de mes> [/jobs/Job_dim_fact.kjb  /jobs/ETLdim_Tiempo.ktr]  Finished processing (I=0, O=0, R=1676, W=1675, U=0, E=0)
2026-07-02 03:41:29.892 INFO  <Transformacion Dim_Tiempo - Extraccion dia semana> [/jobs/Job_dim_fact.kjb  /jobs/ETLdim_Tiempo.ktr]  Finished processing (I=0, O=0, R=662, W=661, U=0, E=0)
2026-07-02 03:41:29.896 INFO  <Transformacion Dim_Tiempo - Mapeo de valores Des_dia_semana> [/jobs/Job_dim_fact.kjb  /jobs/ETLdim_Tiempo.ktr]  Finished processing (I=0, O=0, R=123, W=123, U=0, E=0)
2026-07-02 03:41:29.879 INFO  <Transformacion Dim_Tiempo - Extraccion dia mes> [/jobs/Job_dim_fact.kjb  /jobs/ETLdim_Tiempo.ktr]  Finished processing (I=0, O=0, R=805, W=804, U=0, E=0)
2026-07-02 03:41:29.903 WARN  <Transformacion Dim_Tiempo - Ordenar filas 3> [/jobs/Job_dim_fact.kjb  /jobs/ETLdim_Tiempo.ktr]  Transformation detected one or more steps with errors.
2026-07-02 03:41:29.931 WARN  <Transformacion Dim_Tiempo - Ordenar filas 3> [/jobs/Job_dim_fact.kjb  /jobs/ETLdim_Tiempo.ktr]  Transformation is killing the other steps!
2026-07-02 03:41:30.325 ERROR <Thread-8> [/jobs/Job_dim_fact.kjb  /jobs/ETLdim_Tiempo.ktr]  Errors detected!
2026-07-02 03:41:30.330 INFO  <Thread-8> [/jobs/Job_dim_fact.kjb]  Starting entry [ETL dim_producto]
2026-07-02 03:41:30.498 INFO  <Thread-8> [/jobs/Job_dim_fact.kjb]  Using run configuration [Pentaho local]
2026-07-02 03:41:30.502 INFO  <Thread-8> [/jobs/Job_dim_fact.kjb  /jobs/ETLdim_Producto.ktr]  Dispatching started for transformation [Transformacion ProductoLF]
2026-07-02 03:41:30.914 INFO  <Transformacion ProductoLF - Entrada Tabla Tipo Producto> [/jobs/Job_dim_fact.kjb  /jobs/ETLdim_Producto.ktr]  Finished reading query, closing connection
2026-07-02 03:41:30.920 INFO  <Transformacion ProductoLF - Entrada Tabla Producto> [/jobs/Job_dim_fact.kjb  /jobs/ETLdim_Producto.ktr]  Finished reading query, closing connection
2026-07-02 03:41:30.929 INFO  <Transformacion ProductoLF - Entrada Tabla Tipo Producto> [/jobs/Job_dim_fact.kjb  /jobs/ETLdim_Producto.ktr]  Finished processing (I=4, O=0, R=0, W=4, U=0, E=0)
2026-07-02 03:41:30.936 INFO  <Transformacion ProductoLF - Ordenar filas 2> [/jobs/Job_dim_fact.kjb  /jobs/ETLdim_Producto.ktr]  Finished processing (I=0, O=0, R=30, W=30, U=0, E=0)
2026-07-02 03:41:30.930 INFO  <Transformacion ProductoLF - Entrada Tabla Producto> [/jobs/Job_dim_fact.kjb  /jobs/ETLdim_Producto.ktr]  Finished processing (I=30, O=0, R=0, W=30, U=0, E=0)
2026-07-02 03:41:30.936 INFO  <Transformacion ProductoLF - Ordenar filas> [/jobs/Job_dim_fact.kjb  /jobs/ETLdim_Producto.ktr]  Finished processing (I=0, O=0, R=4, W=4, U=0, E=0)
2026-07-02 03:41:31.242 INFO  <Transformacion ProductoLF - Unión por clave> [/jobs/Job_dim_fact.kjb  /jobs/ETLdim_Producto.ktr]  Finished processing (I=0, O=0, R=34, W=30, U=0, E=0)
2026-07-02 03:41:31.247 INFO  <Transformacion ProductoLF - Ordenar filas 3> [/jobs/Job_dim_fact.kjb  /jobs/ETLdim_Producto.ktr]  Finished processing (I=0, O=0, R=30, W=30, U=0, E=0)
2026-07-02 03:41:31.251 INFO  <Transformacion ProductoLF - Strings cut> [/jobs/Job_dim_fact.kjb  /jobs/ETLdim_Producto.ktr]  Finished processing (I=0, O=0, R=30, W=30, U=0, E=0)
2026-07-02 03:41:31.380 INFO  <Transformacion ProductoLF - Insert / update> [/jobs/Job_dim_fact.kjb  /jobs/ETLdim_Producto.ktr]  Finished processing (I=30, O=0, R=30, W=30, U=0, E=0)
2026-07-02 03:41:31.400 INFO  <Thread-8> [/jobs/Job_dim_fact.kjb]  Starting entry [ETL dim_cliente]
2026-07-02 03:41:31.531 INFO  <Thread-8> [/jobs/Job_dim_fact.kjb]  Using run configuration [Pentaho local]
2026-07-02 03:41:31.535 INFO  <Thread-8> [/jobs/Job_dim_fact.kjb  /jobs/ETLdim_Cliente.ktr]  Dispatching started for transformation [Transformacion ClienteLF]
2026-07-02 03:41:31.638 INFO  <Transformacion ClienteLF - Entrada Tabla> [/jobs/Job_dim_fact.kjb  /jobs/ETLdim_Cliente.ktr]  Finished reading query, closing connection
2026-07-02 03:41:31.642 INFO  <Transformacion ClienteLF - Selecciona/Renombra valores> [/jobs/Job_dim_fact.kjb  /jobs/ETLdim_Cliente.ktr]  Finished processing (I=0, O=0, R=300, W=300, U=0, E=0)
2026-07-02 03:41:31.648 INFO  <Transformacion ClienteLF - Entrada Tabla> [/jobs/Job_dim_fact.kjb  /jobs/ETLdim_Cliente.ktr]  Finished processing (I=300, O=0, R=0, W=300, U=0, E=0)
2026-07-02 03:41:31.653 INFO  <Transformacion ClienteLF - Ordenar filas 3> [/jobs/Job_dim_fact.kjb  /jobs/ETLdim_Cliente.ktr]  Finished processing (I=0, O=0, R=300, W=300, U=0, E=0)
2026-07-02 03:41:32.131 INFO  <Transformacion ClienteLF - SalidaActualizada> [/jobs/Job_dim_fact.kjb  /jobs/ETLdim_Cliente.ktr]  Finished processing (I=300, O=300, R=300, W=300, U=0, E=0)
2026-07-02 03:41:32.137 INFO  <Thread-8> [/jobs/Job_dim_fact.kjb]  Starting entry [ETL dim_eval_servicio]
2026-07-02 03:41:32.214 INFO  <Thread-8> [/jobs/Job_dim_fact.kjb]  Using run configuration [Pentaho local]
2026-07-02 03:41:32.218 INFO  <Thread-8> [/jobs/Job_dim_fact.kjb  /jobs/ETLdim_Evaluacion_Servicio.ktr]  Dispatching started for transformation [Transformacion Evaluacion ServicioLF]
2026-07-02 03:41:32.294 INFO  <Transformacion Evaluacion ServicioLF - Entrada Tabla Evaluacion_Servicio> [/jobs/Job_dim_fact.kjb  /jobs/ETLdim_Evaluacion_Servicio.ktr]  Finished reading query, closing connection
2026-07-02 03:41:32.297 INFO  <Transformacion Evaluacion ServicioLF - Ordenar filas 3> [/jobs/Job_dim_fact.kjb  /jobs/ETLdim_Evaluacion_Servicio.ktr]  Finished processing (I=0, O=0, R=6, W=6, U=0, E=0)
2026-07-02 03:41:32.298 INFO  <Transformacion Evaluacion ServicioLF - Entrada Tabla Evaluacion_Servicio> [/jobs/Job_dim_fact.kjb  /jobs/ETLdim_Evaluacion_Servicio.ktr]  Finished processing (I=6, O=0, R=0, W=6, U=0, E=0)
2026-07-02 03:41:32.336 INFO  <Transformacion Evaluacion ServicioLF - Insert / update> [/jobs/Job_dim_fact.kjb  /jobs/ETLdim_Evaluacion_Servicio.ktr]  Finished processing (I=6, O=6, R=6, W=6, U=0, E=0)
2026-07-02 03:41:32.343 INFO  <Thread-8> [/jobs/Job_dim_fact.kjb]  Starting entry [ELT dim_contrato]
2026-07-02 03:41:32.436 INFO  <Thread-8> [/jobs/Job_dim_fact.kjb]  Using run configuration [Pentaho local]
2026-07-02 03:41:32.441 INFO  <Thread-8> [/jobs/Job_dim_fact.kjb  /jobs/ETLdim_Contrato.ktr]  Dispatching started for transformation [Transformacion_ContratoLF]
2026-07-02 03:41:32.515 INFO  <Transformacion_ContratoLF - Entrada Tabla> [/jobs/Job_dim_fact.kjb  /jobs/ETLdim_Contrato.ktr]  Finished reading query, closing connection
2026-07-02 03:41:32.521 INFO  <Transformacion_ContratoLF - Entrada Tabla> [/jobs/Job_dim_fact.kjb  /jobs/ETLdim_Contrato.ktr]  Finished processing (I=1000, O=0, R=0, W=1000, U=0, E=0)
2026-07-02 03:41:32.529 INFO  <Transformacion_ContratoLF - Ordenar filas 3> [/jobs/Job_dim_fact.kjb  /jobs/ETLdim_Contrato.ktr]  Finished processing (I=0, O=0, R=1000, W=1000, U=0, E=0)
2026-07-02 03:41:33.699 INFO  <Transformacion_ContratoLF - Insert / update> [/jobs/Job_dim_fact.kjb  /jobs/ETLdim_Contrato.ktr]  Finished processing (I=1000, O=1000, R=1000, W=1000, U=0, E=0)
2026-07-02 03:41:33.704 INFO  <Thread-8> [/jobs/Job_dim_fact.kjb]  Starting entry [ETL dim_estado_contrato]
2026-07-02 03:41:33.886 INFO  <Thread-8> [/jobs/Job_dim_fact.kjb]  Using run configuration [Pentaho local]
2026-07-02 03:41:33.891 INFO  <Thread-8> [/jobs/Job_dim_fact.kjb  /jobs/ETLdim_Estado_Contrato.ktr]  Dispatching started for transformation [Transformacion Estado ContratoLF]
2026-07-02 03:41:34.063 INFO  <Transformacion Estado ContratoLF - Entrada Tabla Estado Contrato> [/jobs/Job_dim_fact.kjb  /jobs/ETLdim_Estado_Contrato.ktr]  Finished reading query, closing connection
2026-07-02 03:41:34.065 INFO  <Transformacion Estado ContratoLF - Seleccionar Estado Contrato> [/jobs/Job_dim_fact.kjb  /jobs/ETLdim_Estado_Contrato.ktr]  Finished processing (I=0, O=0, R=1000, W=1000, U=0, E=0)
2026-07-02 03:41:34.073 INFO  <Transformacion Estado ContratoLF - Entrada Tabla Estado Contrato> [/jobs/Job_dim_fact.kjb  /jobs/ETLdim_Estado_Contrato.ktr]  Finished processing (I=1000, O=0, R=0, W=1000, U=0, E=0)
2026-07-02 03:41:34.092 INFO  <Transformacion Estado ContratoLF - Agrupar> [/jobs/Job_dim_fact.kjb  /jobs/ETLdim_Estado_Contrato.ktr]  Finished processing (I=0, O=0, R=1000, W=3, U=0, E=0)
2026-07-02 03:41:34.100 INFO  <Transformacion Estado ContratoLF - Add sequence cod_estado> [/jobs/Job_dim_fact.kjb  /jobs/ETLdim_Estado_Contrato.ktr]  Finished processing (I=0, O=0, R=3, W=3, U=0, E=0)
2026-07-02 03:41:34.107 INFO  <Transformacion Estado ContratoLF - Ordenar filas 3> [/jobs/Job_dim_fact.kjb  /jobs/ETLdim_Estado_Contrato.ktr]  Finished processing (I=0, O=0, R=3, W=3, U=0, E=0)
2026-07-02 03:41:34.142 INFO  <Transformacion Estado ContratoLF - Insert / update> [/jobs/Job_dim_fact.kjb  /jobs/ETLdim_Estado_Contrato.ktr]  Finished processing (I=3, O=3, R=3, W=3, U=0, E=0)
2026-07-02 03:41:34.152 INFO  <Thread-8> [/jobs/Job_dim_fact.kjb]  Starting entry [ETL dim_sucursal]
2026-07-02 03:41:34.278 INFO  <Thread-8> [/jobs/Job_dim_fact.kjb]  Using run configuration [Pentaho local]
2026-07-02 03:41:34.282 INFO  <Thread-8> [/jobs/Job_dim_fact.kjb  /jobs/ETLdim_Sucursal.ktr]  Dispatching started for transformation [Transformacion SucursalLF]
2026-07-02 03:41:34.377 INFO  <Transformacion SucursalLF - Entrada Tabla Pais> [/jobs/Job_dim_fact.kjb  /jobs/ETLdim_Sucursal.ktr]  Finished reading query, closing connection
2026-07-02 03:41:34.381 INFO  <Transformacion SucursalLF - Entrada Tabla Pais> [/jobs/Job_dim_fact.kjb  /jobs/ETLdim_Sucursal.ktr]  Finished processing (I=30, O=0, R=0, W=30, U=0, E=0)
2026-07-02 03:41:34.399 INFO  <Transformacion SucursalLF - Entrada Tabla Sucursal> [/jobs/Job_dim_fact.kjb  /jobs/ETLdim_Sucursal.ktr]  Finished reading query, closing connection
2026-07-02 03:41:34.402 INFO  <Transformacion SucursalLF - Entrada Tabla Sucursal> [/jobs/Job_dim_fact.kjb  /jobs/ETLdim_Sucursal.ktr]  Finished processing (I=30, O=0, R=0, W=30, U=0, E=0)
2026-07-02 03:41:34.411 INFO  <Transformacion SucursalLF - Entrada Tabla Ciudad> [/jobs/Job_dim_fact.kjb  /jobs/ETLdim_Sucursal.ktr]  Finished reading query, closing connection
2026-07-02 03:41:34.417 INFO  <Transformacion SucursalLF - Entrada Tabla Ciudad> [/jobs/Job_dim_fact.kjb  /jobs/ETLdim_Sucursal.ktr]  Finished processing (I=30, O=0, R=0, W=30, U=0, E=0)
2026-07-02 03:41:34.713 INFO  <Transformacion SucursalLF - Unión Sucursal-Pais> [/jobs/Job_dim_fact.kjb  /jobs/ETLdim_Sucursal.ktr]  Finished processing (I=0, O=0, R=60, W=30, U=0, E=0)
2026-07-02 03:41:35.014 INFO  <Transformacion SucursalLF - Unión Sucursal-Pais-Ciudad> [/jobs/Job_dim_fact.kjb  /jobs/ETLdim_Sucursal.ktr]  Finished processing (I=0, O=0, R=60, W=30, U=0, E=0)
2026-07-02 03:41:35.017 INFO  <Transformacion SucursalLF - Ordenar filas 3> [/jobs/Job_dim_fact.kjb  /jobs/ETLdim_Sucursal.ktr]  Finished processing (I=0, O=0, R=30, W=30, U=0, E=0)
2026-07-02 03:41:35.076 INFO  <Transformacion SucursalLF - Insert / update> [/jobs/Job_dim_fact.kjb  /jobs/ETLdim_Sucursal.ktr]  Finished processing (I=30, O=30, R=30, W=30, U=0, E=0)
2026-07-02 03:41:35.082 INFO  <Thread-8> [/jobs/Job_dim_fact.kjb]  Starting entry [ETL dim_siniestro]
2026-07-02 03:41:35.165 INFO  <Thread-8> [/jobs/Job_dim_fact.kjb]  Using run configuration [Pentaho local]
2026-07-02 03:41:35.168 INFO  <Thread-8> [/jobs/Job_dim_fact.kjb  /jobs/ETLdim_Siniestro.ktr]  Dispatching started for transformation [Transformacion siniestroLF]
2026-07-02 03:41:35.235 INFO  <Transformacion siniestroLF - Entrada Tabla Siniestro> [/jobs/Job_dim_fact.kjb  /jobs/ETLdim_Siniestro.ktr]  Finished reading query, closing connection
2026-07-02 03:41:35.238 INFO  <Transformacion siniestroLF - Ordenar filas 3> [/jobs/Job_dim_fact.kjb  /jobs/ETLdim_Siniestro.ktr]  Finished processing (I=0, O=0, R=20, W=20, U=0, E=0)
2026-07-02 03:41:35.242 INFO  <Transformacion siniestroLF - Entrada Tabla Siniestro> [/jobs/Job_dim_fact.kjb  /jobs/ETLdim_Siniestro.ktr]  Finished processing (I=20, O=0, R=0, W=20, U=0, E=0)
2026-07-02 03:41:35.290 INFO  <Transformacion siniestroLF - Insert / update> [/jobs/Job_dim_fact.kjb  /jobs/ETLdim_Siniestro.ktr]  Finished processing (I=20, O=20, R=20, W=20, U=0, E=0)
2026-07-02 03:41:35.295 INFO  <Thread-8> [/jobs/Job_dim_fact.kjb]  Starting entry [ETL_fact_metas]
2026-07-02 03:41:35.725 INFO  <Thread-8> [/jobs/Job_dim_fact.kjb]  Using run configuration [Pentaho local]
2026-07-02 03:41:35.728 INFO  <Thread-8> [/jobs/Job_dim_fact.kjb  /jobs/ETLfact_Metas.ktr]  Dispatching started for transformation [LFTransformation_fact_metas]
2026-07-02 03:41:36.050 INFO  <LFTransformation_fact_metas - extraer producto> [/jobs/Job_dim_fact.kjb  /jobs/ETLfact_Metas.ktr]  Finished reading query, closing connection
2026-07-02 03:41:36.056 INFO  <LFTransformation_fact_metas - extraer producto> [/jobs/Job_dim_fact.kjb  /jobs/ETLfact_Metas.ktr]  Finished processing (I=30, O=0, R=0, W=30, U=0, E=0)
2026-07-02 03:41:36.056 INFO  <LFTransformation_fact_metas - Sort cod_prod> [/jobs/Job_dim_fact.kjb  /jobs/ETLfact_Metas.ktr]  Finished processing (I=0, O=0, R=30, W=30, U=0, E=0)
2026-07-02 03:41:36.057 INFO  <LFTransformation_fact_metas - extraer dim_tiempo> [/jobs/Job_dim_fact.kjb  /jobs/ETLfact_Metas.ktr]  Finished reading query, closing connection
2026-07-02 03:41:36.065 INFO  <LFTransformation_fact_metas - extraer dim_tiempo2> [/jobs/Job_dim_fact.kjb  /jobs/ETLfact_Metas.ktr]  Finished reading query, closing connection
2026-07-02 03:41:40.314 INFO  <LFTransformation_fact_metas - Microsoft Excel metas> [/jobs/Job_dim_fact.kjb  /jobs/ETLfact_Metas.ktr]  Finished processing (I=390, O=0, R=0, W=390, U=0, E=0)
2026-07-02 03:41:40.320 INFO  <LFTransformation_fact_metas - Sort cod_prod 2> [/jobs/Job_dim_fact.kjb  /jobs/ETLfact_Metas.ktr]  Finished processing (I=0, O=0, R=390, W=390, U=0, E=0)
2026-07-02 03:41:40.627 INFO  <LFTransformation_fact_metas - Merge join> [/jobs/Job_dim_fact.kjb  /jobs/ETLfact_Metas.ktr]  Finished processing (I=0, O=0, R=420, W=390, U=0, E=0)
2026-07-02 03:41:40.630 INFO  <LFTransformation_fact_metas - Quitar cod_prod y dejar SK> [/jobs/Job_dim_fact.kjb  /jobs/ETLfact_Metas.ktr]  Finished processing (I=0, O=0, R=390, W=390, U=0, E=0)
2026-07-02 03:41:40.637 INFO  <LFTransformation_fact_metas - Sort fecha_inicio> [/jobs/Job_dim_fact.kjb  /jobs/ETLfact_Metas.ktr]  Finished processing (I=0, O=0, R=390, W=390, U=0, E=0)
2026-07-02 03:41:40.788 INFO  <LFTransformation_fact_metas - Merge join 2> [/jobs/Job_dim_fact.kjb  /jobs/ETLfact_Metas.ktr]  Finished processing (I=0, O=0, R=390, W=0, U=0, E=0)
2026-07-02 03:41:41.118 INFO  <Thread-8> [/jobs/Job_dim_fact.kjb]  Starting entry [ETL_fact_reg_contrato]
2026-07-02 03:41:41.643 INFO  <Thread-8> [/jobs/Job_dim_fact.kjb]  Using run configuration [Pentaho local]
2026-07-02 03:41:41.646 INFO  <Thread-8> [/jobs/Job_dim_fact.kjb  /jobs/ETLfact_Registro_Contrato.ktr]  Dispatching started for transformation [Transformacion FACT_Registro_Contrato]
2026-07-02 03:41:41.846 INFO  <init of Salida Tabla.0 (Thread-175)> [/jobs/Job_dim_fact.kjb  /jobs/ETLfact_Registro_Contrato.ktr]  Connected to database [Docker] (commit=1000)
2026-07-02 03:41:41.900 INFO  <Transformacion FACT_Registro_Contrato - Entrada Tabla Dim_Cliente> [/jobs/Job_dim_fact.kjb  /jobs/ETLfact_Registro_Contrato.ktr]  Finished reading query, closing connection
2026-07-02 03:41:41.908 INFO  <Transformacion FACT_Registro_Contrato - Ordenar filas cod_cliente 2> [/jobs/Job_dim_fact.kjb  /jobs/ETLfact_Registro_Contrato.ktr]  Finished processing (I=0, O=0, R=1200, W=1200, U=0, E=0)
2026-07-02 03:41:41.918 INFO  <Transformacion FACT_Registro_Contrato - Ordenar filas cod_producto 2> [/jobs/Job_dim_fact.kjb  /jobs/ETLfact_Registro_Contrato.ktr]  Finished processing (I=0, O=0, R=30, W=30, U=0, E=0)
2026-07-02 03:41:41.918 INFO  <Transformacion FACT_Registro_Contrato - Entrada Tabla Registro Contrato> [/jobs/Job_dim_fact.kjb  /jobs/ETLfact_Registro_Contrato.ktr]  Finished reading query, closing connection
2026-07-02 03:41:41.927 INFO  <Transformacion FACT_Registro_Contrato - Entrada Tabla Dim_Cliente> [/jobs/Job_dim_fact.kjb  /jobs/ETLfact_Registro_Contrato.ktr]  Finished processing (I=1200, O=0, R=0, W=1200, U=0, E=0)
2026-07-02 03:41:41.943 INFO  <Transformacion FACT_Registro_Contrato - Entrada Tabla Registro Contrato> [/jobs/Job_dim_fact.kjb  /jobs/ETLfact_Registro_Contrato.ktr]  Finished processing (I=1000, O=0, R=0, W=1000, U=0, E=0)
2026-07-02 03:41:41.917 INFO  <Transformacion FACT_Registro_Contrato - Entrada Tabla dim_producto> [/jobs/Job_dim_fact.kjb  /jobs/ETLfact_Registro_Contrato.ktr]  Finished reading query, closing connection
2026-07-02 03:41:41.957 INFO  <Transformacion FACT_Registro_Contrato - Entrada Tabla dim_producto> [/jobs/Job_dim_fact.kjb  /jobs/ETLfact_Registro_Contrato.ktr]  Finished processing (I=30, O=0, R=0, W=30, U=0, E=0)
2026-07-02 03:41:41.964 INFO  <Transformacion FACT_Registro_Contrato - Ordenar filas cod_cliente> [/jobs/Job_dim_fact.kjb  /jobs/ETLfact_Registro_Contrato.ktr]  Finished processing (I=0, O=0, R=1000, W=1000, U=0, E=0)
2026-07-02 03:41:41.973 INFO  <Transformacion FACT_Registro_Contrato - Ordenar filas descrip_estado> [/jobs/Job_dim_fact.kjb  /jobs/ETLfact_Registro_Contrato.ktr]  Finished processing (I=0, O=0, R=9, W=9, U=0, E=0)
2026-07-02 03:41:41.972 INFO  <Transformacion FACT_Registro_Contrato - Entrada Tabla dim_contrato> [/jobs/Job_dim_fact.kjb  /jobs/ETLfact_Registro_Contrato.ktr]  Finished reading query, closing connection
2026-07-02 03:41:41.969 INFO  <Transformacion FACT_Registro_Contrato - Entrada Tabla dim_estado_contrato> [/jobs/Job_dim_fact.kjb  /jobs/ETLfact_Registro_Contrato.ktr]  Finished reading query, closing connection
2026-07-02 03:41:41.984 INFO  <Transformacion FACT_Registro_Contrato - Entrada Tabla dim_tiempo> [/jobs/Job_dim_fact.kjb  /jobs/ETLfact_Registro_Contrato.ktr]  Finished reading query, closing connection
2026-07-02 03:41:42.004 INFO  <Transformacion FACT_Registro_Contrato - Ordenar filas nro_contrato 2> [/jobs/Job_dim_fact.kjb  /jobs/ETLfact_Registro_Contrato.ktr]  Finished processing (I=0, O=0, R=3000, W=3000, U=0, E=0)
2026-07-02 03:41:42.008 INFO  <Transformacion FACT_Registro_Contrato - Entrada Tabla dim_contrato> [/jobs/Job_dim_fact.kjb  /jobs/ETLfact_Registro_Contrato.ktr]  Finished processing (I=3000, O=0, R=0, W=3000, U=0, E=0)
2026-07-02 03:41:42.009 INFO  <Transformacion FACT_Registro_Contrato - Entrada Tabla dim_estado_contrato> [/jobs/Job_dim_fact.kjb  /jobs/ETLfact_Registro_Contrato.ktr]  Finished processing (I=9, O=0, R=0, W=9, U=0, E=0)
2026-07-02 03:41:42.320 INFO  <Transformacion FACT_Registro_Contrato - Unión por clave> [/jobs/Job_dim_fact.kjb  /jobs/ETLfact_Registro_Contrato.ktr]  Finished processing (I=0, O=0, R=2200, W=1000, U=0, E=0)
2026-07-02 03:41:42.329 INFO  <Transformacion FACT_Registro_Contrato - Ordenar filas cod_producto> [/jobs/Job_dim_fact.kjb  /jobs/ETLfact_Registro_Contrato.ktr]  Finished processing (I=0, O=0, R=1000, W=1000, U=0, E=0)
2026-07-02 03:41:42.636 INFO  <Transformacion FACT_Registro_Contrato - Unión por clave cod_producto> [/jobs/Job_dim_fact.kjb  /jobs/ETLfact_Registro_Contrato.ktr]  Finished processing (I=0, O=0, R=1030, W=1000, U=0, E=0)
2026-07-02 03:41:42.644 INFO  <Transformacion FACT_Registro_Contrato - Ordenar filas nro_contrato> [/jobs/Job_dim_fact.kjb  /jobs/ETLfact_Registro_Contrato.ktr]  Finished processing (I=0, O=0, R=1000, W=1000, U=0, E=0)
2026-07-02 03:41:42.950 INFO  <Transformacion FACT_Registro_Contrato - Unión por clave nro_contrato> [/jobs/Job_dim_fact.kjb  /jobs/ETLfact_Registro_Contrato.ktr]  Finished processing (I=0, O=0, R=4000, W=1000, U=0, E=0)
2026-07-02 03:41:42.964 INFO  <Transformacion FACT_Registro_Contrato - Ordenar filas estado_contrato> [/jobs/Job_dim_fact.kjb  /jobs/ETLfact_Registro_Contrato.ktr]  Finished processing (I=0, O=0, R=1000, W=1000, U=0, E=0)
2026-07-02 03:41:43.272 INFO  <Transformacion FACT_Registro_Contrato - Unión por clave estado_contrato> [/jobs/Job_dim_fact.kjb  /jobs/ETLfact_Registro_Contrato.ktr]  Finished processing (I=0, O=0, R=1009, W=3000, U=0, E=0)
2026-07-02 03:41:43.307 INFO  <Transformacion FACT_Registro_Contrato - Ordenar filas fecha inicio> [/jobs/Job_dim_fact.kjb  /jobs/ETLfact_Registro_Contrato.ktr]  Finished processing (I=0, O=0, R=3000, W=3000, U=0, E=0)
2026-07-02 03:41:43.655 INFO  <Transformacion FACT_Registro_Contrato - Unión por clave fecha inicio> [/jobs/Job_dim_fact.kjb  /jobs/ETLfact_Registro_Contrato.ktr]  Finished processing (I=0, O=0, R=3000, W=0, U=0, E=0)
2026-07-02 03:41:44.152 INFO  <Thread-8> [/jobs/Job_dim_fact.kjb]  Starting entry [ETL fact_reg_siniestro]
2026-07-02 03:41:44.472 INFO  <Thread-8> [/jobs/Job_dim_fact.kjb]  Using run configuration [Pentaho local]
2026-07-02 03:41:44.474 INFO  <Thread-8> [/jobs/Job_dim_fact.kjb  /jobs/ETLfact_Registro_Siniestro.ktr]  Dispatching started for transformation [Transformacion Fact_Registro_Siniestro]
2026-07-02 03:41:44.684 INFO  <Transformacion Fact_Registro_Siniestro - Entrada Tabla dim_siniestro> [/jobs/Job_dim_fact.kjb  /jobs/ETLfact_Registro_Siniestro.ktr]  Finished reading query, closing connection
2026-07-02 03:41:44.695 INFO  <Transformacion Fact_Registro_Siniestro - Ordenar filas codigo cliente> [/jobs/Job_dim_fact.kjb  /jobs/ETLfact_Registro_Siniestro.ktr]  Finished processing (I=0, O=0, R=300, W=300, U=0, E=0)
2026-07-02 03:41:44.693 INFO  <Transformacion Fact_Registro_Siniestro - Entrada Tabla cliente> [/jobs/Job_dim_fact.kjb  /jobs/ETLfact_Registro_Siniestro.ktr]  Finished reading query, closing connection
2026-07-02 03:41:44.725 INFO  <Transformacion Fact_Registro_Siniestro - Ordenar filas nro_siniestro> [/jobs/Job_dim_fact.kjb  /jobs/ETLfact_Registro_Siniestro.ktr]  Finished processing (I=0, O=0, R=60, W=60, U=0, E=0)
2026-07-02 03:41:44.736 INFO  <Transformacion Fact_Registro_Siniestro - Entrada Tabla cliente> [/jobs/Job_dim_fact.kjb  /jobs/ETLfact_Registro_Siniestro.ktr]  Finished processing (I=300, O=0, R=0, W=300, U=0, E=0)
2026-07-02 03:41:44.740 INFO  <Transformacion Fact_Registro_Siniestro - Entrada Tabla dim_cliente> [/jobs/Job_dim_fact.kjb  /jobs/ETLfact_Registro_Siniestro.ktr]  Finished reading query, closing connection
2026-07-02 03:41:44.737 INFO  <Transformacion Fact_Registro_Siniestro - Entrada Tabla dim_siniestro> [/jobs/Job_dim_fact.kjb  /jobs/ETLfact_Registro_Siniestro.ktr]  Finished processing (I=60, O=0, R=0, W=60, U=0, E=0)
2026-07-02 03:41:44.740 INFO  <Transformacion Fact_Registro_Siniestro - Entrada Tabla dim_contrato> [/jobs/Job_dim_fact.kjb  /jobs/ETLfact_Registro_Siniestro.ktr]  Finished reading query, closing connection
2026-07-02 03:41:44.741 INFO  <Transformacion Fact_Registro_Siniestro - Entrada Tabla dim sucursal> [/jobs/Job_dim_fact.kjb  /jobs/ETLfact_Registro_Siniestro.ktr]  Finished reading query, closing connection
2026-07-02 03:41:44.761 INFO  <Transformacion Fact_Registro_Siniestro - Ordenar filas nro_contrato> [/jobs/Job_dim_fact.kjb  /jobs/ETLfact_Registro_Siniestro.ktr]  Finished processing (I=0, O=0, R=3000, W=3000, U=0, E=0)
2026-07-02 03:41:44.737 INFO  <Transformacion Fact_Registro_Siniestro - Ordenar filas sucursal 2> [/jobs/Job_dim_fact.kjb  /jobs/ETLfact_Registro_Siniestro.ktr]  Finished processing (I=0, O=0, R=90, W=90, U=0, E=0)
2026-07-02 03:41:44.794 INFO  <Transformacion Fact_Registro_Siniestro - Entrada Tabla dim sucursal> [/jobs/Job_dim_fact.kjb  /jobs/ETLfact_Registro_Siniestro.ktr]  Finished processing (I=90, O=0, R=0, W=90, U=0, E=0)
2026-07-02 03:41:44.790 INFO  <Transformacion Fact_Registro_Siniestro - Ordenar filas siniestro> [/jobs/Job_dim_fact.kjb  /jobs/ETLfact_Registro_Siniestro.ktr]  Finished processing (I=0, O=0, R=1000, W=1000, U=0, E=0)
2026-07-02 03:41:44.786 INFO  <Transformacion Fact_Registro_Siniestro - Ordenar filas codigo cliente 2> [/jobs/Job_dim_fact.kjb  /jobs/ETLfact_Registro_Siniestro.ktr]  Finished processing (I=0, O=0, R=1200, W=1200, U=0, E=0)
2026-07-02 03:41:44.775 INFO  <Transformacion Fact_Registro_Siniestro - Entrada Tabla dim_contrato> [/jobs/Job_dim_fact.kjb  /jobs/ETLfact_Registro_Siniestro.ktr]  Finished processing (I=3000, O=0, R=0, W=3000, U=0, E=0)
2026-07-02 03:41:44.774 INFO  <Transformacion Fact_Registro_Siniestro - Entrada Tabla Fact_Registro_Siniestro> [/jobs/Job_dim_fact.kjb  /jobs/ETLfact_Registro_Siniestro.ktr]  Finished reading query, closing connection
2026-07-02 03:41:44.791 INFO  <Transformacion Fact_Registro_Siniestro - Ordenar filas cliente> [/jobs/Job_dim_fact.kjb  /jobs/ETLfact_Registro_Siniestro.ktr]  Finished processing (I=0, O=0, R=1000, W=1000, U=0, E=0)
2026-07-02 03:41:44.803 INFO  <Transformacion Fact_Registro_Siniestro - Entrada Tabla fechas> [/jobs/Job_dim_fact.kjb  /jobs/ETLfact_Registro_Siniestro.ktr]  Finished reading query, closing connection
2026-07-02 03:41:44.757 INFO  <Transformacion Fact_Registro_Siniestro - Entrada Tabla dim_cliente> [/jobs/Job_dim_fact.kjb  /jobs/ETLfact_Registro_Siniestro.ktr]  Finished processing (I=1200, O=0, R=0, W=1200, U=0, E=0)
2026-07-02 03:41:44.825 INFO  <Transformacion Fact_Registro_Siniestro - Entrada Tabla Fact_Registro_Siniestro> [/jobs/Job_dim_fact.kjb  /jobs/ETLfact_Registro_Siniestro.ktr]  Finished processing (I=1000, O=0, R=0, W=1000, U=0, E=0)
2026-07-02 03:41:44.816 INFO  <Transformacion Fact_Registro_Siniestro - Ordenar filas producto 2> [/jobs/Job_dim_fact.kjb  /jobs/ETLfact_Registro_Siniestro.ktr]  Finished processing (I=0, O=0, R=30, W=30, U=0, E=0)
2026-07-02 03:41:44.775 INFO  <Transformacion Fact_Registro_Siniestro - Entrada Tabla Registro Contrato> [/jobs/Job_dim_fact.kjb  /jobs/ETLfact_Registro_Siniestro.ktr]  Finished reading query, closing connection
2026-07-02 03:41:44.813 INFO  <Transformacion Fact_Registro_Siniestro - Entrada Tabla dim_producto> [/jobs/Job_dim_fact.kjb  /jobs/ETLfact_Registro_Siniestro.ktr]  Finished reading query, closing connection
2026-07-02 03:41:44.844 INFO  <Transformacion Fact_Registro_Siniestro - Entrada Tabla Registro Contrato> [/jobs/Job_dim_fact.kjb  /jobs/ETLfact_Registro_Siniestro.ktr]  Finished processing (I=1000, O=0, R=0, W=1000, U=0, E=0)
2026-07-02 03:41:44.848 INFO  <Transformacion Fact_Registro_Siniestro - Entrada Tabla dim_producto> [/jobs/Job_dim_fact.kjb  /jobs/ETLfact_Registro_Siniestro.ktr]  Finished processing (I=30, O=0, R=0, W=30, U=0, E=0)
2026-07-02 03:41:45.088 INFO  <Transformacion Fact_Registro_Siniestro - Unión por clave codigo cliente> [/jobs/Job_dim_fact.kjb  /jobs/ETLfact_Registro_Siniestro.ktr]  Finished processing (I=0, O=0, R=1500, W=300, U=0, E=0)
2026-07-02 03:41:45.095 INFO  <Transformacion Fact_Registro_Siniestro - Unión por clave sinistro> [/jobs/Job_dim_fact.kjb  /jobs/ETLfact_Registro_Siniestro.ktr]  Finished processing (I=0, O=0, R=1060, W=1000, U=0, E=0)
2026-07-02 03:41:45.091 INFO  <Transformacion Fact_Registro_Siniestro - Ordenar filas sucursal> [/jobs/Job_dim_fact.kjb  /jobs/ETLfact_Registro_Siniestro.ktr]  Finished processing (I=0, O=0, R=300, W=300, U=0, E=0)
2026-07-02 03:41:45.107 INFO  <Transformacion Fact_Registro_Siniestro - Ordenar filas contrato> [/jobs/Job_dim_fact.kjb  /jobs/ETLfact_Registro_Siniestro.ktr]  Finished processing (I=0, O=0, R=1000, W=1000, U=0, E=0)
2026-07-02 03:41:45.394 INFO  <Transformacion Fact_Registro_Siniestro - Unión por clave sucursal> [/jobs/Job_dim_fact.kjb  /jobs/ETLfact_Registro_Siniestro.ktr]  Finished processing (I=0, O=0, R=390, W=300, U=0, E=0)
2026-07-02 03:41:45.398 INFO  <Transformacion Fact_Registro_Siniestro - Ordenar filas cliente 2> [/jobs/Job_dim_fact.kjb  /jobs/ETLfact_Registro_Siniestro.ktr]  Finished processing (I=0, O=0, R=300, W=300, U=0, E=0)
2026-07-02 03:41:45.420 INFO  <Transformacion Fact_Registro_Siniestro - Ordenar filas contrato 2> [/jobs/Job_dim_fact.kjb  /jobs/ETLfact_Registro_Siniestro.ktr]  Finished processing (I=0, O=0, R=1000, W=1000, U=0, E=0)
2026-07-02 03:41:45.416 INFO  <Transformacion Fact_Registro_Siniestro - Unión por clave contrato> [/jobs/Job_dim_fact.kjb  /jobs/ETLfact_Registro_Siniestro.ktr]  Finished processing (I=0, O=0, R=4000, W=1000, U=0, E=0)
2026-07-02 03:41:45.710 INFO  <Transformacion Fact_Registro_Siniestro - Unión por clave cliente> [/jobs/Job_dim_fact.kjb  /jobs/ETLfact_Registro_Siniestro.ktr]  Finished processing (I=0, O=0, R=1300, W=1000, U=0, E=0)
2026-07-02 03:41:45.716 INFO  <Transformacion Fact_Registro_Siniestro - Ordenar filas producto> [/jobs/Job_dim_fact.kjb  /jobs/ETLfact_Registro_Siniestro.ktr]  Finished processing (I=0, O=0, R=1000, W=1000, U=0, E=0)
2026-07-02 03:41:46.019 INFO  <Transformacion Fact_Registro_Siniestro - Unión por clave producto> [/jobs/Job_dim_fact.kjb  /jobs/ETLfact_Registro_Siniestro.ktr]  Finished processing (I=0, O=0, R=1030, W=1000, U=0, E=0)
2026-07-02 03:41:46.027 INFO  <Transformacion Fact_Registro_Siniestro - Ordenar filas contrato 3> [/jobs/Job_dim_fact.kjb  /jobs/ETLfact_Registro_Siniestro.ktr]  Finished processing (I=0, O=0, R=1000, W=1000, U=0, E=0)
2026-07-02 03:41:46.332 INFO  <Transformacion Fact_Registro_Siniestro - Unión por clave contrato 2> [/jobs/Job_dim_fact.kjb  /jobs/ETLfact_Registro_Siniestro.ktr]  Finished processing (I=0, O=0, R=2000, W=1000, U=0, E=0)
2026-07-02 03:41:46.343 INFO  <Transformacion Fact_Registro_Siniestro - Ordenar filas fecha_siniestro> [/jobs/Job_dim_fact.kjb  /jobs/ETLfact_Registro_Siniestro.ktr]  Finished processing (I=0, O=0, R=1000, W=1000, U=0, E=0)
2026-07-02 03:41:46.640 INFO  <Transformacion Fact_Registro_Siniestro - Unión por clave fecha_siniestro> [/jobs/Job_dim_fact.kjb  /jobs/ETLfact_Registro_Siniestro.ktr]  Finished processing (I=0, O=0, R=1000, W=0, U=0, E=0)
2026-07-02 03:41:47.259 INFO  <Thread-8> [/jobs/Job_dim_fact.kjb]  Starting entry [ETL fact_eval_servicio]
2026-07-02 03:41:47.543 INFO  <Thread-8> [/jobs/Job_dim_fact.kjb]  Using run configuration [Pentaho local]
2026-07-02 03:41:47.546 INFO  <Thread-8> [/jobs/Job_dim_fact.kjb  /jobs/ETLfact_Evaluacion_Servicio.ktr]  Dispatching started for transformation [Transformacion Fact_Evaluacion_Servicio]
2026-07-02 03:41:47.702 INFO  <Transformacion Fact_Evaluacion_Servicio - Entrada Tabla dim producto> [/jobs/Job_dim_fact.kjb  /jobs/ETLfact_Evaluacion_Servicio.ktr]  Finished reading query, closing connection
2026-07-02 03:41:47.707 INFO  <Transformacion Fact_Evaluacion_Servicio - Ordenar filas cod_producto> [/jobs/Job_dim_fact.kjb  /jobs/ETLfact_Evaluacion_Servicio.ktr]  Finished processing (I=0, O=0, R=30, W=30, U=0, E=0)
2026-07-02 03:41:47.728 INFO  <Transformacion Fact_Evaluacion_Servicio - Entrada Tabla dim_tiempo> [/jobs/Job_dim_fact.kjb  /jobs/ETLfact_Evaluacion_Servicio.ktr]  Finished reading query, closing connection
2026-07-02 03:41:47.728 INFO  <Transformacion Fact_Evaluacion_Servicio - Ordenar filas 2 evaluacion servicio> [/jobs/Job_dim_fact.kjb  /jobs/ETLfact_Evaluacion_Servicio.ktr]  Finished processing (I=0, O=0, R=18, W=18, U=0, E=0)
2026-07-02 03:41:47.756 INFO  <Transformacion Fact_Evaluacion_Servicio - Ordenar filas cod_cliente> [/jobs/Job_dim_fact.kjb  /jobs/ETLfact_Evaluacion_Servicio.ktr]  Finished processing (I=0, O=0, R=1200, W=1200, U=0, E=0)
2026-07-02 03:41:47.756 INFO  <Transformacion Fact_Evaluacion_Servicio - Entrada Tabla dim cliente> [/jobs/Job_dim_fact.kjb  /jobs/ETLfact_Evaluacion_Servicio.ktr]  Finished reading query, closing connection
2026-07-02 03:41:47.715 INFO  <Transformacion Fact_Evaluacion_Servicio - Entrada Tabla dim producto> [/jobs/Job_dim_fact.kjb  /jobs/ETLfact_Evaluacion_Servicio.ktr]  Finished processing (I=30, O=0, R=0, W=30, U=0, E=0)
2026-07-02 03:41:47.721 INFO  <Transformacion Fact_Evaluacion_Servicio - Entrada Tabla dim evaluacion servicio> [/jobs/Job_dim_fact.kjb  /jobs/ETLfact_Evaluacion_Servicio.ktr]  Finished reading query, closing connection
2026-07-02 03:41:47.762 INFO  <Transformacion Fact_Evaluacion_Servicio - Entrada Tabla recomienda> [/jobs/Job_dim_fact.kjb  /jobs/ETLfact_Evaluacion_Servicio.ktr]  Finished reading query, closing connection
2026-07-02 03:41:47.769 INFO  <Transformacion Fact_Evaluacion_Servicio - Entrada Tabla dim cliente> [/jobs/Job_dim_fact.kjb  /jobs/ETLfact_Evaluacion_Servicio.ktr]  Finished processing (I=1200, O=0, R=0, W=1200, U=0, E=0)
2026-07-02 03:41:47.770 INFO  <Transformacion Fact_Evaluacion_Servicio - Ordenar filas codigo producto> [/jobs/Job_dim_fact.kjb  /jobs/ETLfact_Evaluacion_Servicio.ktr]  Finished processing (I=0, O=0, R=500, W=500, U=0, E=0)
2026-07-02 03:41:47.784 INFO  <Transformacion Fact_Evaluacion_Servicio - Entrada Tabla dim evaluacion servicio> [/jobs/Job_dim_fact.kjb  /jobs/ETLfact_Evaluacion_Servicio.ktr]  Finished processing (I=18, O=0, R=0, W=18, U=0, E=0)
2026-07-02 03:41:47.786 INFO  <Transformacion Fact_Evaluacion_Servicio - Entrada Tabla recomienda> [/jobs/Job_dim_fact.kjb  /jobs/ETLfact_Evaluacion_Servicio.ktr]  Finished processing (I=500, O=0, R=0, W=500, U=0, E=0)
2026-07-02 03:41:48.081 INFO  <Transformacion Fact_Evaluacion_Servicio - Unión por clave codigo pruducto> [/jobs/Job_dim_fact.kjb  /jobs/ETLfact_Evaluacion_Servicio.ktr]  Finished processing (I=0, O=0, R=530, W=500, U=0, E=0)
2026-07-02 03:41:48.086 INFO  <Transformacion Fact_Evaluacion_Servicio - Ordenar filas codigo cliente> [/jobs/Job_dim_fact.kjb  /jobs/ETLfact_Evaluacion_Servicio.ktr]  Finished processing (I=0, O=0, R=500, W=500, U=0, E=0)
2026-07-02 03:41:48.389 INFO  <Transformacion Fact_Evaluacion_Servicio - Unión por clave codigo cliente> [/jobs/Job_dim_fact.kjb  /jobs/ETLfact_Evaluacion_Servicio.ktr]  Finished processing (I=0, O=0, R=1700, W=500, U=0, E=0)
2026-07-02 03:41:48.394 INFO  <Transformacion Fact_Evaluacion_Servicio - Ordenar filas codigo evaluacion servicio> [/jobs/Job_dim_fact.kjb  /jobs/ETLfact_Evaluacion_Servicio.ktr]  Finished processing (I=0, O=0, R=500, W=500, U=0, E=0)
2026-07-02 03:41:48.697 INFO  <Transformacion Fact_Evaluacion_Servicio - Unión por clave evaluacion servicio> [/jobs/Job_dim_fact.kjb  /jobs/ETLfact_Evaluacion_Servicio.ktr]  Finished processing (I=0, O=0, R=518, W=500, U=0, E=0)
2026-07-02 03:41:48.702 INFO  <Transformacion Fact_Evaluacion_Servicio - Ordenar filas fecha_recomienda> [/jobs/Job_dim_fact.kjb  /jobs/ETLfact_Evaluacion_Servicio.ktr]  Finished processing (I=0, O=0, R=500, W=500, U=0, E=0)
2026-07-02 03:41:49.004 INFO  <Transformacion Fact_Evaluacion_Servicio - Unión por clave fecha> [/jobs/Job_dim_fact.kjb  /jobs/ETLfact_Evaluacion_Servicio.ktr]  Finished processing (I=0, O=0, R=500, W=0, U=0, E=0)
2026-07-02 03:41:49.014 INFO  <Thread-8> [/jobs/Job_dim_fact.kjb]  Finished job entry [ETL fact_eval_servicio] (result=[true])
2026-07-02 03:41:49.016 INFO  <Thread-8> [/jobs/Job_dim_fact.kjb]  Finished job entry [ETL fact_reg_siniestro] (result=[true])
2026-07-02 03:41:49.019 INFO  <Thread-8> [/jobs/Job_dim_fact.kjb]  Finished job entry [ETL_fact_reg_contrato] (result=[true])
2026-07-02 03:41:49.020 INFO  <Thread-8> [/jobs/Job_dim_fact.kjb]  Finished job entry [ETL_fact_metas] (result=[true])
2026-07-02 03:41:49.022 INFO  <Thread-8> [/jobs/Job_dim_fact.kjb]  Finished job entry [ETL dim_siniestro] (result=[true])
2026-07-02 03:41:49.025 INFO  <Thread-8> [/jobs/Job_dim_fact.kjb]  Finished job entry [ETL dim_sucursal] (result=[true])
2026-07-02 03:41:49.027 INFO  <Thread-8> [/jobs/Job_dim_fact.kjb]  Finished job entry [ETL dim_estado_contrato] (result=[true])
2026-07-02 03:41:49.028 INFO  <Thread-8> [/jobs/Job_dim_fact.kjb]  Finished job entry [ELT dim_contrato] (result=[true])
2026-07-02 03:41:49.031 INFO  <Thread-8> [/jobs/Job_dim_fact.kjb]  Finished job entry [ETL dim_eval_servicio] (result=[true])
2026-07-02 03:41:49.033 INFO  <Thread-8> [/jobs/Job_dim_fact.kjb]  Finished job entry [ETL dim_cliente] (result=[true])
2026-07-02 03:41:49.036 INFO  <Thread-8> [/jobs/Job_dim_fact.kjb]  Finished job entry [ETL dim_producto] (result=[true])
2026-07-02 03:41:49.038 INFO  <Thread-8> [/jobs/Job_dim_fact.kjb]  Finished job entry [ETL dim_tiempo] (result=[true])
2026-07-02 03:41:49.040 WARN  <Thread-8> [/jobs/Job_dim_fact.kjb]  Job execution finished
2026-07-02 03:48:55.189 WARN  <Thread-7> [/jobs/Job_dim_fact.kjb]  Start of job execution
2026-07-02 03:48:56.080 INFO  <Thread-7> [/jobs/Job_dim_fact.kjb]  Starting entry [ETL dim_tiempo]
2026-07-02 03:48:58.840 INFO  <Thread-7> [/jobs/Job_dim_fact.kjb]  Using run configuration [Pentaho local]
2026-07-02 03:48:58.942 INFO  <Thread-7> [/jobs/Job_dim_fact.kjb  /jobs/ETLdim_Tiempo.ktr]  Dispatching started for transformation [Transformacion Dim_Tiempo]
2026-07-02 03:49:03.340 INFO  <Transformacion Dim_Tiempo - Generate rows> [/jobs/Job_dim_fact.kjb  /jobs/ETLdim_Tiempo.ktr]  Finished processing (I=0, O=0, R=0, W=14976, U=0, E=0)
2026-07-02 03:49:03.596 INFO  <Transformacion Dim_Tiempo - suma_dias> [/jobs/Job_dim_fact.kjb  /jobs/ETLdim_Tiempo.ktr]  Finished processing (I=0, O=0, R=14976, W=14976, U=0, E=0)
2026-07-02 03:49:03.720 INFO  <Transformacion Dim_Tiempo - Calculator> [/jobs/Job_dim_fact.kjb  /jobs/ETLdim_Tiempo.ktr]  Finished processing (I=0, O=0, R=14976, W=14976, U=0, E=0)
2026-07-02 03:49:07.599 ERROR <Transformacion Dim_Tiempo - Ordenar filas 3> [/jobs/Job_dim_fact.kjb  /jobs/ETLdim_Tiempo.ktr]  Unexpected error
2026-07-02 03:49:07.621 ERROR <Transformacion Dim_Tiempo - Ordenar filas 3> [/jobs/Job_dim_fact.kjb  /jobs/ETLdim_Tiempo.ktr]  org.pentaho.di.core.exception.KettleException: 
The field fecha_completa specified in the "Ordenar filas 3" step is not in the steps input stream.

	at org.pentaho.di.trans.steps.sort.SortRows.processRow(SortRows.java:426)
	at org.pentaho.di.trans.step.RunThread.run(RunThread.java:62)
	at java.lang.Thread.run(Thread.java:750)

2026-07-02 03:49:07.630 INFO  <Transformacion Dim_Tiempo - Extraccion dia semana> [/jobs/Job_dim_fact.kjb  /jobs/ETLdim_Tiempo.ktr]  Finished processing (I=0, O=0, R=225, W=225, U=0, E=0)
2026-07-02 03:49:07.630 INFO  <Transformacion Dim_Tiempo - Extraccion dia mes> [/jobs/Job_dim_fact.kjb  /jobs/ETLdim_Tiempo.ktr]  Finished processing (I=0, O=0, R=324, W=324, U=0, E=0)
2026-07-02 03:49:07.630 INFO  <Transformacion Dim_Tiempo - Ordenar filas 3> [/jobs/Job_dim_fact.kjb  /jobs/ETLdim_Tiempo.ktr]  Finished processing (I=0, O=0, R=1, W=0, U=0, E=1)
2026-07-02 03:49:07.637 INFO  <Transformacion Dim_Tiempo - Extraccion de mes> [/jobs/Job_dim_fact.kjb  /jobs/ETLdim_Tiempo.ktr]  Finished processing (I=0, O=0, R=911, W=910, U=0, E=0)
2026-07-02 03:49:07.637 INFO  <Transformacion Dim_Tiempo - Extraccion de año> [/jobs/Job_dim_fact.kjb  /jobs/ETLdim_Tiempo.ktr]  Finished processing (I=0, O=0, R=1100, W=1099, U=0, E=0)
2026-07-02 03:49:07.635 INFO  <Transformacion Dim_Tiempo - Mapeo de valores desc_dia_semana_corta> [/jobs/Job_dim_fact.kjb  /jobs/ETLdim_Tiempo.ktr]  Finished processing (I=0, O=0, R=67, W=67, U=0, E=0)
2026-07-02 03:49:07.649 INFO  <Transformacion Dim_Tiempo - Formula desc_trimestre> [/jobs/Job_dim_fact.kjb  /jobs/ETLdim_Tiempo.ktr]  Finished processing (I=0, O=0, R=50, W=50, U=0, E=0)
2026-07-02 03:49:07.655 INFO  <Transformacion Dim_Tiempo - Extraccion dia año> [/jobs/Job_dim_fact.kjb  /jobs/ETLdim_Tiempo.ktr]  Finished processing (I=0, O=0, R=422, W=421, U=0, E=0)
2026-07-02 03:49:07.656 INFO  <Transformacion Dim_Tiempo - Mapeo de valores Des_dia_semana> [/jobs/Job_dim_fact.kjb  /jobs/ETLdim_Tiempo.ktr]  Finished processing (I=0, O=0, R=67, W=67, U=0, E=0)
2026-07-02 03:49:07.654 INFO  <Transformacion Dim_Tiempo - Formula desc_semestre> [/jobs/Job_dim_fact.kjb  /jobs/ETLdim_Tiempo.ktr]  Finished processing (I=0, O=0, R=50, W=50, U=0, E=0)
2026-07-02 03:49:07.648 INFO  <Transformacion Dim_Tiempo - Extraccion semana> [/jobs/Job_dim_fact.kjb  /jobs/ETLdim_Tiempo.ktr]  Finished processing (I=0, O=0, R=103, W=102, U=0, E=0)
2026-07-02 03:49:07.655 INFO  <Transformacion Dim_Tiempo - Mapeo de valores desc_mes> [/jobs/Job_dim_fact.kjb  /jobs/ETLdim_Tiempo.ktr]  Finished processing (I=0, O=0, R=62, W=62, U=0, E=0)
2026-07-02 03:49:07.655 INFO  <Transformacion Dim_Tiempo - Mapeo de valores desc_mes_corta> [/jobs/Job_dim_fact.kjb  /jobs/ETLdim_Tiempo.ktr]  Finished processing (I=0, O=0, R=62, W=62, U=0, E=0)
2026-07-02 03:49:07.664 WARN  <Transformacion Dim_Tiempo - Ordenar filas 3> [/jobs/Job_dim_fact.kjb  /jobs/ETLdim_Tiempo.ktr]  Transformation detected one or more steps with errors.
2026-07-02 03:49:07.656 ERROR <Thread-7> [/jobs/Job_dim_fact.kjb  /jobs/ETLdim_Tiempo.ktr]  Errors detected!
2026-07-02 03:49:07.656 INFO  <Transformacion Dim_Tiempo - Select values> [/jobs/Job_dim_fact.kjb  /jobs/ETLdim_Tiempo.ktr]  Finished processing (I=0, O=0, R=11001, W=11001, U=0, E=0)
2026-07-02 03:49:07.692 WARN  <Transformacion Dim_Tiempo - Ordenar filas 3> [/jobs/Job_dim_fact.kjb  /jobs/ETLdim_Tiempo.ktr]  Transformation is killing the other steps!
2026-07-02 03:49:08.088 ERROR <Thread-7> [/jobs/Job_dim_fact.kjb  /jobs/ETLdim_Tiempo.ktr]  Errors detected!
2026-07-02 03:49:08.095 INFO  <Thread-7> [/jobs/Job_dim_fact.kjb]  Starting entry [ETL dim_producto]
2026-07-02 03:49:08.278 INFO  <Thread-7> [/jobs/Job_dim_fact.kjb]  Using run configuration [Pentaho local]
2026-07-02 03:49:08.282 INFO  <Thread-7> [/jobs/Job_dim_fact.kjb  /jobs/ETLdim_Producto.ktr]  Dispatching started for transformation [Transformacion ProductoLF]
2026-07-02 03:49:08.684 INFO  <Transformacion ProductoLF - Entrada Tabla Tipo Producto> [/jobs/Job_dim_fact.kjb  /jobs/ETLdim_Producto.ktr]  Finished reading query, closing connection
2026-07-02 03:49:08.694 INFO  <Transformacion ProductoLF - Entrada Tabla Producto> [/jobs/Job_dim_fact.kjb  /jobs/ETLdim_Producto.ktr]  Finished reading query, closing connection
2026-07-02 03:49:08.703 INFO  <Transformacion ProductoLF - Entrada Tabla Producto> [/jobs/Job_dim_fact.kjb  /jobs/ETLdim_Producto.ktr]  Finished processing (I=30, O=0, R=0, W=30, U=0, E=0)
2026-07-02 03:49:08.710 INFO  <Transformacion ProductoLF - Ordenar filas 2> [/jobs/Job_dim_fact.kjb  /jobs/ETLdim_Producto.ktr]  Finished processing (I=0, O=0, R=30, W=30, U=0, E=0)
2026-07-02 03:49:08.704 INFO  <Transformacion ProductoLF - Ordenar filas> [/jobs/Job_dim_fact.kjb  /jobs/ETLdim_Producto.ktr]  Finished processing (I=0, O=0, R=4, W=4, U=0, E=0)
2026-07-02 03:49:08.704 INFO  <Transformacion ProductoLF - Entrada Tabla Tipo Producto> [/jobs/Job_dim_fact.kjb  /jobs/ETLdim_Producto.ktr]  Finished processing (I=4, O=0, R=0, W=4, U=0, E=0)
2026-07-02 03:49:09.022 INFO  <Transformacion ProductoLF - Unión por clave> [/jobs/Job_dim_fact.kjb  /jobs/ETLdim_Producto.ktr]  Finished processing (I=0, O=0, R=34, W=30, U=0, E=0)
2026-07-02 03:49:09.026 INFO  <Transformacion ProductoLF - Ordenar filas 3> [/jobs/Job_dim_fact.kjb  /jobs/ETLdim_Producto.ktr]  Finished processing (I=0, O=0, R=30, W=30, U=0, E=0)
2026-07-02 03:49:09.031 INFO  <Transformacion ProductoLF - Strings cut> [/jobs/Job_dim_fact.kjb  /jobs/ETLdim_Producto.ktr]  Finished processing (I=0, O=0, R=30, W=30, U=0, E=0)
2026-07-02 03:49:09.191 INFO  <Transformacion ProductoLF - Insert / update> [/jobs/Job_dim_fact.kjb  /jobs/ETLdim_Producto.ktr]  Finished processing (I=30, O=30, R=30, W=30, U=0, E=0)
2026-07-02 03:49:09.207 INFO  <Thread-7> [/jobs/Job_dim_fact.kjb]  Starting entry [ETL dim_cliente]
2026-07-02 03:49:09.321 INFO  <Thread-7> [/jobs/Job_dim_fact.kjb]  Using run configuration [Pentaho local]
2026-07-02 03:49:09.326 INFO  <Thread-7> [/jobs/Job_dim_fact.kjb  /jobs/ETLdim_Cliente.ktr]  Dispatching started for transformation [Transformacion ClienteLF]
2026-07-02 03:49:09.458 INFO  <Transformacion ClienteLF - Entrada Tabla> [/jobs/Job_dim_fact.kjb  /jobs/ETLdim_Cliente.ktr]  Finished reading query, closing connection
2026-07-02 03:49:09.462 INFO  <Transformacion ClienteLF - Selecciona/Renombra valores> [/jobs/Job_dim_fact.kjb  /jobs/ETLdim_Cliente.ktr]  Finished processing (I=0, O=0, R=300, W=300, U=0, E=0)
2026-07-02 03:49:09.464 INFO  <Transformacion ClienteLF - Entrada Tabla> [/jobs/Job_dim_fact.kjb  /jobs/ETLdim_Cliente.ktr]  Finished processing (I=300, O=0, R=0, W=300, U=0, E=0)
2026-07-02 03:49:09.476 INFO  <Transformacion ClienteLF - Ordenar filas 3> [/jobs/Job_dim_fact.kjb  /jobs/ETLdim_Cliente.ktr]  Finished processing (I=0, O=0, R=300, W=300, U=0, E=0)
2026-07-02 03:49:09.932 INFO  <Transformacion ClienteLF - SalidaActualizada> [/jobs/Job_dim_fact.kjb  /jobs/ETLdim_Cliente.ktr]  Finished processing (I=300, O=300, R=300, W=300, U=0, E=0)
2026-07-02 03:49:09.941 INFO  <Thread-7> [/jobs/Job_dim_fact.kjb]  Starting entry [ETL dim_eval_servicio]
2026-07-02 03:49:10.024 INFO  <Thread-7> [/jobs/Job_dim_fact.kjb]  Using run configuration [Pentaho local]
2026-07-02 03:49:10.028 INFO  <Thread-7> [/jobs/Job_dim_fact.kjb  /jobs/ETLdim_Evaluacion_Servicio.ktr]  Dispatching started for transformation [Transformacion Evaluacion ServicioLF]
2026-07-02 03:49:10.135 INFO  <Transformacion Evaluacion ServicioLF - Entrada Tabla Evaluacion_Servicio> [/jobs/Job_dim_fact.kjb  /jobs/ETLdim_Evaluacion_Servicio.ktr]  Finished reading query, closing connection
2026-07-02 03:49:10.143 INFO  <Transformacion Evaluacion ServicioLF - Entrada Tabla Evaluacion_Servicio> [/jobs/Job_dim_fact.kjb  /jobs/ETLdim_Evaluacion_Servicio.ktr]  Finished processing (I=6, O=0, R=0, W=6, U=0, E=0)
2026-07-02 03:49:10.147 INFO  <Transformacion Evaluacion ServicioLF - Ordenar filas 3> [/jobs/Job_dim_fact.kjb  /jobs/ETLdim_Evaluacion_Servicio.ktr]  Finished processing (I=0, O=0, R=6, W=6, U=0, E=0)
2026-07-02 03:49:10.185 INFO  <Transformacion Evaluacion ServicioLF - Insert / update> [/jobs/Job_dim_fact.kjb  /jobs/ETLdim_Evaluacion_Servicio.ktr]  Finished processing (I=6, O=6, R=6, W=6, U=0, E=0)
2026-07-02 03:49:10.194 INFO  <Thread-7> [/jobs/Job_dim_fact.kjb]  Starting entry [ELT dim_contrato]
2026-07-02 03:49:10.287 INFO  <Thread-7> [/jobs/Job_dim_fact.kjb]  Using run configuration [Pentaho local]
2026-07-02 03:49:10.297 INFO  <Thread-7> [/jobs/Job_dim_fact.kjb  /jobs/ETLdim_Contrato.ktr]  Dispatching started for transformation [Transformacion_ContratoLF]
2026-07-02 03:49:10.377 INFO  <Transformacion_ContratoLF - Entrada Tabla> [/jobs/Job_dim_fact.kjb  /jobs/ETLdim_Contrato.ktr]  Finished reading query, closing connection
2026-07-02 03:49:10.390 INFO  <Transformacion_ContratoLF - Entrada Tabla> [/jobs/Job_dim_fact.kjb  /jobs/ETLdim_Contrato.ktr]  Finished processing (I=1000, O=0, R=0, W=1000, U=0, E=0)
2026-07-02 03:49:10.398 INFO  <Transformacion_ContratoLF - Ordenar filas 3> [/jobs/Job_dim_fact.kjb  /jobs/ETLdim_Contrato.ktr]  Finished processing (I=0, O=0, R=1000, W=1000, U=0, E=0)
2026-07-02 03:49:11.350 INFO  <Transformacion_ContratoLF - Insert / update> [/jobs/Job_dim_fact.kjb  /jobs/ETLdim_Contrato.ktr]  Finished processing (I=1000, O=1000, R=1000, W=1000, U=0, E=0)
2026-07-02 03:49:11.355 INFO  <Thread-7> [/jobs/Job_dim_fact.kjb]  Starting entry [ETL dim_estado_contrato]
2026-07-02 03:49:11.511 INFO  <Thread-7> [/jobs/Job_dim_fact.kjb]  Using run configuration [Pentaho local]
2026-07-02 03:49:11.514 INFO  <Thread-7> [/jobs/Job_dim_fact.kjb  /jobs/ETLdim_Estado_Contrato.ktr]  Dispatching started for transformation [Transformacion Estado ContratoLF]
2026-07-02 03:49:11.679 INFO  <Transformacion Estado ContratoLF - Entrada Tabla Estado Contrato> [/jobs/Job_dim_fact.kjb  /jobs/ETLdim_Estado_Contrato.ktr]  Finished reading query, closing connection
2026-07-02 03:49:11.682 INFO  <Transformacion Estado ContratoLF - Seleccionar Estado Contrato> [/jobs/Job_dim_fact.kjb  /jobs/ETLdim_Estado_Contrato.ktr]  Finished processing (I=0, O=0, R=1000, W=1000, U=0, E=0)
2026-07-02 03:49:11.687 INFO  <Transformacion Estado ContratoLF - Agrupar> [/jobs/Job_dim_fact.kjb  /jobs/ETLdim_Estado_Contrato.ktr]  Finished processing (I=0, O=0, R=1000, W=3, U=0, E=0)
2026-07-02 03:49:11.689 INFO  <Transformacion Estado ContratoLF - Entrada Tabla Estado Contrato> [/jobs/Job_dim_fact.kjb  /jobs/ETLdim_Estado_Contrato.ktr]  Finished processing (I=1000, O=0, R=0, W=1000, U=0, E=0)
2026-07-02 03:49:11.698 INFO  <Transformacion Estado ContratoLF - Add sequence cod_estado> [/jobs/Job_dim_fact.kjb  /jobs/ETLdim_Estado_Contrato.ktr]  Finished processing (I=0, O=0, R=3, W=3, U=0, E=0)
2026-07-02 03:49:11.701 INFO  <Transformacion Estado ContratoLF - Ordenar filas 3> [/jobs/Job_dim_fact.kjb  /jobs/ETLdim_Estado_Contrato.ktr]  Finished processing (I=0, O=0, R=3, W=3, U=0, E=0)
2026-07-02 03:49:11.763 INFO  <Transformacion Estado ContratoLF - Insert / update> [/jobs/Job_dim_fact.kjb  /jobs/ETLdim_Estado_Contrato.ktr]  Finished processing (I=3, O=3, R=3, W=3, U=0, E=0)
2026-07-02 03:49:11.770 INFO  <Thread-7> [/jobs/Job_dim_fact.kjb]  Starting entry [ETL dim_sucursal]
2026-07-02 03:49:11.878 INFO  <Thread-7> [/jobs/Job_dim_fact.kjb]  Using run configuration [Pentaho local]
2026-07-02 03:49:11.883 INFO  <Thread-7> [/jobs/Job_dim_fact.kjb  /jobs/ETLdim_Sucursal.ktr]  Dispatching started for transformation [Transformacion SucursalLF]
2026-07-02 03:49:12.033 INFO  <Transformacion SucursalLF - Entrada Tabla Pais> [/jobs/Job_dim_fact.kjb  /jobs/ETLdim_Sucursal.ktr]  Finished reading query, closing connection
2026-07-02 03:49:12.033 INFO  <Transformacion SucursalLF - Entrada Tabla Ciudad> [/jobs/Job_dim_fact.kjb  /jobs/ETLdim_Sucursal.ktr]  Finished reading query, closing connection
2026-07-02 03:49:12.040 INFO  <Transformacion SucursalLF - Entrada Tabla Pais> [/jobs/Job_dim_fact.kjb  /jobs/ETLdim_Sucursal.ktr]  Finished processing (I=30, O=0, R=0, W=30, U=0, E=0)
2026-07-02 03:49:12.042 INFO  <Transformacion SucursalLF - Entrada Tabla Sucursal> [/jobs/Job_dim_fact.kjb  /jobs/ETLdim_Sucursal.ktr]  Finished reading query, closing connection
2026-07-02 03:49:12.061 INFO  <Transformacion SucursalLF - Entrada Tabla Ciudad> [/jobs/Job_dim_fact.kjb  /jobs/ETLdim_Sucursal.ktr]  Finished processing (I=30, O=0, R=0, W=30, U=0, E=0)
2026-07-02 03:49:12.063 INFO  <Transformacion SucursalLF - Entrada Tabla Sucursal> [/jobs/Job_dim_fact.kjb  /jobs/ETLdim_Sucursal.ktr]  Finished processing (I=30, O=0, R=0, W=30, U=0, E=0)
2026-07-02 03:49:12.343 INFO  <Transformacion SucursalLF - Unión Sucursal-Pais> [/jobs/Job_dim_fact.kjb  /jobs/ETLdim_Sucursal.ktr]  Finished processing (I=0, O=0, R=60, W=30, U=0, E=0)
2026-07-02 03:49:12.644 INFO  <Transformacion SucursalLF - Unión Sucursal-Pais-Ciudad> [/jobs/Job_dim_fact.kjb  /jobs/ETLdim_Sucursal.ktr]  Finished processing (I=0, O=0, R=60, W=30, U=0, E=0)
2026-07-02 03:49:12.647 INFO  <Transformacion SucursalLF - Ordenar filas 3> [/jobs/Job_dim_fact.kjb  /jobs/ETLdim_Sucursal.ktr]  Finished processing (I=0, O=0, R=30, W=30, U=0, E=0)
2026-07-02 03:49:12.712 INFO  <Transformacion SucursalLF - Insert / update> [/jobs/Job_dim_fact.kjb  /jobs/ETLdim_Sucursal.ktr]  Finished processing (I=30, O=30, R=30, W=30, U=0, E=0)
2026-07-02 03:49:12.717 INFO  <Thread-7> [/jobs/Job_dim_fact.kjb]  Starting entry [ETL dim_siniestro]
2026-07-02 03:49:12.790 INFO  <Thread-7> [/jobs/Job_dim_fact.kjb]  Using run configuration [Pentaho local]
2026-07-02 03:49:12.794 INFO  <Thread-7> [/jobs/Job_dim_fact.kjb  /jobs/ETLdim_Siniestro.ktr]  Dispatching started for transformation [Transformacion siniestroLF]
2026-07-02 03:49:12.865 INFO  <Transformacion siniestroLF - Entrada Tabla Siniestro> [/jobs/Job_dim_fact.kjb  /jobs/ETLdim_Siniestro.ktr]  Finished reading query, closing connection
2026-07-02 03:49:12.868 INFO  <Transformacion siniestroLF - Ordenar filas 3> [/jobs/Job_dim_fact.kjb  /jobs/ETLdim_Siniestro.ktr]  Finished processing (I=0, O=0, R=20, W=20, U=0, E=0)
2026-07-02 03:49:12.872 INFO  <Transformacion siniestroLF - Entrada Tabla Siniestro> [/jobs/Job_dim_fact.kjb  /jobs/ETLdim_Siniestro.ktr]  Finished processing (I=20, O=0, R=0, W=20, U=0, E=0)
2026-07-02 03:49:12.925 INFO  <Transformacion siniestroLF - Insert / update> [/jobs/Job_dim_fact.kjb  /jobs/ETLdim_Siniestro.ktr]  Finished processing (I=20, O=20, R=20, W=20, U=0, E=0)
2026-07-02 03:49:12.929 INFO  <Thread-7> [/jobs/Job_dim_fact.kjb]  Starting entry [ETL_fact_metas]
2026-07-02 03:49:13.241 INFO  <Thread-7> [/jobs/Job_dim_fact.kjb]  Using run configuration [Pentaho local]
2026-07-02 03:49:13.244 INFO  <Thread-7> [/jobs/Job_dim_fact.kjb  /jobs/ETLfact_Metas.ktr]  Dispatching started for transformation [LFTransformation_fact_metas]
2026-07-02 03:49:13.588 INFO  <LFTransformation_fact_metas - extraer producto> [/jobs/Job_dim_fact.kjb  /jobs/ETLfact_Metas.ktr]  Finished reading query, closing connection
2026-07-02 03:49:13.597 INFO  <LFTransformation_fact_metas - Sort cod_prod> [/jobs/Job_dim_fact.kjb  /jobs/ETLfact_Metas.ktr]  Finished processing (I=0, O=0, R=30, W=30, U=0, E=0)
2026-07-02 03:49:13.597 INFO  <LFTransformation_fact_metas - extraer producto> [/jobs/Job_dim_fact.kjb  /jobs/ETLfact_Metas.ktr]  Finished processing (I=30, O=0, R=0, W=30, U=0, E=0)
2026-07-02 03:49:13.598 INFO  <LFTransformation_fact_metas - extraer dim_tiempo> [/jobs/Job_dim_fact.kjb  /jobs/ETLfact_Metas.ktr]  Finished reading query, closing connection
2026-07-02 03:49:13.613 INFO  <LFTransformation_fact_metas - extraer dim_tiempo2> [/jobs/Job_dim_fact.kjb  /jobs/ETLfact_Metas.ktr]  Finished reading query, closing connection
2026-07-02 03:49:17.961 INFO  <LFTransformation_fact_metas - Microsoft Excel metas> [/jobs/Job_dim_fact.kjb  /jobs/ETLfact_Metas.ktr]  Finished processing (I=390, O=0, R=0, W=390, U=0, E=0)
2026-07-02 03:49:17.972 INFO  <LFTransformation_fact_metas - Sort cod_prod 2> [/jobs/Job_dim_fact.kjb  /jobs/ETLfact_Metas.ktr]  Finished processing (I=0, O=0, R=390, W=390, U=0, E=0)
2026-07-02 03:49:18.278 INFO  <LFTransformation_fact_metas - Merge join> [/jobs/Job_dim_fact.kjb  /jobs/ETLfact_Metas.ktr]  Finished processing (I=0, O=0, R=420, W=390, U=0, E=0)
2026-07-02 03:49:18.282 INFO  <LFTransformation_fact_metas - Quitar cod_prod y dejar SK> [/jobs/Job_dim_fact.kjb  /jobs/ETLfact_Metas.ktr]  Finished processing (I=0, O=0, R=390, W=390, U=0, E=0)
2026-07-02 03:49:18.288 INFO  <LFTransformation_fact_metas - Sort fecha_inicio> [/jobs/Job_dim_fact.kjb  /jobs/ETLfact_Metas.ktr]  Finished processing (I=0, O=0, R=390, W=390, U=0, E=0)
2026-07-02 03:49:18.439 INFO  <LFTransformation_fact_metas - Merge join 2> [/jobs/Job_dim_fact.kjb  /jobs/ETLfact_Metas.ktr]  Finished processing (I=0, O=0, R=390, W=0, U=0, E=0)
2026-07-02 03:49:18.768 INFO  <Thread-7> [/jobs/Job_dim_fact.kjb]  Starting entry [ETL_fact_reg_contrato]
2026-07-02 03:49:19.032 INFO  <Thread-7> [/jobs/Job_dim_fact.kjb]  Using run configuration [Pentaho local]
2026-07-02 03:49:19.035 INFO  <Thread-7> [/jobs/Job_dim_fact.kjb  /jobs/ETLfact_Registro_Contrato.ktr]  Dispatching started for transformation [Transformacion FACT_Registro_Contrato]
2026-07-02 03:49:19.172 INFO  <init of Salida Tabla.0 (Thread-175)> [/jobs/Job_dim_fact.kjb  /jobs/ETLfact_Registro_Contrato.ktr]  Connected to database [Docker] (commit=1000)
2026-07-02 03:49:19.208 INFO  <Transformacion FACT_Registro_Contrato - Entrada Tabla dim_producto> [/jobs/Job_dim_fact.kjb  /jobs/ETLfact_Registro_Contrato.ktr]  Finished reading query, closing connection
2026-07-02 03:49:19.213 INFO  <Transformacion FACT_Registro_Contrato - Entrada Tabla dim_producto> [/jobs/Job_dim_fact.kjb  /jobs/ETLfact_Registro_Contrato.ktr]  Finished processing (I=30, O=0, R=0, W=30, U=0, E=0)
2026-07-02 03:49:19.209 INFO  <Transformacion FACT_Registro_Contrato - Entrada Tabla Dim_Cliente> [/jobs/Job_dim_fact.kjb  /jobs/ETLfact_Registro_Contrato.ktr]  Finished reading query, closing connection
2026-07-02 03:49:19.217 INFO  <Transformacion FACT_Registro_Contrato - Entrada Tabla Dim_Cliente> [/jobs/Job_dim_fact.kjb  /jobs/ETLfact_Registro_Contrato.ktr]  Finished processing (I=300, O=0, R=0, W=300, U=0, E=0)
2026-07-02 03:49:19.227 INFO  <Transformacion FACT_Registro_Contrato - Ordenar filas cod_producto 2> [/jobs/Job_dim_fact.kjb  /jobs/ETLfact_Registro_Contrato.ktr]  Finished processing (I=0, O=0, R=30, W=30, U=0, E=0)
2026-07-02 03:49:19.241 INFO  <Transformacion FACT_Registro_Contrato - Ordenar filas cod_cliente 2> [/jobs/Job_dim_fact.kjb  /jobs/ETLfact_Registro_Contrato.ktr]  Finished processing (I=0, O=0, R=300, W=300, U=0, E=0)
2026-07-02 03:49:19.227 INFO  <Transformacion FACT_Registro_Contrato - Entrada Tabla dim_estado_contrato> [/jobs/Job_dim_fact.kjb  /jobs/ETLfact_Registro_Contrato.ktr]  Finished reading query, closing connection
2026-07-02 03:49:19.227 INFO  <Transformacion FACT_Registro_Contrato - Ordenar filas descrip_estado> [/jobs/Job_dim_fact.kjb  /jobs/ETLfact_Registro_Contrato.ktr]  Finished processing (I=0, O=0, R=3, W=3, U=0, E=0)
2026-07-02 03:49:19.262 INFO  <Transformacion FACT_Registro_Contrato - Entrada Tabla dim_estado_contrato> [/jobs/Job_dim_fact.kjb  /jobs/ETLfact_Registro_Contrato.ktr]  Finished processing (I=3, O=0, R=0, W=3, U=0, E=0)
2026-07-02 03:49:19.263 INFO  <Transformacion FACT_Registro_Contrato - Entrada Tabla dim_tiempo> [/jobs/Job_dim_fact.kjb  /jobs/ETLfact_Registro_Contrato.ktr]  Finished reading query, closing connection
2026-07-02 03:49:19.275 INFO  <Transformacion FACT_Registro_Contrato - Entrada Tabla Registro Contrato> [/jobs/Job_dim_fact.kjb  /jobs/ETLfact_Registro_Contrato.ktr]  Finished reading query, closing connection
2026-07-02 03:49:19.273 INFO  <Transformacion FACT_Registro_Contrato - Entrada Tabla dim_contrato> [/jobs/Job_dim_fact.kjb  /jobs/ETLfact_Registro_Contrato.ktr]  Finished reading query, closing connection
2026-07-02 03:49:19.283 INFO  <Transformacion FACT_Registro_Contrato - Ordenar filas nro_contrato 2> [/jobs/Job_dim_fact.kjb  /jobs/ETLfact_Registro_Contrato.ktr]  Finished processing (I=0, O=0, R=1000, W=1000, U=0, E=0)
2026-07-02 03:49:19.286 INFO  <Transformacion FACT_Registro_Contrato - Entrada Tabla Registro Contrato> [/jobs/Job_dim_fact.kjb  /jobs/ETLfact_Registro_Contrato.ktr]  Finished processing (I=1000, O=0, R=0, W=1000, U=0, E=0)
2026-07-02 03:49:19.295 INFO  <Transformacion FACT_Registro_Contrato - Entrada Tabla dim_contrato> [/jobs/Job_dim_fact.kjb  /jobs/ETLfact_Registro_Contrato.ktr]  Finished processing (I=1000, O=0, R=0, W=1000, U=0, E=0)
2026-07-02 03:49:19.304 INFO  <Transformacion FACT_Registro_Contrato - Ordenar filas cod_cliente> [/jobs/Job_dim_fact.kjb  /jobs/ETLfact_Registro_Contrato.ktr]  Finished processing (I=0, O=0, R=1000, W=1000, U=0, E=0)
2026-07-02 03:49:19.615 INFO  <Transformacion FACT_Registro_Contrato - Unión por clave> [/jobs/Job_dim_fact.kjb  /jobs/ETLfact_Registro_Contrato.ktr]  Finished processing (I=0, O=0, R=1300, W=1000, U=0, E=0)
2026-07-02 03:49:19.625 INFO  <Transformacion FACT_Registro_Contrato - Ordenar filas cod_producto> [/jobs/Job_dim_fact.kjb  /jobs/ETLfact_Registro_Contrato.ktr]  Finished processing (I=0, O=0, R=1000, W=1000, U=0, E=0)
2026-07-02 03:49:19.932 INFO  <Transformacion FACT_Registro_Contrato - Unión por clave cod_producto> [/jobs/Job_dim_fact.kjb  /jobs/ETLfact_Registro_Contrato.ktr]  Finished processing (I=0, O=0, R=1030, W=1000, U=0, E=0)
2026-07-02 03:49:19.947 INFO  <Transformacion FACT_Registro_Contrato - Ordenar filas nro_contrato> [/jobs/Job_dim_fact.kjb  /jobs/ETLfact_Registro_Contrato.ktr]  Finished processing (I=0, O=0, R=1000, W=1000, U=0, E=0)
2026-07-02 03:49:20.253 INFO  <Transformacion FACT_Registro_Contrato - Unión por clave nro_contrato> [/jobs/Job_dim_fact.kjb  /jobs/ETLfact_Registro_Contrato.ktr]  Finished processing (I=0, O=0, R=2000, W=1000, U=0, E=0)
2026-07-02 03:49:20.261 INFO  <Transformacion FACT_Registro_Contrato - Ordenar filas estado_contrato> [/jobs/Job_dim_fact.kjb  /jobs/ETLfact_Registro_Contrato.ktr]  Finished processing (I=0, O=0, R=1000, W=1000, U=0, E=0)
2026-07-02 03:49:20.567 INFO  <Transformacion FACT_Registro_Contrato - Unión por clave estado_contrato> [/jobs/Job_dim_fact.kjb  /jobs/ETLfact_Registro_Contrato.ktr]  Finished processing (I=0, O=0, R=1003, W=1000, U=0, E=0)
2026-07-02 03:49:20.589 INFO  <Transformacion FACT_Registro_Contrato - Ordenar filas fecha inicio> [/jobs/Job_dim_fact.kjb  /jobs/ETLfact_Registro_Contrato.ktr]  Finished processing (I=0, O=0, R=1000, W=1000, U=0, E=0)
2026-07-02 03:49:20.930 INFO  <Transformacion FACT_Registro_Contrato - Unión por clave fecha inicio> [/jobs/Job_dim_fact.kjb  /jobs/ETLfact_Registro_Contrato.ktr]  Finished processing (I=0, O=0, R=1000, W=0, U=0, E=0)
2026-07-02 03:49:21.430 INFO  <Thread-7> [/jobs/Job_dim_fact.kjb]  Starting entry [ETL fact_reg_siniestro]
2026-07-02 03:49:21.755 INFO  <Thread-7> [/jobs/Job_dim_fact.kjb]  Using run configuration [Pentaho local]
2026-07-02 03:49:21.758 INFO  <Thread-7> [/jobs/Job_dim_fact.kjb  /jobs/ETLfact_Registro_Siniestro.ktr]  Dispatching started for transformation [Transformacion Fact_Registro_Siniestro]
2026-07-02 03:49:21.949 INFO  <Transformacion Fact_Registro_Siniestro - Entrada Tabla dim_siniestro> [/jobs/Job_dim_fact.kjb  /jobs/ETLfact_Registro_Siniestro.ktr]  Finished reading query, closing connection
2026-07-02 03:49:21.954 INFO  <Transformacion Fact_Registro_Siniestro - Ordenar filas nro_siniestro> [/jobs/Job_dim_fact.kjb  /jobs/ETLfact_Registro_Siniestro.ktr]  Finished processing (I=0, O=0, R=20, W=20, U=0, E=0)
2026-07-02 03:49:21.959 INFO  <Transformacion Fact_Registro_Siniestro - Entrada Tabla dim_siniestro> [/jobs/Job_dim_fact.kjb  /jobs/ETLfact_Registro_Siniestro.ktr]  Finished processing (I=20, O=0, R=0, W=20, U=0, E=0)
2026-07-02 03:49:22.003 INFO  <Transformacion Fact_Registro_Siniestro - Entrada Tabla cliente> [/jobs/Job_dim_fact.kjb  /jobs/ETLfact_Registro_Siniestro.ktr]  Finished reading query, closing connection
2026-07-02 03:49:22.010 INFO  <Transformacion Fact_Registro_Siniestro - Entrada Tabla dim sucursal> [/jobs/Job_dim_fact.kjb  /jobs/ETLfact_Registro_Siniestro.ktr]  Finished reading query, closing connection
2026-07-02 03:49:22.006 INFO  <Transformacion Fact_Registro_Siniestro - Ordenar filas codigo cliente> [/jobs/Job_dim_fact.kjb  /jobs/ETLfact_Registro_Siniestro.ktr]  Finished processing (I=0, O=0, R=300, W=300, U=0, E=0)
2026-07-02 03:49:22.023 INFO  <Transformacion Fact_Registro_Siniestro - Entrada Tabla dim_cliente> [/jobs/Job_dim_fact.kjb  /jobs/ETLfact_Registro_Siniestro.ktr]  Finished reading query, closing connection
2026-07-02 03:49:22.023 INFO  <Transformacion Fact_Registro_Siniestro - Entrada Tabla cliente> [/jobs/Job_dim_fact.kjb  /jobs/ETLfact_Registro_Siniestro.ktr]  Finished processing (I=300, O=0, R=0, W=300, U=0, E=0)
2026-07-02 03:49:22.065 INFO  <Transformacion Fact_Registro_Siniestro - Entrada Tabla Registro Contrato> [/jobs/Job_dim_fact.kjb  /jobs/ETLfact_Registro_Siniestro.ktr]  Finished reading query, closing connection
2026-07-02 03:49:22.045 INFO  <Transformacion Fact_Registro_Siniestro - Ordenar filas sucursal 2> [/jobs/Job_dim_fact.kjb  /jobs/ETLfact_Registro_Siniestro.ktr]  Finished processing (I=0, O=0, R=30, W=30, U=0, E=0)
2026-07-02 03:49:22.030 INFO  <Transformacion Fact_Registro_Siniestro - Entrada Tabla dim_contrato> [/jobs/Job_dim_fact.kjb  /jobs/ETLfact_Registro_Siniestro.ktr]  Finished reading query, closing connection
2026-07-02 03:49:22.080 INFO  <Transformacion Fact_Registro_Siniestro - Ordenar filas producto 2> [/jobs/Job_dim_fact.kjb  /jobs/ETLfact_Registro_Siniestro.ktr]  Finished processing (I=0, O=0, R=30, W=30, U=0, E=0)
2026-07-02 03:49:22.065 INFO  <Transformacion Fact_Registro_Siniestro - Ordenar filas codigo cliente 2> [/jobs/Job_dim_fact.kjb  /jobs/ETLfact_Registro_Siniestro.ktr]  Finished processing (I=0, O=0, R=300, W=300, U=0, E=0)
2026-07-02 03:49:22.047 INFO  <Transformacion Fact_Registro_Siniestro - Entrada Tabla dim_producto> [/jobs/Job_dim_fact.kjb  /jobs/ETLfact_Registro_Siniestro.ktr]  Finished reading query, closing connection
2026-07-02 03:49:22.060 INFO  <Transformacion Fact_Registro_Siniestro - Entrada Tabla dim sucursal> [/jobs/Job_dim_fact.kjb  /jobs/ETLfact_Registro_Siniestro.ktr]  Finished processing (I=30, O=0, R=0, W=30, U=0, E=0)
2026-07-02 03:49:22.101 INFO  <Transformacion Fact_Registro_Siniestro - Ordenar filas cliente> [/jobs/Job_dim_fact.kjb  /jobs/ETLfact_Registro_Siniestro.ktr]  Finished processing (I=0, O=0, R=1000, W=1000, U=0, E=0)
2026-07-02 03:49:22.098 INFO  <Transformacion Fact_Registro_Siniestro - Entrada Tabla dim_cliente> [/jobs/Job_dim_fact.kjb  /jobs/ETLfact_Registro_Siniestro.ktr]  Finished processing (I=300, O=0, R=0, W=300, U=0, E=0)
2026-07-02 03:49:22.092 INFO  <Transformacion Fact_Registro_Siniestro - Ordenar filas nro_contrato> [/jobs/Job_dim_fact.kjb  /jobs/ETLfact_Registro_Siniestro.ktr]  Finished processing (I=0, O=0, R=1000, W=1000, U=0, E=0)
2026-07-02 03:49:22.104 INFO  <Transformacion Fact_Registro_Siniestro - Entrada Tabla Fact_Registro_Siniestro> [/jobs/Job_dim_fact.kjb  /jobs/ETLfact_Registro_Siniestro.ktr]  Finished reading query, closing connection
2026-07-02 03:49:22.103 INFO  <Transformacion Fact_Registro_Siniestro - Entrada Tabla dim_contrato> [/jobs/Job_dim_fact.kjb  /jobs/ETLfact_Registro_Siniestro.ktr]  Finished processing (I=1000, O=0, R=0, W=1000, U=0, E=0)
2026-07-02 03:49:22.118 INFO  <Transformacion Fact_Registro_Siniestro - Entrada Tabla fechas> [/jobs/Job_dim_fact.kjb  /jobs/ETLfact_Registro_Siniestro.ktr]  Finished reading query, closing connection
2026-07-02 03:49:22.104 INFO  <Transformacion Fact_Registro_Siniestro - Entrada Tabla Registro Contrato> [/jobs/Job_dim_fact.kjb  /jobs/ETLfact_Registro_Siniestro.ktr]  Finished processing (I=1000, O=0, R=0, W=1000, U=0, E=0)
2026-07-02 03:49:22.110 INFO  <Transformacion Fact_Registro_Siniestro - Entrada Tabla dim_producto> [/jobs/Job_dim_fact.kjb  /jobs/ETLfact_Registro_Siniestro.ktr]  Finished processing (I=30, O=0, R=0, W=30, U=0, E=0)
2026-07-02 03:49:22.133 INFO  <Transformacion Fact_Registro_Siniestro - Ordenar filas siniestro> [/jobs/Job_dim_fact.kjb  /jobs/ETLfact_Registro_Siniestro.ktr]  Finished processing (I=0, O=0, R=1000, W=1000, U=0, E=0)
2026-07-02 03:49:22.126 INFO  <Transformacion Fact_Registro_Siniestro - Entrada Tabla Fact_Registro_Siniestro> [/jobs/Job_dim_fact.kjb  /jobs/ETLfact_Registro_Siniestro.ktr]  Finished processing (I=1000, O=0, R=0, W=1000, U=0, E=0)
2026-07-02 03:49:22.369 INFO  <Transformacion Fact_Registro_Siniestro - Unión por clave codigo cliente> [/jobs/Job_dim_fact.kjb  /jobs/ETLfact_Registro_Siniestro.ktr]  Finished processing (I=0, O=0, R=600, W=300, U=0, E=0)
2026-07-02 03:49:22.374 INFO  <Transformacion Fact_Registro_Siniestro - Ordenar filas sucursal> [/jobs/Job_dim_fact.kjb  /jobs/ETLfact_Registro_Siniestro.ktr]  Finished processing (I=0, O=0, R=300, W=300, U=0, E=0)
2026-07-02 03:49:22.435 INFO  <Transformacion Fact_Registro_Siniestro - Unión por clave sinistro> [/jobs/Job_dim_fact.kjb  /jobs/ETLfact_Registro_Siniestro.ktr]  Finished processing (I=0, O=0, R=1020, W=1000, U=0, E=0)
2026-07-02 03:49:22.443 INFO  <Transformacion Fact_Registro_Siniestro - Ordenar filas contrato> [/jobs/Job_dim_fact.kjb  /jobs/ETLfact_Registro_Siniestro.ktr]  Finished processing (I=0, O=0, R=1000, W=1000, U=0, E=0)
2026-07-02 03:49:22.678 INFO  <Transformacion Fact_Registro_Siniestro - Unión por clave sucursal> [/jobs/Job_dim_fact.kjb  /jobs/ETLfact_Registro_Siniestro.ktr]  Finished processing (I=0, O=0, R=330, W=300, U=0, E=0)
2026-07-02 03:49:22.683 INFO  <Transformacion Fact_Registro_Siniestro - Ordenar filas cliente 2> [/jobs/Job_dim_fact.kjb  /jobs/ETLfact_Registro_Siniestro.ktr]  Finished processing (I=0, O=0, R=300, W=300, U=0, E=0)
2026-07-02 03:49:22.747 INFO  <Transformacion Fact_Registro_Siniestro - Unión por clave contrato> [/jobs/Job_dim_fact.kjb  /jobs/ETLfact_Registro_Siniestro.ktr]  Finished processing (I=0, O=0, R=2000, W=1000, U=0, E=0)
2026-07-02 03:49:22.751 INFO  <Transformacion Fact_Registro_Siniestro - Ordenar filas contrato 2> [/jobs/Job_dim_fact.kjb  /jobs/ETLfact_Registro_Siniestro.ktr]  Finished processing (I=0, O=0, R=1000, W=1000, U=0, E=0)
2026-07-02 03:49:22.986 INFO  <Transformacion Fact_Registro_Siniestro - Unión por clave cliente> [/jobs/Job_dim_fact.kjb  /jobs/ETLfact_Registro_Siniestro.ktr]  Finished processing (I=0, O=0, R=1300, W=1000, U=0, E=0)
2026-07-02 03:49:22.996 INFO  <Transformacion Fact_Registro_Siniestro - Ordenar filas producto> [/jobs/Job_dim_fact.kjb  /jobs/ETLfact_Registro_Siniestro.ktr]  Finished processing (I=0, O=0, R=1000, W=1000, U=0, E=0)
2026-07-02 03:49:23.298 INFO  <Transformacion Fact_Registro_Siniestro - Unión por clave producto> [/jobs/Job_dim_fact.kjb  /jobs/ETLfact_Registro_Siniestro.ktr]  Finished processing (I=0, O=0, R=1030, W=1000, U=0, E=0)
2026-07-02 03:49:23.306 INFO  <Transformacion Fact_Registro_Siniestro - Ordenar filas contrato 3> [/jobs/Job_dim_fact.kjb  /jobs/ETLfact_Registro_Siniestro.ktr]  Finished processing (I=0, O=0, R=1000, W=1000, U=0, E=0)
2026-07-02 03:49:23.612 INFO  <Transformacion Fact_Registro_Siniestro - Unión por clave contrato 2> [/jobs/Job_dim_fact.kjb  /jobs/ETLfact_Registro_Siniestro.ktr]  Finished processing (I=0, O=0, R=2000, W=1000, U=0, E=0)
2026-07-02 03:49:23.620 INFO  <Transformacion Fact_Registro_Siniestro - Ordenar filas fecha_siniestro> [/jobs/Job_dim_fact.kjb  /jobs/ETLfact_Registro_Siniestro.ktr]  Finished processing (I=0, O=0, R=1000, W=1000, U=0, E=0)
2026-07-02 03:49:23.920 INFO  <Transformacion Fact_Registro_Siniestro - Unión por clave fecha_siniestro> [/jobs/Job_dim_fact.kjb  /jobs/ETLfact_Registro_Siniestro.ktr]  Finished processing (I=0, O=0, R=1000, W=0, U=0, E=0)
2026-07-02 03:49:24.501 INFO  <Thread-7> [/jobs/Job_dim_fact.kjb]  Starting entry [ETL fact_eval_servicio]
2026-07-02 03:49:24.677 INFO  <Thread-7> [/jobs/Job_dim_fact.kjb]  Using run configuration [Pentaho local]
2026-07-02 03:49:24.682 INFO  <Thread-7> [/jobs/Job_dim_fact.kjb  /jobs/ETLfact_Evaluacion_Servicio.ktr]  Dispatching started for transformation [Transformacion Fact_Evaluacion_Servicio]
2026-07-02 03:49:24.788 INFO  <Transformacion Fact_Evaluacion_Servicio - Entrada Tabla dim producto> [/jobs/Job_dim_fact.kjb  /jobs/ETLfact_Evaluacion_Servicio.ktr]  Finished reading query, closing connection
2026-07-02 03:49:24.792 INFO  <Transformacion Fact_Evaluacion_Servicio - Ordenar filas cod_producto> [/jobs/Job_dim_fact.kjb  /jobs/ETLfact_Evaluacion_Servicio.ktr]  Finished processing (I=0, O=0, R=30, W=30, U=0, E=0)
2026-07-02 03:49:24.802 INFO  <Transformacion Fact_Evaluacion_Servicio - Entrada Tabla dim producto> [/jobs/Job_dim_fact.kjb  /jobs/ETLfact_Evaluacion_Servicio.ktr]  Finished processing (I=30, O=0, R=0, W=30, U=0, E=0)
2026-07-02 03:49:24.812 INFO  <Transformacion Fact_Evaluacion_Servicio - Entrada Tabla dim evaluacion servicio> [/jobs/Job_dim_fact.kjb  /jobs/ETLfact_Evaluacion_Servicio.ktr]  Finished reading query, closing connection
2026-07-02 03:49:24.815 INFO  <Transformacion Fact_Evaluacion_Servicio - Entrada Tabla dim_tiempo> [/jobs/Job_dim_fact.kjb  /jobs/ETLfact_Evaluacion_Servicio.ktr]  Finished reading query, closing connection
2026-07-02 03:49:24.815 INFO  <Transformacion Fact_Evaluacion_Servicio - Ordenar filas cod_cliente> [/jobs/Job_dim_fact.kjb  /jobs/ETLfact_Evaluacion_Servicio.ktr]  Finished processing (I=0, O=0, R=300, W=300, U=0, E=0)
2026-07-02 03:49:24.815 INFO  <Transformacion Fact_Evaluacion_Servicio - Ordenar filas 2 evaluacion servicio> [/jobs/Job_dim_fact.kjb  /jobs/ETLfact_Evaluacion_Servicio.ktr]  Finished processing (I=0, O=0, R=6, W=6, U=0, E=0)
2026-07-02 03:49:24.812 INFO  <Transformacion Fact_Evaluacion_Servicio - Entrada Tabla dim cliente> [/jobs/Job_dim_fact.kjb  /jobs/ETLfact_Evaluacion_Servicio.ktr]  Finished reading query, closing connection
2026-07-02 03:49:24.826 INFO  <Transformacion Fact_Evaluacion_Servicio - Entrada Tabla dim evaluacion servicio> [/jobs/Job_dim_fact.kjb  /jobs/ETLfact_Evaluacion_Servicio.ktr]  Finished processing (I=6, O=0, R=0, W=6, U=0, E=0)
2026-07-02 03:49:24.831 INFO  <Transformacion Fact_Evaluacion_Servicio - Entrada Tabla recomienda> [/jobs/Job_dim_fact.kjb  /jobs/ETLfact_Evaluacion_Servicio.ktr]  Finished reading query, closing connection
2026-07-02 03:49:24.834 INFO  <Transformacion Fact_Evaluacion_Servicio - Entrada Tabla dim cliente> [/jobs/Job_dim_fact.kjb  /jobs/ETLfact_Evaluacion_Servicio.ktr]  Finished processing (I=300, O=0, R=0, W=300, U=0, E=0)
2026-07-02 03:49:24.837 INFO  <Transformacion Fact_Evaluacion_Servicio - Entrada Tabla recomienda> [/jobs/Job_dim_fact.kjb  /jobs/ETLfact_Evaluacion_Servicio.ktr]  Finished processing (I=500, O=0, R=0, W=500, U=0, E=0)
2026-07-02 03:49:24.843 INFO  <Transformacion Fact_Evaluacion_Servicio - Ordenar filas codigo producto> [/jobs/Job_dim_fact.kjb  /jobs/ETLfact_Evaluacion_Servicio.ktr]  Finished processing (I=0, O=0, R=500, W=500, U=0, E=0)
2026-07-02 03:49:25.145 INFO  <Transformacion Fact_Evaluacion_Servicio - Unión por clave codigo pruducto> [/jobs/Job_dim_fact.kjb  /jobs/ETLfact_Evaluacion_Servicio.ktr]  Finished processing (I=0, O=0, R=530, W=500, U=0, E=0)
2026-07-02 03:49:25.149 INFO  <Transformacion Fact_Evaluacion_Servicio - Ordenar filas codigo cliente> [/jobs/Job_dim_fact.kjb  /jobs/ETLfact_Evaluacion_Servicio.ktr]  Finished processing (I=0, O=0, R=500, W=500, U=0, E=0)
2026-07-02 03:49:25.451 INFO  <Transformacion Fact_Evaluacion_Servicio - Unión por clave codigo cliente> [/jobs/Job_dim_fact.kjb  /jobs/ETLfact_Evaluacion_Servicio.ktr]  Finished processing (I=0, O=0, R=800, W=500, U=0, E=0)
2026-07-02 03:49:25.455 INFO  <Transformacion Fact_Evaluacion_Servicio - Ordenar filas codigo evaluacion servicio> [/jobs/Job_dim_fact.kjb  /jobs/ETLfact_Evaluacion_Servicio.ktr]  Finished processing (I=0, O=0, R=500, W=500, U=0, E=0)
2026-07-02 03:49:25.756 INFO  <Transformacion Fact_Evaluacion_Servicio - Unión por clave evaluacion servicio> [/jobs/Job_dim_fact.kjb  /jobs/ETLfact_Evaluacion_Servicio.ktr]  Finished processing (I=0, O=0, R=506, W=500, U=0, E=0)
2026-07-02 03:49:25.761 INFO  <Transformacion Fact_Evaluacion_Servicio - Ordenar filas fecha_recomienda> [/jobs/Job_dim_fact.kjb  /jobs/ETLfact_Evaluacion_Servicio.ktr]  Finished processing (I=0, O=0, R=500, W=500, U=0, E=0)
2026-07-02 03:49:26.063 INFO  <Transformacion Fact_Evaluacion_Servicio - Unión por clave fecha> [/jobs/Job_dim_fact.kjb  /jobs/ETLfact_Evaluacion_Servicio.ktr]  Finished processing (I=0, O=0, R=500, W=0, U=0, E=0)
2026-07-02 03:49:26.074 INFO  <Thread-7> [/jobs/Job_dim_fact.kjb]  Finished job entry [ETL fact_eval_servicio] (result=[true])
2026-07-02 03:49:26.076 INFO  <Thread-7> [/jobs/Job_dim_fact.kjb]  Finished job entry [ETL fact_reg_siniestro] (result=[true])
2026-07-02 03:49:26.078 INFO  <Thread-7> [/jobs/Job_dim_fact.kjb]  Finished job entry [ETL_fact_reg_contrato] (result=[true])
2026-07-02 03:49:26.080 INFO  <Thread-7> [/jobs/Job_dim_fact.kjb]  Finished job entry [ETL_fact_metas] (result=[true])
2026-07-02 03:49:26.082 INFO  <Thread-7> [/jobs/Job_dim_fact.kjb]  Finished job entry [ETL dim_siniestro] (result=[true])
2026-07-02 03:49:26.084 INFO  <Thread-7> [/jobs/Job_dim_fact.kjb]  Finished job entry [ETL dim_sucursal] (result=[true])
2026-07-02 03:49:26.086 INFO  <Thread-7> [/jobs/Job_dim_fact.kjb]  Finished job entry [ETL dim_estado_contrato] (result=[true])
2026-07-02 03:49:26.087 INFO  <Thread-7> [/jobs/Job_dim_fact.kjb]  Finished job entry [ELT dim_contrato] (result=[true])
2026-07-02 03:49:26.089 INFO  <Thread-7> [/jobs/Job_dim_fact.kjb]  Finished job entry [ETL dim_eval_servicio] (result=[true])
2026-07-02 03:49:26.091 INFO  <Thread-7> [/jobs/Job_dim_fact.kjb]  Finished job entry [ETL dim_cliente] (result=[true])
2026-07-02 03:49:26.093 INFO  <Thread-7> [/jobs/Job_dim_fact.kjb]  Finished job entry [ETL dim_producto] (result=[true])
2026-07-02 03:49:26.095 INFO  <Thread-7> [/jobs/Job_dim_fact.kjb]  Finished job entry [ETL dim_tiempo] (result=[true])
2026-07-02 03:49:26.097 WARN  <Thread-7> [/jobs/Job_dim_fact.kjb]  Job execution finished
2026-07-02 03:51:00.384 WARN  <Thread-7> [/jobs/Job_dim_fact.kjb]  Start of job execution
2026-07-02 03:51:00.927 INFO  <Thread-7> [/jobs/Job_dim_fact.kjb]  Starting entry [ETL dim_tiempo]
2026-07-02 03:51:02.979 INFO  <Thread-7> [/jobs/Job_dim_fact.kjb]  Using run configuration [Pentaho local]
2026-07-02 03:51:03.047 INFO  <Thread-7> [/jobs/Job_dim_fact.kjb  /jobs/ETLdim_Tiempo.ktr]  Dispatching started for transformation [Transformacion Dim_Tiempo]
2026-07-02 03:51:05.899 INFO  <Transformacion Dim_Tiempo - Generate rows> [/jobs/Job_dim_fact.kjb  /jobs/ETLdim_Tiempo.ktr]  Finished processing (I=0, O=0, R=0, W=14976, U=0, E=0)
2026-07-02 03:51:06.093 INFO  <Transformacion Dim_Tiempo - suma_dias> [/jobs/Job_dim_fact.kjb  /jobs/ETLdim_Tiempo.ktr]  Finished processing (I=0, O=0, R=14976, W=14976, U=0, E=0)
2026-07-02 03:51:06.200 INFO  <Transformacion Dim_Tiempo - Calculator> [/jobs/Job_dim_fact.kjb  /jobs/ETLdim_Tiempo.ktr]  Finished processing (I=0, O=0, R=14976, W=14976, U=0, E=0)
2026-07-02 03:51:09.160 ERROR <Transformacion Dim_Tiempo - Ordenar filas 3> [/jobs/Job_dim_fact.kjb  /jobs/ETLdim_Tiempo.ktr]  Unexpected error
2026-07-02 03:51:09.172 ERROR <Transformacion Dim_Tiempo - Ordenar filas 3> [/jobs/Job_dim_fact.kjb  /jobs/ETLdim_Tiempo.ktr]  org.pentaho.di.core.exception.KettleException: 
The field fecha_completa specified in the "Ordenar filas 3" step is not in the steps input stream.

	at org.pentaho.di.trans.steps.sort.SortRows.processRow(SortRows.java:426)
	at org.pentaho.di.trans.step.RunThread.run(RunThread.java:62)
	at java.lang.Thread.run(Thread.java:750)

2026-07-02 03:51:09.185 ERROR <Thread-7> [/jobs/Job_dim_fact.kjb  /jobs/ETLdim_Tiempo.ktr]  Errors detected!
2026-07-02 03:51:09.193 INFO  <Transformacion Dim_Tiempo - Mapeo de valores desc_mes_corta> [/jobs/Job_dim_fact.kjb  /jobs/ETLdim_Tiempo.ktr]  Finished processing (I=0, O=0, R=67, W=67, U=0, E=0)
2026-07-02 03:51:09.186 INFO  <Transformacion Dim_Tiempo - Mapeo de valores desc_mes> [/jobs/Job_dim_fact.kjb  /jobs/ETLdim_Tiempo.ktr]  Finished processing (I=0, O=0, R=67, W=67, U=0, E=0)
2026-07-02 03:51:09.186 INFO  <Transformacion Dim_Tiempo - Ordenar filas 3> [/jobs/Job_dim_fact.kjb  /jobs/ETLdim_Tiempo.ktr]  Finished processing (I=0, O=0, R=1, W=0, U=0, E=1)
2026-07-02 03:51:09.187 INFO  <Transformacion Dim_Tiempo - Select values> [/jobs/Job_dim_fact.kjb  /jobs/ETLdim_Tiempo.ktr]  Finished processing (I=0, O=0, R=10828, W=10828, U=0, E=0)
2026-07-02 03:51:09.194 INFO  <Transformacion Dim_Tiempo - Extraccion de mes> [/jobs/Job_dim_fact.kjb  /jobs/ETLdim_Tiempo.ktr]  Finished processing (I=0, O=0, R=828, W=827, U=0, E=0)
2026-07-02 03:51:09.194 INFO  <Transformacion Dim_Tiempo - Extraccion dia año> [/jobs/Job_dim_fact.kjb  /jobs/ETLdim_Tiempo.ktr]  Finished processing (I=0, O=0, R=571, W=570, U=0, E=0)
2026-07-02 03:51:09.194 INFO  <Transformacion Dim_Tiempo - Mapeo de valores Des_dia_semana> [/jobs/Job_dim_fact.kjb  /jobs/ETLdim_Tiempo.ktr]  Finished processing (I=0, O=0, R=75, W=74, U=0, E=0)
2026-07-02 03:51:09.194 INFO  <Transformacion Dim_Tiempo - Extraccion dia semana> [/jobs/Job_dim_fact.kjb  /jobs/ETLdim_Tiempo.ktr]  Finished processing (I=0, O=0, R=340, W=339, U=0, E=0)
2026-07-02 03:51:09.187 INFO  <Transformacion Dim_Tiempo - Extraccion dia mes> [/jobs/Job_dim_fact.kjb  /jobs/ETLdim_Tiempo.ktr]  Finished processing (I=0, O=0, R=444, W=444, U=0, E=0)
2026-07-02 03:51:09.194 INFO  <Transformacion Dim_Tiempo - Extraccion de año> [/jobs/Job_dim_fact.kjb  /jobs/ETLdim_Tiempo.ktr]  Finished processing (I=0, O=0, R=972, W=971, U=0, E=0)
2026-07-02 03:51:09.196 INFO  <Transformacion Dim_Tiempo - Extraccion semana> [/jobs/Job_dim_fact.kjb  /jobs/ETLdim_Tiempo.ktr]  Finished processing (I=0, O=0, R=161, W=160, U=0, E=0)
2026-07-02 03:51:09.196 INFO  <Transformacion Dim_Tiempo - Formula desc_semestre> [/jobs/Job_dim_fact.kjb  /jobs/ETLdim_Tiempo.ktr]  Finished processing (I=0, O=0, R=49, W=48, U=0, E=0)
2026-07-02 03:51:09.207 WARN  <Transformacion Dim_Tiempo - Ordenar filas 3> [/jobs/Job_dim_fact.kjb  /jobs/ETLdim_Tiempo.ktr]  Transformation detected one or more steps with errors.
2026-07-02 03:51:09.197 INFO  <Transformacion Dim_Tiempo - Formula desc_trimestre> [/jobs/Job_dim_fact.kjb  /jobs/ETLdim_Tiempo.ktr]  Finished processing (I=0, O=0, R=56, W=56, U=0, E=0)
2026-07-02 03:51:09.193 INFO  <Transformacion Dim_Tiempo - Mapeo de valores desc_dia_semana_corta> [/jobs/Job_dim_fact.kjb  /jobs/ETLdim_Tiempo.ktr]  Finished processing (I=0, O=0, R=68, W=68, U=0, E=0)
2026-07-02 03:51:09.233 WARN  <Transformacion Dim_Tiempo - Ordenar filas 3> [/jobs/Job_dim_fact.kjb  /jobs/ETLdim_Tiempo.ktr]  Transformation is killing the other steps!
2026-07-02 03:51:09.633 ERROR <Thread-7> [/jobs/Job_dim_fact.kjb  /jobs/ETLdim_Tiempo.ktr]  Errors detected!
2026-07-02 03:51:09.641 INFO  <Thread-7> [/jobs/Job_dim_fact.kjb]  Starting entry [ETL dim_producto]
2026-07-02 03:51:09.804 INFO  <Thread-7> [/jobs/Job_dim_fact.kjb]  Using run configuration [Pentaho local]
2026-07-02 03:51:09.809 INFO  <Thread-7> [/jobs/Job_dim_fact.kjb  /jobs/ETLdim_Producto.ktr]  Dispatching started for transformation [Transformacion ProductoLF]
2026-07-02 03:51:10.126 INFO  <Transformacion ProductoLF - Entrada Tabla Tipo Producto> [/jobs/Job_dim_fact.kjb  /jobs/ETLdim_Producto.ktr]  Finished reading query, closing connection
2026-07-02 03:51:10.133 INFO  <Transformacion ProductoLF - Entrada Tabla Producto> [/jobs/Job_dim_fact.kjb  /jobs/ETLdim_Producto.ktr]  Finished reading query, closing connection
2026-07-02 03:51:10.142 INFO  <Transformacion ProductoLF - Entrada Tabla Tipo Producto> [/jobs/Job_dim_fact.kjb  /jobs/ETLdim_Producto.ktr]  Finished processing (I=4, O=0, R=0, W=4, U=0, E=0)
2026-07-02 03:51:10.145 INFO  <Transformacion ProductoLF - Ordenar filas 2> [/jobs/Job_dim_fact.kjb  /jobs/ETLdim_Producto.ktr]  Finished processing (I=0, O=0, R=30, W=30, U=0, E=0)
2026-07-02 03:51:10.143 INFO  <Transformacion ProductoLF - Entrada Tabla Producto> [/jobs/Job_dim_fact.kjb  /jobs/ETLdim_Producto.ktr]  Finished processing (I=30, O=0, R=0, W=30, U=0, E=0)
2026-07-02 03:51:10.142 INFO  <Transformacion ProductoLF - Ordenar filas> [/jobs/Job_dim_fact.kjb  /jobs/ETLdim_Producto.ktr]  Finished processing (I=0, O=0, R=4, W=4, U=0, E=0)
2026-07-02 03:51:10.454 INFO  <Transformacion ProductoLF - Unión por clave> [/jobs/Job_dim_fact.kjb  /jobs/ETLdim_Producto.ktr]  Finished processing (I=0, O=0, R=34, W=30, U=0, E=0)
2026-07-02 03:51:10.460 INFO  <Transformacion ProductoLF - Ordenar filas 3> [/jobs/Job_dim_fact.kjb  /jobs/ETLdim_Producto.ktr]  Finished processing (I=0, O=0, R=30, W=30, U=0, E=0)
2026-07-02 03:51:10.464 INFO  <Transformacion ProductoLF - Strings cut> [/jobs/Job_dim_fact.kjb  /jobs/ETLdim_Producto.ktr]  Finished processing (I=0, O=0, R=30, W=30, U=0, E=0)
2026-07-02 03:51:10.551 INFO  <Transformacion ProductoLF - Insert / update> [/jobs/Job_dim_fact.kjb  /jobs/ETLdim_Producto.ktr]  Finished processing (I=30, O=0, R=30, W=30, U=0, E=0)
2026-07-02 03:51:10.567 INFO  <Thread-7> [/jobs/Job_dim_fact.kjb]  Starting entry [ETL dim_cliente]
2026-07-02 03:51:10.679 INFO  <Thread-7> [/jobs/Job_dim_fact.kjb]  Using run configuration [Pentaho local]
2026-07-02 03:51:10.686 INFO  <Thread-7> [/jobs/Job_dim_fact.kjb  /jobs/ETLdim_Cliente.ktr]  Dispatching started for transformation [Transformacion ClienteLF]
2026-07-02 03:51:10.783 INFO  <Transformacion ClienteLF - Entrada Tabla> [/jobs/Job_dim_fact.kjb  /jobs/ETLdim_Cliente.ktr]  Finished reading query, closing connection
2026-07-02 03:51:10.787 INFO  <Transformacion ClienteLF - Selecciona/Renombra valores> [/jobs/Job_dim_fact.kjb  /jobs/ETLdim_Cliente.ktr]  Finished processing (I=0, O=0, R=300, W=300, U=0, E=0)
2026-07-02 03:51:10.788 INFO  <Transformacion ClienteLF - Entrada Tabla> [/jobs/Job_dim_fact.kjb  /jobs/ETLdim_Cliente.ktr]  Finished processing (I=300, O=0, R=0, W=300, U=0, E=0)
2026-07-02 03:51:10.800 INFO  <Transformacion ClienteLF - Ordenar filas 3> [/jobs/Job_dim_fact.kjb  /jobs/ETLdim_Cliente.ktr]  Finished processing (I=0, O=0, R=300, W=300, U=0, E=0)
2026-07-02 03:51:11.080 INFO  <Transformacion ClienteLF - SalidaActualizada> [/jobs/Job_dim_fact.kjb  /jobs/ETLdim_Cliente.ktr]  Finished processing (I=300, O=0, R=300, W=300, U=0, E=0)
2026-07-02 03:51:11.088 INFO  <Thread-7> [/jobs/Job_dim_fact.kjb]  Starting entry [ETL dim_eval_servicio]
2026-07-02 03:51:11.172 INFO  <Thread-7> [/jobs/Job_dim_fact.kjb]  Using run configuration [Pentaho local]
2026-07-02 03:51:11.177 INFO  <Thread-7> [/jobs/Job_dim_fact.kjb  /jobs/ETLdim_Evaluacion_Servicio.ktr]  Dispatching started for transformation [Transformacion Evaluacion ServicioLF]
2026-07-02 03:51:11.243 INFO  <Transformacion Evaluacion ServicioLF - Entrada Tabla Evaluacion_Servicio> [/jobs/Job_dim_fact.kjb  /jobs/ETLdim_Evaluacion_Servicio.ktr]  Finished reading query, closing connection
2026-07-02 03:51:11.246 INFO  <Transformacion Evaluacion ServicioLF - Entrada Tabla Evaluacion_Servicio> [/jobs/Job_dim_fact.kjb  /jobs/ETLdim_Evaluacion_Servicio.ktr]  Finished processing (I=6, O=0, R=0, W=6, U=0, E=0)
2026-07-02 03:51:11.247 INFO  <Transformacion Evaluacion ServicioLF - Ordenar filas 3> [/jobs/Job_dim_fact.kjb  /jobs/ETLdim_Evaluacion_Servicio.ktr]  Finished processing (I=0, O=0, R=6, W=6, U=0, E=0)
2026-07-02 03:51:11.272 INFO  <Transformacion Evaluacion ServicioLF - Insert / update> [/jobs/Job_dim_fact.kjb  /jobs/ETLdim_Evaluacion_Servicio.ktr]  Finished processing (I=6, O=0, R=6, W=6, U=0, E=0)
2026-07-02 03:51:11.280 INFO  <Thread-7> [/jobs/Job_dim_fact.kjb]  Starting entry [ELT dim_contrato]
2026-07-02 03:51:11.345 INFO  <Thread-7> [/jobs/Job_dim_fact.kjb]  Using run configuration [Pentaho local]
2026-07-02 03:51:11.349 INFO  <Thread-7> [/jobs/Job_dim_fact.kjb  /jobs/ETLdim_Contrato.ktr]  Dispatching started for transformation [Transformacion_ContratoLF]
2026-07-02 03:51:11.422 INFO  <Transformacion_ContratoLF - Entrada Tabla> [/jobs/Job_dim_fact.kjb  /jobs/ETLdim_Contrato.ktr]  Finished reading query, closing connection
2026-07-02 03:51:11.433 INFO  <Transformacion_ContratoLF - Entrada Tabla> [/jobs/Job_dim_fact.kjb  /jobs/ETLdim_Contrato.ktr]  Finished processing (I=1000, O=0, R=0, W=1000, U=0, E=0)
2026-07-02 03:51:11.440 INFO  <Transformacion_ContratoLF - Ordenar filas 3> [/jobs/Job_dim_fact.kjb  /jobs/ETLdim_Contrato.ktr]  Finished processing (I=0, O=0, R=1000, W=1000, U=0, E=0)
2026-07-02 03:51:11.923 INFO  <Transformacion_ContratoLF - Insert / update> [/jobs/Job_dim_fact.kjb  /jobs/ETLdim_Contrato.ktr]  Finished processing (I=1000, O=0, R=1000, W=1000, U=0, E=0)
2026-07-02 03:51:11.928 INFO  <Thread-7> [/jobs/Job_dim_fact.kjb]  Starting entry [ETL dim_estado_contrato]
2026-07-02 03:51:12.137 INFO  <Thread-7> [/jobs/Job_dim_fact.kjb]  Using run configuration [Pentaho local]
2026-07-02 03:51:12.140 INFO  <Thread-7> [/jobs/Job_dim_fact.kjb  /jobs/ETLdim_Estado_Contrato.ktr]  Dispatching started for transformation [Transformacion Estado ContratoLF]
2026-07-02 03:51:12.269 INFO  <Transformacion Estado ContratoLF - Entrada Tabla Estado Contrato> [/jobs/Job_dim_fact.kjb  /jobs/ETLdim_Estado_Contrato.ktr]  Finished reading query, closing connection
2026-07-02 03:51:12.272 INFO  <Transformacion Estado ContratoLF - Seleccionar Estado Contrato> [/jobs/Job_dim_fact.kjb  /jobs/ETLdim_Estado_Contrato.ktr]  Finished processing (I=0, O=0, R=1000, W=1000, U=0, E=0)
2026-07-02 03:51:12.275 INFO  <Transformacion Estado ContratoLF - Entrada Tabla Estado Contrato> [/jobs/Job_dim_fact.kjb  /jobs/ETLdim_Estado_Contrato.ktr]  Finished processing (I=1000, O=0, R=0, W=1000, U=0, E=0)
2026-07-02 03:51:12.278 INFO  <Transformacion Estado ContratoLF - Agrupar> [/jobs/Job_dim_fact.kjb  /jobs/ETLdim_Estado_Contrato.ktr]  Finished processing (I=0, O=0, R=1000, W=3, U=0, E=0)
2026-07-02 03:51:12.281 INFO  <Transformacion Estado ContratoLF - Add sequence cod_estado> [/jobs/Job_dim_fact.kjb  /jobs/ETLdim_Estado_Contrato.ktr]  Finished processing (I=0, O=0, R=3, W=3, U=0, E=0)
2026-07-02 03:51:12.285 INFO  <Transformacion Estado ContratoLF - Ordenar filas 3> [/jobs/Job_dim_fact.kjb  /jobs/ETLdim_Estado_Contrato.ktr]  Finished processing (I=0, O=0, R=3, W=3, U=0, E=0)
2026-07-02 03:51:12.308 INFO  <Transformacion Estado ContratoLF - Insert / update> [/jobs/Job_dim_fact.kjb  /jobs/ETLdim_Estado_Contrato.ktr]  Finished processing (I=3, O=0, R=3, W=3, U=0, E=0)
2026-07-02 03:51:12.315 INFO  <Thread-7> [/jobs/Job_dim_fact.kjb]  Starting entry [ETL dim_sucursal]
2026-07-02 03:51:12.407 INFO  <Thread-7> [/jobs/Job_dim_fact.kjb]  Using run configuration [Pentaho local]
2026-07-02 03:51:12.413 INFO  <Thread-7> [/jobs/Job_dim_fact.kjb  /jobs/ETLdim_Sucursal.ktr]  Dispatching started for transformation [Transformacion SucursalLF]
2026-07-02 03:51:12.490 INFO  <Transformacion SucursalLF - Entrada Tabla Pais> [/jobs/Job_dim_fact.kjb  /jobs/ETLdim_Sucursal.ktr]  Finished reading query, closing connection
2026-07-02 03:51:12.496 INFO  <Transformacion SucursalLF - Entrada Tabla Pais> [/jobs/Job_dim_fact.kjb  /jobs/ETLdim_Sucursal.ktr]  Finished processing (I=30, O=0, R=0, W=30, U=0, E=0)
2026-07-02 03:51:12.500 INFO  <Transformacion SucursalLF - Entrada Tabla Ciudad> [/jobs/Job_dim_fact.kjb  /jobs/ETLdim_Sucursal.ktr]  Finished reading query, closing connection
2026-07-02 03:51:12.505 INFO  <Transformacion SucursalLF - Entrada Tabla Ciudad> [/jobs/Job_dim_fact.kjb  /jobs/ETLdim_Sucursal.ktr]  Finished processing (I=30, O=0, R=0, W=30, U=0, E=0)
2026-07-02 03:51:12.517 INFO  <Transformacion SucursalLF - Entrada Tabla Sucursal> [/jobs/Job_dim_fact.kjb  /jobs/ETLdim_Sucursal.ktr]  Finished reading query, closing connection
2026-07-02 03:51:12.520 INFO  <Transformacion SucursalLF - Entrada Tabla Sucursal> [/jobs/Job_dim_fact.kjb  /jobs/ETLdim_Sucursal.ktr]  Finished processing (I=30, O=0, R=0, W=30, U=0, E=0)
2026-07-02 03:51:12.819 INFO  <Transformacion SucursalLF - Unión Sucursal-Pais> [/jobs/Job_dim_fact.kjb  /jobs/ETLdim_Sucursal.ktr]  Finished processing (I=0, O=0, R=60, W=30, U=0, E=0)
2026-07-02 03:51:13.122 INFO  <Transformacion SucursalLF - Unión Sucursal-Pais-Ciudad> [/jobs/Job_dim_fact.kjb  /jobs/ETLdim_Sucursal.ktr]  Finished processing (I=0, O=0, R=60, W=30, U=0, E=0)
2026-07-02 03:51:13.126 INFO  <Transformacion SucursalLF - Ordenar filas 3> [/jobs/Job_dim_fact.kjb  /jobs/ETLdim_Sucursal.ktr]  Finished processing (I=0, O=0, R=30, W=30, U=0, E=0)
2026-07-02 03:51:13.192 INFO  <Transformacion SucursalLF - Insert / update> [/jobs/Job_dim_fact.kjb  /jobs/ETLdim_Sucursal.ktr]  Finished processing (I=30, O=0, R=30, W=30, U=0, E=0)
2026-07-02 03:51:13.197 INFO  <Thread-7> [/jobs/Job_dim_fact.kjb]  Starting entry [ETL dim_siniestro]
2026-07-02 03:51:13.259 INFO  <Thread-7> [/jobs/Job_dim_fact.kjb]  Using run configuration [Pentaho local]
2026-07-02 03:51:13.261 INFO  <Thread-7> [/jobs/Job_dim_fact.kjb  /jobs/ETLdim_Siniestro.ktr]  Dispatching started for transformation [Transformacion siniestroLF]
2026-07-02 03:51:13.324 INFO  <Transformacion siniestroLF - Entrada Tabla Siniestro> [/jobs/Job_dim_fact.kjb  /jobs/ETLdim_Siniestro.ktr]  Finished reading query, closing connection
2026-07-02 03:51:13.326 INFO  <Transformacion siniestroLF - Entrada Tabla Siniestro> [/jobs/Job_dim_fact.kjb  /jobs/ETLdim_Siniestro.ktr]  Finished processing (I=20, O=0, R=0, W=20, U=0, E=0)
2026-07-02 03:51:13.326 INFO  <Transformacion siniestroLF - Ordenar filas 3> [/jobs/Job_dim_fact.kjb  /jobs/ETLdim_Siniestro.ktr]  Finished processing (I=0, O=0, R=20, W=20, U=0, E=0)
2026-07-02 03:51:13.354 INFO  <Transformacion siniestroLF - Insert / update> [/jobs/Job_dim_fact.kjb  /jobs/ETLdim_Siniestro.ktr]  Finished processing (I=20, O=0, R=20, W=20, U=0, E=0)
2026-07-02 03:51:13.359 INFO  <Thread-7> [/jobs/Job_dim_fact.kjb]  Starting entry [ETL_fact_metas]
2026-07-02 03:51:13.616 INFO  <Thread-7> [/jobs/Job_dim_fact.kjb]  Using run configuration [Pentaho local]
2026-07-02 03:51:13.621 INFO  <Thread-7> [/jobs/Job_dim_fact.kjb  /jobs/ETLfact_Metas.ktr]  Dispatching started for transformation [LFTransformation_fact_metas]
2026-07-02 03:51:13.922 INFO  <LFTransformation_fact_metas - extraer producto> [/jobs/Job_dim_fact.kjb  /jobs/ETLfact_Metas.ktr]  Finished reading query, closing connection
2026-07-02 03:51:13.927 INFO  <LFTransformation_fact_metas - extraer dim_tiempo> [/jobs/Job_dim_fact.kjb  /jobs/ETLfact_Metas.ktr]  Finished reading query, closing connection
2026-07-02 03:51:13.930 INFO  <LFTransformation_fact_metas - extraer producto> [/jobs/Job_dim_fact.kjb  /jobs/ETLfact_Metas.ktr]  Finished processing (I=30, O=0, R=0, W=30, U=0, E=0)
2026-07-02 03:51:13.930 INFO  <LFTransformation_fact_metas - Sort cod_prod> [/jobs/Job_dim_fact.kjb  /jobs/ETLfact_Metas.ktr]  Finished processing (I=0, O=0, R=30, W=30, U=0, E=0)
2026-07-02 03:51:13.942 INFO  <LFTransformation_fact_metas - extraer dim_tiempo2> [/jobs/Job_dim_fact.kjb  /jobs/ETLfact_Metas.ktr]  Finished reading query, closing connection
2026-07-02 03:51:17.753 INFO  <LFTransformation_fact_metas - Microsoft Excel metas> [/jobs/Job_dim_fact.kjb  /jobs/ETLfact_Metas.ktr]  Finished processing (I=390, O=0, R=0, W=390, U=0, E=0)
2026-07-02 03:51:17.765 INFO  <LFTransformation_fact_metas - Sort cod_prod 2> [/jobs/Job_dim_fact.kjb  /jobs/ETLfact_Metas.ktr]  Finished processing (I=0, O=0, R=390, W=390, U=0, E=0)
2026-07-02 03:51:18.070 INFO  <LFTransformation_fact_metas - Merge join> [/jobs/Job_dim_fact.kjb  /jobs/ETLfact_Metas.ktr]  Finished processing (I=0, O=0, R=420, W=390, U=0, E=0)
2026-07-02 03:51:18.074 INFO  <LFTransformation_fact_metas - Quitar cod_prod y dejar SK> [/jobs/Job_dim_fact.kjb  /jobs/ETLfact_Metas.ktr]  Finished processing (I=0, O=0, R=390, W=390, U=0, E=0)
2026-07-02 03:51:18.081 INFO  <LFTransformation_fact_metas - Sort fecha_inicio> [/jobs/Job_dim_fact.kjb  /jobs/ETLfact_Metas.ktr]  Finished processing (I=0, O=0, R=390, W=390, U=0, E=0)
2026-07-02 03:51:18.233 INFO  <LFTransformation_fact_metas - Merge join 2> [/jobs/Job_dim_fact.kjb  /jobs/ETLfact_Metas.ktr]  Finished processing (I=0, O=0, R=390, W=0, U=0, E=0)
2026-07-02 03:51:18.586 INFO  <Thread-7> [/jobs/Job_dim_fact.kjb]  Starting entry [ETL_fact_reg_contrato]
2026-07-02 03:51:18.812 INFO  <Thread-7> [/jobs/Job_dim_fact.kjb]  Using run configuration [Pentaho local]
2026-07-02 03:51:18.815 INFO  <Thread-7> [/jobs/Job_dim_fact.kjb  /jobs/ETLfact_Registro_Contrato.ktr]  Dispatching started for transformation [Transformacion FACT_Registro_Contrato]
2026-07-02 03:51:18.948 INFO  <init of Salida Tabla.0 (Thread-174)> [/jobs/Job_dim_fact.kjb  /jobs/ETLfact_Registro_Contrato.ktr]  Connected to database [Docker] (commit=1000)
2026-07-02 03:51:18.985 INFO  <Transformacion FACT_Registro_Contrato - Entrada Tabla Dim_Cliente> [/jobs/Job_dim_fact.kjb  /jobs/ETLfact_Registro_Contrato.ktr]  Finished reading query, closing connection
2026-07-02 03:51:18.992 INFO  <Transformacion FACT_Registro_Contrato - Ordenar filas cod_cliente 2> [/jobs/Job_dim_fact.kjb  /jobs/ETLfact_Registro_Contrato.ktr]  Finished processing (I=0, O=0, R=300, W=300, U=0, E=0)
2026-07-02 03:51:19.006 INFO  <Transformacion FACT_Registro_Contrato - Entrada Tabla Dim_Cliente> [/jobs/Job_dim_fact.kjb  /jobs/ETLfact_Registro_Contrato.ktr]  Finished processing (I=300, O=0, R=0, W=300, U=0, E=0)
2026-07-02 03:51:19.009 INFO  <Transformacion FACT_Registro_Contrato - Entrada Tabla Registro Contrato> [/jobs/Job_dim_fact.kjb  /jobs/ETLfact_Registro_Contrato.ktr]  Finished reading query, closing connection
2026-07-02 03:51:19.027 INFO  <Transformacion FACT_Registro_Contrato - Entrada Tabla dim_producto> [/jobs/Job_dim_fact.kjb  /jobs/ETLfact_Registro_Contrato.ktr]  Finished reading query, closing connection
2026-07-02 03:51:19.027 INFO  <Transformacion FACT_Registro_Contrato - Entrada Tabla dim_tiempo> [/jobs/Job_dim_fact.kjb  /jobs/ETLfact_Registro_Contrato.ktr]  Finished reading query, closing connection
2026-07-02 03:51:19.049 INFO  <Transformacion FACT_Registro_Contrato - Entrada Tabla dim_producto> [/jobs/Job_dim_fact.kjb  /jobs/ETLfact_Registro_Contrato.ktr]  Finished processing (I=30, O=0, R=0, W=30, U=0, E=0)
2026-07-02 03:51:19.027 INFO  <Transformacion FACT_Registro_Contrato - Entrada Tabla dim_contrato> [/jobs/Job_dim_fact.kjb  /jobs/ETLfact_Registro_Contrato.ktr]  Finished reading query, closing connection
2026-07-02 03:51:19.045 INFO  <Transformacion FACT_Registro_Contrato - Ordenar filas descrip_estado> [/jobs/Job_dim_fact.kjb  /jobs/ETLfact_Registro_Contrato.ktr]  Finished processing (I=0, O=0, R=3, W=3, U=0, E=0)
2026-07-02 03:51:19.045 INFO  <Transformacion FACT_Registro_Contrato - Ordenar filas cod_cliente> [/jobs/Job_dim_fact.kjb  /jobs/ETLfact_Registro_Contrato.ktr]  Finished processing (I=0, O=0, R=1000, W=1000, U=0, E=0)
2026-07-02 03:51:19.034 INFO  <Transformacion FACT_Registro_Contrato - Entrada Tabla Registro Contrato> [/jobs/Job_dim_fact.kjb  /jobs/ETLfact_Registro_Contrato.ktr]  Finished processing (I=1000, O=0, R=0, W=1000, U=0, E=0)
2026-07-02 03:51:19.032 INFO  <Transformacion FACT_Registro_Contrato - Ordenar filas cod_producto 2> [/jobs/Job_dim_fact.kjb  /jobs/ETLfact_Registro_Contrato.ktr]  Finished processing (I=0, O=0, R=30, W=30, U=0, E=0)
2026-07-02 03:51:19.038 INFO  <Transformacion FACT_Registro_Contrato - Ordenar filas nro_contrato 2> [/jobs/Job_dim_fact.kjb  /jobs/ETLfact_Registro_Contrato.ktr]  Finished processing (I=0, O=0, R=1000, W=1000, U=0, E=0)
2026-07-02 03:51:19.031 INFO  <Transformacion FACT_Registro_Contrato - Entrada Tabla dim_estado_contrato> [/jobs/Job_dim_fact.kjb  /jobs/ETLfact_Registro_Contrato.ktr]  Finished reading query, closing connection
2026-07-02 03:51:19.067 INFO  <Transformacion FACT_Registro_Contrato - Entrada Tabla dim_contrato> [/jobs/Job_dim_fact.kjb  /jobs/ETLfact_Registro_Contrato.ktr]  Finished processing (I=1000, O=0, R=0, W=1000, U=0, E=0)
2026-07-02 03:51:19.076 INFO  <Transformacion FACT_Registro_Contrato - Entrada Tabla dim_estado_contrato> [/jobs/Job_dim_fact.kjb  /jobs/ETLfact_Registro_Contrato.ktr]  Finished processing (I=3, O=0, R=0, W=3, U=0, E=0)
2026-07-02 03:51:19.362 INFO  <Transformacion FACT_Registro_Contrato - Unión por clave> [/jobs/Job_dim_fact.kjb  /jobs/ETLfact_Registro_Contrato.ktr]  Finished processing (I=0, O=0, R=1300, W=1000, U=0, E=0)
2026-07-02 03:51:19.386 INFO  <Transformacion FACT_Registro_Contrato - Ordenar filas cod_producto> [/jobs/Job_dim_fact.kjb  /jobs/ETLfact_Registro_Contrato.ktr]  Finished processing (I=0, O=0, R=1000, W=1000, U=0, E=0)
2026-07-02 03:51:19.679 INFO  <Transformacion FACT_Registro_Contrato - Unión por clave cod_producto> [/jobs/Job_dim_fact.kjb  /jobs/ETLfact_Registro_Contrato.ktr]  Finished processing (I=0, O=0, R=1030, W=1000, U=0, E=0)
2026-07-02 03:51:19.688 INFO  <Transformacion FACT_Registro_Contrato - Ordenar filas nro_contrato> [/jobs/Job_dim_fact.kjb  /jobs/ETLfact_Registro_Contrato.ktr]  Finished processing (I=0, O=0, R=1000, W=1000, U=0, E=0)
2026-07-02 03:51:19.997 INFO  <Transformacion FACT_Registro_Contrato - Unión por clave nro_contrato> [/jobs/Job_dim_fact.kjb  /jobs/ETLfact_Registro_Contrato.ktr]  Finished processing (I=0, O=0, R=2000, W=1000, U=0, E=0)
2026-07-02 03:51:20.005 INFO  <Transformacion FACT_Registro_Contrato - Ordenar filas estado_contrato> [/jobs/Job_dim_fact.kjb  /jobs/ETLfact_Registro_Contrato.ktr]  Finished processing (I=0, O=0, R=1000, W=1000, U=0, E=0)
2026-07-02 03:51:20.311 INFO  <Transformacion FACT_Registro_Contrato - Unión por clave estado_contrato> [/jobs/Job_dim_fact.kjb  /jobs/ETLfact_Registro_Contrato.ktr]  Finished processing (I=0, O=0, R=1003, W=1000, U=0, E=0)
2026-07-02 03:51:20.335 INFO  <Transformacion FACT_Registro_Contrato - Ordenar filas fecha inicio> [/jobs/Job_dim_fact.kjb  /jobs/ETLfact_Registro_Contrato.ktr]  Finished processing (I=0, O=0, R=1000, W=1000, U=0, E=0)
2026-07-02 03:51:20.685 INFO  <Transformacion FACT_Registro_Contrato - Unión por clave fecha inicio> [/jobs/Job_dim_fact.kjb  /jobs/ETLfact_Registro_Contrato.ktr]  Finished processing (I=0, O=0, R=1000, W=0, U=0, E=0)
2026-07-02 03:51:21.173 INFO  <Thread-7> [/jobs/Job_dim_fact.kjb]  Starting entry [ETL fact_reg_siniestro]
2026-07-02 03:51:21.497 INFO  <Thread-7> [/jobs/Job_dim_fact.kjb]  Using run configuration [Pentaho local]
2026-07-02 03:51:21.501 INFO  <Thread-7> [/jobs/Job_dim_fact.kjb  /jobs/ETLfact_Registro_Siniestro.ktr]  Dispatching started for transformation [Transformacion Fact_Registro_Siniestro]
2026-07-02 03:51:21.671 INFO  <Transformacion Fact_Registro_Siniestro - Entrada Tabla dim_siniestro> [/jobs/Job_dim_fact.kjb  /jobs/ETLfact_Registro_Siniestro.ktr]  Finished reading query, closing connection
2026-07-02 03:51:21.674 INFO  <Transformacion Fact_Registro_Siniestro - Ordenar filas nro_siniestro> [/jobs/Job_dim_fact.kjb  /jobs/ETLfact_Registro_Siniestro.ktr]  Finished processing (I=0, O=0, R=20, W=20, U=0, E=0)
2026-07-02 03:51:21.684 INFO  <Transformacion Fact_Registro_Siniestro - Entrada Tabla cliente> [/jobs/Job_dim_fact.kjb  /jobs/ETLfact_Registro_Siniestro.ktr]  Finished reading query, closing connection
2026-07-02 03:51:21.690 INFO  <Transformacion Fact_Registro_Siniestro - Ordenar filas codigo cliente> [/jobs/Job_dim_fact.kjb  /jobs/ETLfact_Registro_Siniestro.ktr]  Finished processing (I=0, O=0, R=300, W=300, U=0, E=0)
2026-07-02 03:51:21.697 INFO  <Transformacion Fact_Registro_Siniestro - Entrada Tabla Fact_Registro_Siniestro> [/jobs/Job_dim_fact.kjb  /jobs/ETLfact_Registro_Siniestro.ktr]  Finished reading query, closing connection
2026-07-02 03:51:21.700 INFO  <Transformacion Fact_Registro_Siniestro - Entrada Tabla dim_siniestro> [/jobs/Job_dim_fact.kjb  /jobs/ETLfact_Registro_Siniestro.ktr]  Finished processing (I=20, O=0, R=0, W=20, U=0, E=0)
2026-07-02 03:51:21.706 INFO  <Transformacion Fact_Registro_Siniestro - Ordenar filas siniestro> [/jobs/Job_dim_fact.kjb  /jobs/ETLfact_Registro_Siniestro.ktr]  Finished processing (I=0, O=0, R=1000, W=1000, U=0, E=0)
2026-07-02 03:51:21.708 INFO  <Transformacion Fact_Registro_Siniestro - Entrada Tabla cliente> [/jobs/Job_dim_fact.kjb  /jobs/ETLfact_Registro_Siniestro.ktr]  Finished processing (I=300, O=0, R=0, W=300, U=0, E=0)
2026-07-02 03:51:21.707 INFO  <Transformacion Fact_Registro_Siniestro - Entrada Tabla dim_contrato> [/jobs/Job_dim_fact.kjb  /jobs/ETLfact_Registro_Siniestro.ktr]  Finished reading query, closing connection
2026-07-02 03:51:21.717 INFO  <Transformacion Fact_Registro_Siniestro - Ordenar filas nro_contrato> [/jobs/Job_dim_fact.kjb  /jobs/ETLfact_Registro_Siniestro.ktr]  Finished processing (I=0, O=0, R=1000, W=1000, U=0, E=0)
2026-07-02 03:51:21.726 INFO  <Transformacion Fact_Registro_Siniestro - Entrada Tabla Fact_Registro_Siniestro> [/jobs/Job_dim_fact.kjb  /jobs/ETLfact_Registro_Siniestro.ktr]  Finished processing (I=1000, O=0, R=0, W=1000, U=0, E=0)
2026-07-02 03:51:21.729 INFO  <Transformacion Fact_Registro_Siniestro - Entrada Tabla dim_contrato> [/jobs/Job_dim_fact.kjb  /jobs/ETLfact_Registro_Siniestro.ktr]  Finished processing (I=1000, O=0, R=0, W=1000, U=0, E=0)
2026-07-02 03:51:21.746 INFO  <Transformacion Fact_Registro_Siniestro - Entrada Tabla dim_cliente> [/jobs/Job_dim_fact.kjb  /jobs/ETLfact_Registro_Siniestro.ktr]  Finished reading query, closing connection
2026-07-02 03:51:21.751 INFO  <Transformacion Fact_Registro_Siniestro - Entrada Tabla dim sucursal> [/jobs/Job_dim_fact.kjb  /jobs/ETLfact_Registro_Siniestro.ktr]  Finished reading query, closing connection
2026-07-02 03:51:21.763 INFO  <Transformacion Fact_Registro_Siniestro - Entrada Tabla dim_producto> [/jobs/Job_dim_fact.kjb  /jobs/ETLfact_Registro_Siniestro.ktr]  Finished reading query, closing connection
2026-07-02 03:51:21.772 INFO  <Transformacion Fact_Registro_Siniestro - Ordenar filas codigo cliente 2> [/jobs/Job_dim_fact.kjb  /jobs/ETLfact_Registro_Siniestro.ktr]  Finished processing (I=0, O=0, R=300, W=300, U=0, E=0)
2026-07-02 03:51:21.780 INFO  <Transformacion Fact_Registro_Siniestro - Entrada Tabla dim sucursal> [/jobs/Job_dim_fact.kjb  /jobs/ETLfact_Registro_Siniestro.ktr]  Finished processing (I=30, O=0, R=0, W=30, U=0, E=0)
2026-07-02 03:51:21.781 INFO  <Transformacion Fact_Registro_Siniestro - Entrada Tabla dim_cliente> [/jobs/Job_dim_fact.kjb  /jobs/ETLfact_Registro_Siniestro.ktr]  Finished processing (I=300, O=0, R=0, W=300, U=0, E=0)
2026-07-02 03:51:21.764 INFO  <Transformacion Fact_Registro_Siniestro - Ordenar filas sucursal 2> [/jobs/Job_dim_fact.kjb  /jobs/ETLfact_Registro_Siniestro.ktr]  Finished processing (I=0, O=0, R=30, W=30, U=0, E=0)
2026-07-02 03:51:21.781 INFO  <Transformacion Fact_Registro_Siniestro - Entrada Tabla Registro Contrato> [/jobs/Job_dim_fact.kjb  /jobs/ETLfact_Registro_Siniestro.ktr]  Finished reading query, closing connection
2026-07-02 03:51:21.781 INFO  <Transformacion Fact_Registro_Siniestro - Ordenar filas producto 2> [/jobs/Job_dim_fact.kjb  /jobs/ETLfact_Registro_Siniestro.ktr]  Finished processing (I=0, O=0, R=30, W=30, U=0, E=0)
2026-07-02 03:51:21.787 INFO  <Transformacion Fact_Registro_Siniestro - Entrada Tabla dim_producto> [/jobs/Job_dim_fact.kjb  /jobs/ETLfact_Registro_Siniestro.ktr]  Finished processing (I=30, O=0, R=0, W=30, U=0, E=0)
2026-07-02 03:51:21.786 INFO  <Transformacion Fact_Registro_Siniestro - Ordenar filas cliente> [/jobs/Job_dim_fact.kjb  /jobs/ETLfact_Registro_Siniestro.ktr]  Finished processing (I=0, O=0, R=1000, W=1000, U=0, E=0)
2026-07-02 03:51:21.781 INFO  <Transformacion Fact_Registro_Siniestro - Entrada Tabla fechas> [/jobs/Job_dim_fact.kjb  /jobs/ETLfact_Registro_Siniestro.ktr]  Finished reading query, closing connection
2026-07-02 03:51:21.792 INFO  <Transformacion Fact_Registro_Siniestro - Entrada Tabla Registro Contrato> [/jobs/Job_dim_fact.kjb  /jobs/ETLfact_Registro_Siniestro.ktr]  Finished processing (I=1000, O=0, R=0, W=1000, U=0, E=0)
2026-07-02 03:51:22.012 INFO  <Transformacion Fact_Registro_Siniestro - Unión por clave sinistro> [/jobs/Job_dim_fact.kjb  /jobs/ETLfact_Registro_Siniestro.ktr]  Finished processing (I=0, O=0, R=1020, W=1000, U=0, E=0)
2026-07-02 03:51:22.025 INFO  <Transformacion Fact_Registro_Siniestro - Ordenar filas contrato> [/jobs/Job_dim_fact.kjb  /jobs/ETLfact_Registro_Siniestro.ktr]  Finished processing (I=0, O=0, R=1000, W=1000, U=0, E=0)
2026-07-02 03:51:22.073 INFO  <Transformacion Fact_Registro_Siniestro - Unión por clave codigo cliente> [/jobs/Job_dim_fact.kjb  /jobs/ETLfact_Registro_Siniestro.ktr]  Finished processing (I=0, O=0, R=600, W=300, U=0, E=0)
2026-07-02 03:51:22.083 INFO  <Transformacion Fact_Registro_Siniestro - Ordenar filas sucursal> [/jobs/Job_dim_fact.kjb  /jobs/ETLfact_Registro_Siniestro.ktr]  Finished processing (I=0, O=0, R=300, W=300, U=0, E=0)
2026-07-02 03:51:22.336 INFO  <Transformacion Fact_Registro_Siniestro - Unión por clave contrato> [/jobs/Job_dim_fact.kjb  /jobs/ETLfact_Registro_Siniestro.ktr]  Finished processing (I=0, O=0, R=2000, W=1000, U=0, E=0)
2026-07-02 03:51:22.340 INFO  <Transformacion Fact_Registro_Siniestro - Ordenar filas contrato 2> [/jobs/Job_dim_fact.kjb  /jobs/ETLfact_Registro_Siniestro.ktr]  Finished processing (I=0, O=0, R=1000, W=1000, U=0, E=0)
2026-07-02 03:51:22.386 INFO  <Transformacion Fact_Registro_Siniestro - Unión por clave sucursal> [/jobs/Job_dim_fact.kjb  /jobs/ETLfact_Registro_Siniestro.ktr]  Finished processing (I=0, O=0, R=330, W=300, U=0, E=0)
2026-07-02 03:51:22.391 INFO  <Transformacion Fact_Registro_Siniestro - Ordenar filas cliente 2> [/jobs/Job_dim_fact.kjb  /jobs/ETLfact_Registro_Siniestro.ktr]  Finished processing (I=0, O=0, R=300, W=300, U=0, E=0)
2026-07-02 03:51:22.695 INFO  <Transformacion Fact_Registro_Siniestro - Unión por clave cliente> [/jobs/Job_dim_fact.kjb  /jobs/ETLfact_Registro_Siniestro.ktr]  Finished processing (I=0, O=0, R=1300, W=1000, U=0, E=0)
2026-07-02 03:51:22.701 INFO  <Transformacion Fact_Registro_Siniestro - Ordenar filas producto> [/jobs/Job_dim_fact.kjb  /jobs/ETLfact_Registro_Siniestro.ktr]  Finished processing (I=0, O=0, R=1000, W=1000, U=0, E=0)
2026-07-02 03:51:23.004 INFO  <Transformacion Fact_Registro_Siniestro - Unión por clave producto> [/jobs/Job_dim_fact.kjb  /jobs/ETLfact_Registro_Siniestro.ktr]  Finished processing (I=0, O=0, R=1030, W=1000, U=0, E=0)
2026-07-02 03:51:23.012 INFO  <Transformacion Fact_Registro_Siniestro - Ordenar filas contrato 3> [/jobs/Job_dim_fact.kjb  /jobs/ETLfact_Registro_Siniestro.ktr]  Finished processing (I=0, O=0, R=1000, W=1000, U=0, E=0)
2026-07-02 03:51:23.318 INFO  <Transformacion Fact_Registro_Siniestro - Unión por clave contrato 2> [/jobs/Job_dim_fact.kjb  /jobs/ETLfact_Registro_Siniestro.ktr]  Finished processing (I=0, O=0, R=2000, W=1000, U=0, E=0)
2026-07-02 03:51:23.326 INFO  <Transformacion Fact_Registro_Siniestro - Ordenar filas fecha_siniestro> [/jobs/Job_dim_fact.kjb  /jobs/ETLfact_Registro_Siniestro.ktr]  Finished processing (I=0, O=0, R=1000, W=1000, U=0, E=0)
2026-07-02 03:51:23.626 INFO  <Transformacion Fact_Registro_Siniestro - Unión por clave fecha_siniestro> [/jobs/Job_dim_fact.kjb  /jobs/ETLfact_Registro_Siniestro.ktr]  Finished processing (I=0, O=0, R=1000, W=0, U=0, E=0)
2026-07-02 03:51:24.225 INFO  <Thread-7> [/jobs/Job_dim_fact.kjb]  Starting entry [ETL fact_eval_servicio]
2026-07-02 03:51:24.385 INFO  <Thread-7> [/jobs/Job_dim_fact.kjb]  Using run configuration [Pentaho local]
2026-07-02 03:51:24.388 INFO  <Thread-7> [/jobs/Job_dim_fact.kjb  /jobs/ETLfact_Evaluacion_Servicio.ktr]  Dispatching started for transformation [Transformacion Fact_Evaluacion_Servicio]
2026-07-02 03:51:24.483 INFO  <Transformacion Fact_Evaluacion_Servicio - Entrada Tabla dim producto> [/jobs/Job_dim_fact.kjb  /jobs/ETLfact_Evaluacion_Servicio.ktr]  Finished reading query, closing connection
2026-07-02 03:51:24.496 INFO  <Transformacion Fact_Evaluacion_Servicio - Entrada Tabla dim producto> [/jobs/Job_dim_fact.kjb  /jobs/ETLfact_Evaluacion_Servicio.ktr]  Finished processing (I=30, O=0, R=0, W=30, U=0, E=0)
2026-07-02 03:51:24.502 INFO  <Transformacion Fact_Evaluacion_Servicio - Ordenar filas cod_producto> [/jobs/Job_dim_fact.kjb  /jobs/ETLfact_Evaluacion_Servicio.ktr]  Finished processing (I=0, O=0, R=30, W=30, U=0, E=0)
2026-07-02 03:51:24.506 INFO  <Transformacion Fact_Evaluacion_Servicio - Entrada Tabla dim cliente> [/jobs/Job_dim_fact.kjb  /jobs/ETLfact_Evaluacion_Servicio.ktr]  Finished reading query, closing connection
2026-07-02 03:51:24.509 INFO  <Transformacion Fact_Evaluacion_Servicio - Entrada Tabla dim evaluacion servicio> [/jobs/Job_dim_fact.kjb  /jobs/ETLfact_Evaluacion_Servicio.ktr]  Finished reading query, closing connection
2026-07-02 03:51:24.510 INFO  <Transformacion Fact_Evaluacion_Servicio - Ordenar filas cod_cliente> [/jobs/Job_dim_fact.kjb  /jobs/ETLfact_Evaluacion_Servicio.ktr]  Finished processing (I=0, O=0, R=300, W=300, U=0, E=0)
2026-07-02 03:51:24.512 INFO  <Transformacion Fact_Evaluacion_Servicio - Ordenar filas 2 evaluacion servicio> [/jobs/Job_dim_fact.kjb  /jobs/ETLfact_Evaluacion_Servicio.ktr]  Finished processing (I=0, O=0, R=6, W=6, U=0, E=0)
2026-07-02 03:51:24.513 INFO  <Transformacion Fact_Evaluacion_Servicio - Entrada Tabla recomienda> [/jobs/Job_dim_fact.kjb  /jobs/ETLfact_Evaluacion_Servicio.ktr]  Finished reading query, closing connection
2026-07-02 03:51:24.521 INFO  <Transformacion Fact_Evaluacion_Servicio - Ordenar filas codigo producto> [/jobs/Job_dim_fact.kjb  /jobs/ETLfact_Evaluacion_Servicio.ktr]  Finished processing (I=0, O=0, R=500, W=500, U=0, E=0)
2026-07-02 03:51:24.520 INFO  <Transformacion Fact_Evaluacion_Servicio - Entrada Tabla dim_tiempo> [/jobs/Job_dim_fact.kjb  /jobs/ETLfact_Evaluacion_Servicio.ktr]  Finished reading query, closing connection
2026-07-02 03:51:24.518 INFO  <Transformacion Fact_Evaluacion_Servicio - Entrada Tabla dim cliente> [/jobs/Job_dim_fact.kjb  /jobs/ETLfact_Evaluacion_Servicio.ktr]  Finished processing (I=300, O=0, R=0, W=300, U=0, E=0)
2026-07-02 03:51:24.524 INFO  <Transformacion Fact_Evaluacion_Servicio - Entrada Tabla dim evaluacion servicio> [/jobs/Job_dim_fact.kjb  /jobs/ETLfact_Evaluacion_Servicio.ktr]  Finished processing (I=6, O=0, R=0, W=6, U=0, E=0)
2026-07-02 03:51:24.532 INFO  <Transformacion Fact_Evaluacion_Servicio - Entrada Tabla recomienda> [/jobs/Job_dim_fact.kjb  /jobs/ETLfact_Evaluacion_Servicio.ktr]  Finished processing (I=500, O=0, R=0, W=500, U=0, E=0)
2026-07-02 03:51:24.829 INFO  <Transformacion Fact_Evaluacion_Servicio - Unión por clave codigo pruducto> [/jobs/Job_dim_fact.kjb  /jobs/ETLfact_Evaluacion_Servicio.ktr]  Finished processing (I=0, O=0, R=530, W=500, U=0, E=0)
2026-07-02 03:51:24.835 INFO  <Transformacion Fact_Evaluacion_Servicio - Ordenar filas codigo cliente> [/jobs/Job_dim_fact.kjb  /jobs/ETLfact_Evaluacion_Servicio.ktr]  Finished processing (I=0, O=0, R=500, W=500, U=0, E=0)
2026-07-02 03:51:25.139 INFO  <Transformacion Fact_Evaluacion_Servicio - Unión por clave codigo cliente> [/jobs/Job_dim_fact.kjb  /jobs/ETLfact_Evaluacion_Servicio.ktr]  Finished processing (I=0, O=0, R=800, W=500, U=0, E=0)
2026-07-02 03:51:25.143 INFO  <Transformacion Fact_Evaluacion_Servicio - Ordenar filas codigo evaluacion servicio> [/jobs/Job_dim_fact.kjb  /jobs/ETLfact_Evaluacion_Servicio.ktr]  Finished processing (I=0, O=0, R=500, W=500, U=0, E=0)
2026-07-02 03:51:25.445 INFO  <Transformacion Fact_Evaluacion_Servicio - Unión por clave evaluacion servicio> [/jobs/Job_dim_fact.kjb  /jobs/ETLfact_Evaluacion_Servicio.ktr]  Finished processing (I=0, O=0, R=506, W=500, U=0, E=0)
2026-07-02 03:51:25.453 INFO  <Transformacion Fact_Evaluacion_Servicio - Ordenar filas fecha_recomienda> [/jobs/Job_dim_fact.kjb  /jobs/ETLfact_Evaluacion_Servicio.ktr]  Finished processing (I=0, O=0, R=500, W=500, U=0, E=0)
2026-07-02 03:51:25.753 INFO  <Transformacion Fact_Evaluacion_Servicio - Unión por clave fecha> [/jobs/Job_dim_fact.kjb  /jobs/ETLfact_Evaluacion_Servicio.ktr]  Finished processing (I=0, O=0, R=500, W=0, U=0, E=0)
2026-07-02 03:51:25.772 INFO  <Thread-7> [/jobs/Job_dim_fact.kjb]  Finished job entry [ETL fact_eval_servicio] (result=[true])
2026-07-02 03:51:25.777 INFO  <Thread-7> [/jobs/Job_dim_fact.kjb]  Finished job entry [ETL fact_reg_siniestro] (result=[true])
2026-07-02 03:51:25.781 INFO  <Thread-7> [/jobs/Job_dim_fact.kjb]  Finished job entry [ETL_fact_reg_contrato] (result=[true])
2026-07-02 03:51:25.784 INFO  <Thread-7> [/jobs/Job_dim_fact.kjb]  Finished job entry [ETL_fact_metas] (result=[true])
2026-07-02 03:51:25.786 INFO  <Thread-7> [/jobs/Job_dim_fact.kjb]  Finished job entry [ETL dim_siniestro] (result=[true])
2026-07-02 03:51:25.788 INFO  <Thread-7> [/jobs/Job_dim_fact.kjb]  Finished job entry [ETL dim_sucursal] (result=[true])
2026-07-02 03:51:25.792 INFO  <Thread-7> [/jobs/Job_dim_fact.kjb]  Finished job entry [ETL dim_estado_contrato] (result=[true])
2026-07-02 03:51:25.794 INFO  <Thread-7> [/jobs/Job_dim_fact.kjb]  Finished job entry [ELT dim_contrato] (result=[true])
2026-07-02 03:51:25.797 INFO  <Thread-7> [/jobs/Job_dim_fact.kjb]  Finished job entry [ETL dim_eval_servicio] (result=[true])
2026-07-02 03:51:25.799 INFO  <Thread-7> [/jobs/Job_dim_fact.kjb]  Finished job entry [ETL dim_cliente] (result=[true])
2026-07-02 03:51:25.801 INFO  <Thread-7> [/jobs/Job_dim_fact.kjb]  Finished job entry [ETL dim_producto] (result=[true])
2026-07-02 03:51:25.803 INFO  <Thread-7> [/jobs/Job_dim_fact.kjb]  Finished job entry [ETL dim_tiempo] (result=[true])
2026-07-02 03:51:25.805 WARN  <Thread-7> [/jobs/Job_dim_fact.kjb]  Job execution finished
2026-07-02 20:35:40.981 WARN  <Thread-8> [/jobs/Job_dim_fact.kjb]  Start of job execution
2026-07-02 20:35:41.614 INFO  <Thread-8> [/jobs/Job_dim_fact.kjb]  Starting entry [ETL dim_tiempo]
2026-07-02 20:35:44.319 INFO  <Thread-8> [/jobs/Job_dim_fact.kjb]  Using run configuration [Pentaho local]
2026-07-02 20:35:44.395 INFO  <Thread-8> [/jobs/Job_dim_fact.kjb  /jobs/ETLdim_Tiempo.ktr]  Dispatching started for transformation [Transformacion Dim_Tiempo]
2026-07-02 20:35:48.303 INFO  <Transformacion Dim_Tiempo - Generate rows> [/jobs/Job_dim_fact.kjb  /jobs/ETLdim_Tiempo.ktr]  Finished processing (I=0, O=0, R=0, W=14976, U=0, E=0)
2026-07-02 20:35:48.495 INFO  <Transformacion Dim_Tiempo - suma_dias> [/jobs/Job_dim_fact.kjb  /jobs/ETLdim_Tiempo.ktr]  Finished processing (I=0, O=0, R=14976, W=14976, U=0, E=0)
2026-07-02 20:35:48.635 INFO  <Transformacion Dim_Tiempo - Calculator> [/jobs/Job_dim_fact.kjb  /jobs/ETLdim_Tiempo.ktr]  Finished processing (I=0, O=0, R=14976, W=14976, U=0, E=0)
2026-07-02 20:35:52.510 INFO  <Transformacion Dim_Tiempo - Select values> [/jobs/Job_dim_fact.kjb  /jobs/ETLdim_Tiempo.ktr]  Finished processing (I=0, O=0, R=14976, W=14976, U=0, E=0)
2026-07-02 20:35:54.462 INFO  <Transformacion Dim_Tiempo - Microsoft Excel input Dias> [/jobs/Job_dim_fact.kjb  /jobs/ETLdim_Tiempo.ktr]  Finished processing (I=4747, O=0, R=0, W=4747, U=0, E=0)
2026-07-02 20:35:54.593 INFO  <Transformacion Dim_Tiempo - Extraccion de año> [/jobs/Job_dim_fact.kjb  /jobs/ETLdim_Tiempo.ktr]  Finished processing (I=0, O=0, R=19723, W=19723, U=0, E=0)
2026-07-02 20:35:54.614 INFO  <Transformacion Dim_Tiempo - Extraccion de mes> [/jobs/Job_dim_fact.kjb  /jobs/ETLdim_Tiempo.ktr]  Finished processing (I=0, O=0, R=19723, W=19723, U=0, E=0)
2026-07-02 20:35:54.622 INFO  <Transformacion Dim_Tiempo - Extraccion dia año> [/jobs/Job_dim_fact.kjb  /jobs/ETLdim_Tiempo.ktr]  Finished processing (I=0, O=0, R=19723, W=19723, U=0, E=0)
2026-07-02 20:35:54.644 INFO  <Transformacion Dim_Tiempo - Extraccion dia mes> [/jobs/Job_dim_fact.kjb  /jobs/ETLdim_Tiempo.ktr]  Finished processing (I=0, O=0, R=19723, W=19723, U=0, E=0)
2026-07-02 20:35:54.652 INFO  <Transformacion Dim_Tiempo - Extraccion dia semana> [/jobs/Job_dim_fact.kjb  /jobs/ETLdim_Tiempo.ktr]  Finished processing (I=0, O=0, R=19723, W=19723, U=0, E=0)
2026-07-02 20:35:54.734 INFO  <Transformacion Dim_Tiempo - Extraccion semana> [/jobs/Job_dim_fact.kjb  /jobs/ETLdim_Tiempo.ktr]  Finished processing (I=0, O=0, R=19723, W=19723, U=0, E=0)
2026-07-02 20:35:54.737 INFO  <Transformacion Dim_Tiempo - Mapeo de valores Des_dia_semana> [/jobs/Job_dim_fact.kjb  /jobs/ETLdim_Tiempo.ktr]  Finished processing (I=0, O=0, R=19723, W=19723, U=0, E=0)
2026-07-02 20:35:54.741 INFO  <Transformacion Dim_Tiempo - Mapeo de valores desc_dia_semana_corta> [/jobs/Job_dim_fact.kjb  /jobs/ETLdim_Tiempo.ktr]  Finished processing (I=0, O=0, R=19723, W=19723, U=0, E=0)
2026-07-02 20:35:54.752 INFO  <Transformacion Dim_Tiempo - Mapeo de valores desc_mes> [/jobs/Job_dim_fact.kjb  /jobs/ETLdim_Tiempo.ktr]  Finished processing (I=0, O=0, R=19723, W=19723, U=0, E=0)
2026-07-02 20:35:54.759 INFO  <Transformacion Dim_Tiempo - Mapeo de valores desc_mes_corta> [/jobs/Job_dim_fact.kjb  /jobs/ETLdim_Tiempo.ktr]  Finished processing (I=0, O=0, R=19723, W=19723, U=0, E=0)
2026-07-02 20:35:54.776 INFO  <Transformacion Dim_Tiempo - Formula desc_trimestre> [/jobs/Job_dim_fact.kjb  /jobs/ETLdim_Tiempo.ktr]  Finished processing (I=0, O=0, R=19723, W=19723, U=0, E=0)
2026-07-02 20:36:28.727 INFO  <Transformacion Dim_Tiempo - Formula desc_semestre> [/jobs/Job_dim_fact.kjb  /jobs/ETLdim_Tiempo.ktr]  Finished processing (I=0, O=0, R=19723, W=19723, U=0, E=0)
2026-07-02 20:37:02.174 INFO  <Transformacion Dim_Tiempo - Insert / update> [/jobs/Job_dim_fact.kjb  /jobs/ETLdim_Tiempo.ktr]  Finished processing (I=19723, O=0, R=19723, W=19723, U=0, E=0)
2026-07-02 20:37:02.208 INFO  <Thread-8> [/jobs/Job_dim_fact.kjb]  Starting entry [ETL dim_producto]
2026-07-02 20:37:02.501 INFO  <Thread-8> [/jobs/Job_dim_fact.kjb]  Using run configuration [Pentaho local]
2026-07-02 20:37:02.505 INFO  <Thread-8> [/jobs/Job_dim_fact.kjb  /jobs/ETLdim_Producto.ktr]  Dispatching started for transformation [Transformacion ProductoLF]
2026-07-02 20:37:02.729 INFO  <Transformacion ProductoLF - Entrada Tabla Tipo Producto> [/jobs/Job_dim_fact.kjb  /jobs/ETLdim_Producto.ktr]  Finished reading query, closing connection
2026-07-02 20:37:02.732 INFO  <Transformacion ProductoLF - Entrada Tabla Producto> [/jobs/Job_dim_fact.kjb  /jobs/ETLdim_Producto.ktr]  Finished reading query, closing connection
2026-07-02 20:37:02.738 INFO  <Transformacion ProductoLF - Entrada Tabla Tipo Producto> [/jobs/Job_dim_fact.kjb  /jobs/ETLdim_Producto.ktr]  Finished processing (I=4, O=0, R=0, W=4, U=0, E=0)
2026-07-02 20:37:02.744 INFO  <Transformacion ProductoLF - Entrada Tabla Producto> [/jobs/Job_dim_fact.kjb  /jobs/ETLdim_Producto.ktr]  Finished processing (I=30, O=0, R=0, W=30, U=0, E=0)
2026-07-02 20:37:02.779 INFO  <Transformacion ProductoLF - Ordenar filas> [/jobs/Job_dim_fact.kjb  /jobs/ETLdim_Producto.ktr]  Finished processing (I=0, O=0, R=4, W=4, U=0, E=0)
2026-07-02 20:37:02.780 INFO  <Transformacion ProductoLF - Ordenar filas 2> [/jobs/Job_dim_fact.kjb  /jobs/ETLdim_Producto.ktr]  Finished processing (I=0, O=0, R=30, W=30, U=0, E=0)
2026-07-02 20:37:03.090 INFO  <Transformacion ProductoLF - Unión por clave> [/jobs/Job_dim_fact.kjb  /jobs/ETLdim_Producto.ktr]  Finished processing (I=0, O=0, R=34, W=30, U=0, E=0)
2026-07-02 20:37:03.094 INFO  <Transformacion ProductoLF - Ordenar filas 3> [/jobs/Job_dim_fact.kjb  /jobs/ETLdim_Producto.ktr]  Finished processing (I=0, O=0, R=30, W=30, U=0, E=0)
2026-07-02 20:37:03.100 INFO  <Transformacion ProductoLF - Strings cut> [/jobs/Job_dim_fact.kjb  /jobs/ETLdim_Producto.ktr]  Finished processing (I=0, O=0, R=30, W=30, U=0, E=0)
2026-07-02 20:37:03.142 INFO  <Transformacion ProductoLF - Insert / update> [/jobs/Job_dim_fact.kjb  /jobs/ETLdim_Producto.ktr]  Finished processing (I=30, O=0, R=30, W=30, U=0, E=0)
2026-07-02 20:37:03.162 INFO  <Thread-8> [/jobs/Job_dim_fact.kjb]  Starting entry [ETL dim_cliente]
2026-07-02 20:37:03.378 INFO  <Thread-8> [/jobs/Job_dim_fact.kjb]  Using run configuration [Pentaho local]
2026-07-02 20:37:03.383 INFO  <Thread-8> [/jobs/Job_dim_fact.kjb  /jobs/ETLdim_Cliente.ktr]  Dispatching started for transformation [Transformacion ClienteLF]
2026-07-02 20:37:03.573 INFO  <Transformacion ClienteLF - Entrada Tabla> [/jobs/Job_dim_fact.kjb  /jobs/ETLdim_Cliente.ktr]  Finished reading query, closing connection
2026-07-02 20:37:03.578 INFO  <Transformacion ClienteLF - Entrada Tabla> [/jobs/Job_dim_fact.kjb  /jobs/ETLdim_Cliente.ktr]  Finished processing (I=300, O=0, R=0, W=300, U=0, E=0)
2026-07-02 20:37:03.578 INFO  <Transformacion ClienteLF - Selecciona/Renombra valores> [/jobs/Job_dim_fact.kjb  /jobs/ETLdim_Cliente.ktr]  Finished processing (I=0, O=0, R=300, W=300, U=0, E=0)
2026-07-02 20:37:03.590 INFO  <Transformacion ClienteLF - Ordenar filas 3> [/jobs/Job_dim_fact.kjb  /jobs/ETLdim_Cliente.ktr]  Finished processing (I=0, O=0, R=300, W=300, U=0, E=0)
2026-07-02 20:37:03.761 INFO  <Transformacion ClienteLF - SalidaActualizada> [/jobs/Job_dim_fact.kjb  /jobs/ETLdim_Cliente.ktr]  Finished processing (I=300, O=0, R=300, W=300, U=0, E=0)
2026-07-02 20:37:03.769 INFO  <Thread-8> [/jobs/Job_dim_fact.kjb]  Starting entry [ETL dim_eval_servicio]
2026-07-02 20:37:03.876 INFO  <Thread-8> [/jobs/Job_dim_fact.kjb]  Using run configuration [Pentaho local]
2026-07-02 20:37:03.880 INFO  <Thread-8> [/jobs/Job_dim_fact.kjb  /jobs/ETLdim_Evaluacion_Servicio.ktr]  Dispatching started for transformation [Transformacion Evaluacion ServicioLF]
2026-07-02 20:37:03.958 INFO  <Transformacion Evaluacion ServicioLF - Entrada Tabla Evaluacion_Servicio> [/jobs/Job_dim_fact.kjb  /jobs/ETLdim_Evaluacion_Servicio.ktr]  Finished reading query, closing connection
2026-07-02 20:37:03.963 INFO  <Transformacion Evaluacion ServicioLF - Entrada Tabla Evaluacion_Servicio> [/jobs/Job_dim_fact.kjb  /jobs/ETLdim_Evaluacion_Servicio.ktr]  Finished processing (I=6, O=0, R=0, W=6, U=0, E=0)
2026-07-02 20:37:03.965 INFO  <Transformacion Evaluacion ServicioLF - Ordenar filas 3> [/jobs/Job_dim_fact.kjb  /jobs/ETLdim_Evaluacion_Servicio.ktr]  Finished processing (I=0, O=0, R=6, W=6, U=0, E=0)
2026-07-02 20:37:03.998 INFO  <Transformacion Evaluacion ServicioLF - Insert / update> [/jobs/Job_dim_fact.kjb  /jobs/ETLdim_Evaluacion_Servicio.ktr]  Finished processing (I=6, O=0, R=6, W=6, U=0, E=0)
2026-07-02 20:37:04.010 INFO  <Thread-8> [/jobs/Job_dim_fact.kjb]  Starting entry [ELT dim_contrato]
2026-07-02 20:37:04.106 INFO  <Thread-8> [/jobs/Job_dim_fact.kjb]  Using run configuration [Pentaho local]
2026-07-02 20:37:04.111 INFO  <Thread-8> [/jobs/Job_dim_fact.kjb  /jobs/ETLdim_Contrato.ktr]  Dispatching started for transformation [Transformacion_ContratoLF]
2026-07-02 20:37:04.205 INFO  <Transformacion_ContratoLF - Entrada Tabla> [/jobs/Job_dim_fact.kjb  /jobs/ETLdim_Contrato.ktr]  Finished reading query, closing connection
2026-07-02 20:37:04.208 INFO  <Transformacion_ContratoLF - Entrada Tabla> [/jobs/Job_dim_fact.kjb  /jobs/ETLdim_Contrato.ktr]  Finished processing (I=1000, O=0, R=0, W=1000, U=0, E=0)
2026-07-02 20:37:04.220 INFO  <Transformacion_ContratoLF - Ordenar filas 3> [/jobs/Job_dim_fact.kjb  /jobs/ETLdim_Contrato.ktr]  Finished processing (I=0, O=0, R=1000, W=1000, U=0, E=0)
2026-07-02 20:37:04.720 INFO  <Transformacion_ContratoLF - Insert / update> [/jobs/Job_dim_fact.kjb  /jobs/ETLdim_Contrato.ktr]  Finished processing (I=1000, O=0, R=1000, W=1000, U=0, E=0)
2026-07-02 20:37:04.726 INFO  <Thread-8> [/jobs/Job_dim_fact.kjb]  Starting entry [ETL dim_estado_contrato]
2026-07-02 20:37:04.887 INFO  <Thread-8> [/jobs/Job_dim_fact.kjb]  Using run configuration [Pentaho local]
2026-07-02 20:37:04.890 INFO  <Thread-8> [/jobs/Job_dim_fact.kjb  /jobs/ETLdim_Estado_Contrato.ktr]  Dispatching started for transformation [Transformacion Estado ContratoLF]
2026-07-02 20:37:05.006 INFO  <Transformacion Estado ContratoLF - Entrada Tabla Estado Contrato> [/jobs/Job_dim_fact.kjb  /jobs/ETLdim_Estado_Contrato.ktr]  Finished reading query, closing connection
2026-07-02 20:37:05.010 INFO  <Transformacion Estado ContratoLF - Seleccionar Estado Contrato> [/jobs/Job_dim_fact.kjb  /jobs/ETLdim_Estado_Contrato.ktr]  Finished processing (I=0, O=0, R=1000, W=1000, U=0, E=0)
2026-07-02 20:37:05.011 INFO  <Transformacion Estado ContratoLF - Entrada Tabla Estado Contrato> [/jobs/Job_dim_fact.kjb  /jobs/ETLdim_Estado_Contrato.ktr]  Finished processing (I=1000, O=0, R=0, W=1000, U=0, E=0)
2026-07-02 20:37:05.024 INFO  <Transformacion Estado ContratoLF - Agrupar> [/jobs/Job_dim_fact.kjb  /jobs/ETLdim_Estado_Contrato.ktr]  Finished processing (I=0, O=0, R=1000, W=3, U=0, E=0)
2026-07-02 20:37:05.030 INFO  <Transformacion Estado ContratoLF - Ordenar filas 3> [/jobs/Job_dim_fact.kjb  /jobs/ETLdim_Estado_Contrato.ktr]  Finished processing (I=0, O=0, R=3, W=3, U=0, E=0)
2026-07-02 20:37:05.027 INFO  <Transformacion Estado ContratoLF - Add sequence cod_estado> [/jobs/Job_dim_fact.kjb  /jobs/ETLdim_Estado_Contrato.ktr]  Finished processing (I=0, O=0, R=3, W=3, U=0, E=0)
2026-07-02 20:37:05.063 INFO  <Transformacion Estado ContratoLF - Insert / update> [/jobs/Job_dim_fact.kjb  /jobs/ETLdim_Estado_Contrato.ktr]  Finished processing (I=3, O=0, R=3, W=3, U=0, E=0)
2026-07-02 20:37:05.073 INFO  <Thread-8> [/jobs/Job_dim_fact.kjb]  Starting entry [ETL dim_sucursal]
2026-07-02 20:37:05.193 INFO  <Thread-8> [/jobs/Job_dim_fact.kjb]  Using run configuration [Pentaho local]
2026-07-02 20:37:05.197 INFO  <Thread-8> [/jobs/Job_dim_fact.kjb  /jobs/ETLdim_Sucursal.ktr]  Dispatching started for transformation [Transformacion SucursalLF]
2026-07-02 20:37:05.314 INFO  <Transformacion SucursalLF - Entrada Tabla Pais> [/jobs/Job_dim_fact.kjb  /jobs/ETLdim_Sucursal.ktr]  Finished reading query, closing connection
2026-07-02 20:37:05.318 INFO  <Transformacion SucursalLF - Entrada Tabla Pais> [/jobs/Job_dim_fact.kjb  /jobs/ETLdim_Sucursal.ktr]  Finished processing (I=30, O=0, R=0, W=30, U=0, E=0)
2026-07-02 20:37:05.344 INFO  <Transformacion SucursalLF - Entrada Tabla Ciudad> [/jobs/Job_dim_fact.kjb  /jobs/ETLdim_Sucursal.ktr]  Finished reading query, closing connection
2026-07-02 20:37:05.349 INFO  <Transformacion SucursalLF - Entrada Tabla Ciudad> [/jobs/Job_dim_fact.kjb  /jobs/ETLdim_Sucursal.ktr]  Finished processing (I=30, O=0, R=0, W=30, U=0, E=0)
2026-07-02 20:37:05.368 INFO  <Transformacion SucursalLF - Entrada Tabla Sucursal> [/jobs/Job_dim_fact.kjb  /jobs/ETLdim_Sucursal.ktr]  Finished reading query, closing connection
2026-07-02 20:37:05.377 INFO  <Transformacion SucursalLF - Entrada Tabla Sucursal> [/jobs/Job_dim_fact.kjb  /jobs/ETLdim_Sucursal.ktr]  Finished processing (I=30, O=0, R=0, W=30, U=0, E=0)
2026-07-02 20:37:05.673 INFO  <Transformacion SucursalLF - Unión Sucursal-Pais> [/jobs/Job_dim_fact.kjb  /jobs/ETLdim_Sucursal.ktr]  Finished processing (I=0, O=0, R=60, W=30, U=0, E=0)
2026-07-02 20:37:05.974 INFO  <Transformacion SucursalLF - Unión Sucursal-Pais-Ciudad> [/jobs/Job_dim_fact.kjb  /jobs/ETLdim_Sucursal.ktr]  Finished processing (I=0, O=0, R=60, W=30, U=0, E=0)
2026-07-02 20:37:05.977 INFO  <Transformacion SucursalLF - Ordenar filas 3> [/jobs/Job_dim_fact.kjb  /jobs/ETLdim_Sucursal.ktr]  Finished processing (I=0, O=0, R=30, W=30, U=0, E=0)
2026-07-02 20:37:06.025 INFO  <Transformacion SucursalLF - Insert / update> [/jobs/Job_dim_fact.kjb  /jobs/ETLdim_Sucursal.ktr]  Finished processing (I=30, O=0, R=30, W=30, U=0, E=0)
2026-07-02 20:37:06.034 INFO  <Thread-8> [/jobs/Job_dim_fact.kjb]  Starting entry [ETL dim_siniestro]
2026-07-02 20:37:06.132 INFO  <Thread-8> [/jobs/Job_dim_fact.kjb]  Using run configuration [Pentaho local]
2026-07-02 20:37:06.157 INFO  <Thread-8> [/jobs/Job_dim_fact.kjb  /jobs/ETLdim_Siniestro.ktr]  Dispatching started for transformation [Transformacion siniestroLF]
2026-07-02 20:37:06.241 INFO  <Transformacion siniestroLF - Entrada Tabla Siniestro> [/jobs/Job_dim_fact.kjb  /jobs/ETLdim_Siniestro.ktr]  Finished reading query, closing connection
2026-07-02 20:37:06.253 INFO  <Transformacion siniestroLF - Ordenar filas 3> [/jobs/Job_dim_fact.kjb  /jobs/ETLdim_Siniestro.ktr]  Finished processing (I=0, O=0, R=20, W=20, U=0, E=0)
2026-07-02 20:37:06.253 INFO  <Transformacion siniestroLF - Entrada Tabla Siniestro> [/jobs/Job_dim_fact.kjb  /jobs/ETLdim_Siniestro.ktr]  Finished processing (I=20, O=0, R=0, W=20, U=0, E=0)
2026-07-02 20:37:06.285 INFO  <Transformacion siniestroLF - Insert / update> [/jobs/Job_dim_fact.kjb  /jobs/ETLdim_Siniestro.ktr]  Finished processing (I=20, O=0, R=20, W=20, U=0, E=0)
2026-07-02 20:37:06.292 INFO  <Thread-8> [/jobs/Job_dim_fact.kjb]  Starting entry [ETL_fact_metas]
2026-07-02 20:37:06.567 INFO  <Thread-8> [/jobs/Job_dim_fact.kjb]  Using run configuration [Pentaho local]
2026-07-02 20:37:06.570 INFO  <Thread-8> [/jobs/Job_dim_fact.kjb  /jobs/ETLfact_Metas.ktr]  Dispatching started for transformation [LFTransformation_fact_metas]
2026-07-02 20:37:06.682 INFO  <LFTransformation_fact_metas - extraer producto> [/jobs/Job_dim_fact.kjb  /jobs/ETLfact_Metas.ktr]  Finished reading query, closing connection
2026-07-02 20:37:06.692 INFO  <LFTransformation_fact_metas - Sort cod_prod> [/jobs/Job_dim_fact.kjb  /jobs/ETLfact_Metas.ktr]  Finished processing (I=0, O=0, R=30, W=30, U=0, E=0)
2026-07-02 20:37:06.695 INFO  <LFTransformation_fact_metas - extraer producto> [/jobs/Job_dim_fact.kjb  /jobs/ETLfact_Metas.ktr]  Finished processing (I=30, O=0, R=0, W=30, U=0, E=0)
2026-07-02 20:37:06.868 INFO  <LFTransformation_fact_metas - extraer dim_tiempo2> [/jobs/Job_dim_fact.kjb  /jobs/ETLfact_Metas.ktr]  Finished reading query, closing connection
2026-07-02 20:37:06.876 INFO  <LFTransformation_fact_metas - extraer dim_tiempo> [/jobs/Job_dim_fact.kjb  /jobs/ETLfact_Metas.ktr]  Finished reading query, closing connection
2026-07-02 20:37:06.877 INFO  <LFTransformation_fact_metas - extraer dim_tiempo2> [/jobs/Job_dim_fact.kjb  /jobs/ETLfact_Metas.ktr]  Finished processing (I=14976, O=0, R=0, W=14976, U=0, E=0)
2026-07-02 20:37:06.889 INFO  <LFTransformation_fact_metas - extraer dim_tiempo> [/jobs/Job_dim_fact.kjb  /jobs/ETLfact_Metas.ktr]  Finished processing (I=14976, O=0, R=0, W=14976, U=0, E=0)
2026-07-02 20:37:07.420 INFO  <LFTransformation_fact_metas - Microsoft Excel metas> [/jobs/Job_dim_fact.kjb  /jobs/ETLfact_Metas.ktr]  Finished processing (I=390, O=0, R=0, W=390, U=0, E=0)
2026-07-02 20:37:07.426 INFO  <LFTransformation_fact_metas - Sort cod_prod 2> [/jobs/Job_dim_fact.kjb  /jobs/ETLfact_Metas.ktr]  Finished processing (I=0, O=0, R=390, W=390, U=0, E=0)
2026-07-02 20:37:07.734 INFO  <LFTransformation_fact_metas - Merge join> [/jobs/Job_dim_fact.kjb  /jobs/ETLfact_Metas.ktr]  Finished processing (I=0, O=0, R=420, W=390, U=0, E=0)
2026-07-02 20:37:07.738 INFO  <LFTransformation_fact_metas - Quitar cod_prod y dejar SK> [/jobs/Job_dim_fact.kjb  /jobs/ETLfact_Metas.ktr]  Finished processing (I=0, O=0, R=390, W=390, U=0, E=0)
2026-07-02 20:37:07.747 INFO  <LFTransformation_fact_metas - Sort fecha_inicio> [/jobs/Job_dim_fact.kjb  /jobs/ETLfact_Metas.ktr]  Finished processing (I=0, O=0, R=390, W=390, U=0, E=0)
2026-07-02 20:37:07.775 INFO  <LFTransformation_fact_metas - Sort fecha_completa> [/jobs/Job_dim_fact.kjb  /jobs/ETLfact_Metas.ktr]  Finished processing (I=0, O=0, R=14976, W=14976, U=0, E=0)
2026-07-02 20:37:08.089 INFO  <LFTransformation_fact_metas - Merge join 2> [/jobs/Job_dim_fact.kjb  /jobs/ETLfact_Metas.ktr]  Finished processing (I=0, O=0, R=15366, W=390, U=0, E=0)
2026-07-02 20:37:08.091 INFO  <LFTransformation_fact_metas - Select values 2> [/jobs/Job_dim_fact.kjb  /jobs/ETLfact_Metas.ktr]  Finished processing (I=0, O=0, R=390, W=390, U=0, E=0)
2026-07-02 20:37:08.094 INFO  <LFTransformation_fact_metas - Sort fecha_final> [/jobs/Job_dim_fact.kjb  /jobs/ETLfact_Metas.ktr]  Finished processing (I=0, O=0, R=390, W=390, U=0, E=0)
2026-07-02 20:37:08.114 INFO  <LFTransformation_fact_metas - Sort fecha_completa2> [/jobs/Job_dim_fact.kjb  /jobs/ETLfact_Metas.ktr]  Finished processing (I=0, O=0, R=14976, W=14976, U=0, E=0)
2026-07-02 20:37:08.286 ERROR <LFTransformation_fact_metas - Insert / update> [/jobs/Job_dim_fact.kjb  /jobs/ETLfact_Metas.ktr]  Error in step, asking everyone to stop because of:
2026-07-02 20:37:08.289 ERROR <LFTransformation_fact_metas - Insert / update> [/jobs/Job_dim_fact.kjb  /jobs/ETLfact_Metas.ktr]  org.pentaho.di.core.exception.KettleDatabaseException: 
Error inserting/updating row
ERROR: null value in column "sk_dim_fecha_inicio_meta" of relation "fact_metas" violates not-null constraint
  Detail: Failing row contains (null, null, null, 214676, 28, 35).

	at org.pentaho.di.core.database.Database.insertRow(Database.java:1335)
	at org.pentaho.di.core.database.Database.insertRow(Database.java:1259)
	at org.pentaho.di.core.database.Database.insertRow(Database.java:1247)
	at org.pentaho.di.core.database.Database.insertRow(Database.java:1235)
	at org.pentaho.di.trans.steps.insertupdate.InsertUpdate.lookupValues(InsertUpdate.java:114)
	at org.pentaho.di.trans.steps.insertupdate.InsertUpdate.processRow(InsertUpdate.java:299)
	at org.pentaho.di.trans.step.RunThread.run(RunThread.java:62)
	at java.lang.Thread.run(Thread.java:750)
Caused by: org.postgresql.util.PSQLException: ERROR: null value in column "sk_dim_fecha_inicio_meta" of relation "fact_metas" violates not-null constraint
  Detail: Failing row contains (null, null, null, 214676, 28, 35).
	at org.postgresql.core.v3.QueryExecutorImpl.receiveErrorResponse(QueryExecutorImpl.java:2552)
	at org.postgresql.core.v3.QueryExecutorImpl.processResults(QueryExecutorImpl.java:2284)
	at org.postgresql.core.v3.QueryExecutorImpl.execute(QueryExecutorImpl.java:322)
	at org.postgresql.jdbc.PgStatement.executeInternal(PgStatement.java:481)
	at org.postgresql.jdbc.PgStatement.execute(PgStatement.java:401)
	at org.postgresql.jdbc.PgPreparedStatement.executeWithFlags(PgPreparedStatement.java:164)
	at org.postgresql.jdbc.PgPreparedStatement.executeUpdate(PgPreparedStatement.java:130)
	at org.pentaho.di.core.database.Database.insertRow(Database.java:1302)
	... 7 more

2026-07-02 20:37:08.295 ERROR <Thread-8> [/jobs/Job_dim_fact.kjb  /jobs/ETLfact_Metas.ktr]  Errors detected!
2026-07-02 20:37:08.299 INFO  <LFTransformation_fact_metas - dejar sk_dim fec_final > [/jobs/Job_dim_fact.kjb  /jobs/ETLfact_Metas.ktr]  Finished processing (I=0, O=0, R=374, W=374, U=0, E=0)
2026-07-02 20:37:08.299 INFO  <LFTransformation_fact_metas - Insert / update> [/jobs/Job_dim_fact.kjb  /jobs/ETLfact_Metas.ktr]  Finished processing (I=1, O=0, R=1, W=0, U=0, E=1)
2026-07-02 20:37:08.305 WARN  <LFTransformation_fact_metas - Insert / update> [/jobs/Job_dim_fact.kjb  /jobs/ETLfact_Metas.ktr]  Transformation detected one or more steps with errors.
2026-07-02 20:37:08.307 WARN  <LFTransformation_fact_metas - Insert / update> [/jobs/Job_dim_fact.kjb  /jobs/ETLfact_Metas.ktr]  Transformation is killing the other steps!
2026-07-02 20:37:08.382 INFO  <LFTransformation_fact_metas - Merge join 3> [/jobs/Job_dim_fact.kjb  /jobs/ETLfact_Metas.ktr]  Finished processing (I=0, O=0, R=15366, W=390, U=0, E=0)
2026-07-02 20:37:08.659 ERROR <Thread-8> [/jobs/Job_dim_fact.kjb  /jobs/ETLfact_Metas.ktr]  Errors detected!
2026-07-02 20:37:08.684 INFO  <Thread-8> [/jobs/Job_dim_fact.kjb]  Finished job entry [ETL_fact_metas] (result=[false])
2026-07-02 20:37:08.689 INFO  <Thread-8> [/jobs/Job_dim_fact.kjb]  Finished job entry [ETL dim_siniestro] (result=[false])
2026-07-02 20:37:08.692 INFO  <Thread-8> [/jobs/Job_dim_fact.kjb]  Finished job entry [ETL dim_sucursal] (result=[false])
2026-07-02 20:37:08.695 INFO  <Thread-8> [/jobs/Job_dim_fact.kjb]  Finished job entry [ETL dim_estado_contrato] (result=[false])
2026-07-02 20:37:08.697 INFO  <Thread-8> [/jobs/Job_dim_fact.kjb]  Finished job entry [ELT dim_contrato] (result=[false])
2026-07-02 20:37:08.700 INFO  <Thread-8> [/jobs/Job_dim_fact.kjb]  Finished job entry [ETL dim_eval_servicio] (result=[false])
2026-07-02 20:37:08.701 INFO  <Thread-8> [/jobs/Job_dim_fact.kjb]  Finished job entry [ETL dim_cliente] (result=[false])
2026-07-02 20:37:08.703 INFO  <Thread-8> [/jobs/Job_dim_fact.kjb]  Finished job entry [ETL dim_producto] (result=[false])
2026-07-02 20:37:08.708 INFO  <Thread-8> [/jobs/Job_dim_fact.kjb]  Finished job entry [ETL dim_tiempo] (result=[false])
2026-07-02 20:37:08.711 WARN  <Thread-8> [/jobs/Job_dim_fact.kjb]  Job execution finished
2026-07-02 21:17:53.297 WARN  <Thread-8> [/jobs/Job_dim_fact.kjb]  Start of job execution
2026-07-02 21:17:53.853 INFO  <Thread-8> [/jobs/Job_dim_fact.kjb]  Starting entry [ETL dim_tiempo]
2026-07-02 21:17:55.950 INFO  <Thread-8> [/jobs/Job_dim_fact.kjb]  Using run configuration [Pentaho local]
2026-07-02 21:17:56.046 INFO  <Thread-8> [/jobs/Job_dim_fact.kjb  /jobs/ETLdim_Tiempo.ktr]  Dispatching started for transformation [Transformacion Dim_Tiempo]
2026-07-02 21:17:59.555 INFO  <Transformacion Dim_Tiempo - Generate rows> [/jobs/Job_dim_fact.kjb  /jobs/ETLdim_Tiempo.ktr]  Finished processing (I=0, O=0, R=0, W=14976, U=0, E=0)
2026-07-02 21:17:59.725 INFO  <Transformacion Dim_Tiempo - suma_dias> [/jobs/Job_dim_fact.kjb  /jobs/ETLdim_Tiempo.ktr]  Finished processing (I=0, O=0, R=14976, W=14976, U=0, E=0)
2026-07-02 21:17:59.864 INFO  <Transformacion Dim_Tiempo - Calculator> [/jobs/Job_dim_fact.kjb  /jobs/ETLdim_Tiempo.ktr]  Finished processing (I=0, O=0, R=14976, W=14976, U=0, E=0)
2026-07-02 21:17:59.868 INFO  <Transformacion Dim_Tiempo - Select values> [/jobs/Job_dim_fact.kjb  /jobs/ETLdim_Tiempo.ktr]  Finished processing (I=0, O=0, R=14976, W=14976, U=0, E=0)
2026-07-02 21:18:04.608 INFO  <Transformacion Dim_Tiempo - Microsoft Excel input Dias> [/jobs/Job_dim_fact.kjb  /jobs/ETLdim_Tiempo.ktr]  Finished processing (I=4747, O=0, R=0, W=4747, U=0, E=0)
2026-07-02 21:18:09.070 INFO  <Transformacion Dim_Tiempo - Extraccion de año> [/jobs/Job_dim_fact.kjb  /jobs/ETLdim_Tiempo.ktr]  Finished processing (I=0, O=0, R=4747, W=4747, U=0, E=0)
2026-07-02 21:18:09.108 INFO  <Transformacion Dim_Tiempo - Extraccion de mes> [/jobs/Job_dim_fact.kjb  /jobs/ETLdim_Tiempo.ktr]  Finished processing (I=0, O=0, R=4747, W=4747, U=0, E=0)
2026-07-02 21:18:09.245 INFO  <Transformacion Dim_Tiempo - Extraccion dia año> [/jobs/Job_dim_fact.kjb  /jobs/ETLdim_Tiempo.ktr]  Finished processing (I=0, O=0, R=4747, W=4747, U=0, E=0)
2026-07-02 21:18:09.277 INFO  <Transformacion Dim_Tiempo - Extraccion dia mes> [/jobs/Job_dim_fact.kjb  /jobs/ETLdim_Tiempo.ktr]  Finished processing (I=0, O=0, R=4747, W=4747, U=0, E=0)
2026-07-02 21:18:09.296 INFO  <Transformacion Dim_Tiempo - Extraccion dia semana> [/jobs/Job_dim_fact.kjb  /jobs/ETLdim_Tiempo.ktr]  Finished processing (I=0, O=0, R=4747, W=4747, U=0, E=0)
2026-07-02 21:18:09.378 INFO  <Transformacion Dim_Tiempo - Extraccion semana> [/jobs/Job_dim_fact.kjb  /jobs/ETLdim_Tiempo.ktr]  Finished processing (I=0, O=0, R=4747, W=4747, U=0, E=0)
2026-07-02 21:18:09.383 INFO  <Transformacion Dim_Tiempo - Mapeo de valores Des_dia_semana> [/jobs/Job_dim_fact.kjb  /jobs/ETLdim_Tiempo.ktr]  Finished processing (I=0, O=0, R=4747, W=4747, U=0, E=0)
2026-07-02 21:18:09.393 INFO  <Transformacion Dim_Tiempo - Mapeo de valores desc_dia_semana_corta> [/jobs/Job_dim_fact.kjb  /jobs/ETLdim_Tiempo.ktr]  Finished processing (I=0, O=0, R=4747, W=4747, U=0, E=0)
2026-07-02 21:18:09.399 INFO  <Transformacion Dim_Tiempo - Mapeo de valores desc_mes> [/jobs/Job_dim_fact.kjb  /jobs/ETLdim_Tiempo.ktr]  Finished processing (I=0, O=0, R=4747, W=4747, U=0, E=0)
2026-07-02 21:18:09.409 INFO  <Transformacion Dim_Tiempo - Mapeo de valores desc_mes_corta> [/jobs/Job_dim_fact.kjb  /jobs/ETLdim_Tiempo.ktr]  Finished processing (I=0, O=0, R=4747, W=4747, U=0, E=0)
2026-07-02 21:18:09.431 INFO  <Transformacion Dim_Tiempo - Formula desc_trimestre> [/jobs/Job_dim_fact.kjb  /jobs/ETLdim_Tiempo.ktr]  Finished processing (I=0, O=0, R=4747, W=4747, U=0, E=0)
2026-07-02 21:18:09.443 INFO  <Transformacion Dim_Tiempo - Formula desc_semestre> [/jobs/Job_dim_fact.kjb  /jobs/ETLdim_Tiempo.ktr]  Finished processing (I=0, O=0, R=4747, W=4747, U=0, E=0)
2026-07-02 21:18:26.047 INFO  <Transformacion Dim_Tiempo - Insert / update> [/jobs/Job_dim_fact.kjb  /jobs/ETLdim_Tiempo.ktr]  Finished processing (I=4747, O=0, R=4747, W=4747, U=0, E=0)
2026-07-02 21:18:26.080 INFO  <Thread-8> [/jobs/Job_dim_fact.kjb]  Starting entry [ETL dim_producto]
2026-07-02 21:18:26.275 INFO  <Thread-8> [/jobs/Job_dim_fact.kjb]  Using run configuration [Pentaho local]
2026-07-02 21:18:26.278 INFO  <Thread-8> [/jobs/Job_dim_fact.kjb  /jobs/ETLdim_Producto.ktr]  Dispatching started for transformation [Transformacion ProductoLF]
2026-07-02 21:18:26.521 INFO  <Transformacion ProductoLF - Entrada Tabla Producto> [/jobs/Job_dim_fact.kjb  /jobs/ETLdim_Producto.ktr]  Finished reading query, closing connection
2026-07-02 21:18:26.521 INFO  <Transformacion ProductoLF - Entrada Tabla Tipo Producto> [/jobs/Job_dim_fact.kjb  /jobs/ETLdim_Producto.ktr]  Finished reading query, closing connection
2026-07-02 21:18:26.528 INFO  <Transformacion ProductoLF - Entrada Tabla Producto> [/jobs/Job_dim_fact.kjb  /jobs/ETLdim_Producto.ktr]  Finished processing (I=30, O=0, R=0, W=30, U=0, E=0)
2026-07-02 21:18:26.532 INFO  <Transformacion ProductoLF - Entrada Tabla Tipo Producto> [/jobs/Job_dim_fact.kjb  /jobs/ETLdim_Producto.ktr]  Finished processing (I=4, O=0, R=0, W=4, U=0, E=0)
2026-07-02 21:18:26.574 INFO  <Transformacion ProductoLF - Ordenar filas> [/jobs/Job_dim_fact.kjb  /jobs/ETLdim_Producto.ktr]  Finished processing (I=0, O=0, R=4, W=4, U=0, E=0)
2026-07-02 21:18:26.574 INFO  <Transformacion ProductoLF - Ordenar filas 2> [/jobs/Job_dim_fact.kjb  /jobs/ETLdim_Producto.ktr]  Finished processing (I=0, O=0, R=30, W=30, U=0, E=0)
2026-07-02 21:18:26.879 INFO  <Transformacion ProductoLF - Unión por clave> [/jobs/Job_dim_fact.kjb  /jobs/ETLdim_Producto.ktr]  Finished processing (I=0, O=0, R=34, W=30, U=0, E=0)
2026-07-02 21:18:26.884 INFO  <Transformacion ProductoLF - Ordenar filas 3> [/jobs/Job_dim_fact.kjb  /jobs/ETLdim_Producto.ktr]  Finished processing (I=0, O=0, R=30, W=30, U=0, E=0)
2026-07-02 21:18:26.889 INFO  <Transformacion ProductoLF - Strings cut> [/jobs/Job_dim_fact.kjb  /jobs/ETLdim_Producto.ktr]  Finished processing (I=0, O=0, R=30, W=30, U=0, E=0)
2026-07-02 21:18:26.931 INFO  <Transformacion ProductoLF - Insert / update> [/jobs/Job_dim_fact.kjb  /jobs/ETLdim_Producto.ktr]  Finished processing (I=30, O=0, R=30, W=30, U=0, E=0)
2026-07-02 21:18:26.948 INFO  <Thread-8> [/jobs/Job_dim_fact.kjb]  Starting entry [ETL dim_cliente]
2026-07-02 21:18:27.088 INFO  <Thread-8> [/jobs/Job_dim_fact.kjb]  Using run configuration [Pentaho local]
2026-07-02 21:18:27.092 INFO  <Thread-8> [/jobs/Job_dim_fact.kjb  /jobs/ETLdim_Cliente.ktr]  Dispatching started for transformation [Transformacion ClienteLF]
2026-07-02 21:18:27.234 INFO  <Transformacion ClienteLF - Entrada Tabla> [/jobs/Job_dim_fact.kjb  /jobs/ETLdim_Cliente.ktr]  Finished reading query, closing connection
2026-07-02 21:18:27.246 INFO  <Transformacion ClienteLF - Entrada Tabla> [/jobs/Job_dim_fact.kjb  /jobs/ETLdim_Cliente.ktr]  Finished processing (I=300, O=0, R=0, W=300, U=0, E=0)
2026-07-02 21:18:27.254 INFO  <Transformacion ClienteLF - Selecciona/Renombra valores> [/jobs/Job_dim_fact.kjb  /jobs/ETLdim_Cliente.ktr]  Finished processing (I=0, O=0, R=300, W=300, U=0, E=0)
2026-07-02 21:18:27.261 INFO  <Transformacion ClienteLF - Ordenar filas 3> [/jobs/Job_dim_fact.kjb  /jobs/ETLdim_Cliente.ktr]  Finished processing (I=0, O=0, R=300, W=300, U=0, E=0)
2026-07-02 21:18:27.460 INFO  <Transformacion ClienteLF - SalidaActualizada> [/jobs/Job_dim_fact.kjb  /jobs/ETLdim_Cliente.ktr]  Finished processing (I=300, O=0, R=300, W=300, U=0, E=0)
2026-07-02 21:18:27.475 INFO  <Thread-8> [/jobs/Job_dim_fact.kjb]  Starting entry [ETL dim_eval_servicio]
2026-07-02 21:18:27.558 INFO  <Thread-8> [/jobs/Job_dim_fact.kjb]  Using run configuration [Pentaho local]
2026-07-02 21:18:27.563 INFO  <Thread-8> [/jobs/Job_dim_fact.kjb  /jobs/ETLdim_Evaluacion_Servicio.ktr]  Dispatching started for transformation [Transformacion Evaluacion ServicioLF]
2026-07-02 21:18:27.675 INFO  <Transformacion Evaluacion ServicioLF - Entrada Tabla Evaluacion_Servicio> [/jobs/Job_dim_fact.kjb  /jobs/ETLdim_Evaluacion_Servicio.ktr]  Finished reading query, closing connection
2026-07-02 21:18:27.678 INFO  <Transformacion Evaluacion ServicioLF - Ordenar filas 3> [/jobs/Job_dim_fact.kjb  /jobs/ETLdim_Evaluacion_Servicio.ktr]  Finished processing (I=0, O=0, R=6, W=6, U=0, E=0)
2026-07-02 21:18:27.699 INFO  <Transformacion Evaluacion ServicioLF - Entrada Tabla Evaluacion_Servicio> [/jobs/Job_dim_fact.kjb  /jobs/ETLdim_Evaluacion_Servicio.ktr]  Finished processing (I=6, O=0, R=0, W=6, U=0, E=0)
2026-07-02 21:18:27.716 INFO  <Transformacion Evaluacion ServicioLF - Insert / update> [/jobs/Job_dim_fact.kjb  /jobs/ETLdim_Evaluacion_Servicio.ktr]  Finished processing (I=6, O=0, R=6, W=6, U=0, E=0)
2026-07-02 21:18:27.726 INFO  <Thread-8> [/jobs/Job_dim_fact.kjb]  Starting entry [ELT dim_contrato]
2026-07-02 21:18:27.835 INFO  <Thread-8> [/jobs/Job_dim_fact.kjb]  Using run configuration [Pentaho local]
2026-07-02 21:18:27.851 INFO  <Thread-8> [/jobs/Job_dim_fact.kjb  /jobs/ETLdim_Contrato.ktr]  Dispatching started for transformation [Transformacion_ContratoLF]
2026-07-02 21:18:27.965 INFO  <Transformacion_ContratoLF - Entrada Tabla> [/jobs/Job_dim_fact.kjb  /jobs/ETLdim_Contrato.ktr]  Finished reading query, closing connection
2026-07-02 21:18:27.972 INFO  <Transformacion_ContratoLF - Entrada Tabla> [/jobs/Job_dim_fact.kjb  /jobs/ETLdim_Contrato.ktr]  Finished processing (I=1000, O=0, R=0, W=1000, U=0, E=0)
2026-07-02 21:18:27.979 INFO  <Transformacion_ContratoLF - Ordenar filas 3> [/jobs/Job_dim_fact.kjb  /jobs/ETLdim_Contrato.ktr]  Finished processing (I=0, O=0, R=1000, W=1000, U=0, E=0)
2026-07-02 21:18:28.552 INFO  <Transformacion_ContratoLF - Insert / update> [/jobs/Job_dim_fact.kjb  /jobs/ETLdim_Contrato.ktr]  Finished processing (I=1000, O=0, R=1000, W=1000, U=0, E=0)
2026-07-02 21:18:28.561 INFO  <Thread-8> [/jobs/Job_dim_fact.kjb]  Starting entry [ETL dim_estado_contrato]
2026-07-02 21:18:28.730 INFO  <Thread-8> [/jobs/Job_dim_fact.kjb]  Using run configuration [Pentaho local]
2026-07-02 21:18:28.735 INFO  <Thread-8> [/jobs/Job_dim_fact.kjb  /jobs/ETLdim_Estado_Contrato.ktr]  Dispatching started for transformation [Transformacion Estado ContratoLF]
2026-07-02 21:18:28.902 INFO  <Transformacion Estado ContratoLF - Entrada Tabla Estado Contrato> [/jobs/Job_dim_fact.kjb  /jobs/ETLdim_Estado_Contrato.ktr]  Finished reading query, closing connection
2026-07-02 21:18:28.905 INFO  <Transformacion Estado ContratoLF - Seleccionar Estado Contrato> [/jobs/Job_dim_fact.kjb  /jobs/ETLdim_Estado_Contrato.ktr]  Finished processing (I=0, O=0, R=1000, W=1000, U=0, E=0)
2026-07-02 21:18:28.926 INFO  <Transformacion Estado ContratoLF - Entrada Tabla Estado Contrato> [/jobs/Job_dim_fact.kjb  /jobs/ETLdim_Estado_Contrato.ktr]  Finished processing (I=1000, O=0, R=0, W=1000, U=0, E=0)
2026-07-02 21:18:28.979 INFO  <Transformacion Estado ContratoLF - Agrupar> [/jobs/Job_dim_fact.kjb  /jobs/ETLdim_Estado_Contrato.ktr]  Finished processing (I=0, O=0, R=1000, W=3, U=0, E=0)
2026-07-02 21:18:28.986 INFO  <Transformacion Estado ContratoLF - Ordenar filas 3> [/jobs/Job_dim_fact.kjb  /jobs/ETLdim_Estado_Contrato.ktr]  Finished processing (I=0, O=0, R=3, W=3, U=0, E=0)
2026-07-02 21:18:28.982 INFO  <Transformacion Estado ContratoLF - Add sequence cod_estado> [/jobs/Job_dim_fact.kjb  /jobs/ETLdim_Estado_Contrato.ktr]  Finished processing (I=0, O=0, R=3, W=3, U=0, E=0)
2026-07-02 21:18:29.023 INFO  <Transformacion Estado ContratoLF - Insert / update> [/jobs/Job_dim_fact.kjb  /jobs/ETLdim_Estado_Contrato.ktr]  Finished processing (I=3, O=0, R=3, W=3, U=0, E=0)
2026-07-02 21:18:29.031 INFO  <Thread-8> [/jobs/Job_dim_fact.kjb]  Starting entry [ETL dim_sucursal]
2026-07-02 21:18:29.172 INFO  <Thread-8> [/jobs/Job_dim_fact.kjb]  Using run configuration [Pentaho local]
2026-07-02 21:18:29.176 INFO  <Thread-8> [/jobs/Job_dim_fact.kjb  /jobs/ETLdim_Sucursal.ktr]  Dispatching started for transformation [Transformacion SucursalLF]
2026-07-02 21:18:29.325 INFO  <Transformacion SucursalLF - Entrada Tabla Ciudad> [/jobs/Job_dim_fact.kjb  /jobs/ETLdim_Sucursal.ktr]  Finished reading query, closing connection
2026-07-02 21:18:29.325 INFO  <Transformacion SucursalLF - Entrada Tabla Pais> [/jobs/Job_dim_fact.kjb  /jobs/ETLdim_Sucursal.ktr]  Finished reading query, closing connection
2026-07-02 21:18:29.329 INFO  <Transformacion SucursalLF - Entrada Tabla Ciudad> [/jobs/Job_dim_fact.kjb  /jobs/ETLdim_Sucursal.ktr]  Finished processing (I=30, O=0, R=0, W=30, U=0, E=0)
2026-07-02 21:18:29.333 INFO  <Transformacion SucursalLF - Entrada Tabla Pais> [/jobs/Job_dim_fact.kjb  /jobs/ETLdim_Sucursal.ktr]  Finished processing (I=30, O=0, R=0, W=30, U=0, E=0)
2026-07-02 21:18:29.340 INFO  <Transformacion SucursalLF - Entrada Tabla Sucursal> [/jobs/Job_dim_fact.kjb  /jobs/ETLdim_Sucursal.ktr]  Finished reading query, closing connection
2026-07-02 21:18:29.346 INFO  <Transformacion SucursalLF - Entrada Tabla Sucursal> [/jobs/Job_dim_fact.kjb  /jobs/ETLdim_Sucursal.ktr]  Finished processing (I=30, O=0, R=0, W=30, U=0, E=0)
2026-07-02 21:18:29.642 INFO  <Transformacion SucursalLF - Unión Sucursal-Pais> [/jobs/Job_dim_fact.kjb  /jobs/ETLdim_Sucursal.ktr]  Finished processing (I=0, O=0, R=60, W=30, U=0, E=0)
2026-07-02 21:18:29.943 INFO  <Transformacion SucursalLF - Unión Sucursal-Pais-Ciudad> [/jobs/Job_dim_fact.kjb  /jobs/ETLdim_Sucursal.ktr]  Finished processing (I=0, O=0, R=60, W=30, U=0, E=0)
2026-07-02 21:18:29.946 INFO  <Transformacion SucursalLF - Ordenar filas 3> [/jobs/Job_dim_fact.kjb  /jobs/ETLdim_Sucursal.ktr]  Finished processing (I=0, O=0, R=30, W=30, U=0, E=0)
2026-07-02 21:18:29.980 INFO  <Transformacion SucursalLF - Insert / update> [/jobs/Job_dim_fact.kjb  /jobs/ETLdim_Sucursal.ktr]  Finished processing (I=30, O=0, R=30, W=30, U=0, E=0)
2026-07-02 21:18:29.985 INFO  <Thread-8> [/jobs/Job_dim_fact.kjb]  Starting entry [ETL dim_siniestro]
2026-07-02 21:18:30.052 INFO  <Thread-8> [/jobs/Job_dim_fact.kjb]  Using run configuration [Pentaho local]
2026-07-02 21:18:30.055 INFO  <Thread-8> [/jobs/Job_dim_fact.kjb  /jobs/ETLdim_Siniestro.ktr]  Dispatching started for transformation [Transformacion siniestroLF]
2026-07-02 21:18:30.143 INFO  <Transformacion siniestroLF - Entrada Tabla Siniestro> [/jobs/Job_dim_fact.kjb  /jobs/ETLdim_Siniestro.ktr]  Finished reading query, closing connection
2026-07-02 21:18:30.147 INFO  <Transformacion siniestroLF - Ordenar filas 3> [/jobs/Job_dim_fact.kjb  /jobs/ETLdim_Siniestro.ktr]  Finished processing (I=0, O=0, R=20, W=20, U=0, E=0)
2026-07-02 21:18:30.147 INFO  <Transformacion siniestroLF - Entrada Tabla Siniestro> [/jobs/Job_dim_fact.kjb  /jobs/ETLdim_Siniestro.ktr]  Finished processing (I=20, O=0, R=0, W=20, U=0, E=0)
2026-07-02 21:18:30.172 INFO  <Transformacion siniestroLF - Insert / update> [/jobs/Job_dim_fact.kjb  /jobs/ETLdim_Siniestro.ktr]  Finished processing (I=20, O=0, R=20, W=20, U=0, E=0)
2026-07-02 21:18:30.183 INFO  <Thread-8> [/jobs/Job_dim_fact.kjb]  Starting entry [ETL_fact_metas]
2026-07-02 21:18:30.535 INFO  <Thread-8> [/jobs/Job_dim_fact.kjb]  Using run configuration [Pentaho local]
2026-07-02 21:18:30.537 INFO  <Thread-8> [/jobs/Job_dim_fact.kjb  /jobs/ETLfact_Metas.ktr]  Dispatching started for transformation [LFTransformation_fact_metas]
2026-07-02 21:18:30.690 INFO  <LFTransformation_fact_metas - extraer producto> [/jobs/Job_dim_fact.kjb  /jobs/ETLfact_Metas.ktr]  Finished reading query, closing connection
2026-07-02 21:18:30.694 INFO  <LFTransformation_fact_metas - Sort cod_prod> [/jobs/Job_dim_fact.kjb  /jobs/ETLfact_Metas.ktr]  Finished processing (I=0, O=0, R=30, W=30, U=0, E=0)
2026-07-02 21:18:30.707 INFO  <LFTransformation_fact_metas - extraer producto> [/jobs/Job_dim_fact.kjb  /jobs/ETLfact_Metas.ktr]  Finished processing (I=30, O=0, R=0, W=30, U=0, E=0)
2026-07-02 21:18:30.872 INFO  <LFTransformation_fact_metas - extraer dim_tiempo> [/jobs/Job_dim_fact.kjb  /jobs/ETLfact_Metas.ktr]  Finished reading query, closing connection
2026-07-02 21:18:30.876 INFO  <LFTransformation_fact_metas - extraer dim_tiempo2> [/jobs/Job_dim_fact.kjb  /jobs/ETLfact_Metas.ktr]  Finished reading query, closing connection
2026-07-02 21:18:30.878 INFO  <LFTransformation_fact_metas - extraer dim_tiempo> [/jobs/Job_dim_fact.kjb  /jobs/ETLfact_Metas.ktr]  Finished processing (I=14976, O=0, R=0, W=14976, U=0, E=0)
2026-07-02 21:18:30.896 INFO  <LFTransformation_fact_metas - extraer dim_tiempo2> [/jobs/Job_dim_fact.kjb  /jobs/ETLfact_Metas.ktr]  Finished processing (I=14976, O=0, R=0, W=14976, U=0, E=0)
2026-07-02 21:18:31.373 INFO  <LFTransformation_fact_metas - Microsoft Excel metas> [/jobs/Job_dim_fact.kjb  /jobs/ETLfact_Metas.ktr]  Finished processing (I=390, O=0, R=0, W=390, U=0, E=0)
2026-07-02 21:18:31.383 INFO  <LFTransformation_fact_metas - Sort cod_prod 2> [/jobs/Job_dim_fact.kjb  /jobs/ETLfact_Metas.ktr]  Finished processing (I=0, O=0, R=390, W=390, U=0, E=0)
2026-07-02 21:18:31.688 INFO  <LFTransformation_fact_metas - Merge join> [/jobs/Job_dim_fact.kjb  /jobs/ETLfact_Metas.ktr]  Finished processing (I=0, O=0, R=420, W=390, U=0, E=0)
2026-07-02 21:18:31.692 INFO  <LFTransformation_fact_metas - Quitar cod_prod y dejar SK> [/jobs/Job_dim_fact.kjb  /jobs/ETLfact_Metas.ktr]  Finished processing (I=0, O=0, R=390, W=390, U=0, E=0)
2026-07-02 21:18:31.699 INFO  <LFTransformation_fact_metas - Sort fecha_inicio> [/jobs/Job_dim_fact.kjb  /jobs/ETLfact_Metas.ktr]  Finished processing (I=0, O=0, R=390, W=390, U=0, E=0)
2026-07-02 21:18:31.727 INFO  <LFTransformation_fact_metas - Sort fecha_completa> [/jobs/Job_dim_fact.kjb  /jobs/ETLfact_Metas.ktr]  Finished processing (I=0, O=0, R=14976, W=14976, U=0, E=0)
2026-07-02 21:18:32.050 INFO  <LFTransformation_fact_metas - Merge join 2> [/jobs/Job_dim_fact.kjb  /jobs/ETLfact_Metas.ktr]  Finished processing (I=0, O=0, R=15366, W=390, U=0, E=0)
2026-07-02 21:18:32.052 INFO  <LFTransformation_fact_metas - Select values 2> [/jobs/Job_dim_fact.kjb  /jobs/ETLfact_Metas.ktr]  Finished processing (I=0, O=0, R=390, W=390, U=0, E=0)
2026-07-02 21:18:32.054 INFO  <LFTransformation_fact_metas - Sort fecha_final> [/jobs/Job_dim_fact.kjb  /jobs/ETLfact_Metas.ktr]  Finished processing (I=0, O=0, R=390, W=390, U=0, E=0)
2026-07-02 21:18:32.066 INFO  <LFTransformation_fact_metas - Sort fecha_completa2> [/jobs/Job_dim_fact.kjb  /jobs/ETLfact_Metas.ktr]  Finished processing (I=0, O=0, R=14976, W=14976, U=0, E=0)
2026-07-02 21:18:32.375 INFO  <LFTransformation_fact_metas - Merge join 3> [/jobs/Job_dim_fact.kjb  /jobs/ETLfact_Metas.ktr]  Finished processing (I=0, O=0, R=15366, W=390, U=0, E=0)
2026-07-02 21:18:32.376 INFO  <LFTransformation_fact_metas - dejar sk_dim fec_final > [/jobs/Job_dim_fact.kjb  /jobs/ETLfact_Metas.ktr]  Finished processing (I=0, O=0, R=390, W=390, U=0, E=0)
2026-07-02 21:18:32.564 ERROR <LFTransformation_fact_metas - Insert / update> [/jobs/Job_dim_fact.kjb  /jobs/ETLfact_Metas.ktr]  Error in step, asking everyone to stop because of:
2026-07-02 21:18:32.567 ERROR <LFTransformation_fact_metas - Insert / update> [/jobs/Job_dim_fact.kjb  /jobs/ETLfact_Metas.ktr]  org.pentaho.di.core.exception.KettleDatabaseException: 
Error inserting/updating row
ERROR: null value in column "sk_dim_fecha_inicio_meta" of relation "fact_metas" violates not-null constraint
  Detail: Failing row contains (null, null, null, 214676, 28, 35).

	at org.pentaho.di.core.database.Database.insertRow(Database.java:1335)
	at org.pentaho.di.core.database.Database.insertRow(Database.java:1259)
	at org.pentaho.di.core.database.Database.insertRow(Database.java:1247)
	at org.pentaho.di.core.database.Database.insertRow(Database.java:1235)
	at org.pentaho.di.trans.steps.insertupdate.InsertUpdate.lookupValues(InsertUpdate.java:114)
	at org.pentaho.di.trans.steps.insertupdate.InsertUpdate.processRow(InsertUpdate.java:299)
	at org.pentaho.di.trans.step.RunThread.run(RunThread.java:62)
	at java.lang.Thread.run(Thread.java:750)
Caused by: org.postgresql.util.PSQLException: ERROR: null value in column "sk_dim_fecha_inicio_meta" of relation "fact_metas" violates not-null constraint
  Detail: Failing row contains (null, null, null, 214676, 28, 35).
	at org.postgresql.core.v3.QueryExecutorImpl.receiveErrorResponse(QueryExecutorImpl.java:2552)
	at org.postgresql.core.v3.QueryExecutorImpl.processResults(QueryExecutorImpl.java:2284)
	at org.postgresql.core.v3.QueryExecutorImpl.execute(QueryExecutorImpl.java:322)
	at org.postgresql.jdbc.PgStatement.executeInternal(PgStatement.java:481)
	at org.postgresql.jdbc.PgStatement.execute(PgStatement.java:401)
	at org.postgresql.jdbc.PgPreparedStatement.executeWithFlags(PgPreparedStatement.java:164)
	at org.postgresql.jdbc.PgPreparedStatement.executeUpdate(PgPreparedStatement.java:130)
	at org.pentaho.di.core.database.Database.insertRow(Database.java:1302)
	... 7 more

2026-07-02 21:18:32.580 ERROR <Thread-8> [/jobs/Job_dim_fact.kjb  /jobs/ETLfact_Metas.ktr]  Errors detected!
2026-07-02 21:18:32.585 INFO  <LFTransformation_fact_metas - Insert / update> [/jobs/Job_dim_fact.kjb  /jobs/ETLfact_Metas.ktr]  Finished processing (I=1, O=0, R=1, W=0, U=0, E=1)
2026-07-02 21:18:32.598 WARN  <LFTransformation_fact_metas - Insert / update> [/jobs/Job_dim_fact.kjb  /jobs/ETLfact_Metas.ktr]  Transformation detected one or more steps with errors.
2026-07-02 21:18:32.598 ERROR <Thread-8> [/jobs/Job_dim_fact.kjb  /jobs/ETLfact_Metas.ktr]  Errors detected!
2026-07-02 21:18:32.603 WARN  <LFTransformation_fact_metas - Insert / update> [/jobs/Job_dim_fact.kjb  /jobs/ETLfact_Metas.ktr]  Transformation is killing the other steps!
2026-07-02 21:18:32.609 INFO  <Thread-8> [/jobs/Job_dim_fact.kjb]  Finished job entry [ETL_fact_metas] (result=[false])
2026-07-02 21:18:32.616 INFO  <Thread-8> [/jobs/Job_dim_fact.kjb]  Finished job entry [ETL dim_siniestro] (result=[false])
2026-07-02 21:18:32.618 INFO  <Thread-8> [/jobs/Job_dim_fact.kjb]  Finished job entry [ETL dim_sucursal] (result=[false])
2026-07-02 21:18:32.621 INFO  <Thread-8> [/jobs/Job_dim_fact.kjb]  Finished job entry [ETL dim_estado_contrato] (result=[false])
2026-07-02 21:18:32.624 INFO  <Thread-8> [/jobs/Job_dim_fact.kjb]  Finished job entry [ELT dim_contrato] (result=[false])
2026-07-02 21:18:32.627 INFO  <Thread-8> [/jobs/Job_dim_fact.kjb]  Finished job entry [ETL dim_eval_servicio] (result=[false])
2026-07-02 21:18:32.630 INFO  <Thread-8> [/jobs/Job_dim_fact.kjb]  Finished job entry [ETL dim_cliente] (result=[false])
2026-07-02 21:18:32.632 INFO  <Thread-8> [/jobs/Job_dim_fact.kjb]  Finished job entry [ETL dim_producto] (result=[false])
2026-07-02 21:18:32.633 INFO  <Thread-8> [/jobs/Job_dim_fact.kjb]  Finished job entry [ETL dim_tiempo] (result=[false])
2026-07-02 21:18:32.636 WARN  <Thread-8> [/jobs/Job_dim_fact.kjb]  Job execution finished
2026-07-02 21:37:39.447 WARN  <Thread-8> [/jobs/Job_dim_fact.kjb]  Start of job execution
2026-07-02 21:37:40.063 INFO  <Thread-8> [/jobs/Job_dim_fact.kjb]  Starting entry [ETL dim_tiempo]
2026-07-02 21:37:42.368 INFO  <Thread-8> [/jobs/Job_dim_fact.kjb]  Using run configuration [Pentaho local]
2026-07-02 21:37:42.461 INFO  <Thread-8> [/jobs/Job_dim_fact.kjb  /jobs/ETLdim_Tiempo.ktr]  Dispatching started for transformation [Transformacion Dim_Tiempo]
2026-07-02 21:37:46.761 INFO  <Transformacion Dim_Tiempo - Generate rows> [/jobs/Job_dim_fact.kjb  /jobs/ETLdim_Tiempo.ktr]  Finished processing (I=0, O=0, R=0, W=14976, U=0, E=0)
2026-07-02 21:37:46.974 INFO  <Transformacion Dim_Tiempo - suma_dias> [/jobs/Job_dim_fact.kjb  /jobs/ETLdim_Tiempo.ktr]  Finished processing (I=0, O=0, R=14976, W=14976, U=0, E=0)
2026-07-02 21:37:47.087 INFO  <Transformacion Dim_Tiempo - Calculator> [/jobs/Job_dim_fact.kjb  /jobs/ETLdim_Tiempo.ktr]  Finished processing (I=0, O=0, R=14976, W=14976, U=0, E=0)
2026-07-02 21:37:47.093 INFO  <Transformacion Dim_Tiempo - Select values> [/jobs/Job_dim_fact.kjb  /jobs/ETLdim_Tiempo.ktr]  Finished processing (I=0, O=0, R=14976, W=14976, U=0, E=0)
2026-07-02 21:37:52.430 INFO  <Transformacion Dim_Tiempo - Microsoft Excel input Dias> [/jobs/Job_dim_fact.kjb  /jobs/ETLdim_Tiempo.ktr]  Finished processing (I=4747, O=0, R=0, W=4747, U=0, E=0)
2026-07-02 21:37:56.352 INFO  <Transformacion Dim_Tiempo - Extraccion de año> [/jobs/Job_dim_fact.kjb  /jobs/ETLdim_Tiempo.ktr]  Finished processing (I=0, O=0, R=4747, W=4747, U=0, E=0)
2026-07-02 21:37:56.439 INFO  <Transformacion Dim_Tiempo - Extraccion de mes> [/jobs/Job_dim_fact.kjb  /jobs/ETLdim_Tiempo.ktr]  Finished processing (I=0, O=0, R=4747, W=4747, U=0, E=0)
2026-07-02 21:37:56.588 INFO  <Transformacion Dim_Tiempo - Extraccion dia año> [/jobs/Job_dim_fact.kjb  /jobs/ETLdim_Tiempo.ktr]  Finished processing (I=0, O=0, R=4747, W=4747, U=0, E=0)
2026-07-02 21:37:56.605 INFO  <Transformacion Dim_Tiempo - Extraccion dia mes> [/jobs/Job_dim_fact.kjb  /jobs/ETLdim_Tiempo.ktr]  Finished processing (I=0, O=0, R=4747, W=4747, U=0, E=0)
2026-07-02 21:37:56.619 INFO  <Transformacion Dim_Tiempo - Extraccion dia semana> [/jobs/Job_dim_fact.kjb  /jobs/ETLdim_Tiempo.ktr]  Finished processing (I=0, O=0, R=4747, W=4747, U=0, E=0)
2026-07-02 21:37:56.750 INFO  <Transformacion Dim_Tiempo - Extraccion semana> [/jobs/Job_dim_fact.kjb  /jobs/ETLdim_Tiempo.ktr]  Finished processing (I=0, O=0, R=4747, W=4747, U=0, E=0)
2026-07-02 21:37:56.758 INFO  <Transformacion Dim_Tiempo - Mapeo de valores Des_dia_semana> [/jobs/Job_dim_fact.kjb  /jobs/ETLdim_Tiempo.ktr]  Finished processing (I=0, O=0, R=4747, W=4747, U=0, E=0)
2026-07-02 21:37:56.761 INFO  <Transformacion Dim_Tiempo - Mapeo de valores desc_dia_semana_corta> [/jobs/Job_dim_fact.kjb  /jobs/ETLdim_Tiempo.ktr]  Finished processing (I=0, O=0, R=4747, W=4747, U=0, E=0)
2026-07-02 21:37:56.771 INFO  <Transformacion Dim_Tiempo - Mapeo de valores desc_mes> [/jobs/Job_dim_fact.kjb  /jobs/ETLdim_Tiempo.ktr]  Finished processing (I=0, O=0, R=4747, W=4747, U=0, E=0)
2026-07-02 21:37:56.774 INFO  <Transformacion Dim_Tiempo - Mapeo de valores desc_mes_corta> [/jobs/Job_dim_fact.kjb  /jobs/ETLdim_Tiempo.ktr]  Finished processing (I=0, O=0, R=4747, W=4747, U=0, E=0)
2026-07-02 21:37:56.794 INFO  <Transformacion Dim_Tiempo - Formula desc_trimestre> [/jobs/Job_dim_fact.kjb  /jobs/ETLdim_Tiempo.ktr]  Finished processing (I=0, O=0, R=4747, W=4747, U=0, E=0)
2026-07-02 21:37:56.800 INFO  <Transformacion Dim_Tiempo - Formula desc_semestre> [/jobs/Job_dim_fact.kjb  /jobs/ETLdim_Tiempo.ktr]  Finished processing (I=0, O=0, R=4747, W=4747, U=0, E=0)
2026-07-02 21:38:04.880 INFO  <Transformacion Dim_Tiempo - Insert / update> [/jobs/Job_dim_fact.kjb  /jobs/ETLdim_Tiempo.ktr]  Finished processing (I=4747, O=4747, R=4747, W=4747, U=0, E=0)
2026-07-02 21:38:04.912 INFO  <Thread-8> [/jobs/Job_dim_fact.kjb]  Starting entry [ETL dim_producto]
2026-07-02 21:38:05.154 INFO  <Thread-8> [/jobs/Job_dim_fact.kjb]  Using run configuration [Pentaho local]
2026-07-02 21:38:05.160 INFO  <Thread-8> [/jobs/Job_dim_fact.kjb  /jobs/ETLdim_Producto.ktr]  Dispatching started for transformation [Transformacion ProductoLF]
2026-07-02 21:38:05.393 INFO  <Transformacion ProductoLF - Entrada Tabla Tipo Producto> [/jobs/Job_dim_fact.kjb  /jobs/ETLdim_Producto.ktr]  Finished reading query, closing connection
2026-07-02 21:38:05.402 INFO  <Transformacion ProductoLF - Entrada Tabla Producto> [/jobs/Job_dim_fact.kjb  /jobs/ETLdim_Producto.ktr]  Finished reading query, closing connection
2026-07-02 21:38:05.403 INFO  <Transformacion ProductoLF - Entrada Tabla Tipo Producto> [/jobs/Job_dim_fact.kjb  /jobs/ETLdim_Producto.ktr]  Finished processing (I=4, O=0, R=0, W=4, U=0, E=0)
2026-07-02 21:38:05.414 INFO  <Transformacion ProductoLF - Entrada Tabla Producto> [/jobs/Job_dim_fact.kjb  /jobs/ETLdim_Producto.ktr]  Finished processing (I=30, O=0, R=0, W=30, U=0, E=0)
2026-07-02 21:38:05.454 INFO  <Transformacion ProductoLF - Ordenar filas 2> [/jobs/Job_dim_fact.kjb  /jobs/ETLdim_Producto.ktr]  Finished processing (I=0, O=0, R=30, W=30, U=0, E=0)
2026-07-02 21:38:05.455 INFO  <Transformacion ProductoLF - Ordenar filas> [/jobs/Job_dim_fact.kjb  /jobs/ETLdim_Producto.ktr]  Finished processing (I=0, O=0, R=4, W=4, U=0, E=0)
2026-07-02 21:38:05.763 INFO  <Transformacion ProductoLF - Unión por clave> [/jobs/Job_dim_fact.kjb  /jobs/ETLdim_Producto.ktr]  Finished processing (I=0, O=0, R=34, W=30, U=0, E=0)
2026-07-02 21:38:05.769 INFO  <Transformacion ProductoLF - Ordenar filas 3> [/jobs/Job_dim_fact.kjb  /jobs/ETLdim_Producto.ktr]  Finished processing (I=0, O=0, R=30, W=30, U=0, E=0)
2026-07-02 21:38:05.780 INFO  <Transformacion ProductoLF - Strings cut> [/jobs/Job_dim_fact.kjb  /jobs/ETLdim_Producto.ktr]  Finished processing (I=0, O=0, R=30, W=30, U=0, E=0)
2026-07-02 21:38:05.924 INFO  <Transformacion ProductoLF - Insert / update> [/jobs/Job_dim_fact.kjb  /jobs/ETLdim_Producto.ktr]  Finished processing (I=30, O=30, R=30, W=30, U=0, E=0)
2026-07-02 21:38:05.940 INFO  <Thread-8> [/jobs/Job_dim_fact.kjb]  Starting entry [ETL dim_cliente]
2026-07-02 21:38:06.094 INFO  <Thread-8> [/jobs/Job_dim_fact.kjb]  Using run configuration [Pentaho local]
2026-07-02 21:38:06.103 INFO  <Thread-8> [/jobs/Job_dim_fact.kjb  /jobs/ETLdim_Cliente.ktr]  Dispatching started for transformation [Transformacion ClienteLF]
2026-07-02 21:38:06.254 INFO  <Transformacion ClienteLF - Entrada Tabla> [/jobs/Job_dim_fact.kjb  /jobs/ETLdim_Cliente.ktr]  Finished reading query, closing connection
2026-07-02 21:38:06.257 INFO  <Transformacion ClienteLF - Selecciona/Renombra valores> [/jobs/Job_dim_fact.kjb  /jobs/ETLdim_Cliente.ktr]  Finished processing (I=0, O=0, R=300, W=300, U=0, E=0)
2026-07-02 21:38:06.265 INFO  <Transformacion ClienteLF - Entrada Tabla> [/jobs/Job_dim_fact.kjb  /jobs/ETLdim_Cliente.ktr]  Finished processing (I=300, O=0, R=0, W=300, U=0, E=0)
2026-07-02 21:38:06.271 INFO  <Transformacion ClienteLF - Ordenar filas 3> [/jobs/Job_dim_fact.kjb  /jobs/ETLdim_Cliente.ktr]  Finished processing (I=0, O=0, R=300, W=300, U=0, E=0)
2026-07-02 21:38:06.582 INFO  <Transformacion ClienteLF - SalidaActualizada> [/jobs/Job_dim_fact.kjb  /jobs/ETLdim_Cliente.ktr]  Finished processing (I=300, O=300, R=300, W=300, U=0, E=0)
2026-07-02 21:38:06.590 INFO  <Thread-8> [/jobs/Job_dim_fact.kjb]  Starting entry [ETL dim_eval_servicio]
2026-07-02 21:38:06.675 INFO  <Thread-8> [/jobs/Job_dim_fact.kjb]  Using run configuration [Pentaho local]
2026-07-02 21:38:06.682 INFO  <Thread-8> [/jobs/Job_dim_fact.kjb  /jobs/ETLdim_Evaluacion_Servicio.ktr]  Dispatching started for transformation [Transformacion Evaluacion ServicioLF]
2026-07-02 21:38:06.778 INFO  <Transformacion Evaluacion ServicioLF - Entrada Tabla Evaluacion_Servicio> [/jobs/Job_dim_fact.kjb  /jobs/ETLdim_Evaluacion_Servicio.ktr]  Finished reading query, closing connection
2026-07-02 21:38:06.781 INFO  <Transformacion Evaluacion ServicioLF - Ordenar filas 3> [/jobs/Job_dim_fact.kjb  /jobs/ETLdim_Evaluacion_Servicio.ktr]  Finished processing (I=0, O=0, R=6, W=6, U=0, E=0)
2026-07-02 21:38:06.782 INFO  <Transformacion Evaluacion ServicioLF - Entrada Tabla Evaluacion_Servicio> [/jobs/Job_dim_fact.kjb  /jobs/ETLdim_Evaluacion_Servicio.ktr]  Finished processing (I=6, O=0, R=0, W=6, U=0, E=0)
2026-07-02 21:38:06.827 INFO  <Transformacion Evaluacion ServicioLF - Insert / update> [/jobs/Job_dim_fact.kjb  /jobs/ETLdim_Evaluacion_Servicio.ktr]  Finished processing (I=6, O=6, R=6, W=6, U=0, E=0)
2026-07-02 21:38:06.836 INFO  <Thread-8> [/jobs/Job_dim_fact.kjb]  Starting entry [ELT dim_contrato]
2026-07-02 21:38:06.931 INFO  <Thread-8> [/jobs/Job_dim_fact.kjb]  Using run configuration [Pentaho local]
2026-07-02 21:38:06.934 INFO  <Thread-8> [/jobs/Job_dim_fact.kjb  /jobs/ETLdim_Contrato.ktr]  Dispatching started for transformation [Transformacion_ContratoLF]
2026-07-02 21:38:07.023 INFO  <Transformacion_ContratoLF - Entrada Tabla> [/jobs/Job_dim_fact.kjb  /jobs/ETLdim_Contrato.ktr]  Finished reading query, closing connection
2026-07-02 21:38:07.028 INFO  <Transformacion_ContratoLF - Entrada Tabla> [/jobs/Job_dim_fact.kjb  /jobs/ETLdim_Contrato.ktr]  Finished processing (I=1000, O=0, R=0, W=1000, U=0, E=0)
2026-07-02 21:38:07.035 INFO  <Transformacion_ContratoLF - Ordenar filas 3> [/jobs/Job_dim_fact.kjb  /jobs/ETLdim_Contrato.ktr]  Finished processing (I=0, O=0, R=1000, W=1000, U=0, E=0)
2026-07-02 21:38:07.995 INFO  <Transformacion_ContratoLF - Insert / update> [/jobs/Job_dim_fact.kjb  /jobs/ETLdim_Contrato.ktr]  Finished processing (I=1000, O=1000, R=1000, W=1000, U=0, E=0)
2026-07-02 21:38:08.001 INFO  <Thread-8> [/jobs/Job_dim_fact.kjb]  Starting entry [ETL dim_estado_contrato]
2026-07-02 21:38:08.223 INFO  <Thread-8> [/jobs/Job_dim_fact.kjb]  Using run configuration [Pentaho local]
2026-07-02 21:38:08.227 INFO  <Thread-8> [/jobs/Job_dim_fact.kjb  /jobs/ETLdim_Estado_Contrato.ktr]  Dispatching started for transformation [Transformacion Estado ContratoLF]
2026-07-02 21:38:08.404 INFO  <Transformacion Estado ContratoLF - Entrada Tabla Estado Contrato> [/jobs/Job_dim_fact.kjb  /jobs/ETLdim_Estado_Contrato.ktr]  Finished reading query, closing connection
2026-07-02 21:38:08.409 INFO  <Transformacion Estado ContratoLF - Seleccionar Estado Contrato> [/jobs/Job_dim_fact.kjb  /jobs/ETLdim_Estado_Contrato.ktr]  Finished processing (I=0, O=0, R=1000, W=1000, U=0, E=0)
2026-07-02 21:38:08.417 INFO  <Transformacion Estado ContratoLF - Entrada Tabla Estado Contrato> [/jobs/Job_dim_fact.kjb  /jobs/ETLdim_Estado_Contrato.ktr]  Finished processing (I=1000, O=0, R=0, W=1000, U=0, E=0)
2026-07-02 21:38:08.417 INFO  <Transformacion Estado ContratoLF - Agrupar> [/jobs/Job_dim_fact.kjb  /jobs/ETLdim_Estado_Contrato.ktr]  Finished processing (I=0, O=0, R=1000, W=3, U=0, E=0)
2026-07-02 21:38:08.422 INFO  <Transformacion Estado ContratoLF - Ordenar filas 3> [/jobs/Job_dim_fact.kjb  /jobs/ETLdim_Estado_Contrato.ktr]  Finished processing (I=0, O=0, R=3, W=3, U=0, E=0)
2026-07-02 21:38:08.422 INFO  <Transformacion Estado ContratoLF - Add sequence cod_estado> [/jobs/Job_dim_fact.kjb  /jobs/ETLdim_Estado_Contrato.ktr]  Finished processing (I=0, O=0, R=3, W=3, U=0, E=0)
2026-07-02 21:38:08.462 INFO  <Transformacion Estado ContratoLF - Insert / update> [/jobs/Job_dim_fact.kjb  /jobs/ETLdim_Estado_Contrato.ktr]  Finished processing (I=3, O=3, R=3, W=3, U=0, E=0)
2026-07-02 21:38:08.472 INFO  <Thread-8> [/jobs/Job_dim_fact.kjb]  Starting entry [ETL dim_sucursal]
2026-07-02 21:38:08.606 INFO  <Thread-8> [/jobs/Job_dim_fact.kjb]  Using run configuration [Pentaho local]
2026-07-02 21:38:08.609 INFO  <Thread-8> [/jobs/Job_dim_fact.kjb  /jobs/ETLdim_Sucursal.ktr]  Dispatching started for transformation [Transformacion SucursalLF]
2026-07-02 21:38:08.754 INFO  <Transformacion SucursalLF - Entrada Tabla Pais> [/jobs/Job_dim_fact.kjb  /jobs/ETLdim_Sucursal.ktr]  Finished reading query, closing connection
2026-07-02 21:38:08.754 INFO  <Transformacion SucursalLF - Entrada Tabla Ciudad> [/jobs/Job_dim_fact.kjb  /jobs/ETLdim_Sucursal.ktr]  Finished reading query, closing connection
2026-07-02 21:38:08.762 INFO  <Transformacion SucursalLF - Entrada Tabla Sucursal> [/jobs/Job_dim_fact.kjb  /jobs/ETLdim_Sucursal.ktr]  Finished reading query, closing connection
2026-07-02 21:38:08.761 INFO  <Transformacion SucursalLF - Entrada Tabla Pais> [/jobs/Job_dim_fact.kjb  /jobs/ETLdim_Sucursal.ktr]  Finished processing (I=30, O=0, R=0, W=30, U=0, E=0)
2026-07-02 21:38:08.780 INFO  <Transformacion SucursalLF - Entrada Tabla Ciudad> [/jobs/Job_dim_fact.kjb  /jobs/ETLdim_Sucursal.ktr]  Finished processing (I=30, O=0, R=0, W=30, U=0, E=0)
2026-07-02 21:38:08.780 INFO  <Transformacion SucursalLF - Entrada Tabla Sucursal> [/jobs/Job_dim_fact.kjb  /jobs/ETLdim_Sucursal.ktr]  Finished processing (I=30, O=0, R=0, W=30, U=0, E=0)
2026-07-02 21:38:09.072 INFO  <Transformacion SucursalLF - Unión Sucursal-Pais> [/jobs/Job_dim_fact.kjb  /jobs/ETLdim_Sucursal.ktr]  Finished processing (I=0, O=0, R=60, W=30, U=0, E=0)
2026-07-02 21:38:09.374 INFO  <Transformacion SucursalLF - Unión Sucursal-Pais-Ciudad> [/jobs/Job_dim_fact.kjb  /jobs/ETLdim_Sucursal.ktr]  Finished processing (I=0, O=0, R=60, W=30, U=0, E=0)
2026-07-02 21:38:09.377 INFO  <Transformacion SucursalLF - Ordenar filas 3> [/jobs/Job_dim_fact.kjb  /jobs/ETLdim_Sucursal.ktr]  Finished processing (I=0, O=0, R=30, W=30, U=0, E=0)
2026-07-02 21:38:09.544 INFO  <Transformacion SucursalLF - Insert / update> [/jobs/Job_dim_fact.kjb  /jobs/ETLdim_Sucursal.ktr]  Finished processing (I=30, O=30, R=30, W=30, U=0, E=0)
2026-07-02 21:38:09.552 INFO  <Thread-8> [/jobs/Job_dim_fact.kjb]  Starting entry [ETL dim_siniestro]
2026-07-02 21:38:09.636 INFO  <Thread-8> [/jobs/Job_dim_fact.kjb]  Using run configuration [Pentaho local]
2026-07-02 21:38:09.640 INFO  <Thread-8> [/jobs/Job_dim_fact.kjb  /jobs/ETLdim_Siniestro.ktr]  Dispatching started for transformation [Transformacion siniestroLF]
2026-07-02 21:38:09.724 INFO  <Transformacion siniestroLF - Entrada Tabla Siniestro> [/jobs/Job_dim_fact.kjb  /jobs/ETLdim_Siniestro.ktr]  Finished reading query, closing connection
2026-07-02 21:38:09.727 INFO  <Transformacion siniestroLF - Ordenar filas 3> [/jobs/Job_dim_fact.kjb  /jobs/ETLdim_Siniestro.ktr]  Finished processing (I=0, O=0, R=20, W=20, U=0, E=0)
2026-07-02 21:38:09.727 INFO  <Transformacion siniestroLF - Entrada Tabla Siniestro> [/jobs/Job_dim_fact.kjb  /jobs/ETLdim_Siniestro.ktr]  Finished processing (I=20, O=0, R=0, W=20, U=0, E=0)
2026-07-02 21:38:09.783 INFO  <Transformacion siniestroLF - Insert / update> [/jobs/Job_dim_fact.kjb  /jobs/ETLdim_Siniestro.ktr]  Finished processing (I=20, O=20, R=20, W=20, U=0, E=0)
2026-07-02 21:38:09.788 INFO  <Thread-8> [/jobs/Job_dim_fact.kjb]  Starting entry [ETL_fact_metas]
2026-07-02 21:38:10.136 INFO  <Thread-8> [/jobs/Job_dim_fact.kjb]  Using run configuration [Pentaho local]
2026-07-02 21:38:10.139 INFO  <Thread-8> [/jobs/Job_dim_fact.kjb  /jobs/ETLfact_Metas.ktr]  Dispatching started for transformation [LFTransformation_fact_metas]
2026-07-02 21:38:10.307 INFO  <LFTransformation_fact_metas - extraer producto> [/jobs/Job_dim_fact.kjb  /jobs/ETLfact_Metas.ktr]  Finished reading query, closing connection
2026-07-02 21:38:10.316 INFO  <LFTransformation_fact_metas - extraer producto> [/jobs/Job_dim_fact.kjb  /jobs/ETLfact_Metas.ktr]  Finished processing (I=30, O=0, R=0, W=30, U=0, E=0)
2026-07-02 21:38:10.317 INFO  <LFTransformation_fact_metas - Sort cod_prod> [/jobs/Job_dim_fact.kjb  /jobs/ETLfact_Metas.ktr]  Finished processing (I=0, O=0, R=30, W=30, U=0, E=0)
2026-07-02 21:38:10.360 INFO  <LFTransformation_fact_metas - extraer dim_tiempo> [/jobs/Job_dim_fact.kjb  /jobs/ETLfact_Metas.ktr]  Finished reading query, closing connection
2026-07-02 21:38:10.369 INFO  <LFTransformation_fact_metas - extraer dim_tiempo> [/jobs/Job_dim_fact.kjb  /jobs/ETLfact_Metas.ktr]  Finished processing (I=4747, O=0, R=0, W=4747, U=0, E=0)
2026-07-02 21:38:10.382 INFO  <LFTransformation_fact_metas - extraer dim_tiempo2> [/jobs/Job_dim_fact.kjb  /jobs/ETLfact_Metas.ktr]  Finished reading query, closing connection
2026-07-02 21:38:10.391 INFO  <LFTransformation_fact_metas - Sort fecha_completa> [/jobs/Job_dim_fact.kjb  /jobs/ETLfact_Metas.ktr]  Finished processing (I=0, O=0, R=4747, W=4747, U=0, E=0)
2026-07-02 21:38:10.390 INFO  <LFTransformation_fact_metas - extraer dim_tiempo2> [/jobs/Job_dim_fact.kjb  /jobs/ETLfact_Metas.ktr]  Finished processing (I=4747, O=0, R=0, W=4747, U=0, E=0)
2026-07-02 21:38:10.403 INFO  <LFTransformation_fact_metas - Sort fecha_completa2> [/jobs/Job_dim_fact.kjb  /jobs/ETLfact_Metas.ktr]  Finished processing (I=0, O=0, R=4747, W=4747, U=0, E=0)
2026-07-02 21:38:11.129 INFO  <LFTransformation_fact_metas - Microsoft Excel metas> [/jobs/Job_dim_fact.kjb  /jobs/ETLfact_Metas.ktr]  Finished processing (I=390, O=0, R=0, W=390, U=0, E=0)
2026-07-02 21:38:11.133 INFO  <LFTransformation_fact_metas - Sort cod_prod 2> [/jobs/Job_dim_fact.kjb  /jobs/ETLfact_Metas.ktr]  Finished processing (I=0, O=0, R=390, W=390, U=0, E=0)
2026-07-02 21:38:11.458 INFO  <LFTransformation_fact_metas - Merge join> [/jobs/Job_dim_fact.kjb  /jobs/ETLfact_Metas.ktr]  Finished processing (I=0, O=0, R=420, W=390, U=0, E=0)
2026-07-02 21:38:11.460 INFO  <LFTransformation_fact_metas - Quitar cod_prod y dejar SK> [/jobs/Job_dim_fact.kjb  /jobs/ETLfact_Metas.ktr]  Finished processing (I=0, O=0, R=390, W=390, U=0, E=0)
2026-07-02 21:38:11.467 INFO  <LFTransformation_fact_metas - Sort fecha_inicio> [/jobs/Job_dim_fact.kjb  /jobs/ETLfact_Metas.ktr]  Finished processing (I=0, O=0, R=390, W=390, U=0, E=0)
2026-07-02 21:38:11.797 INFO  <LFTransformation_fact_metas - Merge join 2> [/jobs/Job_dim_fact.kjb  /jobs/ETLfact_Metas.ktr]  Finished processing (I=0, O=0, R=5137, W=360, U=0, E=0)
2026-07-02 21:38:11.799 INFO  <LFTransformation_fact_metas - Select values 2> [/jobs/Job_dim_fact.kjb  /jobs/ETLfact_Metas.ktr]  Finished processing (I=0, O=0, R=360, W=360, U=0, E=0)
2026-07-02 21:38:11.801 INFO  <LFTransformation_fact_metas - Sort fecha_final> [/jobs/Job_dim_fact.kjb  /jobs/ETLfact_Metas.ktr]  Finished processing (I=0, O=0, R=360, W=360, U=0, E=0)
2026-07-02 21:38:12.110 INFO  <LFTransformation_fact_metas - Merge join 3> [/jobs/Job_dim_fact.kjb  /jobs/ETLfact_Metas.ktr]  Finished processing (I=0, O=0, R=5107, W=360, U=0, E=0)
2026-07-02 21:38:12.113 INFO  <LFTransformation_fact_metas - dejar sk_dim fec_final > [/jobs/Job_dim_fact.kjb  /jobs/ETLfact_Metas.ktr]  Finished processing (I=0, O=0, R=360, W=360, U=0, E=0)
2026-07-02 21:38:12.317 ERROR <LFTransformation_fact_metas - Insert / update> [/jobs/Job_dim_fact.kjb  /jobs/ETLfact_Metas.ktr]  Error in step, asking everyone to stop because of:
2026-07-02 21:38:12.321 ERROR <LFTransformation_fact_metas - Insert / update> [/jobs/Job_dim_fact.kjb  /jobs/ETLfact_Metas.ktr]  org.pentaho.di.core.exception.KettleDatabaseException: 
Error inserting/updating row
ERROR: null value in column "sk_dim_fecha_inicio_meta" of relation "fact_metas" violates not-null constraint
  Detail: Failing row contains (null, null, null, 174384, 24, 37).

	at org.pentaho.di.core.database.Database.insertRow(Database.java:1335)
	at org.pentaho.di.core.database.Database.insertRow(Database.java:1259)
	at org.pentaho.di.core.database.Database.insertRow(Database.java:1247)
	at org.pentaho.di.core.database.Database.insertRow(Database.java:1235)
	at org.pentaho.di.trans.steps.insertupdate.InsertUpdate.lookupValues(InsertUpdate.java:114)
	at org.pentaho.di.trans.steps.insertupdate.InsertUpdate.processRow(InsertUpdate.java:299)
	at org.pentaho.di.trans.step.RunThread.run(RunThread.java:62)
	at java.lang.Thread.run(Thread.java:750)
Caused by: org.postgresql.util.PSQLException: ERROR: null value in column "sk_dim_fecha_inicio_meta" of relation "fact_metas" violates not-null constraint
  Detail: Failing row contains (null, null, null, 174384, 24, 37).
	at org.postgresql.core.v3.QueryExecutorImpl.receiveErrorResponse(QueryExecutorImpl.java:2552)
	at org.postgresql.core.v3.QueryExecutorImpl.processResults(QueryExecutorImpl.java:2284)
	at org.postgresql.core.v3.QueryExecutorImpl.execute(QueryExecutorImpl.java:322)
	at org.postgresql.jdbc.PgStatement.executeInternal(PgStatement.java:481)
	at org.postgresql.jdbc.PgStatement.execute(PgStatement.java:401)
	at org.postgresql.jdbc.PgPreparedStatement.executeWithFlags(PgPreparedStatement.java:164)
	at org.postgresql.jdbc.PgPreparedStatement.executeUpdate(PgPreparedStatement.java:130)
	at org.pentaho.di.core.database.Database.insertRow(Database.java:1302)
	... 7 more

2026-07-02 21:38:12.350 ERROR <Thread-8> [/jobs/Job_dim_fact.kjb  /jobs/ETLfact_Metas.ktr]  Errors detected!
2026-07-02 21:38:12.360 INFO  <LFTransformation_fact_metas - Insert / update> [/jobs/Job_dim_fact.kjb  /jobs/ETLfact_Metas.ktr]  Finished processing (I=1, O=0, R=1, W=0, U=0, E=1)
2026-07-02 21:38:12.367 WARN  <LFTransformation_fact_metas - Insert / update> [/jobs/Job_dim_fact.kjb  /jobs/ETLfact_Metas.ktr]  Transformation detected one or more steps with errors.
2026-07-02 21:38:12.367 ERROR <Thread-8> [/jobs/Job_dim_fact.kjb  /jobs/ETLfact_Metas.ktr]  Errors detected!
2026-07-02 21:38:12.378 WARN  <LFTransformation_fact_metas - Insert / update> [/jobs/Job_dim_fact.kjb  /jobs/ETLfact_Metas.ktr]  Transformation is killing the other steps!
2026-07-02 21:38:12.382 INFO  <Thread-8> [/jobs/Job_dim_fact.kjb]  Finished job entry [ETL_fact_metas] (result=[false])
2026-07-02 21:38:12.385 INFO  <Thread-8> [/jobs/Job_dim_fact.kjb]  Finished job entry [ETL dim_siniestro] (result=[false])
2026-07-02 21:38:12.388 INFO  <Thread-8> [/jobs/Job_dim_fact.kjb]  Finished job entry [ETL dim_sucursal] (result=[false])
2026-07-02 21:38:12.392 INFO  <Thread-8> [/jobs/Job_dim_fact.kjb]  Finished job entry [ETL dim_estado_contrato] (result=[false])
2026-07-02 21:38:12.397 INFO  <Thread-8> [/jobs/Job_dim_fact.kjb]  Finished job entry [ELT dim_contrato] (result=[false])
2026-07-02 21:38:12.400 INFO  <Thread-8> [/jobs/Job_dim_fact.kjb]  Finished job entry [ETL dim_eval_servicio] (result=[false])
2026-07-02 21:38:12.404 INFO  <Thread-8> [/jobs/Job_dim_fact.kjb]  Finished job entry [ETL dim_cliente] (result=[false])
2026-07-02 21:38:12.408 INFO  <Thread-8> [/jobs/Job_dim_fact.kjb]  Finished job entry [ETL dim_producto] (result=[false])
2026-07-02 21:38:12.411 INFO  <Thread-8> [/jobs/Job_dim_fact.kjb]  Finished job entry [ETL dim_tiempo] (result=[false])
2026-07-02 21:38:12.418 WARN  <Thread-8> [/jobs/Job_dim_fact.kjb]  Job execution finished
2026-07-02 22:06:10.544 WARN  <Thread-8> [/jobs/Job_dim_fact.kjb]  Start of job execution
2026-07-02 22:06:11.069 INFO  <Thread-8> [/jobs/Job_dim_fact.kjb]  Starting entry [ETL dim_tiempo]
2026-07-02 22:06:15.148 INFO  <Thread-8> [/jobs/Job_dim_fact.kjb]  Using run configuration [Pentaho local]
2026-07-02 22:06:15.254 INFO  <Thread-8> [/jobs/Job_dim_fact.kjb  /jobs/ETLdim_Tiempo.ktr]  Dispatching started for transformation [Transformacion Dim_Tiempo]
2026-07-02 22:06:19.752 INFO  <Transformacion Dim_Tiempo - Generate rows> [/jobs/Job_dim_fact.kjb  /jobs/ETLdim_Tiempo.ktr]  Finished processing (I=0, O=0, R=0, W=14976, U=0, E=0)
2026-07-02 22:06:19.918 INFO  <Transformacion Dim_Tiempo - suma_dias> [/jobs/Job_dim_fact.kjb  /jobs/ETLdim_Tiempo.ktr]  Finished processing (I=0, O=0, R=14976, W=14976, U=0, E=0)
2026-07-02 22:06:20.008 INFO  <Transformacion Dim_Tiempo - Calculator> [/jobs/Job_dim_fact.kjb  /jobs/ETLdim_Tiempo.ktr]  Finished processing (I=0, O=0, R=14976, W=14976, U=0, E=0)
2026-07-02 22:06:20.015 INFO  <Transformacion Dim_Tiempo - Select values> [/jobs/Job_dim_fact.kjb  /jobs/ETLdim_Tiempo.ktr]  Finished processing (I=0, O=0, R=14976, W=14976, U=0, E=0)
2026-07-02 22:06:25.813 INFO  <Transformacion Dim_Tiempo - Microsoft Excel input Dias> [/jobs/Job_dim_fact.kjb  /jobs/ETLdim_Tiempo.ktr]  Finished processing (I=4747, O=0, R=0, W=4747, U=0, E=0)
2026-07-02 22:06:29.773 INFO  <Transformacion Dim_Tiempo - Extraccion de año> [/jobs/Job_dim_fact.kjb  /jobs/ETLdim_Tiempo.ktr]  Finished processing (I=0, O=0, R=4747, W=4747, U=0, E=0)
2026-07-02 22:06:29.897 INFO  <Transformacion Dim_Tiempo - Extraccion de mes> [/jobs/Job_dim_fact.kjb  /jobs/ETLdim_Tiempo.ktr]  Finished processing (I=0, O=0, R=4747, W=4747, U=0, E=0)
2026-07-02 22:06:29.972 INFO  <Transformacion Dim_Tiempo - Extraccion dia año> [/jobs/Job_dim_fact.kjb  /jobs/ETLdim_Tiempo.ktr]  Finished processing (I=0, O=0, R=4747, W=4747, U=0, E=0)
2026-07-02 22:06:30.055 INFO  <Transformacion Dim_Tiempo - Extraccion dia mes> [/jobs/Job_dim_fact.kjb  /jobs/ETLdim_Tiempo.ktr]  Finished processing (I=0, O=0, R=4747, W=4747, U=0, E=0)
2026-07-02 22:06:30.080 INFO  <Transformacion Dim_Tiempo - Extraccion dia semana> [/jobs/Job_dim_fact.kjb  /jobs/ETLdim_Tiempo.ktr]  Finished processing (I=0, O=0, R=4747, W=4747, U=0, E=0)
2026-07-02 22:06:30.240 INFO  <Transformacion Dim_Tiempo - Extraccion semana> [/jobs/Job_dim_fact.kjb  /jobs/ETLdim_Tiempo.ktr]  Finished processing (I=0, O=0, R=4747, W=4747, U=0, E=0)
2026-07-02 22:06:30.257 INFO  <Transformacion Dim_Tiempo - Mapeo de valores Des_dia_semana> [/jobs/Job_dim_fact.kjb  /jobs/ETLdim_Tiempo.ktr]  Finished processing (I=0, O=0, R=4747, W=4747, U=0, E=0)
2026-07-02 22:06:30.280 INFO  <Transformacion Dim_Tiempo - Mapeo de valores desc_mes_corta> [/jobs/Job_dim_fact.kjb  /jobs/ETLdim_Tiempo.ktr]  Finished processing (I=0, O=0, R=4747, W=4747, U=0, E=0)
2026-07-02 22:06:30.277 INFO  <Transformacion Dim_Tiempo - Mapeo de valores desc_mes> [/jobs/Job_dim_fact.kjb  /jobs/ETLdim_Tiempo.ktr]  Finished processing (I=0, O=0, R=4747, W=4747, U=0, E=0)
2026-07-02 22:06:30.301 INFO  <Transformacion Dim_Tiempo - Formula desc_trimestre> [/jobs/Job_dim_fact.kjb  /jobs/ETLdim_Tiempo.ktr]  Finished processing (I=0, O=0, R=4747, W=4747, U=0, E=0)
2026-07-02 22:06:30.274 INFO  <Transformacion Dim_Tiempo - Mapeo de valores desc_dia_semana_corta> [/jobs/Job_dim_fact.kjb  /jobs/ETLdim_Tiempo.ktr]  Finished processing (I=0, O=0, R=4747, W=4747, U=0, E=0)
2026-07-02 22:06:30.321 INFO  <Transformacion Dim_Tiempo - Formula desc_semestre> [/jobs/Job_dim_fact.kjb  /jobs/ETLdim_Tiempo.ktr]  Finished processing (I=0, O=0, R=4747, W=4747, U=0, E=0)
2026-07-02 22:06:38.380 INFO  <Transformacion Dim_Tiempo - Insert / update> [/jobs/Job_dim_fact.kjb  /jobs/ETLdim_Tiempo.ktr]  Finished processing (I=4747, O=4747, R=4747, W=4747, U=0, E=0)
2026-07-02 22:06:38.408 INFO  <Thread-8> [/jobs/Job_dim_fact.kjb]  Starting entry [ETL dim_producto]
2026-07-02 22:06:38.568 INFO  <Thread-8> [/jobs/Job_dim_fact.kjb]  Using run configuration [Pentaho local]
2026-07-02 22:06:38.570 INFO  <Thread-8> [/jobs/Job_dim_fact.kjb  /jobs/ETLdim_Producto.ktr]  Dispatching started for transformation [Transformacion ProductoLF]
2026-07-02 22:06:38.716 INFO  <Transformacion ProductoLF - Entrada Tabla Tipo Producto> [/jobs/Job_dim_fact.kjb  /jobs/ETLdim_Producto.ktr]  Finished reading query, closing connection
2026-07-02 22:06:38.724 INFO  <Transformacion ProductoLF - Entrada Tabla Producto> [/jobs/Job_dim_fact.kjb  /jobs/ETLdim_Producto.ktr]  Finished reading query, closing connection
2026-07-02 22:06:38.726 INFO  <Transformacion ProductoLF - Entrada Tabla Tipo Producto> [/jobs/Job_dim_fact.kjb  /jobs/ETLdim_Producto.ktr]  Finished processing (I=4, O=0, R=0, W=4, U=0, E=0)
2026-07-02 22:06:38.732 INFO  <Transformacion ProductoLF - Entrada Tabla Producto> [/jobs/Job_dim_fact.kjb  /jobs/ETLdim_Producto.ktr]  Finished processing (I=30, O=0, R=0, W=30, U=0, E=0)
2026-07-02 22:06:38.758 INFO  <Transformacion ProductoLF - Ordenar filas 2> [/jobs/Job_dim_fact.kjb  /jobs/ETLdim_Producto.ktr]  Finished processing (I=0, O=0, R=30, W=30, U=0, E=0)
2026-07-02 22:06:38.758 INFO  <Transformacion ProductoLF - Ordenar filas> [/jobs/Job_dim_fact.kjb  /jobs/ETLdim_Producto.ktr]  Finished processing (I=0, O=0, R=4, W=4, U=0, E=0)
2026-07-02 22:06:39.070 INFO  <Transformacion ProductoLF - Unión por clave> [/jobs/Job_dim_fact.kjb  /jobs/ETLdim_Producto.ktr]  Finished processing (I=0, O=0, R=34, W=30, U=0, E=0)
2026-07-02 22:06:39.074 INFO  <Transformacion ProductoLF - Ordenar filas 3> [/jobs/Job_dim_fact.kjb  /jobs/ETLdim_Producto.ktr]  Finished processing (I=0, O=0, R=30, W=30, U=0, E=0)
2026-07-02 22:06:39.078 INFO  <Transformacion ProductoLF - Strings cut> [/jobs/Job_dim_fact.kjb  /jobs/ETLdim_Producto.ktr]  Finished processing (I=0, O=0, R=30, W=30, U=0, E=0)
2026-07-02 22:06:39.151 INFO  <Transformacion ProductoLF - Insert / update> [/jobs/Job_dim_fact.kjb  /jobs/ETLdim_Producto.ktr]  Finished processing (I=30, O=30, R=30, W=30, U=0, E=0)
2026-07-02 22:06:39.163 INFO  <Thread-8> [/jobs/Job_dim_fact.kjb]  Starting entry [ETL dim_cliente]
2026-07-02 22:06:39.250 INFO  <Thread-8> [/jobs/Job_dim_fact.kjb]  Using run configuration [Pentaho local]
2026-07-02 22:06:39.255 INFO  <Thread-8> [/jobs/Job_dim_fact.kjb  /jobs/ETLdim_Cliente.ktr]  Dispatching started for transformation [Transformacion ClienteLF]
2026-07-02 22:06:39.333 INFO  <Transformacion ClienteLF - Entrada Tabla> [/jobs/Job_dim_fact.kjb  /jobs/ETLdim_Cliente.ktr]  Finished reading query, closing connection
2026-07-02 22:06:39.339 INFO  <Transformacion ClienteLF - Entrada Tabla> [/jobs/Job_dim_fact.kjb  /jobs/ETLdim_Cliente.ktr]  Finished processing (I=300, O=0, R=0, W=300, U=0, E=0)
2026-07-02 22:06:39.342 INFO  <Transformacion ClienteLF - Selecciona/Renombra valores> [/jobs/Job_dim_fact.kjb  /jobs/ETLdim_Cliente.ktr]  Finished processing (I=0, O=0, R=300, W=300, U=0, E=0)
2026-07-02 22:06:39.348 INFO  <Transformacion ClienteLF - Ordenar filas 3> [/jobs/Job_dim_fact.kjb  /jobs/ETLdim_Cliente.ktr]  Finished processing (I=0, O=0, R=300, W=300, U=0, E=0)
2026-07-02 22:06:39.632 INFO  <Transformacion ClienteLF - SalidaActualizada> [/jobs/Job_dim_fact.kjb  /jobs/ETLdim_Cliente.ktr]  Finished processing (I=300, O=300, R=300, W=300, U=0, E=0)
2026-07-02 22:06:39.641 INFO  <Thread-8> [/jobs/Job_dim_fact.kjb]  Starting entry [ETL dim_eval_servicio]
2026-07-02 22:06:39.696 INFO  <Thread-8> [/jobs/Job_dim_fact.kjb]  Using run configuration [Pentaho local]
2026-07-02 22:06:39.699 INFO  <Thread-8> [/jobs/Job_dim_fact.kjb  /jobs/ETLdim_Evaluacion_Servicio.ktr]  Dispatching started for transformation [Transformacion Evaluacion ServicioLF]
2026-07-02 22:06:39.756 INFO  <Transformacion Evaluacion ServicioLF - Entrada Tabla Evaluacion_Servicio> [/jobs/Job_dim_fact.kjb  /jobs/ETLdim_Evaluacion_Servicio.ktr]  Finished reading query, closing connection
2026-07-02 22:06:39.759 INFO  <Transformacion Evaluacion ServicioLF - Entrada Tabla Evaluacion_Servicio> [/jobs/Job_dim_fact.kjb  /jobs/ETLdim_Evaluacion_Servicio.ktr]  Finished processing (I=6, O=0, R=0, W=6, U=0, E=0)
2026-07-02 22:06:39.759 INFO  <Transformacion Evaluacion ServicioLF - Ordenar filas 3> [/jobs/Job_dim_fact.kjb  /jobs/ETLdim_Evaluacion_Servicio.ktr]  Finished processing (I=0, O=0, R=6, W=6, U=0, E=0)
2026-07-02 22:06:39.799 INFO  <Transformacion Evaluacion ServicioLF - Insert / update> [/jobs/Job_dim_fact.kjb  /jobs/ETLdim_Evaluacion_Servicio.ktr]  Finished processing (I=6, O=6, R=6, W=6, U=0, E=0)
2026-07-02 22:06:39.809 INFO  <Thread-8> [/jobs/Job_dim_fact.kjb]  Starting entry [ELT dim_contrato]
2026-07-02 22:06:39.863 INFO  <Thread-8> [/jobs/Job_dim_fact.kjb]  Using run configuration [Pentaho local]
2026-07-02 22:06:39.866 INFO  <Thread-8> [/jobs/Job_dim_fact.kjb  /jobs/ETLdim_Contrato.ktr]  Dispatching started for transformation [Transformacion_ContratoLF]
2026-07-02 22:06:39.929 INFO  <Transformacion_ContratoLF - Entrada Tabla> [/jobs/Job_dim_fact.kjb  /jobs/ETLdim_Contrato.ktr]  Finished reading query, closing connection
2026-07-02 22:06:39.935 INFO  <Transformacion_ContratoLF - Entrada Tabla> [/jobs/Job_dim_fact.kjb  /jobs/ETLdim_Contrato.ktr]  Finished processing (I=1000, O=0, R=0, W=1000, U=0, E=0)
2026-07-02 22:06:39.936 INFO  <Transformacion_ContratoLF - Ordenar filas 3> [/jobs/Job_dim_fact.kjb  /jobs/ETLdim_Contrato.ktr]  Finished processing (I=0, O=0, R=1000, W=1000, U=0, E=0)
2026-07-02 22:06:40.592 INFO  <Transformacion_ContratoLF - Insert / update> [/jobs/Job_dim_fact.kjb  /jobs/ETLdim_Contrato.ktr]  Finished processing (I=1000, O=1000, R=1000, W=1000, U=0, E=0)
2026-07-02 22:06:40.597 INFO  <Thread-8> [/jobs/Job_dim_fact.kjb]  Starting entry [ETL dim_estado_contrato]
2026-07-02 22:06:40.711 INFO  <Thread-8> [/jobs/Job_dim_fact.kjb]  Using run configuration [Pentaho local]
2026-07-02 22:06:40.714 INFO  <Thread-8> [/jobs/Job_dim_fact.kjb  /jobs/ETLdim_Estado_Contrato.ktr]  Dispatching started for transformation [Transformacion Estado ContratoLF]
2026-07-02 22:06:40.840 INFO  <Transformacion Estado ContratoLF - Entrada Tabla Estado Contrato> [/jobs/Job_dim_fact.kjb  /jobs/ETLdim_Estado_Contrato.ktr]  Finished reading query, closing connection
2026-07-02 22:06:40.850 INFO  <Transformacion Estado ContratoLF - Seleccionar Estado Contrato> [/jobs/Job_dim_fact.kjb  /jobs/ETLdim_Estado_Contrato.ktr]  Finished processing (I=0, O=0, R=1000, W=1000, U=0, E=0)
2026-07-02 22:06:40.852 INFO  <Transformacion Estado ContratoLF - Entrada Tabla Estado Contrato> [/jobs/Job_dim_fact.kjb  /jobs/ETLdim_Estado_Contrato.ktr]  Finished processing (I=1000, O=0, R=0, W=1000, U=0, E=0)
2026-07-02 22:06:40.888 INFO  <Transformacion Estado ContratoLF - Agrupar> [/jobs/Job_dim_fact.kjb  /jobs/ETLdim_Estado_Contrato.ktr]  Finished processing (I=0, O=0, R=1000, W=3, U=0, E=0)
2026-07-02 22:06:40.893 INFO  <Transformacion Estado ContratoLF - Add sequence cod_estado> [/jobs/Job_dim_fact.kjb  /jobs/ETLdim_Estado_Contrato.ktr]  Finished processing (I=0, O=0, R=3, W=3, U=0, E=0)
2026-07-02 22:06:40.897 INFO  <Transformacion Estado ContratoLF - Ordenar filas 3> [/jobs/Job_dim_fact.kjb  /jobs/ETLdim_Estado_Contrato.ktr]  Finished processing (I=0, O=0, R=3, W=3, U=0, E=0)
2026-07-02 22:06:40.948 INFO  <Transformacion Estado ContratoLF - Insert / update> [/jobs/Job_dim_fact.kjb  /jobs/ETLdim_Estado_Contrato.ktr]  Finished processing (I=3, O=3, R=3, W=3, U=0, E=0)
2026-07-02 22:06:40.954 INFO  <Thread-8> [/jobs/Job_dim_fact.kjb]  Starting entry [ETL dim_sucursal]
2026-07-02 22:06:41.077 INFO  <Thread-8> [/jobs/Job_dim_fact.kjb]  Using run configuration [Pentaho local]
2026-07-02 22:06:41.083 INFO  <Thread-8> [/jobs/Job_dim_fact.kjb  /jobs/ETLdim_Sucursal.ktr]  Dispatching started for transformation [Transformacion SucursalLF]
2026-07-02 22:06:41.211 INFO  <Transformacion SucursalLF - Entrada Tabla Pais> [/jobs/Job_dim_fact.kjb  /jobs/ETLdim_Sucursal.ktr]  Finished reading query, closing connection
2026-07-02 22:06:41.215 INFO  <Transformacion SucursalLF - Entrada Tabla Pais> [/jobs/Job_dim_fact.kjb  /jobs/ETLdim_Sucursal.ktr]  Finished processing (I=30, O=0, R=0, W=30, U=0, E=0)
2026-07-02 22:06:41.224 INFO  <Transformacion SucursalLF - Entrada Tabla Ciudad> [/jobs/Job_dim_fact.kjb  /jobs/ETLdim_Sucursal.ktr]  Finished reading query, closing connection
2026-07-02 22:06:41.230 INFO  <Transformacion SucursalLF - Entrada Tabla Ciudad> [/jobs/Job_dim_fact.kjb  /jobs/ETLdim_Sucursal.ktr]  Finished processing (I=30, O=0, R=0, W=30, U=0, E=0)
2026-07-02 22:06:41.242 INFO  <Transformacion SucursalLF - Entrada Tabla Sucursal> [/jobs/Job_dim_fact.kjb  /jobs/ETLdim_Sucursal.ktr]  Finished reading query, closing connection
2026-07-02 22:06:41.253 INFO  <Transformacion SucursalLF - Entrada Tabla Sucursal> [/jobs/Job_dim_fact.kjb  /jobs/ETLdim_Sucursal.ktr]  Finished processing (I=30, O=0, R=0, W=30, U=0, E=0)
2026-07-02 22:06:41.544 INFO  <Transformacion SucursalLF - Unión Sucursal-Pais> [/jobs/Job_dim_fact.kjb  /jobs/ETLdim_Sucursal.ktr]  Finished processing (I=0, O=0, R=60, W=30, U=0, E=0)
2026-07-02 22:06:41.846 INFO  <Transformacion SucursalLF - Unión Sucursal-Pais-Ciudad> [/jobs/Job_dim_fact.kjb  /jobs/ETLdim_Sucursal.ktr]  Finished processing (I=0, O=0, R=60, W=30, U=0, E=0)
2026-07-02 22:06:41.848 INFO  <Transformacion SucursalLF - Ordenar filas 3> [/jobs/Job_dim_fact.kjb  /jobs/ETLdim_Sucursal.ktr]  Finished processing (I=0, O=0, R=30, W=30, U=0, E=0)
2026-07-02 22:06:41.916 INFO  <Transformacion SucursalLF - Insert / update> [/jobs/Job_dim_fact.kjb  /jobs/ETLdim_Sucursal.ktr]  Finished processing (I=30, O=30, R=30, W=30, U=0, E=0)
2026-07-02 22:06:41.921 INFO  <Thread-8> [/jobs/Job_dim_fact.kjb]  Starting entry [ETL dim_siniestro]
2026-07-02 22:06:41.992 INFO  <Thread-8> [/jobs/Job_dim_fact.kjb]  Using run configuration [Pentaho local]
2026-07-02 22:06:41.995 INFO  <Thread-8> [/jobs/Job_dim_fact.kjb  /jobs/ETLdim_Siniestro.ktr]  Dispatching started for transformation [Transformacion siniestroLF]
2026-07-02 22:06:42.063 INFO  <Transformacion siniestroLF - Entrada Tabla Siniestro> [/jobs/Job_dim_fact.kjb  /jobs/ETLdim_Siniestro.ktr]  Finished reading query, closing connection
2026-07-02 22:06:42.067 INFO  <Transformacion siniestroLF - Ordenar filas 3> [/jobs/Job_dim_fact.kjb  /jobs/ETLdim_Siniestro.ktr]  Finished processing (I=0, O=0, R=20, W=20, U=0, E=0)
2026-07-02 22:06:42.067 INFO  <Transformacion siniestroLF - Entrada Tabla Siniestro> [/jobs/Job_dim_fact.kjb  /jobs/ETLdim_Siniestro.ktr]  Finished processing (I=20, O=0, R=0, W=20, U=0, E=0)
2026-07-02 22:06:42.138 INFO  <Transformacion siniestroLF - Insert / update> [/jobs/Job_dim_fact.kjb  /jobs/ETLdim_Siniestro.ktr]  Finished processing (I=20, O=20, R=20, W=20, U=0, E=0)
2026-07-02 22:06:42.143 INFO  <Thread-8> [/jobs/Job_dim_fact.kjb]  Starting entry [ETL_fact_metas]
2026-07-02 22:06:42.391 INFO  <Thread-8> [/jobs/Job_dim_fact.kjb]  Using run configuration [Pentaho local]
2026-07-02 22:06:42.395 INFO  <Thread-8> [/jobs/Job_dim_fact.kjb  /jobs/ETLfact_Metas.ktr]  Dispatching started for transformation [LFTransformation_fact_metas]
2026-07-02 22:06:42.491 INFO  <LFTransformation_fact_metas - extraer producto> [/jobs/Job_dim_fact.kjb  /jobs/ETLfact_Metas.ktr]  Finished reading query, closing connection
2026-07-02 22:06:42.495 INFO  <LFTransformation_fact_metas - extraer producto> [/jobs/Job_dim_fact.kjb  /jobs/ETLfact_Metas.ktr]  Finished processing (I=30, O=0, R=0, W=30, U=0, E=0)
2026-07-02 22:06:42.500 INFO  <LFTransformation_fact_metas - Sort cod_prod> [/jobs/Job_dim_fact.kjb  /jobs/ETLfact_Metas.ktr]  Finished processing (I=0, O=0, R=30, W=30, U=0, E=0)
2026-07-02 22:06:42.533 INFO  <LFTransformation_fact_metas - extraer dim_tiempo> [/jobs/Job_dim_fact.kjb  /jobs/ETLfact_Metas.ktr]  Finished reading query, closing connection
2026-07-02 22:06:42.544 INFO  <LFTransformation_fact_metas - extraer dim_tiempo2> [/jobs/Job_dim_fact.kjb  /jobs/ETLfact_Metas.ktr]  Finished reading query, closing connection
2026-07-02 22:06:42.551 INFO  <LFTransformation_fact_metas - extraer dim_tiempo> [/jobs/Job_dim_fact.kjb  /jobs/ETLfact_Metas.ktr]  Finished processing (I=4747, O=0, R=0, W=4747, U=0, E=0)
2026-07-02 22:06:42.556 INFO  <LFTransformation_fact_metas - extraer dim_tiempo2> [/jobs/Job_dim_fact.kjb  /jobs/ETLfact_Metas.ktr]  Finished processing (I=4747, O=0, R=0, W=4747, U=0, E=0)
2026-07-02 22:06:42.558 INFO  <LFTransformation_fact_metas - Sort fecha_completa> [/jobs/Job_dim_fact.kjb  /jobs/ETLfact_Metas.ktr]  Finished processing (I=0, O=0, R=4747, W=4747, U=0, E=0)
2026-07-02 22:06:42.570 INFO  <LFTransformation_fact_metas - Sort fecha_completa2> [/jobs/Job_dim_fact.kjb  /jobs/ETLfact_Metas.ktr]  Finished processing (I=0, O=0, R=4747, W=4747, U=0, E=0)
2026-07-02 22:06:43.014 INFO  <LFTransformation_fact_metas - Microsoft Excel metas> [/jobs/Job_dim_fact.kjb  /jobs/ETLfact_Metas.ktr]  Finished processing (I=390, O=0, R=0, W=390, U=0, E=0)
2026-07-02 22:06:43.020 INFO  <LFTransformation_fact_metas - Sort cod_prod 2> [/jobs/Job_dim_fact.kjb  /jobs/ETLfact_Metas.ktr]  Finished processing (I=0, O=0, R=390, W=390, U=0, E=0)
2026-07-02 22:06:43.331 INFO  <LFTransformation_fact_metas - Merge join> [/jobs/Job_dim_fact.kjb  /jobs/ETLfact_Metas.ktr]  Finished processing (I=0, O=0, R=420, W=390, U=0, E=0)
2026-07-02 22:06:43.335 INFO  <LFTransformation_fact_metas - Quitar cod_prod y dejar SK> [/jobs/Job_dim_fact.kjb  /jobs/ETLfact_Metas.ktr]  Finished processing (I=0, O=0, R=390, W=390, U=0, E=0)
2026-07-02 22:06:43.344 INFO  <LFTransformation_fact_metas - Sort fecha_inicio> [/jobs/Job_dim_fact.kjb  /jobs/ETLfact_Metas.ktr]  Finished processing (I=0, O=0, R=390, W=390, U=0, E=0)
2026-07-02 22:06:43.672 INFO  <LFTransformation_fact_metas - Merge join 2> [/jobs/Job_dim_fact.kjb  /jobs/ETLfact_Metas.ktr]  Finished processing (I=0, O=0, R=5137, W=360, U=0, E=0)
2026-07-02 22:06:43.676 INFO  <LFTransformation_fact_metas - Sort fecha_final> [/jobs/Job_dim_fact.kjb  /jobs/ETLfact_Metas.ktr]  Finished processing (I=0, O=0, R=360, W=360, U=0, E=0)
2026-07-02 22:06:43.674 INFO  <LFTransformation_fact_metas - Select values 2> [/jobs/Job_dim_fact.kjb  /jobs/ETLfact_Metas.ktr]  Finished processing (I=0, O=0, R=360, W=360, U=0, E=0)
2026-07-02 22:06:43.985 INFO  <LFTransformation_fact_metas - Merge join 3> [/jobs/Job_dim_fact.kjb  /jobs/ETLfact_Metas.ktr]  Finished processing (I=0, O=0, R=5107, W=360, U=0, E=0)
2026-07-02 22:06:43.987 INFO  <LFTransformation_fact_metas - dejar sk_dim fec_final > [/jobs/Job_dim_fact.kjb  /jobs/ETLfact_Metas.ktr]  Finished processing (I=0, O=0, R=360, W=360, U=0, E=0)
2026-07-02 22:06:44.154 INFO  <LFTransformation_fact_metas - Insert / update> [/jobs/Job_dim_fact.kjb  /jobs/ETLfact_Metas.ktr]  Finished processing (I=360, O=360, R=360, W=360, U=0, E=0)
2026-07-02 22:06:44.159 INFO  <Thread-8> [/jobs/Job_dim_fact.kjb]  Starting entry [ETL_fact_reg_contrato]
2026-07-02 22:06:44.632 INFO  <Thread-8> [/jobs/Job_dim_fact.kjb]  Using run configuration [Pentaho local]
2026-07-02 22:06:44.651 INFO  <Thread-8> [/jobs/Job_dim_fact.kjb  /jobs/ETLfact_Registro_Contrato.ktr]  Dispatching started for transformation [Transformacion FACT_Registro_Contrato]
2026-07-02 22:06:44.938 INFO  <Transformacion FACT_Registro_Contrato - Entrada Tabla Dim_Cliente> [/jobs/Job_dim_fact.kjb  /jobs/ETLfact_Registro_Contrato.ktr]  Finished reading query, closing connection
2026-07-02 22:06:44.966 INFO  <Transformacion FACT_Registro_Contrato - Ordenar filas nro_contrato 2> [/jobs/Job_dim_fact.kjb  /jobs/ETLfact_Registro_Contrato.ktr]  Finished processing (I=0, O=0, R=1000, W=1000, U=0, E=0)
2026-07-02 22:06:44.960 INFO  <Transformacion FACT_Registro_Contrato - Entrada Tabla dim_contrato> [/jobs/Job_dim_fact.kjb  /jobs/ETLfact_Registro_Contrato.ktr]  Finished reading query, closing connection
2026-07-02 22:06:45.000 INFO  <Transformacion FACT_Registro_Contrato - Ordenar filas cod_producto 2> [/jobs/Job_dim_fact.kjb  /jobs/ETLfact_Registro_Contrato.ktr]  Finished processing (I=0, O=0, R=30, W=30, U=0, E=0)
2026-07-02 22:06:44.998 INFO  <Transformacion FACT_Registro_Contrato - Entrada Tabla dim_producto> [/jobs/Job_dim_fact.kjb  /jobs/ETLfact_Registro_Contrato.ktr]  Finished reading query, closing connection
2026-07-02 22:06:44.993 INFO  <Transformacion FACT_Registro_Contrato - Ordenar filas cod_cliente> [/jobs/Job_dim_fact.kjb  /jobs/ETLfact_Registro_Contrato.ktr]  Finished processing (I=0, O=0, R=1000, W=1000, U=0, E=0)
2026-07-02 22:06:44.980 INFO  <Transformacion FACT_Registro_Contrato - Entrada Tabla Dim_Cliente> [/jobs/Job_dim_fact.kjb  /jobs/ETLfact_Registro_Contrato.ktr]  Finished processing (I=300, O=0, R=0, W=300, U=0, E=0)
2026-07-02 22:06:44.960 INFO  <Transformacion FACT_Registro_Contrato - Entrada Tabla Registro Contrato> [/jobs/Job_dim_fact.kjb  /jobs/ETLfact_Registro_Contrato.ktr]  Finished reading query, closing connection
2026-07-02 22:06:45.152 INFO  <Transformacion FACT_Registro_Contrato - Entrada Tabla dim_producto> [/jobs/Job_dim_fact.kjb  /jobs/ETLfact_Registro_Contrato.ktr]  Finished processing (I=30, O=0, R=0, W=30, U=0, E=0)
2026-07-02 22:06:45.142 INFO  <Transformacion FACT_Registro_Contrato - Entrada Tabla dim_contrato> [/jobs/Job_dim_fact.kjb  /jobs/ETLfact_Registro_Contrato.ktr]  Finished processing (I=1000, O=0, R=0, W=1000, U=0, E=0)
2026-07-02 22:06:44.960 INFO  <Transformacion FACT_Registro_Contrato - Ordenar filas cod_cliente 2> [/jobs/Job_dim_fact.kjb  /jobs/ETLfact_Registro_Contrato.ktr]  Finished processing (I=0, O=0, R=300, W=300, U=0, E=0)
2026-07-02 22:06:45.142 INFO  <Transformacion FACT_Registro_Contrato - Entrada Tabla dim_estado_contrato> [/jobs/Job_dim_fact.kjb  /jobs/ETLfact_Registro_Contrato.ktr]  Finished reading query, closing connection
2026-07-02 22:06:45.144 INFO  <Transformacion FACT_Registro_Contrato - Ordenar filas descrip_estado> [/jobs/Job_dim_fact.kjb  /jobs/ETLfact_Registro_Contrato.ktr]  Finished processing (I=0, O=0, R=3, W=3, U=0, E=0)
2026-07-02 22:06:45.225 INFO  <Transformacion FACT_Registro_Contrato - Entrada Tabla dim_estado_contrato> [/jobs/Job_dim_fact.kjb  /jobs/ETLfact_Registro_Contrato.ktr]  Finished processing (I=3, O=0, R=0, W=3, U=0, E=0)
2026-07-02 22:06:45.200 INFO  <Transformacion FACT_Registro_Contrato - Entrada Tabla Registro Contrato> [/jobs/Job_dim_fact.kjb  /jobs/ETLfact_Registro_Contrato.ktr]  Finished processing (I=1000, O=0, R=0, W=1000, U=0, E=0)
2026-07-02 22:06:45.270 INFO  <Transformacion FACT_Registro_Contrato - Entrada Tabla dim_tiempo> [/jobs/Job_dim_fact.kjb  /jobs/ETLfact_Registro_Contrato.ktr]  Finished reading query, closing connection
2026-07-02 22:06:45.278 INFO  <Transformacion FACT_Registro_Contrato - Entrada Tabla dim_tiempo> [/jobs/Job_dim_fact.kjb  /jobs/ETLfact_Registro_Contrato.ktr]  Finished processing (I=4747, O=0, R=0, W=9494, U=0, E=0)
2026-07-02 22:06:45.300 INFO  <Transformacion FACT_Registro_Contrato - Ordenar filas dim_tiempo 2> [/jobs/Job_dim_fact.kjb  /jobs/ETLfact_Registro_Contrato.ktr]  Finished processing (I=0, O=0, R=4747, W=4747, U=0, E=0)
2026-07-02 22:06:45.305 INFO  <Transformacion FACT_Registro_Contrato - Ordenar filas dim_tiempo> [/jobs/Job_dim_fact.kjb  /jobs/ETLfact_Registro_Contrato.ktr]  Finished processing (I=0, O=0, R=4747, W=4747, U=0, E=0)
2026-07-02 22:06:45.332 INFO  <Transformacion FACT_Registro_Contrato - Unión por clave> [/jobs/Job_dim_fact.kjb  /jobs/ETLfact_Registro_Contrato.ktr]  Finished processing (I=0, O=0, R=1300, W=1000, U=0, E=0)
2026-07-02 22:06:45.355 INFO  <Transformacion FACT_Registro_Contrato - Ordenar filas cod_producto> [/jobs/Job_dim_fact.kjb  /jobs/ETLfact_Registro_Contrato.ktr]  Finished processing (I=0, O=0, R=1000, W=1000, U=0, E=0)
2026-07-02 22:06:45.660 INFO  <Transformacion FACT_Registro_Contrato - Unión por clave cod_producto> [/jobs/Job_dim_fact.kjb  /jobs/ETLfact_Registro_Contrato.ktr]  Finished processing (I=0, O=0, R=1030, W=1000, U=0, E=0)
2026-07-02 22:06:45.672 INFO  <Transformacion FACT_Registro_Contrato - Ordenar filas nro_contrato> [/jobs/Job_dim_fact.kjb  /jobs/ETLfact_Registro_Contrato.ktr]  Finished processing (I=0, O=0, R=1000, W=1000, U=0, E=0)
2026-07-02 22:06:45.977 INFO  <Transformacion FACT_Registro_Contrato - Unión por clave nro_contrato> [/jobs/Job_dim_fact.kjb  /jobs/ETLfact_Registro_Contrato.ktr]  Finished processing (I=0, O=0, R=2000, W=1000, U=0, E=0)
2026-07-02 22:06:45.984 INFO  <Transformacion FACT_Registro_Contrato - Ordenar filas estado_contrato> [/jobs/Job_dim_fact.kjb  /jobs/ETLfact_Registro_Contrato.ktr]  Finished processing (I=0, O=0, R=1000, W=1000, U=0, E=0)
2026-07-02 22:06:46.289 INFO  <Transformacion FACT_Registro_Contrato - Unión por clave estado_contrato> [/jobs/Job_dim_fact.kjb  /jobs/ETLfact_Registro_Contrato.ktr]  Finished processing (I=0, O=0, R=1003, W=1000, U=0, E=0)
2026-07-02 22:06:46.298 INFO  <Transformacion FACT_Registro_Contrato - Ordenar filas fecha inicio> [/jobs/Job_dim_fact.kjb  /jobs/ETLfact_Registro_Contrato.ktr]  Finished processing (I=0, O=0, R=1000, W=1000, U=0, E=0)
2026-07-02 22:06:46.604 INFO  <Transformacion FACT_Registro_Contrato - Unión por clave fecha inicio> [/jobs/Job_dim_fact.kjb  /jobs/ETLfact_Registro_Contrato.ktr]  Finished processing (I=0, O=0, R=5747, W=1000, U=0, E=0)
2026-07-02 22:06:46.615 INFO  <Transformacion FACT_Registro_Contrato - Ordenar filas fecha_fin> [/jobs/Job_dim_fact.kjb  /jobs/ETLfact_Registro_Contrato.ktr]  Finished processing (I=0, O=0, R=1000, W=1000, U=0, E=0)
2026-07-02 22:06:46.923 INFO  <Transformacion FACT_Registro_Contrato - Unión por clave fecha fin> [/jobs/Job_dim_fact.kjb  /jobs/ETLfact_Registro_Contrato.ktr]  Finished processing (I=0, O=0, R=5747, W=867, U=0, E=0)
2026-07-02 22:06:46.926 INFO  <Transformacion FACT_Registro_Contrato - Añadir secuencia utilidad> [/jobs/Job_dim_fact.kjb  /jobs/ETLfact_Registro_Contrato.ktr]  Finished processing (I=0, O=0, R=867, W=867, U=0, E=0)
2026-07-02 22:06:47.632 INFO  <Transformacion FACT_Registro_Contrato - Insert / update> [/jobs/Job_dim_fact.kjb  /jobs/ETLfact_Registro_Contrato.ktr]  Finished processing (I=867, O=867, R=867, W=867, U=0, E=0)
2026-07-02 22:06:47.639 INFO  <Thread-8> [/jobs/Job_dim_fact.kjb]  Starting entry [ETL fact_reg_siniestro]
2026-07-02 22:06:48.037 INFO  <Thread-8> [/jobs/Job_dim_fact.kjb]  Using run configuration [Pentaho local]
2026-07-02 22:06:48.046 INFO  <Thread-8> [/jobs/Job_dim_fact.kjb  /jobs/ETLfact_Registro_Siniestro.ktr]  Dispatching started for transformation [Transformacion Fact_Registro_Siniestro]
2026-07-02 22:06:48.242 INFO  <Transformacion Fact_Registro_Siniestro - Entrada Tabla dim_siniestro> [/jobs/Job_dim_fact.kjb  /jobs/ETLfact_Registro_Siniestro.ktr]  Finished reading query, closing connection
2026-07-02 22:06:48.244 INFO  <Transformacion Fact_Registro_Siniestro - Ordenar filas nro_siniestro> [/jobs/Job_dim_fact.kjb  /jobs/ETLfact_Registro_Siniestro.ktr]  Finished processing (I=0, O=0, R=20, W=20, U=0, E=0)
2026-07-02 22:06:48.257 INFO  <Transformacion Fact_Registro_Siniestro - Entrada Tabla dim_contrato> [/jobs/Job_dim_fact.kjb  /jobs/ETLfact_Registro_Siniestro.ktr]  Finished reading query, closing connection
2026-07-02 22:06:48.262 INFO  <Transformacion Fact_Registro_Siniestro - Entrada Tabla dim_siniestro> [/jobs/Job_dim_fact.kjb  /jobs/ETLfact_Registro_Siniestro.ktr]  Finished processing (I=20, O=0, R=0, W=20, U=0, E=0)
2026-07-02 22:06:48.265 INFO  <Transformacion Fact_Registro_Siniestro - Ordenar filas nro_contrato> [/jobs/Job_dim_fact.kjb  /jobs/ETLfact_Registro_Siniestro.ktr]  Finished processing (I=0, O=0, R=1000, W=1000, U=0, E=0)
2026-07-02 22:06:48.284 INFO  <Transformacion Fact_Registro_Siniestro - Entrada Tabla cliente> [/jobs/Job_dim_fact.kjb  /jobs/ETLfact_Registro_Siniestro.ktr]  Finished reading query, closing connection
2026-07-02 22:06:48.300 INFO  <Transformacion Fact_Registro_Siniestro - Entrada Tabla Fact_Registro_Siniestro> [/jobs/Job_dim_fact.kjb  /jobs/ETLfact_Registro_Siniestro.ktr]  Finished reading query, closing connection
2026-07-02 22:06:48.301 INFO  <Transformacion Fact_Registro_Siniestro - Entrada Tabla dim_cliente> [/jobs/Job_dim_fact.kjb  /jobs/ETLfact_Registro_Siniestro.ktr]  Finished reading query, closing connection
2026-07-02 22:06:48.303 INFO  <Transformacion Fact_Registro_Siniestro - Entrada Tabla dim_contrato> [/jobs/Job_dim_fact.kjb  /jobs/ETLfact_Registro_Siniestro.ktr]  Finished processing (I=1000, O=0, R=0, W=1000, U=0, E=0)
2026-07-02 22:06:48.313 INFO  <Transformacion Fact_Registro_Siniestro - Ordenar filas codigo cliente 2> [/jobs/Job_dim_fact.kjb  /jobs/ETLfact_Registro_Siniestro.ktr]  Finished processing (I=0, O=0, R=300, W=300, U=0, E=0)
2026-07-02 22:06:48.318 INFO  <Transformacion Fact_Registro_Siniestro - Ordenar filas codigo cliente> [/jobs/Job_dim_fact.kjb  /jobs/ETLfact_Registro_Siniestro.ktr]  Finished processing (I=0, O=0, R=300, W=300, U=0, E=0)
2026-07-02 22:06:48.322 INFO  <Transformacion Fact_Registro_Siniestro - Ordenar filas sucursal 2> [/jobs/Job_dim_fact.kjb  /jobs/ETLfact_Registro_Siniestro.ktr]  Finished processing (I=0, O=0, R=30, W=30, U=0, E=0)
2026-07-02 22:06:48.319 INFO  <Transformacion Fact_Registro_Siniestro - Entrada Tabla Fact_Registro_Siniestro> [/jobs/Job_dim_fact.kjb  /jobs/ETLfact_Registro_Siniestro.ktr]  Finished processing (I=1000, O=0, R=0, W=1000, U=0, E=0)
2026-07-02 22:06:48.322 INFO  <Transformacion Fact_Registro_Siniestro - Entrada Tabla dim_cliente> [/jobs/Job_dim_fact.kjb  /jobs/ETLfact_Registro_Siniestro.ktr]  Finished processing (I=300, O=0, R=0, W=300, U=0, E=0)
2026-07-02 22:06:48.320 INFO  <Transformacion Fact_Registro_Siniestro - Entrada Tabla dim sucursal> [/jobs/Job_dim_fact.kjb  /jobs/ETLfact_Registro_Siniestro.ktr]  Finished reading query, closing connection
2026-07-02 22:06:48.320 INFO  <Transformacion Fact_Registro_Siniestro - Entrada Tabla cliente> [/jobs/Job_dim_fact.kjb  /jobs/ETLfact_Registro_Siniestro.ktr]  Finished processing (I=300, O=0, R=0, W=300, U=0, E=0)
2026-07-02 22:06:48.356 INFO  <Transformacion Fact_Registro_Siniestro - Entrada Tabla dim sucursal> [/jobs/Job_dim_fact.kjb  /jobs/ETLfact_Registro_Siniestro.ktr]  Finished processing (I=30, O=0, R=0, W=30, U=0, E=0)
2026-07-02 22:06:48.365 INFO  <Transformacion Fact_Registro_Siniestro - Entrada Tabla dim_producto> [/jobs/Job_dim_fact.kjb  /jobs/ETLfact_Registro_Siniestro.ktr]  Finished reading query, closing connection
2026-07-02 22:06:48.337 INFO  <Transformacion Fact_Registro_Siniestro - Ordenar filas siniestro> [/jobs/Job_dim_fact.kjb  /jobs/ETLfact_Registro_Siniestro.ktr]  Finished processing (I=0, O=0, R=1000, W=1000, U=0, E=0)
2026-07-02 22:06:48.374 INFO  <Transformacion Fact_Registro_Siniestro - Entrada Tabla dim_producto> [/jobs/Job_dim_fact.kjb  /jobs/ETLfact_Registro_Siniestro.ktr]  Finished processing (I=30, O=0, R=0, W=30, U=0, E=0)
2026-07-02 22:06:48.386 INFO  <Transformacion Fact_Registro_Siniestro - Ordenar filas cliente> [/jobs/Job_dim_fact.kjb  /jobs/ETLfact_Registro_Siniestro.ktr]  Finished processing (I=0, O=0, R=1000, W=1000, U=0, E=0)
2026-07-02 22:06:48.367 INFO  <Transformacion Fact_Registro_Siniestro - Ordenar filas producto 2> [/jobs/Job_dim_fact.kjb  /jobs/ETLfact_Registro_Siniestro.ktr]  Finished processing (I=0, O=0, R=30, W=30, U=0, E=0)
2026-07-02 22:06:48.374 INFO  <Transformacion Fact_Registro_Siniestro - Entrada Tabla Registro Contrato> [/jobs/Job_dim_fact.kjb  /jobs/ETLfact_Registro_Siniestro.ktr]  Finished reading query, closing connection
2026-07-02 22:06:48.402 INFO  <Transformacion Fact_Registro_Siniestro - Entrada Tabla Registro Contrato> [/jobs/Job_dim_fact.kjb  /jobs/ETLfact_Registro_Siniestro.ktr]  Finished processing (I=1000, O=0, R=0, W=1000, U=0, E=0)
2026-07-02 22:06:48.414 INFO  <Transformacion Fact_Registro_Siniestro - Entrada Tabla fechas> [/jobs/Job_dim_fact.kjb  /jobs/ETLfact_Registro_Siniestro.ktr]  Finished reading query, closing connection
2026-07-02 22:06:48.420 INFO  <Transformacion Fact_Registro_Siniestro - Entrada Tabla fechas> [/jobs/Job_dim_fact.kjb  /jobs/ETLfact_Registro_Siniestro.ktr]  Finished processing (I=4747, O=0, R=0, W=9494, U=0, E=0)
2026-07-02 22:06:48.430 INFO  <Transformacion Fact_Registro_Siniestro - Ordenar filas fecha completa> [/jobs/Job_dim_fact.kjb  /jobs/ETLfact_Registro_Siniestro.ktr]  Finished processing (I=0, O=0, R=4747, W=4747, U=0, E=0)
2026-07-02 22:06:48.434 INFO  <Transformacion Fact_Registro_Siniestro - Ordenar filas fecha completa 2> [/jobs/Job_dim_fact.kjb  /jobs/ETLfact_Registro_Siniestro.ktr]  Finished processing (I=0, O=0, R=4747, W=4747, U=0, E=0)
2026-07-02 22:06:48.633 INFO  <Transformacion Fact_Registro_Siniestro - Unión por clave codigo cliente> [/jobs/Job_dim_fact.kjb  /jobs/ETLfact_Registro_Siniestro.ktr]  Finished processing (I=0, O=0, R=600, W=300, U=0, E=0)
2026-07-02 22:06:48.637 INFO  <Transformacion Fact_Registro_Siniestro - Ordenar filas sucursal> [/jobs/Job_dim_fact.kjb  /jobs/ETLfact_Registro_Siniestro.ktr]  Finished processing (I=0, O=0, R=300, W=300, U=0, E=0)
2026-07-02 22:06:48.656 INFO  <Transformacion Fact_Registro_Siniestro - Unión por clave sinistro> [/jobs/Job_dim_fact.kjb  /jobs/ETLfact_Registro_Siniestro.ktr]  Finished processing (I=0, O=0, R=1020, W=1000, U=0, E=0)
2026-07-02 22:06:48.662 INFO  <Transformacion Fact_Registro_Siniestro - Ordenar filas contrato> [/jobs/Job_dim_fact.kjb  /jobs/ETLfact_Registro_Siniestro.ktr]  Finished processing (I=0, O=0, R=1000, W=1000, U=0, E=0)
2026-07-02 22:06:48.939 INFO  <Transformacion Fact_Registro_Siniestro - Unión por clave sucursal> [/jobs/Job_dim_fact.kjb  /jobs/ETLfact_Registro_Siniestro.ktr]  Finished processing (I=0, O=0, R=330, W=300, U=0, E=0)
2026-07-02 22:06:48.942 INFO  <Transformacion Fact_Registro_Siniestro - Ordenar filas cliente 2> [/jobs/Job_dim_fact.kjb  /jobs/ETLfact_Registro_Siniestro.ktr]  Finished processing (I=0, O=0, R=300, W=300, U=0, E=0)
2026-07-02 22:06:48.967 INFO  <Transformacion Fact_Registro_Siniestro - Unión por clave contrato> [/jobs/Job_dim_fact.kjb  /jobs/ETLfact_Registro_Siniestro.ktr]  Finished processing (I=0, O=0, R=2000, W=1000, U=0, E=0)
2026-07-02 22:06:48.972 INFO  <Transformacion Fact_Registro_Siniestro - Ordenar filas contrato 2> [/jobs/Job_dim_fact.kjb  /jobs/ETLfact_Registro_Siniestro.ktr]  Finished processing (I=0, O=0, R=1000, W=1000, U=0, E=0)
2026-07-02 22:06:49.246 INFO  <Transformacion Fact_Registro_Siniestro - Unión por clave cliente> [/jobs/Job_dim_fact.kjb  /jobs/ETLfact_Registro_Siniestro.ktr]  Finished processing (I=0, O=0, R=1300, W=1000, U=0, E=0)
2026-07-02 22:06:49.251 INFO  <Transformacion Fact_Registro_Siniestro - Ordenar filas producto> [/jobs/Job_dim_fact.kjb  /jobs/ETLfact_Registro_Siniestro.ktr]  Finished processing (I=0, O=0, R=1000, W=1000, U=0, E=0)
2026-07-02 22:06:49.554 INFO  <Transformacion Fact_Registro_Siniestro - Unión por clave producto> [/jobs/Job_dim_fact.kjb  /jobs/ETLfact_Registro_Siniestro.ktr]  Finished processing (I=0, O=0, R=1030, W=1000, U=0, E=0)
2026-07-02 22:06:49.560 INFO  <Transformacion Fact_Registro_Siniestro - Ordenar filas contrato 3> [/jobs/Job_dim_fact.kjb  /jobs/ETLfact_Registro_Siniestro.ktr]  Finished processing (I=0, O=0, R=1000, W=1000, U=0, E=0)
2026-07-02 22:06:49.864 INFO  <Transformacion Fact_Registro_Siniestro - Unión por clave contrato 2> [/jobs/Job_dim_fact.kjb  /jobs/ETLfact_Registro_Siniestro.ktr]  Finished processing (I=0, O=0, R=2000, W=1000, U=0, E=0)
2026-07-02 22:06:49.871 INFO  <Transformacion Fact_Registro_Siniestro - Ordenar filas fecha_siniestro> [/jobs/Job_dim_fact.kjb  /jobs/ETLfact_Registro_Siniestro.ktr]  Finished processing (I=0, O=0, R=1000, W=1000, U=0, E=0)
2026-07-02 22:06:50.176 INFO  <Transformacion Fact_Registro_Siniestro - Unión por clave fecha_siniestro> [/jobs/Job_dim_fact.kjb  /jobs/ETLfact_Registro_Siniestro.ktr]  Finished processing (I=0, O=0, R=5747, W=1000, U=0, E=0)
2026-07-02 22:06:50.181 INFO  <Transformacion Fact_Registro_Siniestro - Ordenar filas fecha_respuesta> [/jobs/Job_dim_fact.kjb  /jobs/ETLfact_Registro_Siniestro.ktr]  Finished processing (I=0, O=0, R=1000, W=1000, U=0, E=0)
2026-07-02 22:06:50.492 INFO  <Transformacion Fact_Registro_Siniestro - Unión por clave fecha respuesta> [/jobs/Job_dim_fact.kjb  /jobs/ETLfact_Registro_Siniestro.ktr]  Finished processing (I=0, O=0, R=5747, W=1000, U=0, E=0)
2026-07-02 22:06:50.496 INFO  <Transformacion Fact_Registro_Siniestro - Añadir secuencia cantidad> [/jobs/Job_dim_fact.kjb  /jobs/ETLfact_Registro_Siniestro.ktr]  Finished processing (I=0, O=0, R=1000, W=1000, U=0, E=0)
2026-07-02 22:06:50.497 INFO  <Transformacion Fact_Registro_Siniestro - Formula> [/jobs/Job_dim_fact.kjb  /jobs/ETLfact_Registro_Siniestro.ktr]  Finished processing (I=0, O=0, R=1000, W=1000, U=0, E=0)
2026-07-02 22:06:51.213 INFO  <Transformacion Fact_Registro_Siniestro - Insert / update> [/jobs/Job_dim_fact.kjb  /jobs/ETLfact_Registro_Siniestro.ktr]  Finished processing (I=1000, O=1000, R=1000, W=1000, U=0, E=0)
2026-07-02 22:06:51.219 INFO  <Thread-8> [/jobs/Job_dim_fact.kjb]  Starting entry [ETL fact_eval_servicio]
2026-07-02 22:06:51.422 INFO  <Thread-8> [/jobs/Job_dim_fact.kjb]  Using run configuration [Pentaho local]
2026-07-02 22:06:51.424 INFO  <Thread-8> [/jobs/Job_dim_fact.kjb  /jobs/ETLfact_Evaluacion_Servicio.ktr]  Dispatching started for transformation [Transformacion Fact_Evaluacion_Servicio]
2026-07-02 22:06:51.550 INFO  <Transformacion Fact_Evaluacion_Servicio - Entrada Tabla dim evaluacion servicio> [/jobs/Job_dim_fact.kjb  /jobs/ETLfact_Evaluacion_Servicio.ktr]  Finished reading query, closing connection
2026-07-02 22:06:51.571 INFO  <Transformacion Fact_Evaluacion_Servicio - Entrada Tabla dim producto> [/jobs/Job_dim_fact.kjb  /jobs/ETLfact_Evaluacion_Servicio.ktr]  Finished reading query, closing connection
2026-07-02 22:06:51.571 INFO  <Transformacion Fact_Evaluacion_Servicio - Ordenar filas 2 evaluacion servicio> [/jobs/Job_dim_fact.kjb  /jobs/ETLfact_Evaluacion_Servicio.ktr]  Finished processing (I=0, O=0, R=6, W=6, U=0, E=0)
2026-07-02 22:06:51.576 INFO  <Transformacion Fact_Evaluacion_Servicio - Ordenar filas cod_producto> [/jobs/Job_dim_fact.kjb  /jobs/ETLfact_Evaluacion_Servicio.ktr]  Finished processing (I=0, O=0, R=30, W=30, U=0, E=0)
2026-07-02 22:06:51.572 INFO  <Transformacion Fact_Evaluacion_Servicio - Entrada Tabla dim cliente> [/jobs/Job_dim_fact.kjb  /jobs/ETLfact_Evaluacion_Servicio.ktr]  Finished reading query, closing connection
2026-07-02 22:06:51.575 INFO  <Transformacion Fact_Evaluacion_Servicio - Entrada Tabla dim evaluacion servicio> [/jobs/Job_dim_fact.kjb  /jobs/ETLfact_Evaluacion_Servicio.ktr]  Finished processing (I=6, O=0, R=0, W=6, U=0, E=0)
2026-07-02 22:06:51.576 INFO  <Transformacion Fact_Evaluacion_Servicio - Entrada Tabla dim producto> [/jobs/Job_dim_fact.kjb  /jobs/ETLfact_Evaluacion_Servicio.ktr]  Finished processing (I=30, O=0, R=0, W=30, U=0, E=0)
2026-07-02 22:06:51.579 INFO  <Transformacion Fact_Evaluacion_Servicio - Ordenar filas cod_cliente> [/jobs/Job_dim_fact.kjb  /jobs/ETLfact_Evaluacion_Servicio.ktr]  Finished processing (I=0, O=0, R=300, W=300, U=0, E=0)
2026-07-02 22:06:51.589 INFO  <Transformacion Fact_Evaluacion_Servicio - Entrada Tabla dim cliente> [/jobs/Job_dim_fact.kjb  /jobs/ETLfact_Evaluacion_Servicio.ktr]  Finished processing (I=300, O=0, R=0, W=300, U=0, E=0)
2026-07-02 22:06:51.601 INFO  <Transformacion Fact_Evaluacion_Servicio - Entrada Tabla recomienda> [/jobs/Job_dim_fact.kjb  /jobs/ETLfact_Evaluacion_Servicio.ktr]  Finished reading query, closing connection
2026-07-02 22:06:51.607 INFO  <Transformacion Fact_Evaluacion_Servicio - Entrada Tabla recomienda> [/jobs/Job_dim_fact.kjb  /jobs/ETLfact_Evaluacion_Servicio.ktr]  Finished processing (I=500, O=0, R=0, W=500, U=0, E=0)
2026-07-02 22:06:51.608 INFO  <Transformacion Fact_Evaluacion_Servicio - Ordenar filas codigo producto> [/jobs/Job_dim_fact.kjb  /jobs/ETLfact_Evaluacion_Servicio.ktr]  Finished processing (I=0, O=0, R=500, W=500, U=0, E=0)
2026-07-02 22:06:51.623 INFO  <Transformacion Fact_Evaluacion_Servicio - Entrada Tabla dim_tiempo> [/jobs/Job_dim_fact.kjb  /jobs/ETLfact_Evaluacion_Servicio.ktr]  Finished reading query, closing connection
2026-07-02 22:06:51.627 INFO  <Transformacion Fact_Evaluacion_Servicio - Entrada Tabla dim_tiempo> [/jobs/Job_dim_fact.kjb  /jobs/ETLfact_Evaluacion_Servicio.ktr]  Finished processing (I=4747, O=0, R=0, W=4747, U=0, E=0)
2026-07-02 22:06:51.630 INFO  <Transformacion Fact_Evaluacion_Servicio - Ordenar filas fecha completa> [/jobs/Job_dim_fact.kjb  /jobs/ETLfact_Evaluacion_Servicio.ktr]  Finished processing (I=0, O=0, R=4747, W=4747, U=0, E=0)
2026-07-02 22:06:51.911 INFO  <Transformacion Fact_Evaluacion_Servicio - Unión por clave codigo pruducto> [/jobs/Job_dim_fact.kjb  /jobs/ETLfact_Evaluacion_Servicio.ktr]  Finished processing (I=0, O=0, R=530, W=500, U=0, E=0)
2026-07-02 22:06:51.915 INFO  <Transformacion Fact_Evaluacion_Servicio - Ordenar filas codigo cliente> [/jobs/Job_dim_fact.kjb  /jobs/ETLfact_Evaluacion_Servicio.ktr]  Finished processing (I=0, O=0, R=500, W=500, U=0, E=0)
2026-07-02 22:06:52.218 INFO  <Transformacion Fact_Evaluacion_Servicio - Unión por clave codigo cliente> [/jobs/Job_dim_fact.kjb  /jobs/ETLfact_Evaluacion_Servicio.ktr]  Finished processing (I=0, O=0, R=800, W=500, U=0, E=0)
2026-07-02 22:06:52.222 INFO  <Transformacion Fact_Evaluacion_Servicio - Ordenar filas codigo evaluacion servicio> [/jobs/Job_dim_fact.kjb  /jobs/ETLfact_Evaluacion_Servicio.ktr]  Finished processing (I=0, O=0, R=500, W=500, U=0, E=0)
2026-07-02 22:06:52.524 INFO  <Transformacion Fact_Evaluacion_Servicio - Unión por clave evaluacion servicio> [/jobs/Job_dim_fact.kjb  /jobs/ETLfact_Evaluacion_Servicio.ktr]  Finished processing (I=0, O=0, R=506, W=500, U=0, E=0)
2026-07-02 22:06:52.529 INFO  <Transformacion Fact_Evaluacion_Servicio - Ordenar filas fecha_recomienda> [/jobs/Job_dim_fact.kjb  /jobs/ETLfact_Evaluacion_Servicio.ktr]  Finished processing (I=0, O=0, R=500, W=500, U=0, E=0)
2026-07-02 22:06:52.835 INFO  <Transformacion Fact_Evaluacion_Servicio - Unión por clave fecha> [/jobs/Job_dim_fact.kjb  /jobs/ETLfact_Evaluacion_Servicio.ktr]  Finished processing (I=0, O=0, R=5247, W=500, U=0, E=0)
2026-07-02 22:06:52.838 INFO  <Transformacion Fact_Evaluacion_Servicio - Añadir secuencia cantidad> [/jobs/Job_dim_fact.kjb  /jobs/ETLfact_Evaluacion_Servicio.ktr]  Finished processing (I=0, O=0, R=500, W=500, U=0, E=0)
2026-07-02 22:06:52.838 INFO  <Transformacion Fact_Evaluacion_Servicio - Formula> [/jobs/Job_dim_fact.kjb  /jobs/ETLfact_Evaluacion_Servicio.ktr]  Finished processing (I=0, O=0, R=500, W=500, U=0, E=0)
2026-07-02 22:06:53.088 INFO  <Transformacion Fact_Evaluacion_Servicio - Insert / update> [/jobs/Job_dim_fact.kjb  /jobs/ETLfact_Evaluacion_Servicio.ktr]  Finished processing (I=500, O=500, R=500, W=500, U=0, E=0)
2026-07-02 22:06:53.093 INFO  <Thread-8> [/jobs/Job_dim_fact.kjb]  Finished job entry [ETL fact_eval_servicio] (result=[true])
2026-07-02 22:06:53.096 INFO  <Thread-8> [/jobs/Job_dim_fact.kjb]  Finished job entry [ETL fact_reg_siniestro] (result=[true])
2026-07-02 22:06:53.098 INFO  <Thread-8> [/jobs/Job_dim_fact.kjb]  Finished job entry [ETL_fact_reg_contrato] (result=[true])
2026-07-02 22:06:53.100 INFO  <Thread-8> [/jobs/Job_dim_fact.kjb]  Finished job entry [ETL_fact_metas] (result=[true])
2026-07-02 22:06:53.102 INFO  <Thread-8> [/jobs/Job_dim_fact.kjb]  Finished job entry [ETL dim_siniestro] (result=[true])
2026-07-02 22:06:53.104 INFO  <Thread-8> [/jobs/Job_dim_fact.kjb]  Finished job entry [ETL dim_sucursal] (result=[true])
2026-07-02 22:06:53.110 INFO  <Thread-8> [/jobs/Job_dim_fact.kjb]  Finished job entry [ETL dim_estado_contrato] (result=[true])
2026-07-02 22:06:53.111 INFO  <Thread-8> [/jobs/Job_dim_fact.kjb]  Finished job entry [ELT dim_contrato] (result=[true])
2026-07-02 22:06:53.115 INFO  <Thread-8> [/jobs/Job_dim_fact.kjb]  Finished job entry [ETL dim_eval_servicio] (result=[true])
2026-07-02 22:06:53.117 INFO  <Thread-8> [/jobs/Job_dim_fact.kjb]  Finished job entry [ETL dim_cliente] (result=[true])
2026-07-02 22:06:53.120 INFO  <Thread-8> [/jobs/Job_dim_fact.kjb]  Finished job entry [ETL dim_producto] (result=[true])
2026-07-02 22:06:53.122 INFO  <Thread-8> [/jobs/Job_dim_fact.kjb]  Finished job entry [ETL dim_tiempo] (result=[true])
2026-07-02 22:06:53.124 WARN  <Thread-8> [/jobs/Job_dim_fact.kjb]  Job execution finished
2026-07-02 22:39:42.153 WARN  <Thread-8> [/jobs/Job_dim_fact.kjb]  Start of job execution
2026-07-02 22:39:42.715 INFO  <Thread-8> [/jobs/Job_dim_fact.kjb]  Starting entry [Evaluate rows number in a table]
2026-07-02 22:39:44.452 ERROR <Thread-8> [/jobs/Job_dim_fact.kjb]  An error occurred executing this job entry: 
Error occurred while trying to connect to the database

Connection failed. Verify all connection parameters and confirm that the appropriate driver is installed.
Connection to localhost:5432 refused. Check that the hostname and port are correct and that the postmaster is accepting TCP/IP connections.


2026-07-02 22:39:44.455 INFO  <Thread-8> [/jobs/Job_dim_fact.kjb]  Starting entry [ETL dim_producto]
2026-07-02 22:39:45.133 INFO  <Thread-8> [/jobs/Job_dim_fact.kjb]  Using run configuration [Pentaho local]
2026-07-02 22:39:45.198 INFO  <Thread-8> [/jobs/Job_dim_fact.kjb  file:///jobs/ETLdim_Producto.ktr]  Dispatching started for transformation [Transformacion ProductoLF]
2026-07-02 22:39:46.971 INFO  <Transformacion ProductoLF - Entrada Tabla Tipo Producto> [/jobs/Job_dim_fact.kjb  file:///jobs/ETLdim_Producto.ktr]  Finished reading query, closing connection
2026-07-02 22:39:46.977 INFO  <Transformacion ProductoLF - Entrada Tabla Producto> [/jobs/Job_dim_fact.kjb  file:///jobs/ETLdim_Producto.ktr]  Finished reading query, closing connection
2026-07-02 22:39:47.008 INFO  <Transformacion ProductoLF - Entrada Tabla Producto> [/jobs/Job_dim_fact.kjb  file:///jobs/ETLdim_Producto.ktr]  Finished processing (I=30, O=0, R=0, W=30, U=0, E=0)
2026-07-02 22:39:47.009 INFO  <Transformacion ProductoLF - Ordenar filas> [/jobs/Job_dim_fact.kjb  file:///jobs/ETLdim_Producto.ktr]  Finished processing (I=0, O=0, R=4, W=4, U=0, E=0)
2026-07-02 22:39:47.008 INFO  <Transformacion ProductoLF - Entrada Tabla Tipo Producto> [/jobs/Job_dim_fact.kjb  file:///jobs/ETLdim_Producto.ktr]  Finished processing (I=4, O=0, R=0, W=4, U=0, E=0)
2026-07-02 22:39:47.015 INFO  <Transformacion ProductoLF - Ordenar filas 2> [/jobs/Job_dim_fact.kjb  file:///jobs/ETLdim_Producto.ktr]  Finished processing (I=0, O=0, R=30, W=30, U=0, E=0)
2026-07-02 22:39:47.328 INFO  <Transformacion ProductoLF - Unión por clave> [/jobs/Job_dim_fact.kjb  file:///jobs/ETLdim_Producto.ktr]  Finished processing (I=0, O=0, R=34, W=30, U=0, E=0)
2026-07-02 22:39:47.334 INFO  <Transformacion ProductoLF - Ordenar filas 3> [/jobs/Job_dim_fact.kjb  file:///jobs/ETLdim_Producto.ktr]  Finished processing (I=0, O=0, R=30, W=30, U=0, E=0)
2026-07-02 22:39:47.338 INFO  <Transformacion ProductoLF - Strings cut> [/jobs/Job_dim_fact.kjb  file:///jobs/ETLdim_Producto.ktr]  Finished processing (I=0, O=0, R=30, W=30, U=0, E=0)
2026-07-02 22:39:47.437 INFO  <Transformacion ProductoLF - Insert / update> [/jobs/Job_dim_fact.kjb  file:///jobs/ETLdim_Producto.ktr]  Finished processing (I=30, O=0, R=30, W=30, U=0, E=0)
2026-07-02 22:39:47.468 INFO  <Thread-8> [/jobs/Job_dim_fact.kjb]  Starting entry [ETL dim_cliente]
2026-07-02 22:39:47.624 INFO  <Thread-8> [/jobs/Job_dim_fact.kjb]  Using run configuration [Pentaho local]
2026-07-02 22:39:47.628 INFO  <Thread-8> [/jobs/Job_dim_fact.kjb  file:///jobs/ETLdim_Cliente.ktr]  Dispatching started for transformation [Transformacion ClienteLF]
2026-07-02 22:39:47.762 INFO  <Transformacion ClienteLF - Entrada Tabla> [/jobs/Job_dim_fact.kjb  file:///jobs/ETLdim_Cliente.ktr]  Finished reading query, closing connection
2026-07-02 22:39:47.767 INFO  <Transformacion ClienteLF - Entrada Tabla> [/jobs/Job_dim_fact.kjb  file:///jobs/ETLdim_Cliente.ktr]  Finished processing (I=300, O=0, R=0, W=300, U=0, E=0)
2026-07-02 22:39:47.775 INFO  <Transformacion ClienteLF - Selecciona/Renombra valores> [/jobs/Job_dim_fact.kjb  file:///jobs/ETLdim_Cliente.ktr]  Finished processing (I=0, O=0, R=300, W=300, U=0, E=0)
2026-07-02 22:39:47.787 INFO  <Transformacion ClienteLF - Ordenar filas 3> [/jobs/Job_dim_fact.kjb  file:///jobs/ETLdim_Cliente.ktr]  Finished processing (I=0, O=0, R=300, W=300, U=0, E=0)
2026-07-02 22:39:48.100 INFO  <Transformacion ClienteLF - SalidaActualizada> [/jobs/Job_dim_fact.kjb  file:///jobs/ETLdim_Cliente.ktr]  Finished processing (I=300, O=0, R=300, W=300, U=0, E=0)
2026-07-02 22:39:48.116 INFO  <Thread-8> [/jobs/Job_dim_fact.kjb]  Starting entry [ETL dim_eval_servicio]
2026-07-02 22:39:48.187 INFO  <Thread-8> [/jobs/Job_dim_fact.kjb]  Using run configuration [Pentaho local]
2026-07-02 22:39:48.192 INFO  <Thread-8> [/jobs/Job_dim_fact.kjb  file:///jobs/ETLdim_Evaluacion_Servicio.ktr]  Dispatching started for transformation [Transformacion Evaluacion ServicioLF]
2026-07-02 22:39:48.255 INFO  <Transformacion Evaluacion ServicioLF - Entrada Tabla Evaluacion_Servicio> [/jobs/Job_dim_fact.kjb  file:///jobs/ETLdim_Evaluacion_Servicio.ktr]  Finished reading query, closing connection
2026-07-02 22:39:48.258 INFO  <Transformacion Evaluacion ServicioLF - Ordenar filas 3> [/jobs/Job_dim_fact.kjb  file:///jobs/ETLdim_Evaluacion_Servicio.ktr]  Finished processing (I=0, O=0, R=6, W=6, U=0, E=0)
2026-07-02 22:39:48.263 INFO  <Transformacion Evaluacion ServicioLF - Entrada Tabla Evaluacion_Servicio> [/jobs/Job_dim_fact.kjb  file:///jobs/ETLdim_Evaluacion_Servicio.ktr]  Finished processing (I=6, O=0, R=0, W=6, U=0, E=0)
2026-07-02 22:39:48.278 INFO  <Transformacion Evaluacion ServicioLF - Insert / update> [/jobs/Job_dim_fact.kjb  file:///jobs/ETLdim_Evaluacion_Servicio.ktr]  Finished processing (I=6, O=0, R=6, W=6, U=0, E=0)
2026-07-02 22:39:48.285 INFO  <Thread-8> [/jobs/Job_dim_fact.kjb]  Starting entry [ELT dim_contrato]
2026-07-02 22:39:48.356 INFO  <Thread-8> [/jobs/Job_dim_fact.kjb]  Using run configuration [Pentaho local]
2026-07-02 22:39:48.360 INFO  <Thread-8> [/jobs/Job_dim_fact.kjb  file:///jobs/ETLdim_Contrato.ktr]  Dispatching started for transformation [Transformacion_ContratoLF]
2026-07-02 22:39:48.426 INFO  <Transformacion_ContratoLF - Entrada Tabla> [/jobs/Job_dim_fact.kjb  file:///jobs/ETLdim_Contrato.ktr]  Finished reading query, closing connection
2026-07-02 22:39:48.437 INFO  <Transformacion_ContratoLF - Entrada Tabla> [/jobs/Job_dim_fact.kjb  file:///jobs/ETLdim_Contrato.ktr]  Finished processing (I=1000, O=0, R=0, W=1000, U=0, E=0)
2026-07-02 22:39:48.450 INFO  <Transformacion_ContratoLF - Ordenar filas 3> [/jobs/Job_dim_fact.kjb  file:///jobs/ETLdim_Contrato.ktr]  Finished processing (I=0, O=0, R=1000, W=1000, U=0, E=0)
2026-07-02 22:39:48.961 INFO  <Transformacion_ContratoLF - Insert / update> [/jobs/Job_dim_fact.kjb  file:///jobs/ETLdim_Contrato.ktr]  Finished processing (I=1000, O=0, R=1000, W=1000, U=0, E=0)
2026-07-02 22:39:48.974 INFO  <Thread-8> [/jobs/Job_dim_fact.kjb]  Starting entry [ETL dim_estado_contrato]
2026-07-02 22:39:50.065 INFO  <Thread-8> [/jobs/Job_dim_fact.kjb]  Using run configuration [Pentaho local]
2026-07-02 22:39:50.070 INFO  <Thread-8> [/jobs/Job_dim_fact.kjb  file:///jobs/ETLdim_Estado_Contrato.ktr]  Dispatching started for transformation [Transformacion Estado ContratoLF]
2026-07-02 22:39:50.275 INFO  <Transformacion Estado ContratoLF - Seleccionar Estado Contrato> [/jobs/Job_dim_fact.kjb  file:///jobs/ETLdim_Estado_Contrato.ktr]  Finished processing (I=0, O=0, R=1000, W=1000, U=0, E=0)
2026-07-02 22:39:50.278 INFO  <Transformacion Estado ContratoLF - Entrada Tabla Estado Contrato> [/jobs/Job_dim_fact.kjb  file:///jobs/ETLdim_Estado_Contrato.ktr]  Finished reading query, closing connection
2026-07-02 22:39:50.298 INFO  <Transformacion Estado ContratoLF - Add sequence cod_estado> [/jobs/Job_dim_fact.kjb  file:///jobs/ETLdim_Estado_Contrato.ktr]  Finished processing (I=0, O=0, R=3, W=3, U=0, E=0)
2026-07-02 22:39:50.300 INFO  <Transformacion Estado ContratoLF - Ordenar filas 3> [/jobs/Job_dim_fact.kjb  file:///jobs/ETLdim_Estado_Contrato.ktr]  Finished processing (I=0, O=0, R=3, W=3, U=0, E=0)
2026-07-02 22:39:50.294 INFO  <Transformacion Estado ContratoLF - Agrupar> [/jobs/Job_dim_fact.kjb  file:///jobs/ETLdim_Estado_Contrato.ktr]  Finished processing (I=0, O=0, R=1000, W=3, U=0, E=0)
2026-07-02 22:39:50.321 INFO  <Transformacion Estado ContratoLF - Entrada Tabla Estado Contrato> [/jobs/Job_dim_fact.kjb  file:///jobs/ETLdim_Estado_Contrato.ktr]  Finished processing (I=1000, O=0, R=0, W=1000, U=0, E=0)
2026-07-02 22:39:50.342 INFO  <Transformacion Estado ContratoLF - Insert / update> [/jobs/Job_dim_fact.kjb  file:///jobs/ETLdim_Estado_Contrato.ktr]  Finished processing (I=3, O=0, R=3, W=3, U=0, E=0)
2026-07-02 22:39:50.351 INFO  <Thread-8> [/jobs/Job_dim_fact.kjb]  Starting entry [ETL dim_sucursal]
2026-07-02 22:39:50.459 INFO  <Thread-8> [/jobs/Job_dim_fact.kjb]  Using run configuration [Pentaho local]
2026-07-02 22:39:50.465 INFO  <Thread-8> [/jobs/Job_dim_fact.kjb  file:///jobs/ETLdim_Sucursal.ktr]  Dispatching started for transformation [Transformacion SucursalLF]
2026-07-02 22:39:50.538 INFO  <Transformacion SucursalLF - Entrada Tabla Pais> [/jobs/Job_dim_fact.kjb  file:///jobs/ETLdim_Sucursal.ktr]  Finished reading query, closing connection
2026-07-02 22:39:50.543 INFO  <Transformacion SucursalLF - Entrada Tabla Pais> [/jobs/Job_dim_fact.kjb  file:///jobs/ETLdim_Sucursal.ktr]  Finished processing (I=30, O=0, R=0, W=30, U=0, E=0)
2026-07-02 22:39:50.549 INFO  <Transformacion SucursalLF - Entrada Tabla Ciudad> [/jobs/Job_dim_fact.kjb  file:///jobs/ETLdim_Sucursal.ktr]  Finished reading query, closing connection
2026-07-02 22:39:50.549 INFO  <Transformacion SucursalLF - Entrada Tabla Sucursal> [/jobs/Job_dim_fact.kjb  file:///jobs/ETLdim_Sucursal.ktr]  Finished reading query, closing connection
2026-07-02 22:39:50.559 INFO  <Transformacion SucursalLF - Entrada Tabla Ciudad> [/jobs/Job_dim_fact.kjb  file:///jobs/ETLdim_Sucursal.ktr]  Finished processing (I=30, O=0, R=0, W=30, U=0, E=0)
2026-07-02 22:39:50.559 INFO  <Transformacion SucursalLF - Entrada Tabla Sucursal> [/jobs/Job_dim_fact.kjb  file:///jobs/ETLdim_Sucursal.ktr]  Finished processing (I=30, O=0, R=0, W=30, U=0, E=0)
2026-07-02 22:39:50.861 INFO  <Transformacion SucursalLF - Unión Sucursal-Pais> [/jobs/Job_dim_fact.kjb  file:///jobs/ETLdim_Sucursal.ktr]  Finished processing (I=0, O=0, R=60, W=30, U=0, E=0)
2026-07-02 22:39:51.162 INFO  <Transformacion SucursalLF - Unión Sucursal-Pais-Ciudad> [/jobs/Job_dim_fact.kjb  file:///jobs/ETLdim_Sucursal.ktr]  Finished processing (I=0, O=0, R=60, W=30, U=0, E=0)
2026-07-02 22:39:51.165 INFO  <Transformacion SucursalLF - Ordenar filas 3> [/jobs/Job_dim_fact.kjb  file:///jobs/ETLdim_Sucursal.ktr]  Finished processing (I=0, O=0, R=30, W=30, U=0, E=0)
2026-07-02 22:39:51.203 INFO  <Transformacion SucursalLF - Insert / update> [/jobs/Job_dim_fact.kjb  file:///jobs/ETLdim_Sucursal.ktr]  Finished processing (I=30, O=0, R=30, W=30, U=0, E=0)
2026-07-02 22:39:51.209 INFO  <Thread-8> [/jobs/Job_dim_fact.kjb]  Starting entry [ETL dim_siniestro]
2026-07-02 22:39:51.274 INFO  <Thread-8> [/jobs/Job_dim_fact.kjb]  Using run configuration [Pentaho local]
2026-07-02 22:39:51.277 INFO  <Thread-8> [/jobs/Job_dim_fact.kjb  file:///jobs/ETLdim_Siniestro.ktr]  Dispatching started for transformation [Transformacion siniestroLF]
2026-07-02 22:39:51.328 INFO  <Transformacion siniestroLF - Entrada Tabla Siniestro> [/jobs/Job_dim_fact.kjb  file:///jobs/ETLdim_Siniestro.ktr]  Finished reading query, closing connection
2026-07-02 22:39:51.331 INFO  <Transformacion siniestroLF - Ordenar filas 3> [/jobs/Job_dim_fact.kjb  file:///jobs/ETLdim_Siniestro.ktr]  Finished processing (I=0, O=0, R=20, W=20, U=0, E=0)
2026-07-02 22:39:51.334 INFO  <Transformacion siniestroLF - Entrada Tabla Siniestro> [/jobs/Job_dim_fact.kjb  file:///jobs/ETLdim_Siniestro.ktr]  Finished processing (I=20, O=0, R=0, W=20, U=0, E=0)
2026-07-02 22:39:51.362 INFO  <Transformacion siniestroLF - Insert / update> [/jobs/Job_dim_fact.kjb  file:///jobs/ETLdim_Siniestro.ktr]  Finished processing (I=20, O=0, R=20, W=20, U=0, E=0)
2026-07-02 22:39:51.371 INFO  <Thread-8> [/jobs/Job_dim_fact.kjb]  Starting entry [ETL_fact_metas]
2026-07-02 22:39:51.741 INFO  <Thread-8> [/jobs/Job_dim_fact.kjb]  Using run configuration [Pentaho local]
2026-07-02 22:39:51.744 INFO  <Thread-8> [/jobs/Job_dim_fact.kjb  file:///jobs/ETLfact_Metas.ktr]  Dispatching started for transformation [LFTransformation_fact_metas]
2026-07-02 22:39:52.050 INFO  <LFTransformation_fact_metas - extraer producto> [/jobs/Job_dim_fact.kjb  file:///jobs/ETLfact_Metas.ktr]  Finished reading query, closing connection
2026-07-02 22:39:52.054 INFO  <LFTransformation_fact_metas - extraer producto> [/jobs/Job_dim_fact.kjb  file:///jobs/ETLfact_Metas.ktr]  Finished processing (I=30, O=0, R=0, W=30, U=0, E=0)
2026-07-02 22:39:52.068 INFO  <LFTransformation_fact_metas - Sort cod_prod> [/jobs/Job_dim_fact.kjb  file:///jobs/ETLfact_Metas.ktr]  Finished processing (I=0, O=0, R=30, W=30, U=0, E=0)
2026-07-02 22:39:52.156 INFO  <LFTransformation_fact_metas - extraer dim_tiempo> [/jobs/Job_dim_fact.kjb  file:///jobs/ETLfact_Metas.ktr]  Finished reading query, closing connection
2026-07-02 22:39:52.171 INFO  <LFTransformation_fact_metas - extraer dim_tiempo> [/jobs/Job_dim_fact.kjb  file:///jobs/ETLfact_Metas.ktr]  Finished processing (I=4747, O=0, R=0, W=4747, U=0, E=0)
2026-07-02 22:39:52.197 INFO  <LFTransformation_fact_metas - extraer dim_tiempo2> [/jobs/Job_dim_fact.kjb  file:///jobs/ETLfact_Metas.ktr]  Finished reading query, closing connection
2026-07-02 22:39:52.201 INFO  <LFTransformation_fact_metas - extraer dim_tiempo2> [/jobs/Job_dim_fact.kjb  file:///jobs/ETLfact_Metas.ktr]  Finished processing (I=4747, O=0, R=0, W=4747, U=0, E=0)
2026-07-02 22:39:52.198 INFO  <LFTransformation_fact_metas - Sort fecha_completa> [/jobs/Job_dim_fact.kjb  file:///jobs/ETLfact_Metas.ktr]  Finished processing (I=0, O=0, R=4747, W=4747, U=0, E=0)
2026-07-02 22:39:52.223 INFO  <LFTransformation_fact_metas - Sort fecha_completa2> [/jobs/Job_dim_fact.kjb  file:///jobs/ETLfact_Metas.ktr]  Finished processing (I=0, O=0, R=4747, W=4747, U=0, E=0)
2026-07-02 22:39:56.533 INFO  <LFTransformation_fact_metas - Microsoft Excel metas> [/jobs/Job_dim_fact.kjb  file:///jobs/ETLfact_Metas.ktr]  Finished processing (I=390, O=0, R=0, W=390, U=0, E=0)
2026-07-02 22:39:56.539 INFO  <LFTransformation_fact_metas - Sort cod_prod 2> [/jobs/Job_dim_fact.kjb  file:///jobs/ETLfact_Metas.ktr]  Finished processing (I=0, O=0, R=390, W=390, U=0, E=0)
2026-07-02 22:39:56.852 INFO  <LFTransformation_fact_metas - Merge join> [/jobs/Job_dim_fact.kjb  file:///jobs/ETLfact_Metas.ktr]  Finished processing (I=0, O=0, R=420, W=390, U=0, E=0)
2026-07-02 22:39:56.855 INFO  <LFTransformation_fact_metas - Quitar cod_prod y dejar SK> [/jobs/Job_dim_fact.kjb  file:///jobs/ETLfact_Metas.ktr]  Finished processing (I=0, O=0, R=390, W=390, U=0, E=0)
2026-07-02 22:39:56.868 INFO  <LFTransformation_fact_metas - Sort fecha_inicio> [/jobs/Job_dim_fact.kjb  file:///jobs/ETLfact_Metas.ktr]  Finished processing (I=0, O=0, R=390, W=390, U=0, E=0)
2026-07-02 22:39:57.192 INFO  <LFTransformation_fact_metas - Merge join 2> [/jobs/Job_dim_fact.kjb  file:///jobs/ETLfact_Metas.ktr]  Finished processing (I=0, O=0, R=5137, W=360, U=0, E=0)
2026-07-02 22:39:57.195 INFO  <LFTransformation_fact_metas - Sort fecha_final> [/jobs/Job_dim_fact.kjb  file:///jobs/ETLfact_Metas.ktr]  Finished processing (I=0, O=0, R=360, W=360, U=0, E=0)
2026-07-02 22:39:57.195 INFO  <LFTransformation_fact_metas - Select values 2> [/jobs/Job_dim_fact.kjb  file:///jobs/ETLfact_Metas.ktr]  Finished processing (I=0, O=0, R=360, W=360, U=0, E=0)
2026-07-02 22:39:57.505 INFO  <LFTransformation_fact_metas - Merge join 3> [/jobs/Job_dim_fact.kjb  file:///jobs/ETLfact_Metas.ktr]  Finished processing (I=0, O=0, R=5107, W=360, U=0, E=0)
2026-07-02 22:39:57.508 INFO  <LFTransformation_fact_metas - dejar sk_dim fec_final > [/jobs/Job_dim_fact.kjb  file:///jobs/ETLfact_Metas.ktr]  Finished processing (I=0, O=0, R=360, W=360, U=0, E=0)
2026-07-02 22:39:57.545 INFO  <LFTransformation_fact_metas - Insert / update> [/jobs/Job_dim_fact.kjb  file:///jobs/ETLfact_Metas.ktr]  Finished processing (I=360, O=0, R=360, W=360, U=0, E=0)
2026-07-02 22:39:57.554 INFO  <Thread-8> [/jobs/Job_dim_fact.kjb]  Starting entry [ETL_fact_reg_contrato]
2026-07-02 22:39:57.834 INFO  <Thread-8> [/jobs/Job_dim_fact.kjb]  Using run configuration [Pentaho local]
2026-07-02 22:39:57.838 INFO  <Thread-8> [/jobs/Job_dim_fact.kjb  file:///jobs/ETLfact_Registro_Contrato.ktr]  Dispatching started for transformation [Transformacion FACT_Registro_Contrato]
2026-07-02 22:39:57.957 INFO  <Transformacion FACT_Registro_Contrato - Entrada Tabla dim_producto> [/jobs/Job_dim_fact.kjb  file:///jobs/ETLfact_Registro_Contrato.ktr]  Finished reading query, closing connection
2026-07-02 22:39:57.964 INFO  <Transformacion FACT_Registro_Contrato - Ordenar filas cod_producto 2> [/jobs/Job_dim_fact.kjb  file:///jobs/ETLfact_Registro_Contrato.ktr]  Finished processing (I=0, O=0, R=30, W=30, U=0, E=0)
2026-07-02 22:39:57.973 INFO  <Transformacion FACT_Registro_Contrato - Entrada Tabla dim_producto> [/jobs/Job_dim_fact.kjb  file:///jobs/ETLfact_Registro_Contrato.ktr]  Finished processing (I=30, O=0, R=0, W=30, U=0, E=0)
2026-07-02 22:39:57.985 INFO  <Transformacion FACT_Registro_Contrato - Entrada Tabla Dim_Cliente> [/jobs/Job_dim_fact.kjb  file:///jobs/ETLfact_Registro_Contrato.ktr]  Finished reading query, closing connection
2026-07-02 22:39:57.993 INFO  <Transformacion FACT_Registro_Contrato - Entrada Tabla dim_contrato> [/jobs/Job_dim_fact.kjb  file:///jobs/ETLfact_Registro_Contrato.ktr]  Finished reading query, closing connection
2026-07-02 22:39:58.006 INFO  <Transformacion FACT_Registro_Contrato - Ordenar filas nro_contrato 2> [/jobs/Job_dim_fact.kjb  file:///jobs/ETLfact_Registro_Contrato.ktr]  Finished processing (I=0, O=0, R=1000, W=1000, U=0, E=0)
2026-07-02 22:39:58.005 INFO  <Transformacion FACT_Registro_Contrato - Entrada Tabla Dim_Cliente> [/jobs/Job_dim_fact.kjb  file:///jobs/ETLfact_Registro_Contrato.ktr]  Finished processing (I=300, O=0, R=0, W=300, U=0, E=0)
2026-07-02 22:39:58.002 INFO  <Transformacion FACT_Registro_Contrato - Ordenar filas descrip_estado> [/jobs/Job_dim_fact.kjb  file:///jobs/ETLfact_Registro_Contrato.ktr]  Finished processing (I=0, O=0, R=3, W=3, U=0, E=0)
2026-07-02 22:39:58.021 INFO  <Transformacion FACT_Registro_Contrato - Entrada Tabla dim_contrato> [/jobs/Job_dim_fact.kjb  file:///jobs/ETLfact_Registro_Contrato.ktr]  Finished processing (I=1000, O=0, R=0, W=1000, U=0, E=0)
2026-07-02 22:39:58.015 INFO  <Transformacion FACT_Registro_Contrato - Entrada Tabla Registro Contrato> [/jobs/Job_dim_fact.kjb  file:///jobs/ETLfact_Registro_Contrato.ktr]  Finished reading query, closing connection
2026-07-02 22:39:58.021 INFO  <Transformacion FACT_Registro_Contrato - Entrada Tabla dim_estado_contrato> [/jobs/Job_dim_fact.kjb  file:///jobs/ETLfact_Registro_Contrato.ktr]  Finished reading query, closing connection
2026-07-02 22:39:58.012 INFO  <Transformacion FACT_Registro_Contrato - Ordenar filas cod_cliente 2> [/jobs/Job_dim_fact.kjb  file:///jobs/ETLfact_Registro_Contrato.ktr]  Finished processing (I=0, O=0, R=300, W=300, U=0, E=0)
2026-07-02 22:39:58.040 INFO  <Transformacion FACT_Registro_Contrato - Entrada Tabla Registro Contrato> [/jobs/Job_dim_fact.kjb  file:///jobs/ETLfact_Registro_Contrato.ktr]  Finished processing (I=1000, O=0, R=0, W=1000, U=0, E=0)
2026-07-02 22:39:58.055 INFO  <Transformacion FACT_Registro_Contrato - Entrada Tabla dim_estado_contrato> [/jobs/Job_dim_fact.kjb  file:///jobs/ETLfact_Registro_Contrato.ktr]  Finished processing (I=3, O=0, R=0, W=3, U=0, E=0)
2026-07-02 22:39:58.039 INFO  <Transformacion FACT_Registro_Contrato - Ordenar filas cod_cliente> [/jobs/Job_dim_fact.kjb  file:///jobs/ETLfact_Registro_Contrato.ktr]  Finished processing (I=0, O=0, R=1000, W=1000, U=0, E=0)
2026-07-02 22:39:58.103 INFO  <Transformacion FACT_Registro_Contrato - Entrada Tabla dim_tiempo> [/jobs/Job_dim_fact.kjb  file:///jobs/ETLfact_Registro_Contrato.ktr]  Finished reading query, closing connection
2026-07-02 22:39:58.111 INFO  <Transformacion FACT_Registro_Contrato - Entrada Tabla dim_tiempo> [/jobs/Job_dim_fact.kjb  file:///jobs/ETLfact_Registro_Contrato.ktr]  Finished processing (I=4747, O=0, R=0, W=9494, U=0, E=0)
2026-07-02 22:39:58.124 INFO  <Transformacion FACT_Registro_Contrato - Ordenar filas dim_tiempo> [/jobs/Job_dim_fact.kjb  file:///jobs/ETLfact_Registro_Contrato.ktr]  Finished processing (I=0, O=0, R=4747, W=4747, U=0, E=0)
2026-07-02 22:39:58.124 INFO  <Transformacion FACT_Registro_Contrato - Ordenar filas dim_tiempo 2> [/jobs/Job_dim_fact.kjb  file:///jobs/ETLfact_Registro_Contrato.ktr]  Finished processing (I=0, O=0, R=4747, W=4747, U=0, E=0)
2026-07-02 22:39:58.348 INFO  <Transformacion FACT_Registro_Contrato - Unión por clave> [/jobs/Job_dim_fact.kjb  file:///jobs/ETLfact_Registro_Contrato.ktr]  Finished processing (I=0, O=0, R=1300, W=1000, U=0, E=0)
2026-07-02 22:39:58.358 INFO  <Transformacion FACT_Registro_Contrato - Ordenar filas cod_producto> [/jobs/Job_dim_fact.kjb  file:///jobs/ETLfact_Registro_Contrato.ktr]  Finished processing (I=0, O=0, R=1000, W=1000, U=0, E=0)
2026-07-02 22:39:58.666 INFO  <Transformacion FACT_Registro_Contrato - Unión por clave cod_producto> [/jobs/Job_dim_fact.kjb  file:///jobs/ETLfact_Registro_Contrato.ktr]  Finished processing (I=0, O=0, R=1030, W=1000, U=0, E=0)
2026-07-02 22:39:58.674 INFO  <Transformacion FACT_Registro_Contrato - Ordenar filas nro_contrato> [/jobs/Job_dim_fact.kjb  file:///jobs/ETLfact_Registro_Contrato.ktr]  Finished processing (I=0, O=0, R=1000, W=1000, U=0, E=0)
2026-07-02 22:39:58.981 INFO  <Transformacion FACT_Registro_Contrato - Unión por clave nro_contrato> [/jobs/Job_dim_fact.kjb  file:///jobs/ETLfact_Registro_Contrato.ktr]  Finished processing (I=0, O=0, R=2000, W=1000, U=0, E=0)
2026-07-02 22:39:58.994 INFO  <Transformacion FACT_Registro_Contrato - Ordenar filas estado_contrato> [/jobs/Job_dim_fact.kjb  file:///jobs/ETLfact_Registro_Contrato.ktr]  Finished processing (I=0, O=0, R=1000, W=1000, U=0, E=0)
2026-07-02 22:39:59.298 INFO  <Transformacion FACT_Registro_Contrato - Unión por clave estado_contrato> [/jobs/Job_dim_fact.kjb  file:///jobs/ETLfact_Registro_Contrato.ktr]  Finished processing (I=0, O=0, R=1003, W=1000, U=0, E=0)
2026-07-02 22:39:59.306 INFO  <Transformacion FACT_Registro_Contrato - Ordenar filas fecha inicio> [/jobs/Job_dim_fact.kjb  file:///jobs/ETLfact_Registro_Contrato.ktr]  Finished processing (I=0, O=0, R=1000, W=1000, U=0, E=0)
2026-07-02 22:39:59.613 INFO  <Transformacion FACT_Registro_Contrato - Unión por clave fecha inicio> [/jobs/Job_dim_fact.kjb  file:///jobs/ETLfact_Registro_Contrato.ktr]  Finished processing (I=0, O=0, R=5747, W=1000, U=0, E=0)
2026-07-02 22:39:59.620 INFO  <Transformacion FACT_Registro_Contrato - Ordenar filas fecha_fin> [/jobs/Job_dim_fact.kjb  file:///jobs/ETLfact_Registro_Contrato.ktr]  Finished processing (I=0, O=0, R=1000, W=1000, U=0, E=0)
2026-07-02 22:39:59.945 INFO  <Transformacion FACT_Registro_Contrato - Unión por clave fecha fin> [/jobs/Job_dim_fact.kjb  file:///jobs/ETLfact_Registro_Contrato.ktr]  Finished processing (I=0, O=0, R=5747, W=867, U=0, E=0)
2026-07-02 22:39:59.947 INFO  <Transformacion FACT_Registro_Contrato - Añadir secuencia utilidad> [/jobs/Job_dim_fact.kjb  file:///jobs/ETLfact_Registro_Contrato.ktr]  Finished processing (I=0, O=0, R=867, W=867, U=0, E=0)
2026-07-02 22:40:00.400 INFO  <Transformacion FACT_Registro_Contrato - Insert / update> [/jobs/Job_dim_fact.kjb  file:///jobs/ETLfact_Registro_Contrato.ktr]  Finished processing (I=867, O=0, R=867, W=867, U=0, E=0)
2026-07-02 22:40:00.406 INFO  <Thread-8> [/jobs/Job_dim_fact.kjb]  Starting entry [ETL fact_reg_siniestro]
2026-07-02 22:40:00.741 INFO  <Thread-8> [/jobs/Job_dim_fact.kjb]  Using run configuration [Pentaho local]
2026-07-02 22:40:00.745 INFO  <Thread-8> [/jobs/Job_dim_fact.kjb  file:///jobs/ETLfact_Registro_Siniestro.ktr]  Dispatching started for transformation [Transformacion Fact_Registro_Siniestro]
2026-07-02 22:40:00.919 INFO  <Transformacion Fact_Registro_Siniestro - Entrada Tabla dim_contrato> [/jobs/Job_dim_fact.kjb  file:///jobs/ETLfact_Registro_Siniestro.ktr]  Finished reading query, closing connection
2026-07-02 22:40:00.930 INFO  <Transformacion Fact_Registro_Siniestro - Entrada Tabla dim_siniestro> [/jobs/Job_dim_fact.kjb  file:///jobs/ETLfact_Registro_Siniestro.ktr]  Finished reading query, closing connection
2026-07-02 22:40:00.931 INFO  <Transformacion Fact_Registro_Siniestro - Entrada Tabla dim_contrato> [/jobs/Job_dim_fact.kjb  file:///jobs/ETLfact_Registro_Siniestro.ktr]  Finished processing (I=1000, O=0, R=0, W=1000, U=0, E=0)
2026-07-02 22:40:00.937 INFO  <Transformacion Fact_Registro_Siniestro - Entrada Tabla cliente> [/jobs/Job_dim_fact.kjb  file:///jobs/ETLfact_Registro_Siniestro.ktr]  Finished reading query, closing connection
2026-07-02 22:40:00.946 INFO  <Transformacion Fact_Registro_Siniestro - Entrada Tabla dim sucursal> [/jobs/Job_dim_fact.kjb  file:///jobs/ETLfact_Registro_Siniestro.ktr]  Finished reading query, closing connection
2026-07-02 22:40:00.943 INFO  <Transformacion Fact_Registro_Siniestro - Ordenar filas nro_siniestro> [/jobs/Job_dim_fact.kjb  file:///jobs/ETLfact_Registro_Siniestro.ktr]  Finished processing (I=0, O=0, R=20, W=20, U=0, E=0)
2026-07-02 22:40:00.949 INFO  <Transformacion Fact_Registro_Siniestro - Ordenar filas nro_contrato> [/jobs/Job_dim_fact.kjb  file:///jobs/ETLfact_Registro_Siniestro.ktr]  Finished processing (I=0, O=0, R=1000, W=1000, U=0, E=0)
2026-07-02 22:40:00.977 INFO  <Transformacion Fact_Registro_Siniestro - Ordenar filas sucursal 2> [/jobs/Job_dim_fact.kjb  file:///jobs/ETLfact_Registro_Siniestro.ktr]  Finished processing (I=0, O=0, R=30, W=30, U=0, E=0)
2026-07-02 22:40:00.977 INFO  <Transformacion Fact_Registro_Siniestro - Entrada Tabla Fact_Registro_Siniestro> [/jobs/Job_dim_fact.kjb  file:///jobs/ETLfact_Registro_Siniestro.ktr]  Finished reading query, closing connection
2026-07-02 22:40:00.979 INFO  <Transformacion Fact_Registro_Siniestro - Ordenar filas cliente> [/jobs/Job_dim_fact.kjb  file:///jobs/ETLfact_Registro_Siniestro.ktr]  Finished processing (I=0, O=0, R=1000, W=1000, U=0, E=0)
2026-07-02 22:40:00.984 INFO  <Transformacion Fact_Registro_Siniestro - Entrada Tabla dim_producto> [/jobs/Job_dim_fact.kjb  file:///jobs/ETLfact_Registro_Siniestro.ktr]  Finished reading query, closing connection
2026-07-02 22:40:00.978 INFO  <Transformacion Fact_Registro_Siniestro - Ordenar filas siniestro> [/jobs/Job_dim_fact.kjb  file:///jobs/ETLfact_Registro_Siniestro.ktr]  Finished processing (I=0, O=0, R=1000, W=1000, U=0, E=0)
2026-07-02 22:40:00.996 INFO  <Transformacion Fact_Registro_Siniestro - Ordenar filas producto 2> [/jobs/Job_dim_fact.kjb  file:///jobs/ETLfact_Registro_Siniestro.ktr]  Finished processing (I=0, O=0, R=30, W=30, U=0, E=0)
2026-07-02 22:40:00.980 INFO  <Transformacion Fact_Registro_Siniestro - Ordenar filas codigo cliente> [/jobs/Job_dim_fact.kjb  file:///jobs/ETLfact_Registro_Siniestro.ktr]  Finished processing (I=0, O=0, R=300, W=300, U=0, E=0)
2026-07-02 22:40:00.980 INFO  <Transformacion Fact_Registro_Siniestro - Entrada Tabla dim sucursal> [/jobs/Job_dim_fact.kjb  file:///jobs/ETLfact_Registro_Siniestro.ktr]  Finished processing (I=30, O=0, R=0, W=30, U=0, E=0)
2026-07-02 22:40:00.979 INFO  <Transformacion Fact_Registro_Siniestro - Entrada Tabla dim_cliente> [/jobs/Job_dim_fact.kjb  file:///jobs/ETLfact_Registro_Siniestro.ktr]  Finished reading query, closing connection
2026-07-02 22:40:00.980 INFO  <Transformacion Fact_Registro_Siniestro - Entrada Tabla dim_siniestro> [/jobs/Job_dim_fact.kjb  file:///jobs/ETLfact_Registro_Siniestro.ktr]  Finished processing (I=20, O=0, R=0, W=20, U=0, E=0)
2026-07-02 22:40:00.980 INFO  <Transformacion Fact_Registro_Siniestro - Entrada Tabla Registro Contrato> [/jobs/Job_dim_fact.kjb  file:///jobs/ETLfact_Registro_Siniestro.ktr]  Finished reading query, closing connection
2026-07-02 22:40:00.980 INFO  <Transformacion Fact_Registro_Siniestro - Entrada Tabla cliente> [/jobs/Job_dim_fact.kjb  file:///jobs/ETLfact_Registro_Siniestro.ktr]  Finished processing (I=300, O=0, R=0, W=300, U=0, E=0)
2026-07-02 22:40:00.990 INFO  <Transformacion Fact_Registro_Siniestro - Entrada Tabla Fact_Registro_Siniestro> [/jobs/Job_dim_fact.kjb  file:///jobs/ETLfact_Registro_Siniestro.ktr]  Finished processing (I=1000, O=0, R=0, W=1000, U=0, E=0)
2026-07-02 22:40:00.990 INFO  <Transformacion Fact_Registro_Siniestro - Entrada Tabla dim_producto> [/jobs/Job_dim_fact.kjb  file:///jobs/ETLfact_Registro_Siniestro.ktr]  Finished processing (I=30, O=0, R=0, W=30, U=0, E=0)
2026-07-02 22:40:00.988 INFO  <Transformacion Fact_Registro_Siniestro - Ordenar filas codigo cliente 2> [/jobs/Job_dim_fact.kjb  file:///jobs/ETLfact_Registro_Siniestro.ktr]  Finished processing (I=0, O=0, R=300, W=300, U=0, E=0)
2026-07-02 22:40:01.008 INFO  <Transformacion Fact_Registro_Siniestro - Entrada Tabla Registro Contrato> [/jobs/Job_dim_fact.kjb  file:///jobs/ETLfact_Registro_Siniestro.ktr]  Finished processing (I=1000, O=0, R=0, W=1000, U=0, E=0)
2026-07-02 22:40:01.005 INFO  <Transformacion Fact_Registro_Siniestro - Entrada Tabla dim_cliente> [/jobs/Job_dim_fact.kjb  file:///jobs/ETLfact_Registro_Siniestro.ktr]  Finished processing (I=300, O=0, R=0, W=300, U=0, E=0)
2026-07-02 22:40:01.046 INFO  <Transformacion Fact_Registro_Siniestro - Entrada Tabla fechas> [/jobs/Job_dim_fact.kjb  file:///jobs/ETLfact_Registro_Siniestro.ktr]  Finished reading query, closing connection
2026-07-02 22:40:01.051 INFO  <Transformacion Fact_Registro_Siniestro - Entrada Tabla fechas> [/jobs/Job_dim_fact.kjb  file:///jobs/ETLfact_Registro_Siniestro.ktr]  Finished processing (I=4747, O=0, R=0, W=9494, U=0, E=0)
2026-07-02 22:40:01.053 INFO  <Transformacion Fact_Registro_Siniestro - Ordenar filas fecha completa> [/jobs/Job_dim_fact.kjb  file:///jobs/ETLfact_Registro_Siniestro.ktr]  Finished processing (I=0, O=0, R=4747, W=4747, U=0, E=0)
2026-07-02 22:40:01.053 INFO  <Transformacion Fact_Registro_Siniestro - Ordenar filas fecha completa 2> [/jobs/Job_dim_fact.kjb  file:///jobs/ETLfact_Registro_Siniestro.ktr]  Finished processing (I=0, O=0, R=4747, W=4747, U=0, E=0)
2026-07-02 22:40:01.284 INFO  <Transformacion Fact_Registro_Siniestro - Unión por clave codigo cliente> [/jobs/Job_dim_fact.kjb  file:///jobs/ETLfact_Registro_Siniestro.ktr]  Finished processing (I=0, O=0, R=600, W=300, U=0, E=0)
2026-07-02 22:40:01.290 INFO  <Transformacion Fact_Registro_Siniestro - Ordenar filas sucursal> [/jobs/Job_dim_fact.kjb  file:///jobs/ETLfact_Registro_Siniestro.ktr]  Finished processing (I=0, O=0, R=300, W=300, U=0, E=0)
2026-07-02 22:40:01.293 INFO  <Transformacion Fact_Registro_Siniestro - Unión por clave sinistro> [/jobs/Job_dim_fact.kjb  file:///jobs/ETLfact_Registro_Siniestro.ktr]  Finished processing (I=0, O=0, R=1020, W=1000, U=0, E=0)
2026-07-02 22:40:01.299 INFO  <Transformacion Fact_Registro_Siniestro - Ordenar filas contrato> [/jobs/Job_dim_fact.kjb  file:///jobs/ETLfact_Registro_Siniestro.ktr]  Finished processing (I=0, O=0, R=1000, W=1000, U=0, E=0)
2026-07-02 22:40:01.592 INFO  <Transformacion Fact_Registro_Siniestro - Unión por clave sucursal> [/jobs/Job_dim_fact.kjb  file:///jobs/ETLfact_Registro_Siniestro.ktr]  Finished processing (I=0, O=0, R=330, W=300, U=0, E=0)
2026-07-02 22:40:01.596 INFO  <Transformacion Fact_Registro_Siniestro - Ordenar filas cliente 2> [/jobs/Job_dim_fact.kjb  file:///jobs/ETLfact_Registro_Siniestro.ktr]  Finished processing (I=0, O=0, R=300, W=300, U=0, E=0)
2026-07-02 22:40:01.606 INFO  <Transformacion Fact_Registro_Siniestro - Unión por clave contrato> [/jobs/Job_dim_fact.kjb  file:///jobs/ETLfact_Registro_Siniestro.ktr]  Finished processing (I=0, O=0, R=2000, W=1000, U=0, E=0)
2026-07-02 22:40:01.610 INFO  <Transformacion Fact_Registro_Siniestro - Ordenar filas contrato 2> [/jobs/Job_dim_fact.kjb  file:///jobs/ETLfact_Registro_Siniestro.ktr]  Finished processing (I=0, O=0, R=1000, W=1000, U=0, E=0)
2026-07-02 22:40:01.900 INFO  <Transformacion Fact_Registro_Siniestro - Unión por clave cliente> [/jobs/Job_dim_fact.kjb  file:///jobs/ETLfact_Registro_Siniestro.ktr]  Finished processing (I=0, O=0, R=1300, W=1000, U=0, E=0)
2026-07-02 22:40:01.908 INFO  <Transformacion Fact_Registro_Siniestro - Ordenar filas producto> [/jobs/Job_dim_fact.kjb  file:///jobs/ETLfact_Registro_Siniestro.ktr]  Finished processing (I=0, O=0, R=1000, W=1000, U=0, E=0)
2026-07-02 22:40:02.209 INFO  <Transformacion Fact_Registro_Siniestro - Unión por clave producto> [/jobs/Job_dim_fact.kjb  file:///jobs/ETLfact_Registro_Siniestro.ktr]  Finished processing (I=0, O=0, R=1030, W=1000, U=0, E=0)
2026-07-02 22:40:02.216 INFO  <Transformacion Fact_Registro_Siniestro - Ordenar filas contrato 3> [/jobs/Job_dim_fact.kjb  file:///jobs/ETLfact_Registro_Siniestro.ktr]  Finished processing (I=0, O=0, R=1000, W=1000, U=0, E=0)
2026-07-02 22:40:02.520 INFO  <Transformacion Fact_Registro_Siniestro - Unión por clave contrato 2> [/jobs/Job_dim_fact.kjb  file:///jobs/ETLfact_Registro_Siniestro.ktr]  Finished processing (I=0, O=0, R=2000, W=1000, U=0, E=0)
2026-07-02 22:40:02.527 INFO  <Transformacion Fact_Registro_Siniestro - Ordenar filas fecha_siniestro> [/jobs/Job_dim_fact.kjb  file:///jobs/ETLfact_Registro_Siniestro.ktr]  Finished processing (I=0, O=0, R=1000, W=1000, U=0, E=0)
2026-07-02 22:40:02.834 INFO  <Transformacion Fact_Registro_Siniestro - Unión por clave fecha_siniestro> [/jobs/Job_dim_fact.kjb  file:///jobs/ETLfact_Registro_Siniestro.ktr]  Finished processing (I=0, O=0, R=5747, W=1000, U=0, E=0)
2026-07-02 22:40:02.838 INFO  <Transformacion Fact_Registro_Siniestro - Ordenar filas fecha_respuesta> [/jobs/Job_dim_fact.kjb  file:///jobs/ETLfact_Registro_Siniestro.ktr]  Finished processing (I=0, O=0, R=1000, W=1000, U=0, E=0)
2026-07-02 22:40:03.145 INFO  <Transformacion Fact_Registro_Siniestro - Unión por clave fecha respuesta> [/jobs/Job_dim_fact.kjb  file:///jobs/ETLfact_Registro_Siniestro.ktr]  Finished processing (I=0, O=0, R=5747, W=1000, U=0, E=0)
2026-07-02 22:40:03.148 INFO  <Transformacion Fact_Registro_Siniestro - Añadir secuencia cantidad> [/jobs/Job_dim_fact.kjb  file:///jobs/ETLfact_Registro_Siniestro.ktr]  Finished processing (I=0, O=0, R=1000, W=1000, U=0, E=0)
2026-07-02 22:40:05.608 INFO  <Transformacion Fact_Registro_Siniestro - Formula> [/jobs/Job_dim_fact.kjb  file:///jobs/ETLfact_Registro_Siniestro.ktr]  Finished processing (I=0, O=0, R=1000, W=1000, U=0, E=0)
2026-07-02 22:40:06.494 INFO  <Transformacion Fact_Registro_Siniestro - Insert / update> [/jobs/Job_dim_fact.kjb  file:///jobs/ETLfact_Registro_Siniestro.ktr]  Finished processing (I=1000, O=0, R=1000, W=1000, U=1000, E=0)
2026-07-02 22:40:06.500 INFO  <Thread-8> [/jobs/Job_dim_fact.kjb]  Starting entry [ETL fact_eval_servicio]
2026-07-02 22:40:06.680 INFO  <Thread-8> [/jobs/Job_dim_fact.kjb]  Using run configuration [Pentaho local]
2026-07-02 22:40:06.683 INFO  <Thread-8> [/jobs/Job_dim_fact.kjb  file:///jobs/ETLfact_Evaluacion_Servicio.ktr]  Dispatching started for transformation [Transformacion Fact_Evaluacion_Servicio]
2026-07-02 22:40:06.781 INFO  <Transformacion Fact_Evaluacion_Servicio - Entrada Tabla dim producto> [/jobs/Job_dim_fact.kjb  file:///jobs/ETLfact_Evaluacion_Servicio.ktr]  Finished reading query, closing connection
2026-07-02 22:40:06.803 INFO  <Transformacion Fact_Evaluacion_Servicio - Ordenar filas cod_cliente> [/jobs/Job_dim_fact.kjb  file:///jobs/ETLfact_Evaluacion_Servicio.ktr]  Finished processing (I=0, O=0, R=300, W=300, U=0, E=0)
2026-07-02 22:40:06.799 INFO  <Transformacion Fact_Evaluacion_Servicio - Entrada Tabla dim cliente> [/jobs/Job_dim_fact.kjb  file:///jobs/ETLfact_Evaluacion_Servicio.ktr]  Finished reading query, closing connection
2026-07-02 22:40:06.802 INFO  <Transformacion Fact_Evaluacion_Servicio - Entrada Tabla dim producto> [/jobs/Job_dim_fact.kjb  file:///jobs/ETLfact_Evaluacion_Servicio.ktr]  Finished processing (I=30, O=0, R=0, W=30, U=0, E=0)
2026-07-02 22:40:06.810 INFO  <Transformacion Fact_Evaluacion_Servicio - Ordenar filas 2 evaluacion servicio> [/jobs/Job_dim_fact.kjb  file:///jobs/ETLfact_Evaluacion_Servicio.ktr]  Finished processing (I=0, O=0, R=6, W=6, U=0, E=0)
2026-07-02 22:40:06.784 INFO  <Transformacion Fact_Evaluacion_Servicio - Ordenar filas cod_producto> [/jobs/Job_dim_fact.kjb  file:///jobs/ETLfact_Evaluacion_Servicio.ktr]  Finished processing (I=0, O=0, R=30, W=30, U=0, E=0)
2026-07-02 22:40:06.824 INFO  <Transformacion Fact_Evaluacion_Servicio - Entrada Tabla dim cliente> [/jobs/Job_dim_fact.kjb  file:///jobs/ETLfact_Evaluacion_Servicio.ktr]  Finished processing (I=300, O=0, R=0, W=300, U=0, E=0)
2026-07-02 22:40:06.799 INFO  <Transformacion Fact_Evaluacion_Servicio - Entrada Tabla dim evaluacion servicio> [/jobs/Job_dim_fact.kjb  file:///jobs/ETLfact_Evaluacion_Servicio.ktr]  Finished reading query, closing connection
2026-07-02 22:40:06.849 INFO  <Transformacion Fact_Evaluacion_Servicio - Entrada Tabla dim evaluacion servicio> [/jobs/Job_dim_fact.kjb  file:///jobs/ETLfact_Evaluacion_Servicio.ktr]  Finished processing (I=6, O=0, R=0, W=6, U=0, E=0)
2026-07-02 22:40:06.849 INFO  <Transformacion Fact_Evaluacion_Servicio - Entrada Tabla recomienda> [/jobs/Job_dim_fact.kjb  file:///jobs/ETLfact_Evaluacion_Servicio.ktr]  Finished reading query, closing connection
2026-07-02 22:40:06.854 INFO  <Transformacion Fact_Evaluacion_Servicio - Ordenar filas codigo producto> [/jobs/Job_dim_fact.kjb  file:///jobs/ETLfact_Evaluacion_Servicio.ktr]  Finished processing (I=0, O=0, R=500, W=500, U=0, E=0)
2026-07-02 22:40:06.863 INFO  <Transformacion Fact_Evaluacion_Servicio - Entrada Tabla recomienda> [/jobs/Job_dim_fact.kjb  file:///jobs/ETLfact_Evaluacion_Servicio.ktr]  Finished processing (I=500, O=0, R=0, W=500, U=0, E=0)
2026-07-02 22:40:06.865 INFO  <Transformacion Fact_Evaluacion_Servicio - Entrada Tabla dim_tiempo> [/jobs/Job_dim_fact.kjb  file:///jobs/ETLfact_Evaluacion_Servicio.ktr]  Finished reading query, closing connection
2026-07-02 22:40:06.872 INFO  <Transformacion Fact_Evaluacion_Servicio - Entrada Tabla dim_tiempo> [/jobs/Job_dim_fact.kjb  file:///jobs/ETLfact_Evaluacion_Servicio.ktr]  Finished processing (I=4747, O=0, R=0, W=4747, U=0, E=0)
2026-07-02 22:40:06.874 INFO  <Transformacion Fact_Evaluacion_Servicio - Ordenar filas fecha completa> [/jobs/Job_dim_fact.kjb  file:///jobs/ETLfact_Evaluacion_Servicio.ktr]  Finished processing (I=0, O=0, R=4747, W=4747, U=0, E=0)
2026-07-02 22:40:07.159 INFO  <Transformacion Fact_Evaluacion_Servicio - Unión por clave codigo pruducto> [/jobs/Job_dim_fact.kjb  file:///jobs/ETLfact_Evaluacion_Servicio.ktr]  Finished processing (I=0, O=0, R=530, W=500, U=0, E=0)
2026-07-02 22:40:07.163 INFO  <Transformacion Fact_Evaluacion_Servicio - Ordenar filas codigo cliente> [/jobs/Job_dim_fact.kjb  file:///jobs/ETLfact_Evaluacion_Servicio.ktr]  Finished processing (I=0, O=0, R=500, W=500, U=0, E=0)
2026-07-02 22:40:07.466 INFO  <Transformacion Fact_Evaluacion_Servicio - Unión por clave codigo cliente> [/jobs/Job_dim_fact.kjb  file:///jobs/ETLfact_Evaluacion_Servicio.ktr]  Finished processing (I=0, O=0, R=800, W=500, U=0, E=0)
2026-07-02 22:40:07.470 INFO  <Transformacion Fact_Evaluacion_Servicio - Ordenar filas codigo evaluacion servicio> [/jobs/Job_dim_fact.kjb  file:///jobs/ETLfact_Evaluacion_Servicio.ktr]  Finished processing (I=0, O=0, R=500, W=500, U=0, E=0)
2026-07-02 22:40:07.772 INFO  <Transformacion Fact_Evaluacion_Servicio - Unión por clave evaluacion servicio> [/jobs/Job_dim_fact.kjb  file:///jobs/ETLfact_Evaluacion_Servicio.ktr]  Finished processing (I=0, O=0, R=506, W=500, U=0, E=0)
2026-07-02 22:40:07.777 INFO  <Transformacion Fact_Evaluacion_Servicio - Ordenar filas fecha_recomienda> [/jobs/Job_dim_fact.kjb  file:///jobs/ETLfact_Evaluacion_Servicio.ktr]  Finished processing (I=0, O=0, R=500, W=500, U=0, E=0)
2026-07-02 22:40:08.088 INFO  <Transformacion Fact_Evaluacion_Servicio - Unión por clave fecha> [/jobs/Job_dim_fact.kjb  file:///jobs/ETLfact_Evaluacion_Servicio.ktr]  Finished processing (I=0, O=0, R=5247, W=500, U=0, E=0)
2026-07-02 22:40:08.090 INFO  <Transformacion Fact_Evaluacion_Servicio - Añadir secuencia cantidad> [/jobs/Job_dim_fact.kjb  file:///jobs/ETLfact_Evaluacion_Servicio.ktr]  Finished processing (I=0, O=0, R=500, W=500, U=0, E=0)
2026-07-02 22:40:08.092 INFO  <Transformacion Fact_Evaluacion_Servicio - Formula> [/jobs/Job_dim_fact.kjb  file:///jobs/ETLfact_Evaluacion_Servicio.ktr]  Finished processing (I=0, O=0, R=500, W=500, U=0, E=0)
2026-07-02 22:40:08.121 INFO  <Transformacion Fact_Evaluacion_Servicio - Insert / update> [/jobs/Job_dim_fact.kjb  file:///jobs/ETLfact_Evaluacion_Servicio.ktr]  Finished processing (I=500, O=0, R=500, W=500, U=0, E=0)
2026-07-02 22:40:08.127 INFO  <Thread-8> [/jobs/Job_dim_fact.kjb]  Finished job entry [ETL fact_eval_servicio] (result=[true])
2026-07-02 22:40:08.131 INFO  <Thread-8> [/jobs/Job_dim_fact.kjb]  Finished job entry [ETL fact_reg_siniestro] (result=[true])
2026-07-02 22:40:08.133 INFO  <Thread-8> [/jobs/Job_dim_fact.kjb]  Finished job entry [ETL_fact_reg_contrato] (result=[true])
2026-07-02 22:40:08.136 INFO  <Thread-8> [/jobs/Job_dim_fact.kjb]  Finished job entry [ETL_fact_metas] (result=[true])
2026-07-02 22:40:08.139 INFO  <Thread-8> [/jobs/Job_dim_fact.kjb]  Finished job entry [ETL dim_siniestro] (result=[true])
2026-07-02 22:40:08.141 INFO  <Thread-8> [/jobs/Job_dim_fact.kjb]  Finished job entry [ETL dim_sucursal] (result=[true])
2026-07-02 22:40:08.143 INFO  <Thread-8> [/jobs/Job_dim_fact.kjb]  Finished job entry [ETL dim_estado_contrato] (result=[true])
2026-07-02 22:40:08.146 INFO  <Thread-8> [/jobs/Job_dim_fact.kjb]  Finished job entry [ELT dim_contrato] (result=[true])
2026-07-02 22:40:08.149 INFO  <Thread-8> [/jobs/Job_dim_fact.kjb]  Finished job entry [ETL dim_eval_servicio] (result=[true])
2026-07-02 22:40:08.151 INFO  <Thread-8> [/jobs/Job_dim_fact.kjb]  Finished job entry [ETL dim_cliente] (result=[true])
2026-07-02 22:40:08.153 INFO  <Thread-8> [/jobs/Job_dim_fact.kjb]  Finished job entry [ETL dim_producto] (result=[true])
2026-07-02 22:40:08.155 INFO  <Thread-8> [/jobs/Job_dim_fact.kjb]  Finished job entry [Evaluate rows number in a table] (result=[true])
2026-07-02 22:40:08.157 WARN  <Thread-8> [/jobs/Job_dim_fact.kjb]  Job execution finished
2026-07-02 22:46:13.560 WARN  <Thread-8> [/jobs/Job_dim_fact.kjb]  Start of job execution
2026-07-02 22:46:14.169 INFO  <Thread-8> [/jobs/Job_dim_fact.kjb]  Starting entry [Evaluate rows number in a table]
2026-07-02 22:46:17.056 INFO  <Thread-8> [/jobs/Job_dim_fact.kjb]  Starting entry [ETL dim_producto]
2026-07-02 22:46:17.729 INFO  <Thread-8> [/jobs/Job_dim_fact.kjb]  Using run configuration [Pentaho local]
2026-07-02 22:46:17.797 INFO  <Thread-8> [/jobs/Job_dim_fact.kjb  file:///jobs/ETLdim_Producto.ktr]  Dispatching started for transformation [Transformacion ProductoLF]
2026-07-02 22:46:18.164 INFO  <Transformacion ProductoLF - Entrada Tabla Tipo Producto> [/jobs/Job_dim_fact.kjb  file:///jobs/ETLdim_Producto.ktr]  Finished reading query, closing connection
2026-07-02 22:46:18.172 INFO  <Transformacion ProductoLF - Entrada Tabla Producto> [/jobs/Job_dim_fact.kjb  file:///jobs/ETLdim_Producto.ktr]  Finished reading query, closing connection
2026-07-02 22:46:18.204 INFO  <Transformacion ProductoLF - Ordenar filas> [/jobs/Job_dim_fact.kjb  file:///jobs/ETLdim_Producto.ktr]  Finished processing (I=0, O=0, R=4, W=4, U=0, E=0)
2026-07-02 22:46:18.206 INFO  <Transformacion ProductoLF - Entrada Tabla Producto> [/jobs/Job_dim_fact.kjb  file:///jobs/ETLdim_Producto.ktr]  Finished processing (I=30, O=0, R=0, W=30, U=0, E=0)
2026-07-02 22:46:18.207 INFO  <Transformacion ProductoLF - Ordenar filas 2> [/jobs/Job_dim_fact.kjb  file:///jobs/ETLdim_Producto.ktr]  Finished processing (I=0, O=0, R=30, W=30, U=0, E=0)
2026-07-02 22:46:18.215 INFO  <Transformacion ProductoLF - Entrada Tabla Tipo Producto> [/jobs/Job_dim_fact.kjb  file:///jobs/ETLdim_Producto.ktr]  Finished processing (I=4, O=0, R=0, W=4, U=0, E=0)
2026-07-02 22:46:18.529 INFO  <Transformacion ProductoLF - Unión por clave> [/jobs/Job_dim_fact.kjb  file:///jobs/ETLdim_Producto.ktr]  Finished processing (I=0, O=0, R=34, W=30, U=0, E=0)
2026-07-02 22:46:18.535 INFO  <Transformacion ProductoLF - Ordenar filas 3> [/jobs/Job_dim_fact.kjb  file:///jobs/ETLdim_Producto.ktr]  Finished processing (I=0, O=0, R=30, W=30, U=0, E=0)
2026-07-02 22:46:18.542 INFO  <Transformacion ProductoLF - Strings cut> [/jobs/Job_dim_fact.kjb  file:///jobs/ETLdim_Producto.ktr]  Finished processing (I=0, O=0, R=30, W=30, U=0, E=0)
2026-07-02 22:46:18.659 INFO  <Transformacion ProductoLF - Insert / update> [/jobs/Job_dim_fact.kjb  file:///jobs/ETLdim_Producto.ktr]  Finished processing (I=30, O=0, R=30, W=30, U=0, E=0)
2026-07-02 22:46:18.693 INFO  <Thread-8> [/jobs/Job_dim_fact.kjb]  Starting entry [ETL dim_cliente]
2026-07-02 22:46:18.830 INFO  <Thread-8> [/jobs/Job_dim_fact.kjb]  Using run configuration [Pentaho local]
2026-07-02 22:46:18.833 INFO  <Thread-8> [/jobs/Job_dim_fact.kjb  file:///jobs/ETLdim_Cliente.ktr]  Dispatching started for transformation [Transformacion ClienteLF]
2026-07-02 22:46:18.964 INFO  <Transformacion ClienteLF - Entrada Tabla> [/jobs/Job_dim_fact.kjb  file:///jobs/ETLdim_Cliente.ktr]  Finished reading query, closing connection
2026-07-02 22:46:18.968 INFO  <Transformacion ClienteLF - Entrada Tabla> [/jobs/Job_dim_fact.kjb  file:///jobs/ETLdim_Cliente.ktr]  Finished processing (I=300, O=0, R=0, W=300, U=0, E=0)
2026-07-02 22:46:18.978 INFO  <Transformacion ClienteLF - Selecciona/Renombra valores> [/jobs/Job_dim_fact.kjb  file:///jobs/ETLdim_Cliente.ktr]  Finished processing (I=0, O=0, R=300, W=300, U=0, E=0)
2026-07-02 22:46:18.988 INFO  <Transformacion ClienteLF - Ordenar filas 3> [/jobs/Job_dim_fact.kjb  file:///jobs/ETLdim_Cliente.ktr]  Finished processing (I=0, O=0, R=300, W=300, U=0, E=0)
2026-07-02 22:46:19.245 INFO  <Transformacion ClienteLF - SalidaActualizada> [/jobs/Job_dim_fact.kjb  file:///jobs/ETLdim_Cliente.ktr]  Finished processing (I=300, O=0, R=300, W=300, U=0, E=0)
2026-07-02 22:46:19.252 INFO  <Thread-8> [/jobs/Job_dim_fact.kjb]  Starting entry [ETL dim_eval_servicio]
2026-07-02 22:46:19.319 INFO  <Thread-8> [/jobs/Job_dim_fact.kjb]  Using run configuration [Pentaho local]
2026-07-02 22:46:19.323 INFO  <Thread-8> [/jobs/Job_dim_fact.kjb  file:///jobs/ETLdim_Evaluacion_Servicio.ktr]  Dispatching started for transformation [Transformacion Evaluacion ServicioLF]
2026-07-02 22:46:19.411 INFO  <Transformacion Evaluacion ServicioLF - Entrada Tabla Evaluacion_Servicio> [/jobs/Job_dim_fact.kjb  file:///jobs/ETLdim_Evaluacion_Servicio.ktr]  Finished reading query, closing connection
2026-07-02 22:46:19.421 INFO  <Transformacion Evaluacion ServicioLF - Ordenar filas 3> [/jobs/Job_dim_fact.kjb  file:///jobs/ETLdim_Evaluacion_Servicio.ktr]  Finished processing (I=0, O=0, R=6, W=6, U=0, E=0)
2026-07-02 22:46:19.422 INFO  <Transformacion Evaluacion ServicioLF - Entrada Tabla Evaluacion_Servicio> [/jobs/Job_dim_fact.kjb  file:///jobs/ETLdim_Evaluacion_Servicio.ktr]  Finished processing (I=6, O=0, R=0, W=6, U=0, E=0)
2026-07-02 22:46:19.445 INFO  <Transformacion Evaluacion ServicioLF - Insert / update> [/jobs/Job_dim_fact.kjb  file:///jobs/ETLdim_Evaluacion_Servicio.ktr]  Finished processing (I=6, O=0, R=6, W=6, U=0, E=0)
2026-07-02 22:46:19.460 INFO  <Thread-8> [/jobs/Job_dim_fact.kjb]  Starting entry [ELT dim_contrato]
2026-07-02 22:46:19.527 INFO  <Thread-8> [/jobs/Job_dim_fact.kjb]  Using run configuration [Pentaho local]
2026-07-02 22:46:19.531 INFO  <Thread-8> [/jobs/Job_dim_fact.kjb  file:///jobs/ETLdim_Contrato.ktr]  Dispatching started for transformation [Transformacion_ContratoLF]
2026-07-02 22:46:19.634 INFO  <Transformacion_ContratoLF - Entrada Tabla> [/jobs/Job_dim_fact.kjb  file:///jobs/ETLdim_Contrato.ktr]  Finished reading query, closing connection
2026-07-02 22:46:19.646 INFO  <Transformacion_ContratoLF - Entrada Tabla> [/jobs/Job_dim_fact.kjb  file:///jobs/ETLdim_Contrato.ktr]  Finished processing (I=1000, O=0, R=0, W=1000, U=0, E=0)
2026-07-02 22:46:19.649 INFO  <Transformacion_ContratoLF - Ordenar filas 3> [/jobs/Job_dim_fact.kjb  file:///jobs/ETLdim_Contrato.ktr]  Finished processing (I=0, O=0, R=1000, W=1000, U=0, E=0)
2026-07-02 22:46:20.166 INFO  <Transformacion_ContratoLF - Insert / update> [/jobs/Job_dim_fact.kjb  file:///jobs/ETLdim_Contrato.ktr]  Finished processing (I=1000, O=0, R=1000, W=1000, U=0, E=0)
2026-07-02 22:46:20.177 INFO  <Thread-8> [/jobs/Job_dim_fact.kjb]  Starting entry [ETL dim_estado_contrato]
2026-07-02 22:46:20.988 INFO  <Thread-8> [/jobs/Job_dim_fact.kjb]  Using run configuration [Pentaho local]
2026-07-02 22:46:20.991 INFO  <Thread-8> [/jobs/Job_dim_fact.kjb  file:///jobs/ETLdim_Estado_Contrato.ktr]  Dispatching started for transformation [Transformacion Estado ContratoLF]
2026-07-02 22:46:21.217 INFO  <Transformacion Estado ContratoLF - Entrada Tabla Estado Contrato> [/jobs/Job_dim_fact.kjb  file:///jobs/ETLdim_Estado_Contrato.ktr]  Finished reading query, closing connection
2026-07-02 22:46:21.221 INFO  <Transformacion Estado ContratoLF - Seleccionar Estado Contrato> [/jobs/Job_dim_fact.kjb  file:///jobs/ETLdim_Estado_Contrato.ktr]  Finished processing (I=0, O=0, R=1000, W=1000, U=0, E=0)
2026-07-02 22:46:21.222 INFO  <Transformacion Estado ContratoLF - Entrada Tabla Estado Contrato> [/jobs/Job_dim_fact.kjb  file:///jobs/ETLdim_Estado_Contrato.ktr]  Finished processing (I=1000, O=0, R=0, W=1000, U=0, E=0)
2026-07-02 22:46:21.234 INFO  <Transformacion Estado ContratoLF - Agrupar> [/jobs/Job_dim_fact.kjb  file:///jobs/ETLdim_Estado_Contrato.ktr]  Finished processing (I=0, O=0, R=1000, W=3, U=0, E=0)
2026-07-02 22:46:21.236 INFO  <Transformacion Estado ContratoLF - Add sequence cod_estado> [/jobs/Job_dim_fact.kjb  file:///jobs/ETLdim_Estado_Contrato.ktr]  Finished processing (I=0, O=0, R=3, W=3, U=0, E=0)
2026-07-02 22:46:21.241 INFO  <Transformacion Estado ContratoLF - Ordenar filas 3> [/jobs/Job_dim_fact.kjb  file:///jobs/ETLdim_Estado_Contrato.ktr]  Finished processing (I=0, O=0, R=3, W=3, U=0, E=0)
2026-07-02 22:46:21.266 INFO  <Transformacion Estado ContratoLF - Insert / update> [/jobs/Job_dim_fact.kjb  file:///jobs/ETLdim_Estado_Contrato.ktr]  Finished processing (I=3, O=0, R=3, W=3, U=0, E=0)
2026-07-02 22:46:21.276 INFO  <Thread-8> [/jobs/Job_dim_fact.kjb]  Starting entry [ETL dim_sucursal]
2026-07-02 22:46:21.384 INFO  <Thread-8> [/jobs/Job_dim_fact.kjb]  Using run configuration [Pentaho local]
2026-07-02 22:46:21.388 INFO  <Thread-8> [/jobs/Job_dim_fact.kjb  file:///jobs/ETLdim_Sucursal.ktr]  Dispatching started for transformation [Transformacion SucursalLF]
2026-07-02 22:46:21.489 INFO  <Transformacion SucursalLF - Entrada Tabla Pais> [/jobs/Job_dim_fact.kjb  file:///jobs/ETLdim_Sucursal.ktr]  Finished reading query, closing connection
2026-07-02 22:46:21.493 INFO  <Transformacion SucursalLF - Entrada Tabla Pais> [/jobs/Job_dim_fact.kjb  file:///jobs/ETLdim_Sucursal.ktr]  Finished processing (I=30, O=0, R=0, W=30, U=0, E=0)
2026-07-02 22:46:21.495 INFO  <Transformacion SucursalLF - Entrada Tabla Sucursal> [/jobs/Job_dim_fact.kjb  file:///jobs/ETLdim_Sucursal.ktr]  Finished reading query, closing connection
2026-07-02 22:46:21.498 INFO  <Transformacion SucursalLF - Entrada Tabla Ciudad> [/jobs/Job_dim_fact.kjb  file:///jobs/ETLdim_Sucursal.ktr]  Finished reading query, closing connection
2026-07-02 22:46:21.505 INFO  <Transformacion SucursalLF - Entrada Tabla Sucursal> [/jobs/Job_dim_fact.kjb  file:///jobs/ETLdim_Sucursal.ktr]  Finished processing (I=30, O=0, R=0, W=30, U=0, E=0)
2026-07-02 22:46:21.509 INFO  <Transformacion SucursalLF - Entrada Tabla Ciudad> [/jobs/Job_dim_fact.kjb  file:///jobs/ETLdim_Sucursal.ktr]  Finished processing (I=30, O=0, R=0, W=30, U=0, E=0)
2026-07-02 22:46:21.802 INFO  <Transformacion SucursalLF - Unión Sucursal-Pais> [/jobs/Job_dim_fact.kjb  file:///jobs/ETLdim_Sucursal.ktr]  Finished processing (I=0, O=0, R=60, W=30, U=0, E=0)
2026-07-02 22:46:22.103 INFO  <Transformacion SucursalLF - Unión Sucursal-Pais-Ciudad> [/jobs/Job_dim_fact.kjb  file:///jobs/ETLdim_Sucursal.ktr]  Finished processing (I=0, O=0, R=60, W=30, U=0, E=0)
2026-07-02 22:46:22.107 INFO  <Transformacion SucursalLF - Ordenar filas 3> [/jobs/Job_dim_fact.kjb  file:///jobs/ETLdim_Sucursal.ktr]  Finished processing (I=0, O=0, R=30, W=30, U=0, E=0)
2026-07-02 22:46:22.139 INFO  <Transformacion SucursalLF - Insert / update> [/jobs/Job_dim_fact.kjb  file:///jobs/ETLdim_Sucursal.ktr]  Finished processing (I=30, O=0, R=30, W=30, U=0, E=0)
2026-07-02 22:46:22.144 INFO  <Thread-8> [/jobs/Job_dim_fact.kjb]  Starting entry [ETL dim_siniestro]
2026-07-02 22:46:22.206 INFO  <Thread-8> [/jobs/Job_dim_fact.kjb]  Using run configuration [Pentaho local]
2026-07-02 22:46:22.210 INFO  <Thread-8> [/jobs/Job_dim_fact.kjb  file:///jobs/ETLdim_Siniestro.ktr]  Dispatching started for transformation [Transformacion siniestroLF]
2026-07-02 22:46:22.290 INFO  <Transformacion siniestroLF - Entrada Tabla Siniestro> [/jobs/Job_dim_fact.kjb  file:///jobs/ETLdim_Siniestro.ktr]  Finished reading query, closing connection
2026-07-02 22:46:22.295 INFO  <Transformacion siniestroLF - Entrada Tabla Siniestro> [/jobs/Job_dim_fact.kjb  file:///jobs/ETLdim_Siniestro.ktr]  Finished processing (I=20, O=0, R=0, W=20, U=0, E=0)
2026-07-02 22:46:22.294 INFO  <Transformacion siniestroLF - Ordenar filas 3> [/jobs/Job_dim_fact.kjb  file:///jobs/ETLdim_Siniestro.ktr]  Finished processing (I=0, O=0, R=20, W=20, U=0, E=0)
2026-07-02 22:46:22.326 INFO  <Transformacion siniestroLF - Insert / update> [/jobs/Job_dim_fact.kjb  file:///jobs/ETLdim_Siniestro.ktr]  Finished processing (I=20, O=0, R=20, W=20, U=0, E=0)
2026-07-02 22:46:22.332 INFO  <Thread-8> [/jobs/Job_dim_fact.kjb]  Starting entry [ETL_fact_metas]
2026-07-02 22:46:22.683 INFO  <Thread-8> [/jobs/Job_dim_fact.kjb]  Using run configuration [Pentaho local]
2026-07-02 22:46:22.688 INFO  <Thread-8> [/jobs/Job_dim_fact.kjb  file:///jobs/ETLfact_Metas.ktr]  Dispatching started for transformation [LFTransformation_fact_metas]
2026-07-02 22:46:23.278 INFO  <LFTransformation_fact_metas - extraer producto> [/jobs/Job_dim_fact.kjb  file:///jobs/ETLfact_Metas.ktr]  Finished reading query, closing connection
2026-07-02 22:46:23.278 INFO  <LFTransformation_fact_metas - Sort cod_prod> [/jobs/Job_dim_fact.kjb  file:///jobs/ETLfact_Metas.ktr]  Finished processing (I=0, O=0, R=30, W=30, U=0, E=0)
2026-07-02 22:46:23.289 INFO  <LFTransformation_fact_metas - extraer producto> [/jobs/Job_dim_fact.kjb  file:///jobs/ETLfact_Metas.ktr]  Finished processing (I=30, O=0, R=0, W=30, U=0, E=0)
2026-07-02 22:46:23.359 INFO  <LFTransformation_fact_metas - extraer dim_tiempo> [/jobs/Job_dim_fact.kjb  file:///jobs/ETLfact_Metas.ktr]  Finished reading query, closing connection
2026-07-02 22:46:23.363 INFO  <LFTransformation_fact_metas - extraer dim_tiempo2> [/jobs/Job_dim_fact.kjb  file:///jobs/ETLfact_Metas.ktr]  Finished reading query, closing connection
2026-07-02 22:46:23.366 INFO  <LFTransformation_fact_metas - extraer dim_tiempo2> [/jobs/Job_dim_fact.kjb  file:///jobs/ETLfact_Metas.ktr]  Finished processing (I=4747, O=0, R=0, W=4747, U=0, E=0)
2026-07-02 22:46:23.369 INFO  <LFTransformation_fact_metas - extraer dim_tiempo> [/jobs/Job_dim_fact.kjb  file:///jobs/ETLfact_Metas.ktr]  Finished processing (I=4747, O=0, R=0, W=4747, U=0, E=0)
2026-07-02 22:46:23.398 INFO  <LFTransformation_fact_metas - Sort fecha_completa2> [/jobs/Job_dim_fact.kjb  file:///jobs/ETLfact_Metas.ktr]  Finished processing (I=0, O=0, R=4747, W=4747, U=0, E=0)
2026-07-02 22:46:23.401 INFO  <LFTransformation_fact_metas - Sort fecha_completa> [/jobs/Job_dim_fact.kjb  file:///jobs/ETLfact_Metas.ktr]  Finished processing (I=0, O=0, R=4747, W=4747, U=0, E=0)
2026-07-02 22:46:28.294 INFO  <LFTransformation_fact_metas - Microsoft Excel metas> [/jobs/Job_dim_fact.kjb  file:///jobs/ETLfact_Metas.ktr]  Finished processing (I=390, O=0, R=0, W=390, U=0, E=0)
2026-07-02 22:46:28.302 INFO  <LFTransformation_fact_metas - Sort cod_prod 2> [/jobs/Job_dim_fact.kjb  file:///jobs/ETLfact_Metas.ktr]  Finished processing (I=0, O=0, R=390, W=390, U=0, E=0)
2026-07-02 22:46:28.610 INFO  <LFTransformation_fact_metas - Merge join> [/jobs/Job_dim_fact.kjb  file:///jobs/ETLfact_Metas.ktr]  Finished processing (I=0, O=0, R=420, W=390, U=0, E=0)
2026-07-02 22:46:28.614 INFO  <LFTransformation_fact_metas - Quitar cod_prod y dejar SK> [/jobs/Job_dim_fact.kjb  file:///jobs/ETLfact_Metas.ktr]  Finished processing (I=0, O=0, R=390, W=390, U=0, E=0)
2026-07-02 22:46:28.624 INFO  <LFTransformation_fact_metas - Sort fecha_inicio> [/jobs/Job_dim_fact.kjb  file:///jobs/ETLfact_Metas.ktr]  Finished processing (I=0, O=0, R=390, W=390, U=0, E=0)
2026-07-02 22:46:28.949 INFO  <LFTransformation_fact_metas - Merge join 2> [/jobs/Job_dim_fact.kjb  file:///jobs/ETLfact_Metas.ktr]  Finished processing (I=0, O=0, R=5137, W=360, U=0, E=0)
2026-07-02 22:46:28.952 INFO  <LFTransformation_fact_metas - Select values 2> [/jobs/Job_dim_fact.kjb  file:///jobs/ETLfact_Metas.ktr]  Finished processing (I=0, O=0, R=360, W=360, U=0, E=0)
2026-07-02 22:46:28.954 INFO  <LFTransformation_fact_metas - Sort fecha_final> [/jobs/Job_dim_fact.kjb  file:///jobs/ETLfact_Metas.ktr]  Finished processing (I=0, O=0, R=360, W=360, U=0, E=0)
2026-07-02 22:46:29.261 INFO  <LFTransformation_fact_metas - Merge join 3> [/jobs/Job_dim_fact.kjb  file:///jobs/ETLfact_Metas.ktr]  Finished processing (I=0, O=0, R=5107, W=360, U=0, E=0)
2026-07-02 22:46:29.263 INFO  <LFTransformation_fact_metas - dejar sk_dim fec_final > [/jobs/Job_dim_fact.kjb  file:///jobs/ETLfact_Metas.ktr]  Finished processing (I=0, O=0, R=360, W=360, U=0, E=0)
2026-07-02 22:46:29.283 INFO  <LFTransformation_fact_metas - Insert / update> [/jobs/Job_dim_fact.kjb  file:///jobs/ETLfact_Metas.ktr]  Finished processing (I=360, O=0, R=360, W=360, U=0, E=0)
2026-07-02 22:46:29.290 INFO  <Thread-8> [/jobs/Job_dim_fact.kjb]  Starting entry [ETL_fact_reg_contrato]
2026-07-02 22:46:29.545 INFO  <Thread-8> [/jobs/Job_dim_fact.kjb]  Using run configuration [Pentaho local]
2026-07-02 22:46:29.549 INFO  <Thread-8> [/jobs/Job_dim_fact.kjb  file:///jobs/ETLfact_Registro_Contrato.ktr]  Dispatching started for transformation [Transformacion FACT_Registro_Contrato]
2026-07-02 22:46:29.767 INFO  <Transformacion FACT_Registro_Contrato - Entrada Tabla Dim_Cliente> [/jobs/Job_dim_fact.kjb  file:///jobs/ETLfact_Registro_Contrato.ktr]  Finished reading query, closing connection
2026-07-02 22:46:29.771 INFO  <Transformacion FACT_Registro_Contrato - Ordenar filas cod_cliente 2> [/jobs/Job_dim_fact.kjb  file:///jobs/ETLfact_Registro_Contrato.ktr]  Finished processing (I=0, O=0, R=300, W=300, U=0, E=0)
2026-07-02 22:46:29.777 INFO  <Transformacion FACT_Registro_Contrato - Entrada Tabla Dim_Cliente> [/jobs/Job_dim_fact.kjb  file:///jobs/ETLfact_Registro_Contrato.ktr]  Finished processing (I=300, O=0, R=0, W=300, U=0, E=0)
2026-07-02 22:46:29.811 INFO  <Transformacion FACT_Registro_Contrato - Entrada Tabla Registro Contrato> [/jobs/Job_dim_fact.kjb  file:///jobs/ETLfact_Registro_Contrato.ktr]  Finished reading query, closing connection
2026-07-02 22:46:29.812 INFO  <Transformacion FACT_Registro_Contrato - Entrada Tabla dim_producto> [/jobs/Job_dim_fact.kjb  file:///jobs/ETLfact_Registro_Contrato.ktr]  Finished reading query, closing connection
2026-07-02 22:46:29.827 INFO  <Transformacion FACT_Registro_Contrato - Entrada Tabla Registro Contrato> [/jobs/Job_dim_fact.kjb  file:///jobs/ETLfact_Registro_Contrato.ktr]  Finished processing (I=1000, O=0, R=0, W=1000, U=0, E=0)
2026-07-02 22:46:29.828 INFO  <Transformacion FACT_Registro_Contrato - Entrada Tabla dim_producto> [/jobs/Job_dim_fact.kjb  file:///jobs/ETLfact_Registro_Contrato.ktr]  Finished processing (I=30, O=0, R=0, W=30, U=0, E=0)
2026-07-02 22:46:29.833 INFO  <Transformacion FACT_Registro_Contrato - Ordenar filas cod_producto 2> [/jobs/Job_dim_fact.kjb  file:///jobs/ETLfact_Registro_Contrato.ktr]  Finished processing (I=0, O=0, R=30, W=30, U=0, E=0)
2026-07-02 22:46:29.836 INFO  <Transformacion FACT_Registro_Contrato - Entrada Tabla dim_estado_contrato> [/jobs/Job_dim_fact.kjb  file:///jobs/ETLfact_Registro_Contrato.ktr]  Finished reading query, closing connection
2026-07-02 22:46:29.842 INFO  <Transformacion FACT_Registro_Contrato - Entrada Tabla dim_contrato> [/jobs/Job_dim_fact.kjb  file:///jobs/ETLfact_Registro_Contrato.ktr]  Finished reading query, closing connection
2026-07-02 22:46:29.843 INFO  <Transformacion FACT_Registro_Contrato - Ordenar filas descrip_estado> [/jobs/Job_dim_fact.kjb  file:///jobs/ETLfact_Registro_Contrato.ktr]  Finished processing (I=0, O=0, R=3, W=3, U=0, E=0)
2026-07-02 22:46:29.850 INFO  <Transformacion FACT_Registro_Contrato - Entrada Tabla dim_estado_contrato> [/jobs/Job_dim_fact.kjb  file:///jobs/ETLfact_Registro_Contrato.ktr]  Finished processing (I=3, O=0, R=0, W=3, U=0, E=0)
2026-07-02 22:46:29.867 INFO  <Transformacion FACT_Registro_Contrato - Entrada Tabla dim_contrato> [/jobs/Job_dim_fact.kjb  file:///jobs/ETLfact_Registro_Contrato.ktr]  Finished processing (I=1000, O=0, R=0, W=1000, U=0, E=0)
2026-07-02 22:46:29.842 INFO  <Transformacion FACT_Registro_Contrato - Ordenar filas cod_cliente> [/jobs/Job_dim_fact.kjb  file:///jobs/ETLfact_Registro_Contrato.ktr]  Finished processing (I=0, O=0, R=1000, W=1000, U=0, E=0)
2026-07-02 22:46:29.885 INFO  <Transformacion FACT_Registro_Contrato - Ordenar filas nro_contrato 2> [/jobs/Job_dim_fact.kjb  file:///jobs/ETLfact_Registro_Contrato.ktr]  Finished processing (I=0, O=0, R=1000, W=1000, U=0, E=0)
2026-07-02 22:46:29.950 INFO  <Transformacion FACT_Registro_Contrato - Entrada Tabla dim_tiempo> [/jobs/Job_dim_fact.kjb  file:///jobs/ETLfact_Registro_Contrato.ktr]  Finished reading query, closing connection
2026-07-02 22:46:29.955 INFO  <Transformacion FACT_Registro_Contrato - Entrada Tabla dim_tiempo> [/jobs/Job_dim_fact.kjb  file:///jobs/ETLfact_Registro_Contrato.ktr]  Finished processing (I=4747, O=0, R=0, W=9494, U=0, E=0)
2026-07-02 22:46:29.967 INFO  <Transformacion FACT_Registro_Contrato - Ordenar filas dim_tiempo> [/jobs/Job_dim_fact.kjb  file:///jobs/ETLfact_Registro_Contrato.ktr]  Finished processing (I=0, O=0, R=4747, W=4747, U=0, E=0)
2026-07-02 22:46:29.980 INFO  <Transformacion FACT_Registro_Contrato - Ordenar filas dim_tiempo 2> [/jobs/Job_dim_fact.kjb  file:///jobs/ETLfact_Registro_Contrato.ktr]  Finished processing (I=0, O=0, R=4747, W=4747, U=0, E=0)
2026-07-02 22:46:30.161 INFO  <Transformacion FACT_Registro_Contrato - Unión por clave> [/jobs/Job_dim_fact.kjb  file:///jobs/ETLfact_Registro_Contrato.ktr]  Finished processing (I=0, O=0, R=1300, W=1000, U=0, E=0)
2026-07-02 22:46:30.168 INFO  <Transformacion FACT_Registro_Contrato - Ordenar filas cod_producto> [/jobs/Job_dim_fact.kjb  file:///jobs/ETLfact_Registro_Contrato.ktr]  Finished processing (I=0, O=0, R=1000, W=1000, U=0, E=0)
2026-07-02 22:46:30.472 INFO  <Transformacion FACT_Registro_Contrato - Unión por clave cod_producto> [/jobs/Job_dim_fact.kjb  file:///jobs/ETLfact_Registro_Contrato.ktr]  Finished processing (I=0, O=0, R=1030, W=1000, U=0, E=0)
2026-07-02 22:46:30.480 INFO  <Transformacion FACT_Registro_Contrato - Ordenar filas nro_contrato> [/jobs/Job_dim_fact.kjb  file:///jobs/ETLfact_Registro_Contrato.ktr]  Finished processing (I=0, O=0, R=1000, W=1000, U=0, E=0)
2026-07-02 22:46:30.787 INFO  <Transformacion FACT_Registro_Contrato - Unión por clave nro_contrato> [/jobs/Job_dim_fact.kjb  file:///jobs/ETLfact_Registro_Contrato.ktr]  Finished processing (I=0, O=0, R=2000, W=1000, U=0, E=0)
2026-07-02 22:46:30.796 INFO  <Transformacion FACT_Registro_Contrato - Ordenar filas estado_contrato> [/jobs/Job_dim_fact.kjb  file:///jobs/ETLfact_Registro_Contrato.ktr]  Finished processing (I=0, O=0, R=1000, W=1000, U=0, E=0)
2026-07-02 22:46:31.103 INFO  <Transformacion FACT_Registro_Contrato - Unión por clave estado_contrato> [/jobs/Job_dim_fact.kjb  file:///jobs/ETLfact_Registro_Contrato.ktr]  Finished processing (I=0, O=0, R=1003, W=1000, U=0, E=0)
2026-07-02 22:46:31.112 INFO  <Transformacion FACT_Registro_Contrato - Ordenar filas fecha inicio> [/jobs/Job_dim_fact.kjb  file:///jobs/ETLfact_Registro_Contrato.ktr]  Finished processing (I=0, O=0, R=1000, W=1000, U=0, E=0)
2026-07-02 22:46:31.422 INFO  <Transformacion FACT_Registro_Contrato - Unión por clave fecha inicio> [/jobs/Job_dim_fact.kjb  file:///jobs/ETLfact_Registro_Contrato.ktr]  Finished processing (I=0, O=0, R=5747, W=1000, U=0, E=0)
2026-07-02 22:46:31.429 INFO  <Transformacion FACT_Registro_Contrato - Ordenar filas fecha_fin> [/jobs/Job_dim_fact.kjb  file:///jobs/ETLfact_Registro_Contrato.ktr]  Finished processing (I=0, O=0, R=1000, W=1000, U=0, E=0)
2026-07-02 22:46:31.757 INFO  <Transformacion FACT_Registro_Contrato - Unión por clave fecha fin> [/jobs/Job_dim_fact.kjb  file:///jobs/ETLfact_Registro_Contrato.ktr]  Finished processing (I=0, O=0, R=5747, W=867, U=0, E=0)
2026-07-02 22:46:31.759 INFO  <Transformacion FACT_Registro_Contrato - Añadir secuencia utilidad> [/jobs/Job_dim_fact.kjb  file:///jobs/ETLfact_Registro_Contrato.ktr]  Finished processing (I=0, O=0, R=867, W=867, U=0, E=0)
2026-07-02 22:46:31.924 INFO  <Transformacion FACT_Registro_Contrato - Insert / update> [/jobs/Job_dim_fact.kjb  file:///jobs/ETLfact_Registro_Contrato.ktr]  Finished processing (I=867, O=0, R=867, W=867, U=0, E=0)
2026-07-02 22:46:31.932 INFO  <Thread-8> [/jobs/Job_dim_fact.kjb]  Starting entry [ETL fact_reg_siniestro]
2026-07-02 22:46:32.249 INFO  <Thread-8> [/jobs/Job_dim_fact.kjb]  Using run configuration [Pentaho local]
2026-07-02 22:46:32.253 INFO  <Thread-8> [/jobs/Job_dim_fact.kjb  file:///jobs/ETLfact_Registro_Siniestro.ktr]  Dispatching started for transformation [Transformacion Fact_Registro_Siniestro]
2026-07-02 22:46:32.614 INFO  <Transformacion Fact_Registro_Siniestro - Entrada Tabla dim_siniestro> [/jobs/Job_dim_fact.kjb  file:///jobs/ETLfact_Registro_Siniestro.ktr]  Finished reading query, closing connection
2026-07-02 22:46:32.618 INFO  <Transformacion Fact_Registro_Siniestro - Ordenar filas nro_siniestro> [/jobs/Job_dim_fact.kjb  file:///jobs/ETLfact_Registro_Siniestro.ktr]  Finished processing (I=0, O=0, R=20, W=20, U=0, E=0)
2026-07-02 22:46:32.634 INFO  <Transformacion Fact_Registro_Siniestro - Entrada Tabla dim_siniestro> [/jobs/Job_dim_fact.kjb  file:///jobs/ETLfact_Registro_Siniestro.ktr]  Finished processing (I=20, O=0, R=0, W=20, U=0, E=0)
2026-07-02 22:46:32.654 INFO  <Transformacion Fact_Registro_Siniestro - Entrada Tabla dim_cliente> [/jobs/Job_dim_fact.kjb  file:///jobs/ETLfact_Registro_Siniestro.ktr]  Finished reading query, closing connection
2026-07-02 22:46:32.677 INFO  <Transformacion Fact_Registro_Siniestro - Ordenar filas codigo cliente 2> [/jobs/Job_dim_fact.kjb  file:///jobs/ETLfact_Registro_Siniestro.ktr]  Finished processing (I=0, O=0, R=300, W=300, U=0, E=0)
2026-07-02 22:46:32.668 INFO  <Transformacion Fact_Registro_Siniestro - Ordenar filas sucursal 2> [/jobs/Job_dim_fact.kjb  file:///jobs/ETLfact_Registro_Siniestro.ktr]  Finished processing (I=0, O=0, R=30, W=30, U=0, E=0)
2026-07-02 22:46:32.667 INFO  <Transformacion Fact_Registro_Siniestro - Ordenar filas codigo cliente> [/jobs/Job_dim_fact.kjb  file:///jobs/ETLfact_Registro_Siniestro.ktr]  Finished processing (I=0, O=0, R=300, W=300, U=0, E=0)
2026-07-02 22:46:32.666 INFO  <Transformacion Fact_Registro_Siniestro - Entrada Tabla dim sucursal> [/jobs/Job_dim_fact.kjb  file:///jobs/ETLfact_Registro_Siniestro.ktr]  Finished reading query, closing connection
2026-07-02 22:46:32.716 INFO  <Transformacion Fact_Registro_Siniestro - Ordenar filas cliente> [/jobs/Job_dim_fact.kjb  file:///jobs/ETLfact_Registro_Siniestro.ktr]  Finished processing (I=0, O=0, R=1000, W=1000, U=0, E=0)
2026-07-02 22:46:32.696 INFO  <Transformacion Fact_Registro_Siniestro - Entrada Tabla Registro Contrato> [/jobs/Job_dim_fact.kjb  file:///jobs/ETLfact_Registro_Siniestro.ktr]  Finished reading query, closing connection
2026-07-02 22:46:32.684 INFO  <Transformacion Fact_Registro_Siniestro - Entrada Tabla dim_cliente> [/jobs/Job_dim_fact.kjb  file:///jobs/ETLfact_Registro_Siniestro.ktr]  Finished processing (I=300, O=0, R=0, W=300, U=0, E=0)
2026-07-02 22:46:32.679 INFO  <Transformacion Fact_Registro_Siniestro - Ordenar filas siniestro> [/jobs/Job_dim_fact.kjb  file:///jobs/ETLfact_Registro_Siniestro.ktr]  Finished processing (I=0, O=0, R=1000, W=1000, U=0, E=0)
2026-07-02 22:46:32.721 INFO  <Transformacion Fact_Registro_Siniestro - Entrada Tabla dim sucursal> [/jobs/Job_dim_fact.kjb  file:///jobs/ETLfact_Registro_Siniestro.ktr]  Finished processing (I=30, O=0, R=0, W=30, U=0, E=0)
2026-07-02 22:46:32.721 INFO  <Transformacion Fact_Registro_Siniestro - Ordenar filas nro_contrato> [/jobs/Job_dim_fact.kjb  file:///jobs/ETLfact_Registro_Siniestro.ktr]  Finished processing (I=0, O=0, R=1000, W=1000, U=0, E=0)
2026-07-02 22:46:32.720 INFO  <Transformacion Fact_Registro_Siniestro - Ordenar filas producto 2> [/jobs/Job_dim_fact.kjb  file:///jobs/ETLfact_Registro_Siniestro.ktr]  Finished processing (I=0, O=0, R=30, W=30, U=0, E=0)
2026-07-02 22:46:32.719 INFO  <Transformacion Fact_Registro_Siniestro - Entrada Tabla dim_contrato> [/jobs/Job_dim_fact.kjb  file:///jobs/ETLfact_Registro_Siniestro.ktr]  Finished reading query, closing connection
2026-07-02 22:46:32.666 INFO  <Transformacion Fact_Registro_Siniestro - Entrada Tabla cliente> [/jobs/Job_dim_fact.kjb  file:///jobs/ETLfact_Registro_Siniestro.ktr]  Finished reading query, closing connection
2026-07-02 22:46:32.665 INFO  <Transformacion Fact_Registro_Siniestro - Entrada Tabla Fact_Registro_Siniestro> [/jobs/Job_dim_fact.kjb  file:///jobs/ETLfact_Registro_Siniestro.ktr]  Finished reading query, closing connection
2026-07-02 22:46:32.738 INFO  <Transformacion Fact_Registro_Siniestro - Entrada Tabla fechas> [/jobs/Job_dim_fact.kjb  file:///jobs/ETLfact_Registro_Siniestro.ktr]  Finished reading query, closing connection
2026-07-02 22:46:32.731 INFO  <Transformacion Fact_Registro_Siniestro - Entrada Tabla Registro Contrato> [/jobs/Job_dim_fact.kjb  file:///jobs/ETLfact_Registro_Siniestro.ktr]  Finished processing (I=1000, O=0, R=0, W=1000, U=0, E=0)
2026-07-02 22:46:32.751 INFO  <Transformacion Fact_Registro_Siniestro - Ordenar filas fecha completa> [/jobs/Job_dim_fact.kjb  file:///jobs/ETLfact_Registro_Siniestro.ktr]  Finished processing (I=0, O=0, R=4747, W=4747, U=0, E=0)
2026-07-02 22:46:32.751 INFO  <Transformacion Fact_Registro_Siniestro - Ordenar filas fecha completa 2> [/jobs/Job_dim_fact.kjb  file:///jobs/ETLfact_Registro_Siniestro.ktr]  Finished processing (I=0, O=0, R=4747, W=4747, U=0, E=0)
2026-07-02 22:46:32.718 INFO  <Transformacion Fact_Registro_Siniestro - Entrada Tabla dim_producto> [/jobs/Job_dim_fact.kjb  file:///jobs/ETLfact_Registro_Siniestro.ktr]  Finished reading query, closing connection
2026-07-02 22:46:32.761 INFO  <Transformacion Fact_Registro_Siniestro - Entrada Tabla fechas> [/jobs/Job_dim_fact.kjb  file:///jobs/ETLfact_Registro_Siniestro.ktr]  Finished processing (I=4747, O=0, R=0, W=9494, U=0, E=0)
2026-07-02 22:46:32.755 INFO  <Transformacion Fact_Registro_Siniestro - Entrada Tabla dim_contrato> [/jobs/Job_dim_fact.kjb  file:///jobs/ETLfact_Registro_Siniestro.ktr]  Finished processing (I=1000, O=0, R=0, W=1000, U=0, E=0)
2026-07-02 22:46:32.755 INFO  <Transformacion Fact_Registro_Siniestro - Entrada Tabla Fact_Registro_Siniestro> [/jobs/Job_dim_fact.kjb  file:///jobs/ETLfact_Registro_Siniestro.ktr]  Finished processing (I=1000, O=0, R=0, W=1000, U=0, E=0)
2026-07-02 22:46:32.772 INFO  <Transformacion Fact_Registro_Siniestro - Entrada Tabla dim_producto> [/jobs/Job_dim_fact.kjb  file:///jobs/ETLfact_Registro_Siniestro.ktr]  Finished processing (I=30, O=0, R=0, W=30, U=0, E=0)
2026-07-02 22:46:32.766 INFO  <Transformacion Fact_Registro_Siniestro - Entrada Tabla cliente> [/jobs/Job_dim_fact.kjb  file:///jobs/ETLfact_Registro_Siniestro.ktr]  Finished processing (I=300, O=0, R=0, W=300, U=0, E=0)
2026-07-02 22:46:32.966 INFO  <Transformacion Fact_Registro_Siniestro - Unión por clave sinistro> [/jobs/Job_dim_fact.kjb  file:///jobs/ETLfact_Registro_Siniestro.ktr]  Finished processing (I=0, O=0, R=1020, W=1000, U=0, E=0)
2026-07-02 22:46:32.998 INFO  <Transformacion Fact_Registro_Siniestro - Ordenar filas sucursal> [/jobs/Job_dim_fact.kjb  file:///jobs/ETLfact_Registro_Siniestro.ktr]  Finished processing (I=0, O=0, R=300, W=300, U=0, E=0)
2026-07-02 22:46:32.995 INFO  <Transformacion Fact_Registro_Siniestro - Unión por clave codigo cliente> [/jobs/Job_dim_fact.kjb  file:///jobs/ETLfact_Registro_Siniestro.ktr]  Finished processing (I=0, O=0, R=600, W=300, U=0, E=0)
2026-07-02 22:46:32.972 INFO  <Transformacion Fact_Registro_Siniestro - Ordenar filas contrato> [/jobs/Job_dim_fact.kjb  file:///jobs/ETLfact_Registro_Siniestro.ktr]  Finished processing (I=0, O=0, R=1000, W=1000, U=0, E=0)
2026-07-02 22:46:33.277 INFO  <Transformacion Fact_Registro_Siniestro - Unión por clave contrato> [/jobs/Job_dim_fact.kjb  file:///jobs/ETLfact_Registro_Siniestro.ktr]  Finished processing (I=0, O=0, R=2000, W=1000, U=0, E=0)
2026-07-02 22:46:33.305 INFO  <Transformacion Fact_Registro_Siniestro - Ordenar filas cliente 2> [/jobs/Job_dim_fact.kjb  file:///jobs/ETLfact_Registro_Siniestro.ktr]  Finished processing (I=0, O=0, R=300, W=300, U=0, E=0)
2026-07-02 22:46:33.302 INFO  <Transformacion Fact_Registro_Siniestro - Unión por clave sucursal> [/jobs/Job_dim_fact.kjb  file:///jobs/ETLfact_Registro_Siniestro.ktr]  Finished processing (I=0, O=0, R=330, W=300, U=0, E=0)
2026-07-02 22:46:33.281 INFO  <Transformacion Fact_Registro_Siniestro - Ordenar filas contrato 2> [/jobs/Job_dim_fact.kjb  file:///jobs/ETLfact_Registro_Siniestro.ktr]  Finished processing (I=0, O=0, R=1000, W=1000, U=0, E=0)
2026-07-02 22:46:33.609 INFO  <Transformacion Fact_Registro_Siniestro - Unión por clave cliente> [/jobs/Job_dim_fact.kjb  file:///jobs/ETLfact_Registro_Siniestro.ktr]  Finished processing (I=0, O=0, R=1300, W=1000, U=0, E=0)
2026-07-02 22:46:33.614 INFO  <Transformacion Fact_Registro_Siniestro - Ordenar filas producto> [/jobs/Job_dim_fact.kjb  file:///jobs/ETLfact_Registro_Siniestro.ktr]  Finished processing (I=0, O=0, R=1000, W=1000, U=0, E=0)
2026-07-02 22:46:33.917 INFO  <Transformacion Fact_Registro_Siniestro - Unión por clave producto> [/jobs/Job_dim_fact.kjb  file:///jobs/ETLfact_Registro_Siniestro.ktr]  Finished processing (I=0, O=0, R=1030, W=1000, U=0, E=0)
2026-07-02 22:46:33.925 INFO  <Transformacion Fact_Registro_Siniestro - Ordenar filas contrato 3> [/jobs/Job_dim_fact.kjb  file:///jobs/ETLfact_Registro_Siniestro.ktr]  Finished processing (I=0, O=0, R=1000, W=1000, U=0, E=0)
2026-07-02 22:46:34.229 INFO  <Transformacion Fact_Registro_Siniestro - Unión por clave contrato 2> [/jobs/Job_dim_fact.kjb  file:///jobs/ETLfact_Registro_Siniestro.ktr]  Finished processing (I=0, O=0, R=2000, W=1000, U=0, E=0)
2026-07-02 22:46:34.235 INFO  <Transformacion Fact_Registro_Siniestro - Ordenar filas fecha_siniestro> [/jobs/Job_dim_fact.kjb  file:///jobs/ETLfact_Registro_Siniestro.ktr]  Finished processing (I=0, O=0, R=1000, W=1000, U=0, E=0)
2026-07-02 22:46:34.542 INFO  <Transformacion Fact_Registro_Siniestro - Unión por clave fecha_siniestro> [/jobs/Job_dim_fact.kjb  file:///jobs/ETLfact_Registro_Siniestro.ktr]  Finished processing (I=0, O=0, R=5747, W=1000, U=0, E=0)
2026-07-02 22:46:34.548 INFO  <Transformacion Fact_Registro_Siniestro - Ordenar filas fecha_respuesta> [/jobs/Job_dim_fact.kjb  file:///jobs/ETLfact_Registro_Siniestro.ktr]  Finished processing (I=0, O=0, R=1000, W=1000, U=0, E=0)
2026-07-02 22:46:34.856 INFO  <Transformacion Fact_Registro_Siniestro - Unión por clave fecha respuesta> [/jobs/Job_dim_fact.kjb  file:///jobs/ETLfact_Registro_Siniestro.ktr]  Finished processing (I=0, O=0, R=5747, W=1000, U=0, E=0)
2026-07-02 22:46:34.859 INFO  <Transformacion Fact_Registro_Siniestro - Añadir secuencia cantidad> [/jobs/Job_dim_fact.kjb  file:///jobs/ETLfact_Registro_Siniestro.ktr]  Finished processing (I=0, O=0, R=1000, W=1000, U=0, E=0)
2026-07-02 22:46:37.283 INFO  <Transformacion Fact_Registro_Siniestro - Formula> [/jobs/Job_dim_fact.kjb  file:///jobs/ETLfact_Registro_Siniestro.ktr]  Finished processing (I=0, O=0, R=1000, W=1000, U=0, E=0)
2026-07-02 22:46:38.424 INFO  <Transformacion Fact_Registro_Siniestro - Insert / update> [/jobs/Job_dim_fact.kjb  file:///jobs/ETLfact_Registro_Siniestro.ktr]  Finished processing (I=1000, O=0, R=1000, W=1000, U=1000, E=0)
2026-07-02 22:46:38.430 INFO  <Thread-8> [/jobs/Job_dim_fact.kjb]  Starting entry [ETL fact_eval_servicio]
2026-07-02 22:46:38.605 INFO  <Thread-8> [/jobs/Job_dim_fact.kjb]  Using run configuration [Pentaho local]
2026-07-02 22:46:38.608 INFO  <Thread-8> [/jobs/Job_dim_fact.kjb  file:///jobs/ETLfact_Evaluacion_Servicio.ktr]  Dispatching started for transformation [Transformacion Fact_Evaluacion_Servicio]
2026-07-02 22:46:38.763 INFO  <Transformacion Fact_Evaluacion_Servicio - Entrada Tabla dim producto> [/jobs/Job_dim_fact.kjb  file:///jobs/ETLfact_Evaluacion_Servicio.ktr]  Finished reading query, closing connection
2026-07-02 22:46:38.768 INFO  <Transformacion Fact_Evaluacion_Servicio - Ordenar filas cod_producto> [/jobs/Job_dim_fact.kjb  file:///jobs/ETLfact_Evaluacion_Servicio.ktr]  Finished processing (I=0, O=0, R=30, W=30, U=0, E=0)
2026-07-02 22:46:38.773 INFO  <Transformacion Fact_Evaluacion_Servicio - Entrada Tabla dim producto> [/jobs/Job_dim_fact.kjb  file:///jobs/ETLfact_Evaluacion_Servicio.ktr]  Finished processing (I=30, O=0, R=0, W=30, U=0, E=0)
2026-07-02 22:46:38.787 INFO  <Transformacion Fact_Evaluacion_Servicio - Ordenar filas cod_cliente> [/jobs/Job_dim_fact.kjb  file:///jobs/ETLfact_Evaluacion_Servicio.ktr]  Finished processing (I=0, O=0, R=300, W=300, U=0, E=0)
2026-07-02 22:46:38.786 INFO  <Transformacion Fact_Evaluacion_Servicio - Entrada Tabla dim cliente> [/jobs/Job_dim_fact.kjb  file:///jobs/ETLfact_Evaluacion_Servicio.ktr]  Finished reading query, closing connection
2026-07-02 22:46:38.787 INFO  <Transformacion Fact_Evaluacion_Servicio - Entrada Tabla dim evaluacion servicio> [/jobs/Job_dim_fact.kjb  file:///jobs/ETLfact_Evaluacion_Servicio.ktr]  Finished reading query, closing connection
2026-07-02 22:46:38.795 INFO  <Transformacion Fact_Evaluacion_Servicio - Ordenar filas 2 evaluacion servicio> [/jobs/Job_dim_fact.kjb  file:///jobs/ETLfact_Evaluacion_Servicio.ktr]  Finished processing (I=0, O=0, R=6, W=6, U=0, E=0)
2026-07-02 22:46:38.800 INFO  <Transformacion Fact_Evaluacion_Servicio - Entrada Tabla dim evaluacion servicio> [/jobs/Job_dim_fact.kjb  file:///jobs/ETLfact_Evaluacion_Servicio.ktr]  Finished processing (I=6, O=0, R=0, W=6, U=0, E=0)
2026-07-02 22:46:38.800 INFO  <Transformacion Fact_Evaluacion_Servicio - Entrada Tabla dim cliente> [/jobs/Job_dim_fact.kjb  file:///jobs/ETLfact_Evaluacion_Servicio.ktr]  Finished processing (I=300, O=0, R=0, W=300, U=0, E=0)
2026-07-02 22:46:38.820 INFO  <Transformacion Fact_Evaluacion_Servicio - Entrada Tabla dim_tiempo> [/jobs/Job_dim_fact.kjb  file:///jobs/ETLfact_Evaluacion_Servicio.ktr]  Finished reading query, closing connection
2026-07-02 22:46:38.827 INFO  <Transformacion Fact_Evaluacion_Servicio - Ordenar filas codigo producto> [/jobs/Job_dim_fact.kjb  file:///jobs/ETLfact_Evaluacion_Servicio.ktr]  Finished processing (I=0, O=0, R=500, W=500, U=0, E=0)
2026-07-02 22:46:38.823 INFO  <Transformacion Fact_Evaluacion_Servicio - Entrada Tabla recomienda> [/jobs/Job_dim_fact.kjb  file:///jobs/ETLfact_Evaluacion_Servicio.ktr]  Finished reading query, closing connection
2026-07-02 22:46:38.839 INFO  <Transformacion Fact_Evaluacion_Servicio - Entrada Tabla dim_tiempo> [/jobs/Job_dim_fact.kjb  file:///jobs/ETLfact_Evaluacion_Servicio.ktr]  Finished processing (I=4747, O=0, R=0, W=4747, U=0, E=0)
2026-07-02 22:46:38.839 INFO  <Transformacion Fact_Evaluacion_Servicio - Ordenar filas fecha completa> [/jobs/Job_dim_fact.kjb  file:///jobs/ETLfact_Evaluacion_Servicio.ktr]  Finished processing (I=0, O=0, R=4747, W=4747, U=0, E=0)
2026-07-02 22:46:38.846 INFO  <Transformacion Fact_Evaluacion_Servicio - Entrada Tabla recomienda> [/jobs/Job_dim_fact.kjb  file:///jobs/ETLfact_Evaluacion_Servicio.ktr]  Finished processing (I=500, O=0, R=0, W=500, U=0, E=0)
2026-07-02 22:46:39.136 INFO  <Transformacion Fact_Evaluacion_Servicio - Unión por clave codigo pruducto> [/jobs/Job_dim_fact.kjb  file:///jobs/ETLfact_Evaluacion_Servicio.ktr]  Finished processing (I=0, O=0, R=530, W=500, U=0, E=0)
2026-07-02 22:46:39.141 INFO  <Transformacion Fact_Evaluacion_Servicio - Ordenar filas codigo cliente> [/jobs/Job_dim_fact.kjb  file:///jobs/ETLfact_Evaluacion_Servicio.ktr]  Finished processing (I=0, O=0, R=500, W=500, U=0, E=0)
2026-07-02 22:46:39.443 INFO  <Transformacion Fact_Evaluacion_Servicio - Unión por clave codigo cliente> [/jobs/Job_dim_fact.kjb  file:///jobs/ETLfact_Evaluacion_Servicio.ktr]  Finished processing (I=0, O=0, R=800, W=500, U=0, E=0)
2026-07-02 22:46:39.447 INFO  <Transformacion Fact_Evaluacion_Servicio - Ordenar filas codigo evaluacion servicio> [/jobs/Job_dim_fact.kjb  file:///jobs/ETLfact_Evaluacion_Servicio.ktr]  Finished processing (I=0, O=0, R=500, W=500, U=0, E=0)
2026-07-02 22:46:39.749 INFO  <Transformacion Fact_Evaluacion_Servicio - Unión por clave evaluacion servicio> [/jobs/Job_dim_fact.kjb  file:///jobs/ETLfact_Evaluacion_Servicio.ktr]  Finished processing (I=0, O=0, R=506, W=500, U=0, E=0)
2026-07-02 22:46:39.754 INFO  <Transformacion Fact_Evaluacion_Servicio - Ordenar filas fecha_recomienda> [/jobs/Job_dim_fact.kjb  file:///jobs/ETLfact_Evaluacion_Servicio.ktr]  Finished processing (I=0, O=0, R=500, W=500, U=0, E=0)
2026-07-02 22:46:40.063 INFO  <Transformacion Fact_Evaluacion_Servicio - Unión por clave fecha> [/jobs/Job_dim_fact.kjb  file:///jobs/ETLfact_Evaluacion_Servicio.ktr]  Finished processing (I=0, O=0, R=5247, W=500, U=0, E=0)
2026-07-02 22:46:40.065 INFO  <Transformacion Fact_Evaluacion_Servicio - Añadir secuencia cantidad> [/jobs/Job_dim_fact.kjb  file:///jobs/ETLfact_Evaluacion_Servicio.ktr]  Finished processing (I=0, O=0, R=500, W=500, U=0, E=0)
2026-07-02 22:46:40.067 INFO  <Transformacion Fact_Evaluacion_Servicio - Formula> [/jobs/Job_dim_fact.kjb  file:///jobs/ETLfact_Evaluacion_Servicio.ktr]  Finished processing (I=0, O=0, R=500, W=500, U=0, E=0)
2026-07-02 22:46:40.098 INFO  <Transformacion Fact_Evaluacion_Servicio - Insert / update> [/jobs/Job_dim_fact.kjb  file:///jobs/ETLfact_Evaluacion_Servicio.ktr]  Finished processing (I=500, O=0, R=500, W=500, U=0, E=0)
2026-07-02 22:46:40.105 INFO  <Thread-8> [/jobs/Job_dim_fact.kjb]  Finished job entry [ETL fact_eval_servicio] (result=[true])
2026-07-02 22:46:40.107 INFO  <Thread-8> [/jobs/Job_dim_fact.kjb]  Finished job entry [ETL fact_reg_siniestro] (result=[true])
2026-07-02 22:46:40.109 INFO  <Thread-8> [/jobs/Job_dim_fact.kjb]  Finished job entry [ETL_fact_reg_contrato] (result=[true])
2026-07-02 22:46:40.111 INFO  <Thread-8> [/jobs/Job_dim_fact.kjb]  Finished job entry [ETL_fact_metas] (result=[true])
2026-07-02 22:46:40.113 INFO  <Thread-8> [/jobs/Job_dim_fact.kjb]  Finished job entry [ETL dim_siniestro] (result=[true])
2026-07-02 22:46:40.115 INFO  <Thread-8> [/jobs/Job_dim_fact.kjb]  Finished job entry [ETL dim_sucursal] (result=[true])
2026-07-02 22:46:40.117 INFO  <Thread-8> [/jobs/Job_dim_fact.kjb]  Finished job entry [ETL dim_estado_contrato] (result=[true])
2026-07-02 22:46:40.119 INFO  <Thread-8> [/jobs/Job_dim_fact.kjb]  Finished job entry [ELT dim_contrato] (result=[true])
2026-07-02 22:46:40.121 INFO  <Thread-8> [/jobs/Job_dim_fact.kjb]  Finished job entry [ETL dim_eval_servicio] (result=[true])
2026-07-02 22:46:40.123 INFO  <Thread-8> [/jobs/Job_dim_fact.kjb]  Finished job entry [ETL dim_cliente] (result=[true])
2026-07-02 22:46:40.125 INFO  <Thread-8> [/jobs/Job_dim_fact.kjb]  Finished job entry [ETL dim_producto] (result=[true])
2026-07-02 22:46:40.127 INFO  <Thread-8> [/jobs/Job_dim_fact.kjb]  Finished job entry [Evaluate rows number in a table] (result=[true])
2026-07-02 22:46:40.128 WARN  <Thread-8> [/jobs/Job_dim_fact.kjb]  Job execution finished
2026-07-02 22:53:58.421 WARN  <Thread-8> [/jobs/Job_dim_fact.kjb]  Start of job execution
2026-07-02 22:53:59.273 INFO  <Thread-8> [/jobs/Job_dim_fact.kjb]  Starting entry [Evaluate rows number in a table]
2026-07-02 22:54:03.007 INFO  <Thread-8> [/jobs/Job_dim_fact.kjb]  Starting entry [ETL dim_tiempo]
2026-07-02 22:54:04.589 INFO  <Thread-8> [/jobs/Job_dim_fact.kjb]  Using run configuration [Pentaho local]
2026-07-02 22:54:04.658 INFO  <Thread-8> [/jobs/Job_dim_fact.kjb  file:///jobs/ETLdim_Tiempo.ktr]  Dispatching started for transformation [Transformacion Dim_Tiempo]
2026-07-02 22:54:05.357 INFO  <Transformacion Dim_Tiempo - Generate rows> [/jobs/Job_dim_fact.kjb  file:///jobs/ETLdim_Tiempo.ktr]  Finished processing (I=0, O=0, R=0, W=14976, U=0, E=0)
2026-07-02 22:54:05.548 INFO  <Transformacion Dim_Tiempo - suma_dias> [/jobs/Job_dim_fact.kjb  file:///jobs/ETLdim_Tiempo.ktr]  Finished processing (I=0, O=0, R=14976, W=14976, U=0, E=0)
2026-07-02 22:54:05.692 INFO  <Transformacion Dim_Tiempo - Calculator> [/jobs/Job_dim_fact.kjb  file:///jobs/ETLdim_Tiempo.ktr]  Finished processing (I=0, O=0, R=14976, W=14976, U=0, E=0)
2026-07-02 22:54:05.697 INFO  <Transformacion Dim_Tiempo - Select values> [/jobs/Job_dim_fact.kjb  file:///jobs/ETLdim_Tiempo.ktr]  Finished processing (I=0, O=0, R=14976, W=14976, U=0, E=0)
2026-07-02 22:54:10.850 INFO  <Transformacion Dim_Tiempo - Microsoft Excel input Dias> [/jobs/Job_dim_fact.kjb  file:///jobs/ETLdim_Tiempo.ktr]  Finished processing (I=4747, O=0, R=0, W=4747, U=0, E=0)
2026-07-02 22:54:15.049 INFO  <Transformacion Dim_Tiempo - Extraccion de año> [/jobs/Job_dim_fact.kjb  file:///jobs/ETLdim_Tiempo.ktr]  Finished processing (I=0, O=0, R=4747, W=4747, U=0, E=0)
2026-07-02 22:54:15.128 INFO  <Transformacion Dim_Tiempo - Extraccion de mes> [/jobs/Job_dim_fact.kjb  file:///jobs/ETLdim_Tiempo.ktr]  Finished processing (I=0, O=0, R=4747, W=4747, U=0, E=0)
2026-07-02 22:54:15.241 INFO  <Transformacion Dim_Tiempo - Extraccion dia año> [/jobs/Job_dim_fact.kjb  file:///jobs/ETLdim_Tiempo.ktr]  Finished processing (I=0, O=0, R=4747, W=4747, U=0, E=0)
2026-07-02 22:54:15.252 INFO  <Transformacion Dim_Tiempo - Extraccion dia mes> [/jobs/Job_dim_fact.kjb  file:///jobs/ETLdim_Tiempo.ktr]  Finished processing (I=0, O=0, R=4747, W=4747, U=0, E=0)
2026-07-02 22:54:15.264 INFO  <Transformacion Dim_Tiempo - Extraccion dia semana> [/jobs/Job_dim_fact.kjb  file:///jobs/ETLdim_Tiempo.ktr]  Finished processing (I=0, O=0, R=4747, W=4747, U=0, E=0)
2026-07-02 22:54:15.400 INFO  <Transformacion Dim_Tiempo - Extraccion semana> [/jobs/Job_dim_fact.kjb  file:///jobs/ETLdim_Tiempo.ktr]  Finished processing (I=0, O=0, R=4747, W=4747, U=0, E=0)
2026-07-02 22:54:15.407 INFO  <Transformacion Dim_Tiempo - Mapeo de valores desc_dia_semana_corta> [/jobs/Job_dim_fact.kjb  file:///jobs/ETLdim_Tiempo.ktr]  Finished processing (I=0, O=0, R=4747, W=4747, U=0, E=0)
2026-07-02 22:54:15.405 INFO  <Transformacion Dim_Tiempo - Mapeo de valores Des_dia_semana> [/jobs/Job_dim_fact.kjb  file:///jobs/ETLdim_Tiempo.ktr]  Finished processing (I=0, O=0, R=4747, W=4747, U=0, E=0)
2026-07-02 22:54:15.421 INFO  <Transformacion Dim_Tiempo - Mapeo de valores desc_mes> [/jobs/Job_dim_fact.kjb  file:///jobs/ETLdim_Tiempo.ktr]  Finished processing (I=0, O=0, R=4747, W=4747, U=0, E=0)
2026-07-02 22:54:15.424 INFO  <Transformacion Dim_Tiempo - Mapeo de valores desc_mes_corta> [/jobs/Job_dim_fact.kjb  file:///jobs/ETLdim_Tiempo.ktr]  Finished processing (I=0, O=0, R=4747, W=4747, U=0, E=0)
2026-07-02 22:54:15.454 INFO  <Transformacion Dim_Tiempo - Formula desc_trimestre> [/jobs/Job_dim_fact.kjb  file:///jobs/ETLdim_Tiempo.ktr]  Finished processing (I=0, O=0, R=4747, W=4747, U=0, E=0)
2026-07-02 22:54:15.470 INFO  <Transformacion Dim_Tiempo - Formula desc_semestre> [/jobs/Job_dim_fact.kjb  file:///jobs/ETLdim_Tiempo.ktr]  Finished processing (I=0, O=0, R=4747, W=4747, U=0, E=0)
2026-07-02 22:54:23.474 INFO  <Transformacion Dim_Tiempo - Insert / update> [/jobs/Job_dim_fact.kjb  file:///jobs/ETLdim_Tiempo.ktr]  Finished processing (I=4747, O=4747, R=4747, W=4747, U=0, E=0)
2026-07-02 22:54:23.506 INFO  <Thread-8> [/jobs/Job_dim_fact.kjb]  Starting entry [ETL dim_producto]
2026-07-02 22:54:23.518 ERROR <Thread-8> [/jobs/Job_dim_fact.kjb]  Unable to run job Job_dim_fact. The ETL dim_producto has an error. The transformation path ${RUTA_ETL}/ETLdim_Producto.ktr is invalid, and will not run successfully.
2026-07-02 22:54:23.522 ERROR <Thread-8> [/jobs/Job_dim_fact.kjb]  org.pentaho.di.core.exception.KettleXMLException: 
The transformation path ${RUTA_ETL}/ETLdim_Producto.ktr is invalid, and will not run successfully.

	at org.pentaho.di.trans.TransMeta.<init>(TransMeta.java:2793)
	at org.pentaho.di.base.MetaFileLoaderImpl.getMetaForEntry(MetaFileLoaderImpl.java:165)
	at org.pentaho.di.job.entries.trans.JobEntryTrans.getTransMeta(JobEntryTrans.java:1289)
	at org.pentaho.di.job.entries.trans.JobEntryTrans.execute(JobEntryTrans.java:714)
	at org.pentaho.di.job.Job.execute(Job.java:707)
	at org.pentaho.di.job.Job.execute(Job.java:848)
	at org.pentaho.di.job.Job.execute(Job.java:848)
	at org.pentaho.di.job.Job.execute(Job.java:848)
	at org.pentaho.di.job.Job.execute(Job.java:517)
	at org.pentaho.di.job.Job.run(Job.java:395)

2026-07-02 22:54:23.526 INFO  <Thread-8> [/jobs/Job_dim_fact.kjb]  Finished job entry [ETL dim_producto] (result=[false])
2026-07-02 22:54:23.529 INFO  <Thread-8> [/jobs/Job_dim_fact.kjb]  Finished job entry [ETL dim_tiempo] (result=[false])
2026-07-02 22:54:23.531 INFO  <Thread-8> [/jobs/Job_dim_fact.kjb]  Finished job entry [Evaluate rows number in a table] (result=[false])
2026-07-02 22:54:23.534 WARN  <Thread-8> [/jobs/Job_dim_fact.kjb]  Job execution finished
2026-07-02 23:03:51.282 WARN  <Thread-8> [/jobs/Job_dim_fact.kjb]  Start of job execution
2026-07-02 23:03:51.878 INFO  <Thread-8> [/jobs/Job_dim_fact.kjb]  Starting entry [Evaluate rows number in a table]
2026-07-02 23:03:54.618 INFO  <Thread-8> [/jobs/Job_dim_fact.kjb]  Starting entry [ETL dim_producto]
2026-07-02 23:03:55.386 INFO  <Thread-8> [/jobs/Job_dim_fact.kjb]  Using run configuration [Pentaho local]
2026-07-02 23:03:55.460 INFO  <Thread-8> [/jobs/Job_dim_fact.kjb  file:///jobs/ETLdim_Producto.ktr]  Dispatching started for transformation [Transformacion ProductoLF]
2026-07-02 23:03:55.924 INFO  <Transformacion ProductoLF - Entrada Tabla Tipo Producto> [/jobs/Job_dim_fact.kjb  file:///jobs/ETLdim_Producto.ktr]  Finished reading query, closing connection
2026-07-02 23:03:55.934 INFO  <Transformacion ProductoLF - Entrada Tabla Producto> [/jobs/Job_dim_fact.kjb  file:///jobs/ETLdim_Producto.ktr]  Finished reading query, closing connection
2026-07-02 23:03:55.964 INFO  <Transformacion ProductoLF - Entrada Tabla Producto> [/jobs/Job_dim_fact.kjb  file:///jobs/ETLdim_Producto.ktr]  Finished processing (I=30, O=0, R=0, W=30, U=0, E=0)
2026-07-02 23:03:55.964 INFO  <Transformacion ProductoLF - Entrada Tabla Tipo Producto> [/jobs/Job_dim_fact.kjb  file:///jobs/ETLdim_Producto.ktr]  Finished processing (I=4, O=0, R=0, W=4, U=0, E=0)
2026-07-02 23:03:55.964 INFO  <Transformacion ProductoLF - Ordenar filas> [/jobs/Job_dim_fact.kjb  file:///jobs/ETLdim_Producto.ktr]  Finished processing (I=0, O=0, R=4, W=4, U=0, E=0)
2026-07-02 23:03:55.972 INFO  <Transformacion ProductoLF - Ordenar filas 2> [/jobs/Job_dim_fact.kjb  file:///jobs/ETLdim_Producto.ktr]  Finished processing (I=0, O=0, R=30, W=30, U=0, E=0)
2026-07-02 23:03:56.286 INFO  <Transformacion ProductoLF - Unión por clave> [/jobs/Job_dim_fact.kjb  file:///jobs/ETLdim_Producto.ktr]  Finished processing (I=0, O=0, R=34, W=30, U=0, E=0)
2026-07-02 23:03:56.297 INFO  <Transformacion ProductoLF - Strings cut> [/jobs/Job_dim_fact.kjb  file:///jobs/ETLdim_Producto.ktr]  Finished processing (I=0, O=0, R=30, W=30, U=0, E=0)
2026-07-02 23:03:56.297 INFO  <Transformacion ProductoLF - Ordenar filas 3> [/jobs/Job_dim_fact.kjb  file:///jobs/ETLdim_Producto.ktr]  Finished processing (I=0, O=0, R=30, W=30, U=0, E=0)
2026-07-02 23:03:56.511 INFO  <Transformacion ProductoLF - Insert / update> [/jobs/Job_dim_fact.kjb  file:///jobs/ETLdim_Producto.ktr]  Finished processing (I=30, O=30, R=30, W=30, U=0, E=0)
2026-07-02 23:03:56.579 INFO  <Thread-8> [/jobs/Job_dim_fact.kjb]  Starting entry [ETL dim_cliente]
2026-07-02 23:03:56.795 INFO  <Thread-8> [/jobs/Job_dim_fact.kjb]  Using run configuration [Pentaho local]
2026-07-02 23:03:56.799 INFO  <Thread-8> [/jobs/Job_dim_fact.kjb  file:///jobs/ETLdim_Cliente.ktr]  Dispatching started for transformation [Transformacion ClienteLF]
2026-07-02 23:03:56.930 INFO  <Transformacion ClienteLF - Entrada Tabla> [/jobs/Job_dim_fact.kjb  file:///jobs/ETLdim_Cliente.ktr]  Finished reading query, closing connection
2026-07-02 23:03:56.941 INFO  <Transformacion ClienteLF - Entrada Tabla> [/jobs/Job_dim_fact.kjb  file:///jobs/ETLdim_Cliente.ktr]  Finished processing (I=300, O=0, R=0, W=300, U=0, E=0)
2026-07-02 23:03:56.946 INFO  <Transformacion ClienteLF - Selecciona/Renombra valores> [/jobs/Job_dim_fact.kjb  file:///jobs/ETLdim_Cliente.ktr]  Finished processing (I=0, O=0, R=300, W=300, U=0, E=0)
2026-07-02 23:03:56.961 INFO  <Transformacion ClienteLF - Ordenar filas 3> [/jobs/Job_dim_fact.kjb  file:///jobs/ETLdim_Cliente.ktr]  Finished processing (I=0, O=0, R=300, W=300, U=0, E=0)
2026-07-02 23:03:57.324 INFO  <Transformacion ClienteLF - SalidaActualizada> [/jobs/Job_dim_fact.kjb  file:///jobs/ETLdim_Cliente.ktr]  Finished processing (I=300, O=300, R=300, W=300, U=0, E=0)
2026-07-02 23:03:57.338 INFO  <Thread-8> [/jobs/Job_dim_fact.kjb]  Starting entry [ETL dim_eval_servicio]
2026-07-02 23:03:57.405 INFO  <Thread-8> [/jobs/Job_dim_fact.kjb]  Using run configuration [Pentaho local]
2026-07-02 23:03:57.410 INFO  <Thread-8> [/jobs/Job_dim_fact.kjb  file:///jobs/ETLdim_Evaluacion_Servicio.ktr]  Dispatching started for transformation [Transformacion Evaluacion ServicioLF]
2026-07-02 23:03:57.488 INFO  <Transformacion Evaluacion ServicioLF - Entrada Tabla Evaluacion_Servicio> [/jobs/Job_dim_fact.kjb  file:///jobs/ETLdim_Evaluacion_Servicio.ktr]  Finished reading query, closing connection
2026-07-02 23:03:57.492 INFO  <Transformacion Evaluacion ServicioLF - Ordenar filas 3> [/jobs/Job_dim_fact.kjb  file:///jobs/ETLdim_Evaluacion_Servicio.ktr]  Finished processing (I=0, O=0, R=6, W=6, U=0, E=0)
2026-07-02 23:03:57.497 INFO  <Transformacion Evaluacion ServicioLF - Entrada Tabla Evaluacion_Servicio> [/jobs/Job_dim_fact.kjb  file:///jobs/ETLdim_Evaluacion_Servicio.ktr]  Finished processing (I=6, O=0, R=0, W=6, U=0, E=0)
2026-07-02 23:03:57.537 INFO  <Transformacion Evaluacion ServicioLF - Insert / update> [/jobs/Job_dim_fact.kjb  file:///jobs/ETLdim_Evaluacion_Servicio.ktr]  Finished processing (I=6, O=6, R=6, W=6, U=0, E=0)
2026-07-02 23:03:57.548 INFO  <Thread-8> [/jobs/Job_dim_fact.kjb]  Starting entry [ELT dim_contrato]
2026-07-02 23:03:57.644 INFO  <Thread-8> [/jobs/Job_dim_fact.kjb]  Using run configuration [Pentaho local]
2026-07-02 23:03:57.652 INFO  <Thread-8> [/jobs/Job_dim_fact.kjb  file:///jobs/ETLdim_Contrato.ktr]  Dispatching started for transformation [Transformacion_ContratoLF]
2026-07-02 23:03:57.743 INFO  <Transformacion_ContratoLF - Entrada Tabla> [/jobs/Job_dim_fact.kjb  file:///jobs/ETLdim_Contrato.ktr]  Finished reading query, closing connection
2026-07-02 23:03:57.749 INFO  <Transformacion_ContratoLF - Entrada Tabla> [/jobs/Job_dim_fact.kjb  file:///jobs/ETLdim_Contrato.ktr]  Finished processing (I=1000, O=0, R=0, W=1000, U=0, E=0)
2026-07-02 23:03:57.770 INFO  <Transformacion_ContratoLF - Ordenar filas 3> [/jobs/Job_dim_fact.kjb  file:///jobs/ETLdim_Contrato.ktr]  Finished processing (I=0, O=0, R=1000, W=1000, U=0, E=0)
2026-07-02 23:03:58.594 INFO  <Transformacion_ContratoLF - Insert / update> [/jobs/Job_dim_fact.kjb  file:///jobs/ETLdim_Contrato.ktr]  Finished processing (I=1000, O=1000, R=1000, W=1000, U=0, E=0)
2026-07-02 23:03:58.606 INFO  <Thread-8> [/jobs/Job_dim_fact.kjb]  Starting entry [ETL dim_estado_contrato]
2026-07-02 23:03:59.459 INFO  <Thread-8> [/jobs/Job_dim_fact.kjb]  Using run configuration [Pentaho local]
2026-07-02 23:03:59.462 INFO  <Thread-8> [/jobs/Job_dim_fact.kjb  file:///jobs/ETLdim_Estado_Contrato.ktr]  Dispatching started for transformation [Transformacion Estado ContratoLF]
2026-07-02 23:03:59.679 INFO  <Transformacion Estado ContratoLF - Entrada Tabla Estado Contrato> [/jobs/Job_dim_fact.kjb  file:///jobs/ETLdim_Estado_Contrato.ktr]  Finished reading query, closing connection
2026-07-02 23:03:59.687 INFO  <Transformacion Estado ContratoLF - Seleccionar Estado Contrato> [/jobs/Job_dim_fact.kjb  file:///jobs/ETLdim_Estado_Contrato.ktr]  Finished processing (I=0, O=0, R=1000, W=1000, U=0, E=0)
2026-07-02 23:03:59.693 INFO  <Transformacion Estado ContratoLF - Entrada Tabla Estado Contrato> [/jobs/Job_dim_fact.kjb  file:///jobs/ETLdim_Estado_Contrato.ktr]  Finished processing (I=1000, O=0, R=0, W=1000, U=0, E=0)
2026-07-02 23:03:59.701 INFO  <Transformacion Estado ContratoLF - Agrupar> [/jobs/Job_dim_fact.kjb  file:///jobs/ETLdim_Estado_Contrato.ktr]  Finished processing (I=0, O=0, R=1000, W=3, U=0, E=0)
2026-07-02 23:03:59.707 INFO  <Transformacion Estado ContratoLF - Add sequence cod_estado> [/jobs/Job_dim_fact.kjb  file:///jobs/ETLdim_Estado_Contrato.ktr]  Finished processing (I=0, O=0, R=3, W=3, U=0, E=0)
2026-07-02 23:03:59.710 INFO  <Transformacion Estado ContratoLF - Ordenar filas 3> [/jobs/Job_dim_fact.kjb  file:///jobs/ETLdim_Estado_Contrato.ktr]  Finished processing (I=0, O=0, R=3, W=3, U=0, E=0)
2026-07-02 23:03:59.770 INFO  <Transformacion Estado ContratoLF - Insert / update> [/jobs/Job_dim_fact.kjb  file:///jobs/ETLdim_Estado_Contrato.ktr]  Finished processing (I=3, O=3, R=3, W=3, U=0, E=0)
2026-07-02 23:03:59.778 INFO  <Thread-8> [/jobs/Job_dim_fact.kjb]  Starting entry [ETL dim_sucursal]
2026-07-02 23:03:59.874 INFO  <Thread-8> [/jobs/Job_dim_fact.kjb]  Using run configuration [Pentaho local]
2026-07-02 23:03:59.881 INFO  <Thread-8> [/jobs/Job_dim_fact.kjb  file:///jobs/ETLdim_Sucursal.ktr]  Dispatching started for transformation [Transformacion SucursalLF]
2026-07-02 23:03:59.983 INFO  <Transformacion SucursalLF - Entrada Tabla Sucursal> [/jobs/Job_dim_fact.kjb  file:///jobs/ETLdim_Sucursal.ktr]  Finished reading query, closing connection
2026-07-02 23:03:59.983 INFO  <Transformacion SucursalLF - Entrada Tabla Pais> [/jobs/Job_dim_fact.kjb  file:///jobs/ETLdim_Sucursal.ktr]  Finished reading query, closing connection
2026-07-02 23:03:59.995 INFO  <Transformacion SucursalLF - Entrada Tabla Sucursal> [/jobs/Job_dim_fact.kjb  file:///jobs/ETLdim_Sucursal.ktr]  Finished processing (I=30, O=0, R=0, W=30, U=0, E=0)
2026-07-02 23:03:59.992 INFO  <Transformacion SucursalLF - Entrada Tabla Ciudad> [/jobs/Job_dim_fact.kjb  file:///jobs/ETLdim_Sucursal.ktr]  Finished reading query, closing connection
2026-07-02 23:04:00.006 INFO  <Transformacion SucursalLF - Entrada Tabla Pais> [/jobs/Job_dim_fact.kjb  file:///jobs/ETLdim_Sucursal.ktr]  Finished processing (I=30, O=0, R=0, W=30, U=0, E=0)
2026-07-02 23:04:00.009 INFO  <Transformacion SucursalLF - Entrada Tabla Ciudad> [/jobs/Job_dim_fact.kjb  file:///jobs/ETLdim_Sucursal.ktr]  Finished processing (I=30, O=0, R=0, W=30, U=0, E=0)
2026-07-02 23:04:00.294 INFO  <Transformacion SucursalLF - Unión Sucursal-Pais> [/jobs/Job_dim_fact.kjb  file:///jobs/ETLdim_Sucursal.ktr]  Finished processing (I=0, O=0, R=60, W=30, U=0, E=0)
2026-07-02 23:04:00.595 INFO  <Transformacion SucursalLF - Unión Sucursal-Pais-Ciudad> [/jobs/Job_dim_fact.kjb  file:///jobs/ETLdim_Sucursal.ktr]  Finished processing (I=0, O=0, R=60, W=30, U=0, E=0)
2026-07-02 23:04:00.598 INFO  <Transformacion SucursalLF - Ordenar filas 3> [/jobs/Job_dim_fact.kjb  file:///jobs/ETLdim_Sucursal.ktr]  Finished processing (I=0, O=0, R=30, W=30, U=0, E=0)
2026-07-02 23:04:00.802 INFO  <Transformacion SucursalLF - Insert / update> [/jobs/Job_dim_fact.kjb  file:///jobs/ETLdim_Sucursal.ktr]  Finished processing (I=30, O=30, R=30, W=30, U=0, E=0)
2026-07-02 23:04:00.808 INFO  <Thread-8> [/jobs/Job_dim_fact.kjb]  Starting entry [ETL dim_siniestro]
2026-07-02 23:04:00.874 INFO  <Thread-8> [/jobs/Job_dim_fact.kjb]  Using run configuration [Pentaho local]
2026-07-02 23:04:00.878 INFO  <Thread-8> [/jobs/Job_dim_fact.kjb  file:///jobs/ETLdim_Siniestro.ktr]  Dispatching started for transformation [Transformacion siniestroLF]
2026-07-02 23:04:00.948 INFO  <Transformacion siniestroLF - Entrada Tabla Siniestro> [/jobs/Job_dim_fact.kjb  file:///jobs/ETLdim_Siniestro.ktr]  Finished reading query, closing connection
2026-07-02 23:04:00.952 INFO  <Transformacion siniestroLF - Ordenar filas 3> [/jobs/Job_dim_fact.kjb  file:///jobs/ETLdim_Siniestro.ktr]  Finished processing (I=0, O=0, R=20, W=20, U=0, E=0)
2026-07-02 23:04:00.953 INFO  <Transformacion siniestroLF - Entrada Tabla Siniestro> [/jobs/Job_dim_fact.kjb  file:///jobs/ETLdim_Siniestro.ktr]  Finished processing (I=20, O=0, R=0, W=20, U=0, E=0)
2026-07-02 23:04:01.026 INFO  <Transformacion siniestroLF - Insert / update> [/jobs/Job_dim_fact.kjb  file:///jobs/ETLdim_Siniestro.ktr]  Finished processing (I=20, O=20, R=20, W=20, U=0, E=0)
2026-07-02 23:04:01.033 INFO  <Thread-8> [/jobs/Job_dim_fact.kjb]  Starting entry [ETL_fact_metas]
2026-07-02 23:04:01.503 INFO  <Thread-8> [/jobs/Job_dim_fact.kjb]  Using run configuration [Pentaho local]
2026-07-02 23:04:01.507 INFO  <Thread-8> [/jobs/Job_dim_fact.kjb  file:///jobs/ETLfact_Metas.ktr]  Dispatching started for transformation [LFTransformation_fact_metas]
2026-07-02 23:04:01.838 INFO  <LFTransformation_fact_metas - extraer producto> [/jobs/Job_dim_fact.kjb  file:///jobs/ETLfact_Metas.ktr]  Finished reading query, closing connection
2026-07-02 23:04:01.843 INFO  <LFTransformation_fact_metas - extraer producto> [/jobs/Job_dim_fact.kjb  file:///jobs/ETLfact_Metas.ktr]  Finished processing (I=30, O=0, R=0, W=30, U=0, E=0)
2026-07-02 23:04:01.855 INFO  <LFTransformation_fact_metas - Sort cod_prod> [/jobs/Job_dim_fact.kjb  file:///jobs/ETLfact_Metas.ktr]  Finished processing (I=0, O=0, R=30, W=30, U=0, E=0)
2026-07-02 23:04:01.929 INFO  <LFTransformation_fact_metas - extraer dim_tiempo> [/jobs/Job_dim_fact.kjb  file:///jobs/ETLfact_Metas.ktr]  Finished reading query, closing connection
2026-07-02 23:04:01.947 INFO  <LFTransformation_fact_metas - extraer dim_tiempo> [/jobs/Job_dim_fact.kjb  file:///jobs/ETLfact_Metas.ktr]  Finished processing (I=4747, O=0, R=0, W=4747, U=0, E=0)
2026-07-02 23:04:01.951 INFO  <LFTransformation_fact_metas - extraer dim_tiempo2> [/jobs/Job_dim_fact.kjb  file:///jobs/ETLfact_Metas.ktr]  Finished reading query, closing connection
2026-07-02 23:04:01.959 INFO  <LFTransformation_fact_metas - Sort fecha_completa> [/jobs/Job_dim_fact.kjb  file:///jobs/ETLfact_Metas.ktr]  Finished processing (I=0, O=0, R=4747, W=4747, U=0, E=0)
2026-07-02 23:04:01.965 INFO  <LFTransformation_fact_metas - extraer dim_tiempo2> [/jobs/Job_dim_fact.kjb  file:///jobs/ETLfact_Metas.ktr]  Finished processing (I=4747, O=0, R=0, W=4747, U=0, E=0)
2026-07-02 23:04:01.979 INFO  <LFTransformation_fact_metas - Sort fecha_completa2> [/jobs/Job_dim_fact.kjb  file:///jobs/ETLfact_Metas.ktr]  Finished processing (I=0, O=0, R=4747, W=4747, U=0, E=0)
2026-07-02 23:04:06.799 INFO  <LFTransformation_fact_metas - Microsoft Excel metas> [/jobs/Job_dim_fact.kjb  file:///jobs/ETLfact_Metas.ktr]  Finished processing (I=390, O=0, R=0, W=390, U=0, E=0)
2026-07-02 23:04:06.804 INFO  <LFTransformation_fact_metas - Sort cod_prod 2> [/jobs/Job_dim_fact.kjb  file:///jobs/ETLfact_Metas.ktr]  Finished processing (I=0, O=0, R=390, W=390, U=0, E=0)
2026-07-02 23:04:07.115 INFO  <LFTransformation_fact_metas - Merge join> [/jobs/Job_dim_fact.kjb  file:///jobs/ETLfact_Metas.ktr]  Finished processing (I=0, O=0, R=420, W=390, U=0, E=0)
2026-07-02 23:04:07.119 INFO  <LFTransformation_fact_metas - Quitar cod_prod y dejar SK> [/jobs/Job_dim_fact.kjb  file:///jobs/ETLfact_Metas.ktr]  Finished processing (I=0, O=0, R=390, W=390, U=0, E=0)
2026-07-02 23:04:07.130 INFO  <LFTransformation_fact_metas - Sort fecha_inicio> [/jobs/Job_dim_fact.kjb  file:///jobs/ETLfact_Metas.ktr]  Finished processing (I=0, O=0, R=390, W=390, U=0, E=0)
2026-07-02 23:04:07.456 INFO  <LFTransformation_fact_metas - Merge join 2> [/jobs/Job_dim_fact.kjb  file:///jobs/ETLfact_Metas.ktr]  Finished processing (I=0, O=0, R=5137, W=360, U=0, E=0)
2026-07-02 23:04:07.458 INFO  <LFTransformation_fact_metas - Select values 2> [/jobs/Job_dim_fact.kjb  file:///jobs/ETLfact_Metas.ktr]  Finished processing (I=0, O=0, R=360, W=360, U=0, E=0)
2026-07-02 23:04:07.461 INFO  <LFTransformation_fact_metas - Sort fecha_final> [/jobs/Job_dim_fact.kjb  file:///jobs/ETLfact_Metas.ktr]  Finished processing (I=0, O=0, R=360, W=360, U=0, E=0)
2026-07-02 23:04:07.773 INFO  <LFTransformation_fact_metas - Merge join 3> [/jobs/Job_dim_fact.kjb  file:///jobs/ETLfact_Metas.ktr]  Finished processing (I=0, O=0, R=5107, W=360, U=0, E=0)
2026-07-02 23:04:07.776 INFO  <LFTransformation_fact_metas - dejar sk_dim fec_final > [/jobs/Job_dim_fact.kjb  file:///jobs/ETLfact_Metas.ktr]  Finished processing (I=0, O=0, R=360, W=360, U=0, E=0)
2026-07-02 23:04:07.988 INFO  <LFTransformation_fact_metas - Insert / update> [/jobs/Job_dim_fact.kjb  file:///jobs/ETLfact_Metas.ktr]  Finished processing (I=360, O=360, R=360, W=360, U=0, E=0)
2026-07-02 23:04:07.994 INFO  <Thread-8> [/jobs/Job_dim_fact.kjb]  Starting entry [ETL_fact_reg_contrato]
2026-07-02 23:04:08.277 INFO  <Thread-8> [/jobs/Job_dim_fact.kjb]  Using run configuration [Pentaho local]
2026-07-02 23:04:08.280 INFO  <Thread-8> [/jobs/Job_dim_fact.kjb  file:///jobs/ETLfact_Registro_Contrato.ktr]  Dispatching started for transformation [Transformacion FACT_Registro_Contrato]
2026-07-02 23:04:08.481 INFO  <Transformacion FACT_Registro_Contrato - Entrada Tabla Dim_Cliente> [/jobs/Job_dim_fact.kjb  file:///jobs/ETLfact_Registro_Contrato.ktr]  Finished reading query, closing connection
2026-07-02 23:04:08.490 INFO  <Transformacion FACT_Registro_Contrato - Entrada Tabla Dim_Cliente> [/jobs/Job_dim_fact.kjb  file:///jobs/ETLfact_Registro_Contrato.ktr]  Finished processing (I=300, O=0, R=0, W=300, U=0, E=0)
2026-07-02 23:04:08.499 INFO  <Transformacion FACT_Registro_Contrato - Entrada Tabla dim_producto> [/jobs/Job_dim_fact.kjb  file:///jobs/ETLfact_Registro_Contrato.ktr]  Finished reading query, closing connection
2026-07-02 23:04:08.504 INFO  <Transformacion FACT_Registro_Contrato - Ordenar filas cod_cliente 2> [/jobs/Job_dim_fact.kjb  file:///jobs/ETLfact_Registro_Contrato.ktr]  Finished processing (I=0, O=0, R=300, W=300, U=0, E=0)
2026-07-02 23:04:08.521 INFO  <Transformacion FACT_Registro_Contrato - Ordenar filas cod_producto 2> [/jobs/Job_dim_fact.kjb  file:///jobs/ETLfact_Registro_Contrato.ktr]  Finished processing (I=0, O=0, R=30, W=30, U=0, E=0)
2026-07-02 23:04:08.523 INFO  <Transformacion FACT_Registro_Contrato - Entrada Tabla dim_contrato> [/jobs/Job_dim_fact.kjb  file:///jobs/ETLfact_Registro_Contrato.ktr]  Finished reading query, closing connection
2026-07-02 23:04:08.527 INFO  <Transformacion FACT_Registro_Contrato - Ordenar filas nro_contrato 2> [/jobs/Job_dim_fact.kjb  file:///jobs/ETLfact_Registro_Contrato.ktr]  Finished processing (I=0, O=0, R=1000, W=1000, U=0, E=0)
2026-07-02 23:04:08.525 INFO  <Transformacion FACT_Registro_Contrato - Entrada Tabla dim_estado_contrato> [/jobs/Job_dim_fact.kjb  file:///jobs/ETLfact_Registro_Contrato.ktr]  Finished reading query, closing connection
2026-07-02 23:04:08.524 INFO  <Transformacion FACT_Registro_Contrato - Entrada Tabla Registro Contrato> [/jobs/Job_dim_fact.kjb  file:///jobs/ETLfact_Registro_Contrato.ktr]  Finished reading query, closing connection
2026-07-02 23:04:08.524 INFO  <Transformacion FACT_Registro_Contrato - Entrada Tabla dim_producto> [/jobs/Job_dim_fact.kjb  file:///jobs/ETLfact_Registro_Contrato.ktr]  Finished processing (I=30, O=0, R=0, W=30, U=0, E=0)
2026-07-02 23:04:08.536 INFO  <Transformacion FACT_Registro_Contrato - Ordenar filas descrip_estado> [/jobs/Job_dim_fact.kjb  file:///jobs/ETLfact_Registro_Contrato.ktr]  Finished processing (I=0, O=0, R=3, W=3, U=0, E=0)
2026-07-02 23:04:08.546 INFO  <Transformacion FACT_Registro_Contrato - Ordenar filas cod_cliente> [/jobs/Job_dim_fact.kjb  file:///jobs/ETLfact_Registro_Contrato.ktr]  Finished processing (I=0, O=0, R=1000, W=1000, U=0, E=0)
2026-07-02 23:04:08.545 INFO  <Transformacion FACT_Registro_Contrato - Entrada Tabla dim_contrato> [/jobs/Job_dim_fact.kjb  file:///jobs/ETLfact_Registro_Contrato.ktr]  Finished processing (I=1000, O=0, R=0, W=1000, U=0, E=0)
2026-07-02 23:04:08.545 INFO  <Transformacion FACT_Registro_Contrato - Entrada Tabla dim_estado_contrato> [/jobs/Job_dim_fact.kjb  file:///jobs/ETLfact_Registro_Contrato.ktr]  Finished processing (I=3, O=0, R=0, W=3, U=0, E=0)
2026-07-02 23:04:08.546 INFO  <Transformacion FACT_Registro_Contrato - Entrada Tabla Registro Contrato> [/jobs/Job_dim_fact.kjb  file:///jobs/ETLfact_Registro_Contrato.ktr]  Finished processing (I=1000, O=0, R=0, W=1000, U=0, E=0)
2026-07-02 23:04:08.621 INFO  <Transformacion FACT_Registro_Contrato - Entrada Tabla dim_tiempo> [/jobs/Job_dim_fact.kjb  file:///jobs/ETLfact_Registro_Contrato.ktr]  Finished reading query, closing connection
2026-07-02 23:04:08.635 INFO  <Transformacion FACT_Registro_Contrato - Entrada Tabla dim_tiempo> [/jobs/Job_dim_fact.kjb  file:///jobs/ETLfact_Registro_Contrato.ktr]  Finished processing (I=4747, O=0, R=0, W=9494, U=0, E=0)
2026-07-02 23:04:08.645 INFO  <Transformacion FACT_Registro_Contrato - Ordenar filas dim_tiempo 2> [/jobs/Job_dim_fact.kjb  file:///jobs/ETLfact_Registro_Contrato.ktr]  Finished processing (I=0, O=0, R=4747, W=4747, U=0, E=0)
2026-07-02 23:04:08.661 INFO  <Transformacion FACT_Registro_Contrato - Ordenar filas dim_tiempo> [/jobs/Job_dim_fact.kjb  file:///jobs/ETLfact_Registro_Contrato.ktr]  Finished processing (I=0, O=0, R=4747, W=4747, U=0, E=0)
2026-07-02 23:04:08.866 INFO  <Transformacion FACT_Registro_Contrato - Unión por clave> [/jobs/Job_dim_fact.kjb  file:///jobs/ETLfact_Registro_Contrato.ktr]  Finished processing (I=0, O=0, R=1300, W=1000, U=0, E=0)
2026-07-02 23:04:08.874 INFO  <Transformacion FACT_Registro_Contrato - Ordenar filas cod_producto> [/jobs/Job_dim_fact.kjb  file:///jobs/ETLfact_Registro_Contrato.ktr]  Finished processing (I=0, O=0, R=1000, W=1000, U=0, E=0)
2026-07-02 23:04:09.179 INFO  <Transformacion FACT_Registro_Contrato - Unión por clave cod_producto> [/jobs/Job_dim_fact.kjb  file:///jobs/ETLfact_Registro_Contrato.ktr]  Finished processing (I=0, O=0, R=1030, W=1000, U=0, E=0)
2026-07-02 23:04:09.189 INFO  <Transformacion FACT_Registro_Contrato - Ordenar filas nro_contrato> [/jobs/Job_dim_fact.kjb  file:///jobs/ETLfact_Registro_Contrato.ktr]  Finished processing (I=0, O=0, R=1000, W=1000, U=0, E=0)
2026-07-02 23:04:09.493 INFO  <Transformacion FACT_Registro_Contrato - Unión por clave nro_contrato> [/jobs/Job_dim_fact.kjb  file:///jobs/ETLfact_Registro_Contrato.ktr]  Finished processing (I=0, O=0, R=2000, W=1000, U=0, E=0)
2026-07-02 23:04:09.500 INFO  <Transformacion FACT_Registro_Contrato - Ordenar filas estado_contrato> [/jobs/Job_dim_fact.kjb  file:///jobs/ETLfact_Registro_Contrato.ktr]  Finished processing (I=0, O=0, R=1000, W=1000, U=0, E=0)
2026-07-02 23:04:09.805 INFO  <Transformacion FACT_Registro_Contrato - Unión por clave estado_contrato> [/jobs/Job_dim_fact.kjb  file:///jobs/ETLfact_Registro_Contrato.ktr]  Finished processing (I=0, O=0, R=1003, W=1000, U=0, E=0)
2026-07-02 23:04:09.813 INFO  <Transformacion FACT_Registro_Contrato - Ordenar filas fecha inicio> [/jobs/Job_dim_fact.kjb  file:///jobs/ETLfact_Registro_Contrato.ktr]  Finished processing (I=0, O=0, R=1000, W=1000, U=0, E=0)
2026-07-02 23:04:10.121 INFO  <Transformacion FACT_Registro_Contrato - Unión por clave fecha inicio> [/jobs/Job_dim_fact.kjb  file:///jobs/ETLfact_Registro_Contrato.ktr]  Finished processing (I=0, O=0, R=5747, W=1000, U=0, E=0)
2026-07-02 23:04:10.127 INFO  <Transformacion FACT_Registro_Contrato - Ordenar filas fecha_fin> [/jobs/Job_dim_fact.kjb  file:///jobs/ETLfact_Registro_Contrato.ktr]  Finished processing (I=0, O=0, R=1000, W=1000, U=0, E=0)
2026-07-02 23:04:10.442 INFO  <Transformacion FACT_Registro_Contrato - Unión por clave fecha fin> [/jobs/Job_dim_fact.kjb  file:///jobs/ETLfact_Registro_Contrato.ktr]  Finished processing (I=0, O=0, R=5747, W=867, U=0, E=0)
2026-07-02 23:04:10.445 INFO  <Transformacion FACT_Registro_Contrato - Añadir secuencia utilidad> [/jobs/Job_dim_fact.kjb  file:///jobs/ETLfact_Registro_Contrato.ktr]  Finished processing (I=0, O=0, R=867, W=867, U=0, E=0)
2026-07-02 23:04:11.152 INFO  <Transformacion FACT_Registro_Contrato - Insert / update> [/jobs/Job_dim_fact.kjb  file:///jobs/ETLfact_Registro_Contrato.ktr]  Finished processing (I=867, O=867, R=867, W=867, U=0, E=0)
2026-07-02 23:04:11.158 INFO  <Thread-8> [/jobs/Job_dim_fact.kjb]  Starting entry [ETL fact_reg_siniestro]
2026-07-02 23:04:11.578 INFO  <Thread-8> [/jobs/Job_dim_fact.kjb]  Using run configuration [Pentaho local]
2026-07-02 23:04:11.583 INFO  <Thread-8> [/jobs/Job_dim_fact.kjb  file:///jobs/ETLfact_Registro_Siniestro.ktr]  Dispatching started for transformation [Transformacion Fact_Registro_Siniestro]
2026-07-02 23:04:11.909 INFO  <Transformacion Fact_Registro_Siniestro - Entrada Tabla dim_siniestro> [/jobs/Job_dim_fact.kjb  file:///jobs/ETLfact_Registro_Siniestro.ktr]  Finished reading query, closing connection
2026-07-02 23:04:11.920 INFO  <Transformacion Fact_Registro_Siniestro - Ordenar filas nro_siniestro> [/jobs/Job_dim_fact.kjb  file:///jobs/ETLfact_Registro_Siniestro.ktr]  Finished processing (I=0, O=0, R=20, W=20, U=0, E=0)
2026-07-02 23:04:11.934 INFO  <Transformacion Fact_Registro_Siniestro - Entrada Tabla dim_siniestro> [/jobs/Job_dim_fact.kjb  file:///jobs/ETLfact_Registro_Siniestro.ktr]  Finished processing (I=20, O=0, R=0, W=20, U=0, E=0)
2026-07-02 23:04:11.952 INFO  <Transformacion Fact_Registro_Siniestro - Entrada Tabla Registro Contrato> [/jobs/Job_dim_fact.kjb  file:///jobs/ETLfact_Registro_Siniestro.ktr]  Finished reading query, closing connection
2026-07-02 23:04:11.955 INFO  <Transformacion Fact_Registro_Siniestro - Entrada Tabla Registro Contrato> [/jobs/Job_dim_fact.kjb  file:///jobs/ETLfact_Registro_Siniestro.ktr]  Finished processing (I=1000, O=0, R=0, W=1000, U=0, E=0)
2026-07-02 23:04:11.961 INFO  <Transformacion Fact_Registro_Siniestro - Entrada Tabla dim_contrato> [/jobs/Job_dim_fact.kjb  file:///jobs/ETLfact_Registro_Siniestro.ktr]  Finished reading query, closing connection
2026-07-02 23:04:11.965 INFO  <Transformacion Fact_Registro_Siniestro - Ordenar filas nro_contrato> [/jobs/Job_dim_fact.kjb  file:///jobs/ETLfact_Registro_Siniestro.ktr]  Finished processing (I=0, O=0, R=1000, W=1000, U=0, E=0)
2026-07-02 23:04:11.979 INFO  <Transformacion Fact_Registro_Siniestro - Entrada Tabla dim_cliente> [/jobs/Job_dim_fact.kjb  file:///jobs/ETLfact_Registro_Siniestro.ktr]  Finished reading query, closing connection
2026-07-02 23:04:11.983 INFO  <Transformacion Fact_Registro_Siniestro - Ordenar filas codigo cliente 2> [/jobs/Job_dim_fact.kjb  file:///jobs/ETLfact_Registro_Siniestro.ktr]  Finished processing (I=0, O=0, R=300, W=300, U=0, E=0)
2026-07-02 23:04:11.972 INFO  <Transformacion Fact_Registro_Siniestro - Entrada Tabla cliente> [/jobs/Job_dim_fact.kjb  file:///jobs/ETLfact_Registro_Siniestro.ktr]  Finished reading query, closing connection
2026-07-02 23:04:11.972 INFO  <Transformacion Fact_Registro_Siniestro - Ordenar filas cliente> [/jobs/Job_dim_fact.kjb  file:///jobs/ETLfact_Registro_Siniestro.ktr]  Finished processing (I=0, O=0, R=1000, W=1000, U=0, E=0)
2026-07-02 23:04:11.993 INFO  <Transformacion Fact_Registro_Siniestro - Entrada Tabla cliente> [/jobs/Job_dim_fact.kjb  file:///jobs/ETLfact_Registro_Siniestro.ktr]  Finished processing (I=300, O=0, R=0, W=300, U=0, E=0)
2026-07-02 23:04:11.990 INFO  <Transformacion Fact_Registro_Siniestro - Entrada Tabla dim_cliente> [/jobs/Job_dim_fact.kjb  file:///jobs/ETLfact_Registro_Siniestro.ktr]  Finished processing (I=300, O=0, R=0, W=300, U=0, E=0)
2026-07-02 23:04:11.992 INFO  <Transformacion Fact_Registro_Siniestro - Ordenar filas codigo cliente> [/jobs/Job_dim_fact.kjb  file:///jobs/ETLfact_Registro_Siniestro.ktr]  Finished processing (I=0, O=0, R=300, W=300, U=0, E=0)
2026-07-02 23:04:12.016 INFO  <Transformacion Fact_Registro_Siniestro - Entrada Tabla dim sucursal> [/jobs/Job_dim_fact.kjb  file:///jobs/ETLfact_Registro_Siniestro.ktr]  Finished reading query, closing connection
2026-07-02 23:04:12.004 INFO  <Transformacion Fact_Registro_Siniestro - Entrada Tabla dim_contrato> [/jobs/Job_dim_fact.kjb  file:///jobs/ETLfact_Registro_Siniestro.ktr]  Finished processing (I=1000, O=0, R=0, W=1000, U=0, E=0)
2026-07-02 23:04:12.039 INFO  <Transformacion Fact_Registro_Siniestro - Entrada Tabla dim sucursal> [/jobs/Job_dim_fact.kjb  file:///jobs/ETLfact_Registro_Siniestro.ktr]  Finished processing (I=30, O=0, R=0, W=30, U=0, E=0)
2026-07-02 23:04:12.054 INFO  <Transformacion Fact_Registro_Siniestro - Ordenar filas producto 2> [/jobs/Job_dim_fact.kjb  file:///jobs/ETLfact_Registro_Siniestro.ktr]  Finished processing (I=0, O=0, R=30, W=30, U=0, E=0)
2026-07-02 23:04:12.029 INFO  <Transformacion Fact_Registro_Siniestro - Entrada Tabla dim_producto> [/jobs/Job_dim_fact.kjb  file:///jobs/ETLfact_Registro_Siniestro.ktr]  Finished reading query, closing connection
2026-07-02 23:04:12.029 INFO  <Transformacion Fact_Registro_Siniestro - Ordenar filas sucursal 2> [/jobs/Job_dim_fact.kjb  file:///jobs/ETLfact_Registro_Siniestro.ktr]  Finished processing (I=0, O=0, R=30, W=30, U=0, E=0)
2026-07-02 23:04:12.077 INFO  <Transformacion Fact_Registro_Siniestro - Entrada Tabla dim_producto> [/jobs/Job_dim_fact.kjb  file:///jobs/ETLfact_Registro_Siniestro.ktr]  Finished processing (I=30, O=0, R=0, W=30, U=0, E=0)
2026-07-02 23:04:12.076 INFO  <Transformacion Fact_Registro_Siniestro - Entrada Tabla fechas> [/jobs/Job_dim_fact.kjb  file:///jobs/ETLfact_Registro_Siniestro.ktr]  Finished reading query, closing connection
2026-07-02 23:04:12.049 INFO  <Transformacion Fact_Registro_Siniestro - Entrada Tabla Fact_Registro_Siniestro> [/jobs/Job_dim_fact.kjb  file:///jobs/ETLfact_Registro_Siniestro.ktr]  Finished reading query, closing connection
2026-07-02 23:04:12.066 INFO  <Transformacion Fact_Registro_Siniestro - Ordenar filas siniestro> [/jobs/Job_dim_fact.kjb  file:///jobs/ETLfact_Registro_Siniestro.ktr]  Finished processing (I=0, O=0, R=1000, W=1000, U=0, E=0)
2026-07-02 23:04:12.103 INFO  <Transformacion Fact_Registro_Siniestro - Entrada Tabla fechas> [/jobs/Job_dim_fact.kjb  file:///jobs/ETLfact_Registro_Siniestro.ktr]  Finished processing (I=4747, O=0, R=0, W=9494, U=0, E=0)
2026-07-02 23:04:12.107 INFO  <Transformacion Fact_Registro_Siniestro - Entrada Tabla Fact_Registro_Siniestro> [/jobs/Job_dim_fact.kjb  file:///jobs/ETLfact_Registro_Siniestro.ktr]  Finished processing (I=1000, O=0, R=0, W=1000, U=0, E=0)
2026-07-02 23:04:12.089 INFO  <Transformacion Fact_Registro_Siniestro - Ordenar filas fecha completa 2> [/jobs/Job_dim_fact.kjb  file:///jobs/ETLfact_Registro_Siniestro.ktr]  Finished processing (I=0, O=0, R=4747, W=4747, U=0, E=0)
2026-07-02 23:04:12.089 INFO  <Transformacion Fact_Registro_Siniestro - Ordenar filas fecha completa> [/jobs/Job_dim_fact.kjb  file:///jobs/ETLfact_Registro_Siniestro.ktr]  Finished processing (I=0, O=0, R=4747, W=4747, U=0, E=0)
2026-07-02 23:04:12.299 INFO  <Transformacion Fact_Registro_Siniestro - Unión por clave codigo cliente> [/jobs/Job_dim_fact.kjb  file:///jobs/ETLfact_Registro_Siniestro.ktr]  Finished processing (I=0, O=0, R=600, W=300, U=0, E=0)
2026-07-02 23:04:12.303 INFO  <Transformacion Fact_Registro_Siniestro - Ordenar filas sucursal> [/jobs/Job_dim_fact.kjb  file:///jobs/ETLfact_Registro_Siniestro.ktr]  Finished processing (I=0, O=0, R=300, W=300, U=0, E=0)
2026-07-02 23:04:12.375 INFO  <Transformacion Fact_Registro_Siniestro - Unión por clave sinistro> [/jobs/Job_dim_fact.kjb  file:///jobs/ETLfact_Registro_Siniestro.ktr]  Finished processing (I=0, O=0, R=1020, W=1000, U=0, E=0)
2026-07-02 23:04:12.380 INFO  <Transformacion Fact_Registro_Siniestro - Ordenar filas contrato> [/jobs/Job_dim_fact.kjb  file:///jobs/ETLfact_Registro_Siniestro.ktr]  Finished processing (I=0, O=0, R=1000, W=1000, U=0, E=0)
2026-07-02 23:04:12.606 INFO  <Transformacion Fact_Registro_Siniestro - Unión por clave sucursal> [/jobs/Job_dim_fact.kjb  file:///jobs/ETLfact_Registro_Siniestro.ktr]  Finished processing (I=0, O=0, R=330, W=300, U=0, E=0)
2026-07-02 23:04:12.609 INFO  <Transformacion Fact_Registro_Siniestro - Ordenar filas cliente 2> [/jobs/Job_dim_fact.kjb  file:///jobs/ETLfact_Registro_Siniestro.ktr]  Finished processing (I=0, O=0, R=300, W=300, U=0, E=0)
2026-07-02 23:04:12.687 INFO  <Transformacion Fact_Registro_Siniestro - Unión por clave contrato> [/jobs/Job_dim_fact.kjb  file:///jobs/ETLfact_Registro_Siniestro.ktr]  Finished processing (I=0, O=0, R=2000, W=1000, U=0, E=0)
2026-07-02 23:04:12.691 INFO  <Transformacion Fact_Registro_Siniestro - Ordenar filas contrato 2> [/jobs/Job_dim_fact.kjb  file:///jobs/ETLfact_Registro_Siniestro.ktr]  Finished processing (I=0, O=0, R=1000, W=1000, U=0, E=0)
2026-07-02 23:04:12.913 INFO  <Transformacion Fact_Registro_Siniestro - Unión por clave cliente> [/jobs/Job_dim_fact.kjb  file:///jobs/ETLfact_Registro_Siniestro.ktr]  Finished processing (I=0, O=0, R=1300, W=1000, U=0, E=0)
2026-07-02 23:04:12.918 INFO  <Transformacion Fact_Registro_Siniestro - Ordenar filas producto> [/jobs/Job_dim_fact.kjb  file:///jobs/ETLfact_Registro_Siniestro.ktr]  Finished processing (I=0, O=0, R=1000, W=1000, U=0, E=0)
2026-07-02 23:04:13.220 INFO  <Transformacion Fact_Registro_Siniestro - Unión por clave producto> [/jobs/Job_dim_fact.kjb  file:///jobs/ETLfact_Registro_Siniestro.ktr]  Finished processing (I=0, O=0, R=1030, W=1000, U=0, E=0)
2026-07-02 23:04:13.227 INFO  <Transformacion Fact_Registro_Siniestro - Ordenar filas contrato 3> [/jobs/Job_dim_fact.kjb  file:///jobs/ETLfact_Registro_Siniestro.ktr]  Finished processing (I=0, O=0, R=1000, W=1000, U=0, E=0)
2026-07-02 23:04:13.531 INFO  <Transformacion Fact_Registro_Siniestro - Unión por clave contrato 2> [/jobs/Job_dim_fact.kjb  file:///jobs/ETLfact_Registro_Siniestro.ktr]  Finished processing (I=0, O=0, R=2000, W=1000, U=0, E=0)
2026-07-02 23:04:13.538 INFO  <Transformacion Fact_Registro_Siniestro - Ordenar filas fecha_siniestro> [/jobs/Job_dim_fact.kjb  file:///jobs/ETLfact_Registro_Siniestro.ktr]  Finished processing (I=0, O=0, R=1000, W=1000, U=0, E=0)
2026-07-02 23:04:13.844 INFO  <Transformacion Fact_Registro_Siniestro - Unión por clave fecha_siniestro> [/jobs/Job_dim_fact.kjb  file:///jobs/ETLfact_Registro_Siniestro.ktr]  Finished processing (I=0, O=0, R=5747, W=1000, U=0, E=0)
2026-07-02 23:04:13.849 INFO  <Transformacion Fact_Registro_Siniestro - Ordenar filas fecha_respuesta> [/jobs/Job_dim_fact.kjb  file:///jobs/ETLfact_Registro_Siniestro.ktr]  Finished processing (I=0, O=0, R=1000, W=1000, U=0, E=0)
2026-07-02 23:04:14.159 INFO  <Transformacion Fact_Registro_Siniestro - Unión por clave fecha respuesta> [/jobs/Job_dim_fact.kjb  file:///jobs/ETLfact_Registro_Siniestro.ktr]  Finished processing (I=0, O=0, R=5747, W=1000, U=0, E=0)
2026-07-02 23:04:14.161 INFO  <Transformacion Fact_Registro_Siniestro - Añadir secuencia cantidad> [/jobs/Job_dim_fact.kjb  file:///jobs/ETLfact_Registro_Siniestro.ktr]  Finished processing (I=0, O=0, R=1000, W=1000, U=0, E=0)
2026-07-02 23:04:16.629 INFO  <Transformacion Fact_Registro_Siniestro - Formula> [/jobs/Job_dim_fact.kjb  file:///jobs/ETLfact_Registro_Siniestro.ktr]  Finished processing (I=0, O=0, R=1000, W=1000, U=0, E=0)
2026-07-02 23:04:17.641 INFO  <Transformacion Fact_Registro_Siniestro - Insert / update> [/jobs/Job_dim_fact.kjb  file:///jobs/ETLfact_Registro_Siniestro.ktr]  Finished processing (I=1000, O=1000, R=1000, W=1000, U=0, E=0)
2026-07-02 23:04:17.648 INFO  <Thread-8> [/jobs/Job_dim_fact.kjb]  Starting entry [ETL fact_eval_servicio]
2026-07-02 23:04:17.835 INFO  <Thread-8> [/jobs/Job_dim_fact.kjb]  Using run configuration [Pentaho local]
2026-07-02 23:04:17.837 INFO  <Thread-8> [/jobs/Job_dim_fact.kjb  file:///jobs/ETLfact_Evaluacion_Servicio.ktr]  Dispatching started for transformation [Transformacion Fact_Evaluacion_Servicio]
2026-07-02 23:04:17.945 INFO  <Transformacion Fact_Evaluacion_Servicio - Entrada Tabla dim producto> [/jobs/Job_dim_fact.kjb  file:///jobs/ETLfact_Evaluacion_Servicio.ktr]  Finished reading query, closing connection
2026-07-02 23:04:17.952 INFO  <Transformacion Fact_Evaluacion_Servicio - Entrada Tabla dim producto> [/jobs/Job_dim_fact.kjb  file:///jobs/ETLfact_Evaluacion_Servicio.ktr]  Finished processing (I=30, O=0, R=0, W=30, U=0, E=0)
2026-07-02 23:04:17.954 INFO  <Transformacion Fact_Evaluacion_Servicio - Ordenar filas cod_producto> [/jobs/Job_dim_fact.kjb  file:///jobs/ETLfact_Evaluacion_Servicio.ktr]  Finished processing (I=0, O=0, R=30, W=30, U=0, E=0)
2026-07-02 23:04:17.960 INFO  <Transformacion Fact_Evaluacion_Servicio - Entrada Tabla dim evaluacion servicio> [/jobs/Job_dim_fact.kjb  file:///jobs/ETLfact_Evaluacion_Servicio.ktr]  Finished reading query, closing connection
2026-07-02 23:04:17.964 INFO  <Transformacion Fact_Evaluacion_Servicio - Entrada Tabla dim cliente> [/jobs/Job_dim_fact.kjb  file:///jobs/ETLfact_Evaluacion_Servicio.ktr]  Finished reading query, closing connection
2026-07-02 23:04:17.965 INFO  <Transformacion Fact_Evaluacion_Servicio - Entrada Tabla dim evaluacion servicio> [/jobs/Job_dim_fact.kjb  file:///jobs/ETLfact_Evaluacion_Servicio.ktr]  Finished processing (I=6, O=0, R=0, W=6, U=0, E=0)
2026-07-02 23:04:17.967 INFO  <Transformacion Fact_Evaluacion_Servicio - Ordenar filas cod_cliente> [/jobs/Job_dim_fact.kjb  file:///jobs/ETLfact_Evaluacion_Servicio.ktr]  Finished processing (I=0, O=0, R=300, W=300, U=0, E=0)
2026-07-02 23:04:17.970 INFO  <Transformacion Fact_Evaluacion_Servicio - Ordenar filas 2 evaluacion servicio> [/jobs/Job_dim_fact.kjb  file:///jobs/ETLfact_Evaluacion_Servicio.ktr]  Finished processing (I=0, O=0, R=6, W=6, U=0, E=0)
2026-07-02 23:04:17.977 INFO  <Transformacion Fact_Evaluacion_Servicio - Entrada Tabla dim cliente> [/jobs/Job_dim_fact.kjb  file:///jobs/ETLfact_Evaluacion_Servicio.ktr]  Finished processing (I=300, O=0, R=0, W=300, U=0, E=0)
2026-07-02 23:04:17.991 INFO  <Transformacion Fact_Evaluacion_Servicio - Entrada Tabla recomienda> [/jobs/Job_dim_fact.kjb  file:///jobs/ETLfact_Evaluacion_Servicio.ktr]  Finished reading query, closing connection
2026-07-02 23:04:17.996 INFO  <Transformacion Fact_Evaluacion_Servicio - Entrada Tabla recomienda> [/jobs/Job_dim_fact.kjb  file:///jobs/ETLfact_Evaluacion_Servicio.ktr]  Finished processing (I=500, O=0, R=0, W=500, U=0, E=0)
2026-07-02 23:04:18.000 INFO  <Transformacion Fact_Evaluacion_Servicio - Ordenar filas codigo producto> [/jobs/Job_dim_fact.kjb  file:///jobs/ETLfact_Evaluacion_Servicio.ktr]  Finished processing (I=0, O=0, R=500, W=500, U=0, E=0)
2026-07-02 23:04:18.007 INFO  <Transformacion Fact_Evaluacion_Servicio - Entrada Tabla dim_tiempo> [/jobs/Job_dim_fact.kjb  file:///jobs/ETLfact_Evaluacion_Servicio.ktr]  Finished reading query, closing connection
2026-07-02 23:04:18.010 INFO  <Transformacion Fact_Evaluacion_Servicio - Entrada Tabla dim_tiempo> [/jobs/Job_dim_fact.kjb  file:///jobs/ETLfact_Evaluacion_Servicio.ktr]  Finished processing (I=4747, O=0, R=0, W=4747, U=0, E=0)
2026-07-02 23:04:18.015 INFO  <Transformacion Fact_Evaluacion_Servicio - Ordenar filas fecha completa> [/jobs/Job_dim_fact.kjb  file:///jobs/ETLfact_Evaluacion_Servicio.ktr]  Finished processing (I=0, O=0, R=4747, W=4747, U=0, E=0)
2026-07-02 23:04:18.304 INFO  <Transformacion Fact_Evaluacion_Servicio - Unión por clave codigo pruducto> [/jobs/Job_dim_fact.kjb  file:///jobs/ETLfact_Evaluacion_Servicio.ktr]  Finished processing (I=0, O=0, R=530, W=500, U=0, E=0)
2026-07-02 23:04:18.308 INFO  <Transformacion Fact_Evaluacion_Servicio - Ordenar filas codigo cliente> [/jobs/Job_dim_fact.kjb  file:///jobs/ETLfact_Evaluacion_Servicio.ktr]  Finished processing (I=0, O=0, R=500, W=500, U=0, E=0)
2026-07-02 23:04:18.611 INFO  <Transformacion Fact_Evaluacion_Servicio - Unión por clave codigo cliente> [/jobs/Job_dim_fact.kjb  file:///jobs/ETLfact_Evaluacion_Servicio.ktr]  Finished processing (I=0, O=0, R=800, W=500, U=0, E=0)
2026-07-02 23:04:18.614 INFO  <Transformacion Fact_Evaluacion_Servicio - Ordenar filas codigo evaluacion servicio> [/jobs/Job_dim_fact.kjb  file:///jobs/ETLfact_Evaluacion_Servicio.ktr]  Finished processing (I=0, O=0, R=500, W=500, U=0, E=0)
2026-07-02 23:04:18.916 INFO  <Transformacion Fact_Evaluacion_Servicio - Unión por clave evaluacion servicio> [/jobs/Job_dim_fact.kjb  file:///jobs/ETLfact_Evaluacion_Servicio.ktr]  Finished processing (I=0, O=0, R=506, W=500, U=0, E=0)
2026-07-02 23:04:18.921 INFO  <Transformacion Fact_Evaluacion_Servicio - Ordenar filas fecha_recomienda> [/jobs/Job_dim_fact.kjb  file:///jobs/ETLfact_Evaluacion_Servicio.ktr]  Finished processing (I=0, O=0, R=500, W=500, U=0, E=0)
2026-07-02 23:04:19.230 INFO  <Transformacion Fact_Evaluacion_Servicio - Unión por clave fecha> [/jobs/Job_dim_fact.kjb  file:///jobs/ETLfact_Evaluacion_Servicio.ktr]  Finished processing (I=0, O=0, R=5247, W=500, U=0, E=0)
2026-07-02 23:04:19.233 INFO  <Transformacion Fact_Evaluacion_Servicio - Añadir secuencia cantidad> [/jobs/Job_dim_fact.kjb  file:///jobs/ETLfact_Evaluacion_Servicio.ktr]  Finished processing (I=0, O=0, R=500, W=500, U=0, E=0)
2026-07-02 23:04:19.236 INFO  <Transformacion Fact_Evaluacion_Servicio - Formula> [/jobs/Job_dim_fact.kjb  file:///jobs/ETLfact_Evaluacion_Servicio.ktr]  Finished processing (I=0, O=0, R=500, W=500, U=0, E=0)
2026-07-02 23:04:19.389 INFO  <Transformacion Fact_Evaluacion_Servicio - Insert / update> [/jobs/Job_dim_fact.kjb  file:///jobs/ETLfact_Evaluacion_Servicio.ktr]  Finished processing (I=500, O=500, R=500, W=500, U=0, E=0)
2026-07-02 23:04:19.395 INFO  <Thread-8> [/jobs/Job_dim_fact.kjb]  Finished job entry [ETL fact_eval_servicio] (result=[true])
2026-07-02 23:04:19.398 INFO  <Thread-8> [/jobs/Job_dim_fact.kjb]  Finished job entry [ETL fact_reg_siniestro] (result=[true])
2026-07-02 23:04:19.401 INFO  <Thread-8> [/jobs/Job_dim_fact.kjb]  Finished job entry [ETL_fact_reg_contrato] (result=[true])
2026-07-02 23:04:19.403 INFO  <Thread-8> [/jobs/Job_dim_fact.kjb]  Finished job entry [ETL_fact_metas] (result=[true])
2026-07-02 23:04:19.405 INFO  <Thread-8> [/jobs/Job_dim_fact.kjb]  Finished job entry [ETL dim_siniestro] (result=[true])
2026-07-02 23:04:19.407 INFO  <Thread-8> [/jobs/Job_dim_fact.kjb]  Finished job entry [ETL dim_sucursal] (result=[true])
2026-07-02 23:04:19.408 INFO  <Thread-8> [/jobs/Job_dim_fact.kjb]  Finished job entry [ETL dim_estado_contrato] (result=[true])
2026-07-02 23:04:19.410 INFO  <Thread-8> [/jobs/Job_dim_fact.kjb]  Finished job entry [ELT dim_contrato] (result=[true])
2026-07-02 23:04:19.413 INFO  <Thread-8> [/jobs/Job_dim_fact.kjb]  Finished job entry [ETL dim_eval_servicio] (result=[true])
2026-07-02 23:04:19.415 INFO  <Thread-8> [/jobs/Job_dim_fact.kjb]  Finished job entry [ETL dim_cliente] (result=[true])
2026-07-02 23:04:19.417 INFO  <Thread-8> [/jobs/Job_dim_fact.kjb]  Finished job entry [ETL dim_producto] (result=[true])
2026-07-02 23:04:19.419 INFO  <Thread-8> [/jobs/Job_dim_fact.kjb]  Finished job entry [Evaluate rows number in a table] (result=[true])
2026-07-02 23:04:19.425 WARN  <Thread-8> [/jobs/Job_dim_fact.kjb]  Job execution finished
