2024-07-19 19:57:54.088 INFO  <Thread-25> [C:\Users\niebl\OneDrive\Escritorio\Semestre\Inteligecia de Negocio\Proyecto Fase 2\BIProyecto\ETL\Transformacion siniestro.ktr]  Iniciado despacho de la transformaci?n [Transformacion siniestro]
2024-07-19 19:57:55.193 INFO  <init of Salida Tabla dim_siniestro.0 (Thread-28)> [C:\Users\niebl\OneDrive\Escritorio\Semestre\Inteligecia de Negocio\Proyecto Fase 2\BIProyecto\ETL\Transformacion siniestro.ktr]  Connected to database [Postgres] (commit=1000)
2024-07-19 19:57:55.420 INFO  <Transformacion siniestro - Entrada Tabla Siniestro> [C:\Users\niebl\OneDrive\Escritorio\Semestre\Inteligecia de Negocio\Proyecto Fase 2\BIProyecto\ETL\Transformacion siniestro.ktr]  Finished reading query, closing connection
2024-07-19 19:57:55.423 INFO  <Transformacion siniestro - Entrada Tabla Siniestro> [C:\Users\niebl\OneDrive\Escritorio\Semestre\Inteligecia de Negocio\Proyecto Fase 2\BIProyecto\ETL\Transformacion siniestro.ktr]  Procesamiento finalizado (I=1000, O=0, R=0, W=1000, U=0, E=0)
2024-07-19 19:57:55.433 INFO  <Transformacion siniestro - Añadir secuencia sk_dim_siniestro> [C:\Users\niebl\OneDrive\Escritorio\Semestre\Inteligecia de Negocio\Proyecto Fase 2\BIProyecto\ETL\Transformacion siniestro.ktr]  Procesamiento finalizado (I=0, O=0, R=1000, W=1000, U=0, E=0)
2024-07-19 19:57:55.450 ERROR <Transformacion siniestro - Salida Tabla dim_siniestro> [C:\Users\niebl\OneDrive\Escritorio\Semestre\Inteligecia de Negocio\Proyecto Fase 2\BIProyecto\ETL\Transformacion siniestro.ktr]  Because of an error, this step can't continue: 
2024-07-19 19:57:55.456 ERROR <Transformacion siniestro - Salida Tabla dim_siniestro> [C:\Users\niebl\OneDrive\Escritorio\Semestre\Inteligecia de Negocio\Proyecto Fase 2\BIProyecto\ETL\Transformacion siniestro.ktr]  org.pentaho.di.core.exception.KettleException: 
Error batch inserting rows into table [dim_siniestro].
Errors encountered (first 10):
ERROR: no existe la columna «descripcion_siniestro» en la relación «dim_siniestro»
  Position: 60


Error updating batch
Batch entry 0 INSERT INTO seguro_g27321522.dim_siniestro (nro_siniestro, descripcion_siniestro, sk_dim_siniestro) VALUES ( 1,  'accidente doméstico',  1) was aborted: ERROR: no existe la columna «descripcion_siniestro» en la relación «dim_siniestro»
  Position: 60  Call getNextException to see other errors in the batch.


	at org.pentaho.di.trans.steps.tableoutput.TableOutput.writeToTable(TableOutput.java:348)
	at org.pentaho.di.trans.steps.tableoutput.TableOutput.processRow(TableOutput.java:125)
	at org.pentaho.di.trans.step.RunThread.run(RunThread.java:62)
	at java.lang.Thread.run(Thread.java:748)
Caused by: org.pentaho.di.core.exception.KettleDatabaseBatchException: 
Error updating batch
Batch entry 0 INSERT INTO seguro_g27321522.dim_siniestro (nro_siniestro, descripcion_siniestro, sk_dim_siniestro) VALUES ( 1,  'accidente doméstico',  1) was aborted: ERROR: no existe la columna «descripcion_siniestro» en la relación «dim_siniestro»
  Position: 60  Call getNextException to see other errors in the batch.

	at org.pentaho.di.core.database.Database.createKettleDatabaseBatchException(Database.java:1440)
	at org.pentaho.di.trans.steps.tableoutput.TableOutput.writeToTable(TableOutput.java:295)
	... 3 more
Caused by: java.sql.BatchUpdateException: Batch entry 0 INSERT INTO seguro_g27321522.dim_siniestro (nro_siniestro, descripcion_siniestro, sk_dim_siniestro) VALUES ( 1,  'accidente doméstico',  1) was aborted: ERROR: no existe la columna «descripcion_siniestro» en la relación «dim_siniestro»
  Position: 60  Call getNextException to see other errors in the batch.
	at org.postgresql.jdbc.BatchResultHandler.handleError(BatchResultHandler.java:169)
	at org.postgresql.jdbc.PgStatement.internalExecuteBatch(PgStatement.java:862)
	at org.postgresql.jdbc.PgStatement.executeBatch(PgStatement.java:901)
	at org.postgresql.jdbc.PgPreparedStatement.executeBatch(PgPreparedStatement.java:1644)
	at org.pentaho.di.trans.steps.tableoutput.TableOutput.writeToTable(TableOutput.java:291)
	... 3 more
Caused by: org.postgresql.util.PSQLException: ERROR: no existe la columna «descripcion_siniestro» en la relación «dim_siniestro»
  Position: 60
	at org.postgresql.core.v3.QueryExecutorImpl.receiveErrorResponse(QueryExecutorImpl.java:2552)
	at org.postgresql.core.v3.QueryExecutorImpl.processResults(QueryExecutorImpl.java:2284)
	at org.postgresql.core.v3.QueryExecutorImpl.execute(QueryExecutorImpl.java:322)
	at org.postgresql.jdbc.PgStatement.internalExecuteBatch(PgStatement.java:859)
	... 6 more

2024-07-19 19:57:55.466 INFO  <Transformacion siniestro - Salida Tabla dim_siniestro> [C:\Users\niebl\OneDrive\Escritorio\Semestre\Inteligecia de Negocio\Proyecto Fase 2\BIProyecto\ETL\Transformacion siniestro.ktr]  Procesamiento finalizado (I=0, O=999, R=1000, W=0, U=0, E=1)
2024-07-19 19:57:55.471 ERROR <Transformacion siniestro - Salida Tabla dim_siniestro> [C:\Users\niebl\OneDrive\Escritorio\Semestre\Inteligecia de Negocio\Proyecto Fase 2\BIProyecto\ETL\Transformacion siniestro.ktr]  Errores detectados!
2024-07-19 19:57:55.473 ERROR <Transformacion siniestro - Salida Tabla dim_siniestro> [C:\Users\niebl\OneDrive\Escritorio\Semestre\Inteligecia de Negocio\Proyecto Fase 2\BIProyecto\ETL\Transformacion siniestro.ktr]  Errores detectados!
2024-07-19 19:57:55.487 ERROR <Transformacion siniestro - Salida Tabla dim_siniestro> [C:\Users\niebl\OneDrive\Escritorio\Semestre\Inteligecia de Negocio\Proyecto Fase 2\BIProyecto\ETL\Transformacion siniestro.ktr]  Errores detectados!
2024-07-19 19:57:55.507 WARN  <Transformacion siniestro - Salida Tabla dim_siniestro> [C:\Users\niebl\OneDrive\Escritorio\Semestre\Inteligecia de Negocio\Proyecto Fase 2\BIProyecto\ETL\Transformacion siniestro.ktr]  Transformaci?n detectada 
2024-07-19 19:57:55.507 WARN  <Transformacion siniestro - Salida Tabla dim_siniestro> [C:\Users\niebl\OneDrive\Escritorio\Semestre\Inteligecia de Negocio\Proyecto Fase 2\BIProyecto\ETL\Transformacion siniestro.ktr]  Transformaci?n est? matando los otros pasos!
2024-07-19 19:58:33.597 INFO  <Thread-38> [C:\Users\niebl\OneDrive\Escritorio\Semestre\Inteligecia de Negocio\Proyecto Fase 2\BIProyecto\ETL\Transformacion siniestro.ktr]  Iniciado despacho de la transformaci?n [Transformacion siniestro]
2024-07-19 19:58:33.685 INFO  <init of Salida Tabla dim_siniestro.0 (Thread-41)> [C:\Users\niebl\OneDrive\Escritorio\Semestre\Inteligecia de Negocio\Proyecto Fase 2\BIProyecto\ETL\Transformacion siniestro.ktr]  Connected to database [Postgres] (commit=1000)
2024-07-19 19:58:33.716 INFO  <Transformacion siniestro - Entrada Tabla Siniestro> [C:\Users\niebl\OneDrive\Escritorio\Semestre\Inteligecia de Negocio\Proyecto Fase 2\BIProyecto\ETL\Transformacion siniestro.ktr]  Finished reading query, closing connection
2024-07-19 19:58:33.718 INFO  <Transformacion siniestro - Entrada Tabla Siniestro> [C:\Users\niebl\OneDrive\Escritorio\Semestre\Inteligecia de Negocio\Proyecto Fase 2\BIProyecto\ETL\Transformacion siniestro.ktr]  Procesamiento finalizado (I=1000, O=0, R=0, W=1000, U=0, E=0)
2024-07-19 19:58:33.736 INFO  <Transformacion siniestro - Añadir secuencia sk_dim_siniestro> [C:\Users\niebl\OneDrive\Escritorio\Semestre\Inteligecia de Negocio\Proyecto Fase 2\BIProyecto\ETL\Transformacion siniestro.ktr]  Procesamiento finalizado (I=0, O=0, R=1000, W=1000, U=0, E=0)
2024-07-19 19:58:33.862 INFO  <Transformacion siniestro - Salida Tabla dim_siniestro> [C:\Users\niebl\OneDrive\Escritorio\Semestre\Inteligecia de Negocio\Proyecto Fase 2\BIProyecto\ETL\Transformacion siniestro.ktr]  Procesamiento finalizado (I=0, O=1000, R=1000, W=1000, U=0, E=0)
2024-07-19 20:25:21.744 WARN  <Thread-68> [C:\Users\niebl\OneDrive\Escritorio\Semestre\Inteligecia de Negocio\Proyecto Fase 2\BIProyecto\ETL\Trabajo Carga Data Dimensional.kjb]  Start of job execution
2024-07-19 20:25:21.751 INFO  <Thread-68> [C:\Users\niebl\OneDrive\Escritorio\Semestre\Inteligecia de Negocio\Proyecto Fase 2\BIProyecto\ETL\Trabajo Carga Data Dimensional.kjb]  Starting entry [Transformation Sucursal]
2024-07-19 20:25:21.774 INFO  <Thread-68> [C:\Users\niebl\OneDrive\Escritorio\Semestre\Inteligecia de Negocio\Proyecto Fase 2\BIProyecto\ETL\Trabajo Carga Data Dimensional.kjb]  Using run configuration [Pentaho local]
2024-07-19 20:25:21.775 INFO  <Thread-68> [C:\Users\niebl\OneDrive\Escritorio\Semestre\Inteligecia de Negocio\Proyecto Fase 2\BIProyecto\ETL\Trabajo Carga Data Dimensional.kjb  C:/Users/niebl/OneDrive/Escritorio/Semestre/Inteligecia de Negocio/Proyecto Fase 2/BIProyecto/ETL/Transformacion Sucursal.ktr]  Iniciado despacho de la transformaci?n [Transformacion Sucursal]
2024-07-19 20:25:21.912 INFO  <init of Salida Tabla.0 (Thread-75)> [C:\Users\niebl\OneDrive\Escritorio\Semestre\Inteligecia de Negocio\Proyecto Fase 2\BIProyecto\ETL\Trabajo Carga Data Dimensional.kjb  C:/Users/niebl/OneDrive/Escritorio/Semestre/Inteligecia de Negocio/Proyecto Fase 2/BIProyecto/ETL/Transformacion Sucursal.ktr]  Connected to database [Postgres] (commit=1000)
2024-07-19 20:25:22.040 INFO  <Transformacion Sucursal - Entrada Tabla Ciudad> [C:\Users\niebl\OneDrive\Escritorio\Semestre\Inteligecia de Negocio\Proyecto Fase 2\BIProyecto\ETL\Trabajo Carga Data Dimensional.kjb  C:/Users/niebl/OneDrive/Escritorio/Semestre/Inteligecia de Negocio/Proyecto Fase 2/BIProyecto/ETL/Transformacion Sucursal.ktr]  Finished reading query, closing connection
2024-07-19 20:25:22.041 INFO  <Transformacion Sucursal - Entrada Tabla Ciudad> [C:\Users\niebl\OneDrive\Escritorio\Semestre\Inteligecia de Negocio\Proyecto Fase 2\BIProyecto\ETL\Trabajo Carga Data Dimensional.kjb  C:/Users/niebl/OneDrive/Escritorio/Semestre/Inteligecia de Negocio/Proyecto Fase 2/BIProyecto/ETL/Transformacion Sucursal.ktr]  Procesamiento finalizado (I=30, O=0, R=0, W=30, U=0, E=0)
2024-07-19 20:25:22.078 INFO  <Transformacion Sucursal - Entrada Tabla Pais> [C:\Users\niebl\OneDrive\Escritorio\Semestre\Inteligecia de Negocio\Proyecto Fase 2\BIProyecto\ETL\Trabajo Carga Data Dimensional.kjb  C:/Users/niebl/OneDrive/Escritorio/Semestre/Inteligecia de Negocio/Proyecto Fase 2/BIProyecto/ETL/Transformacion Sucursal.ktr]  Finished reading query, closing connection
2024-07-19 20:25:22.080 INFO  <Transformacion Sucursal - Entrada Tabla Pais> [C:\Users\niebl\OneDrive\Escritorio\Semestre\Inteligecia de Negocio\Proyecto Fase 2\BIProyecto\ETL\Trabajo Carga Data Dimensional.kjb  C:/Users/niebl/OneDrive/Escritorio/Semestre/Inteligecia de Negocio/Proyecto Fase 2/BIProyecto/ETL/Transformacion Sucursal.ktr]  Procesamiento finalizado (I=30, O=0, R=0, W=30, U=0, E=0)
2024-07-19 20:25:22.104 INFO  <Transformacion Sucursal - Entrada Tabla Sucursal> [C:\Users\niebl\OneDrive\Escritorio\Semestre\Inteligecia de Negocio\Proyecto Fase 2\BIProyecto\ETL\Trabajo Carga Data Dimensional.kjb  C:/Users/niebl/OneDrive/Escritorio/Semestre/Inteligecia de Negocio/Proyecto Fase 2/BIProyecto/ETL/Transformacion Sucursal.ktr]  Finished reading query, closing connection
2024-07-19 20:25:22.106 INFO  <Transformacion Sucursal - Entrada Tabla Sucursal> [C:\Users\niebl\OneDrive\Escritorio\Semestre\Inteligecia de Negocio\Proyecto Fase 2\BIProyecto\ETL\Trabajo Carga Data Dimensional.kjb  C:/Users/niebl/OneDrive/Escritorio/Semestre/Inteligecia de Negocio/Proyecto Fase 2/BIProyecto/ETL/Transformacion Sucursal.ktr]  Procesamiento finalizado (I=30, O=0, R=0, W=30, U=0, E=0)
2024-07-19 20:25:22.425 INFO  <Transformacion Sucursal - Unión Sucursal-Pais> [C:\Users\niebl\OneDrive\Escritorio\Semestre\Inteligecia de Negocio\Proyecto Fase 2\BIProyecto\ETL\Trabajo Carga Data Dimensional.kjb  C:/Users/niebl/OneDrive/Escritorio/Semestre/Inteligecia de Negocio/Proyecto Fase 2/BIProyecto/ETL/Transformacion Sucursal.ktr]  Procesamiento finalizado (I=0, O=0, R=60, W=30, U=0, E=0)
2024-07-19 20:25:22.730 INFO  <Transformacion Sucursal - Unión Sucursal-Pais-Ciudad> [C:\Users\niebl\OneDrive\Escritorio\Semestre\Inteligecia de Negocio\Proyecto Fase 2\BIProyecto\ETL\Trabajo Carga Data Dimensional.kjb  C:/Users/niebl/OneDrive/Escritorio/Semestre/Inteligecia de Negocio/Proyecto Fase 2/BIProyecto/ETL/Transformacion Sucursal.ktr]  Procesamiento finalizado (I=0, O=0, R=60, W=30, U=0, E=0)
2024-07-19 20:25:22.754 INFO  <Transformacion Sucursal - Añadir secuencia sk_dim_sucursal> [C:\Users\niebl\OneDrive\Escritorio\Semestre\Inteligecia de Negocio\Proyecto Fase 2\BIProyecto\ETL\Trabajo Carga Data Dimensional.kjb  C:/Users/niebl/OneDrive/Escritorio/Semestre/Inteligecia de Negocio/Proyecto Fase 2/BIProyecto/ETL/Transformacion Sucursal.ktr]  Procesamiento finalizado (I=0, O=0, R=30, W=30, U=0, E=0)
2024-07-19 20:25:22.785 INFO  <Transformacion Sucursal - Salida Tabla> [C:\Users\niebl\OneDrive\Escritorio\Semestre\Inteligecia de Negocio\Proyecto Fase 2\BIProyecto\ETL\Trabajo Carga Data Dimensional.kjb  C:/Users/niebl/OneDrive/Escritorio/Semestre/Inteligecia de Negocio/Proyecto Fase 2/BIProyecto/ETL/Transformacion Sucursal.ktr]  Procesamiento finalizado (I=0, O=30, R=30, W=30, U=0, E=0)
2024-07-19 20:25:22.787 INFO  <Thread-68> [C:\Users\niebl\OneDrive\Escritorio\Semestre\Inteligecia de Negocio\Proyecto Fase 2\BIProyecto\ETL\Trabajo Carga Data Dimensional.kjb]  Starting entry [Transformation Producto]
2024-07-19 20:25:22.809 INFO  <Thread-68> [C:\Users\niebl\OneDrive\Escritorio\Semestre\Inteligecia de Negocio\Proyecto Fase 2\BIProyecto\ETL\Trabajo Carga Data Dimensional.kjb]  Using run configuration [Pentaho local]
2024-07-19 20:25:22.810 INFO  <Thread-68> [C:\Users\niebl\OneDrive\Escritorio\Semestre\Inteligecia de Negocio\Proyecto Fase 2\BIProyecto\ETL\Trabajo Carga Data Dimensional.kjb  C:/Users/niebl/OneDrive/Escritorio/Semestre/Inteligecia de Negocio/Proyecto Fase 2/BIProyecto/ETL/Transformacion Producto.ktr]  Iniciado despacho de la transformaci?n [Transformacion Producto]
2024-07-19 20:25:22.906 INFO  <init of Salida Tabla.0 (Thread-89)> [C:\Users\niebl\OneDrive\Escritorio\Semestre\Inteligecia de Negocio\Proyecto Fase 2\BIProyecto\ETL\Trabajo Carga Data Dimensional.kjb  C:/Users/niebl/OneDrive/Escritorio/Semestre/Inteligecia de Negocio/Proyecto Fase 2/BIProyecto/ETL/Transformacion Producto.ktr]  Connected to database [Postgres] (commit=1000)
2024-07-19 20:25:22.953 INFO  <Transformacion Producto - Entrada Tabla Tipo Producto> [C:\Users\niebl\OneDrive\Escritorio\Semestre\Inteligecia de Negocio\Proyecto Fase 2\BIProyecto\ETL\Trabajo Carga Data Dimensional.kjb  C:/Users/niebl/OneDrive/Escritorio/Semestre/Inteligecia de Negocio/Proyecto Fase 2/BIProyecto/ETL/Transformacion Producto.ktr]  Finished reading query, closing connection
2024-07-19 20:25:22.954 INFO  <Transformacion Producto - Entrada Tabla Tipo Producto> [C:\Users\niebl\OneDrive\Escritorio\Semestre\Inteligecia de Negocio\Proyecto Fase 2\BIProyecto\ETL\Trabajo Carga Data Dimensional.kjb  C:/Users/niebl/OneDrive/Escritorio/Semestre/Inteligecia de Negocio/Proyecto Fase 2/BIProyecto/ETL/Transformacion Producto.ktr]  Procesamiento finalizado (I=10, O=0, R=0, W=10, U=0, E=0)
2024-07-19 20:25:22.973 INFO  <Transformacion Producto - Entrada Tabla Producto> [C:\Users\niebl\OneDrive\Escritorio\Semestre\Inteligecia de Negocio\Proyecto Fase 2\BIProyecto\ETL\Trabajo Carga Data Dimensional.kjb  C:/Users/niebl/OneDrive/Escritorio/Semestre/Inteligecia de Negocio/Proyecto Fase 2/BIProyecto/ETL/Transformacion Producto.ktr]  Finished reading query, closing connection
2024-07-19 20:25:22.975 INFO  <Transformacion Producto - Entrada Tabla Producto> [C:\Users\niebl\OneDrive\Escritorio\Semestre\Inteligecia de Negocio\Proyecto Fase 2\BIProyecto\ETL\Trabajo Carga Data Dimensional.kjb  C:/Users/niebl/OneDrive/Escritorio/Semestre/Inteligecia de Negocio/Proyecto Fase 2/BIProyecto/ETL/Transformacion Producto.ktr]  Procesamiento finalizado (I=30, O=0, R=0, W=30, U=0, E=0)
2024-07-19 20:25:22.981 ERROR <Transformacion Producto - Salida Tabla> [C:\Users\niebl\OneDrive\Escritorio\Semestre\Inteligecia de Negocio\Proyecto Fase 2\BIProyecto\ETL\Trabajo Carga Data Dimensional.kjb  C:/Users/niebl/OneDrive/Escritorio/Semestre/Inteligecia de Negocio/Proyecto Fase 2/BIProyecto/ETL/Transformacion Producto.ktr]  Because of an error, this step can't continue: 
2024-07-19 20:25:22.981 ERROR <Thread-68> [C:\Users\niebl\OneDrive\Escritorio\Semestre\Inteligecia de Negocio\Proyecto Fase 2\BIProyecto\ETL\Trabajo Carga Data Dimensional.kjb  C:/Users/niebl/OneDrive/Escritorio/Semestre/Inteligecia de Negocio/Proyecto Fase 2/BIProyecto/ETL/Transformacion Producto.ktr]  Errores detectados!
2024-07-19 20:25:22.981 ERROR <Transformacion Producto - Salida Tabla> [C:\Users\niebl\OneDrive\Escritorio\Semestre\Inteligecia de Negocio\Proyecto Fase 2\BIProyecto\ETL\Trabajo Carga Data Dimensional.kjb  C:/Users/niebl/OneDrive/Escritorio/Semestre/Inteligecia de Negocio/Proyecto Fase 2/BIProyecto/ETL/Transformacion Producto.ktr]  org.pentaho.di.core.exception.KettleException: 
Error inserting row into table [dim_producto] with values: [6], [Seguro de mascotas], [1], [Poliza1_Vida], [Seguro de vida con cobertura amplia], [6], [2], [1]

Error inserting/updating row
ERROR: el valor es demasiado largo para el tipo character varying(25)


	at org.pentaho.di.trans.steps.tableoutput.TableOutput.writeToTable(TableOutput.java:384)
	at org.pentaho.di.trans.steps.tableoutput.TableOutput.processRow(TableOutput.java:125)
	at org.pentaho.di.trans.step.RunThread.run(RunThread.java:62)
	at java.lang.Thread.run(Thread.java:748)
Caused by: org.pentaho.di.core.exception.KettleDatabaseException: 
Error inserting/updating row
ERROR: el valor es demasiado largo para el tipo character varying(25)

	at org.pentaho.di.core.database.Database.insertRow(Database.java:1335)
	at org.pentaho.di.trans.steps.tableoutput.TableOutput.writeToTable(TableOutput.java:262)
	... 3 more
Caused by: org.postgresql.util.PSQLException: ERROR: el valor es demasiado largo para el tipo character varying(25)
	at org.postgresql.core.v3.QueryExecutorImpl.receiveErrorResponse(QueryExecutorImpl.java:2552)
	at org.postgresql.core.v3.QueryExecutorImpl.processResults(QueryExecutorImpl.java:2284)
	at org.postgresql.core.v3.QueryExecutorImpl.execute(QueryExecutorImpl.java:322)
	at org.postgresql.jdbc.PgStatement.executeInternal(PgStatement.java:481)
	at org.postgresql.jdbc.PgStatement.execute(PgStatement.java:401)
	at org.postgresql.jdbc.PgPreparedStatement.executeWithFlags(PgPreparedStatement.java:164)
	at org.postgresql.jdbc.PgPreparedStatement.executeUpdate(PgPreparedStatement.java:130)
	at org.pentaho.di.core.database.Database.insertRow(Database.java:1302)
	... 4 more

2024-07-19 20:25:22.982 INFO  <Transformacion Producto - Salida Tabla> [C:\Users\niebl\OneDrive\Escritorio\Semestre\Inteligecia de Negocio\Proyecto Fase 2\BIProyecto\ETL\Trabajo Carga Data Dimensional.kjb  C:/Users/niebl/OneDrive/Escritorio/Semestre/Inteligecia de Negocio/Proyecto Fase 2/BIProyecto/ETL/Transformacion Producto.ktr]  Procesamiento finalizado (I=0, O=0, R=1, W=0, U=0, E=1)
2024-07-19 20:25:22.983 WARN  <Transformacion Producto - Salida Tabla> [C:\Users\niebl\OneDrive\Escritorio\Semestre\Inteligecia de Negocio\Proyecto Fase 2\BIProyecto\ETL\Trabajo Carga Data Dimensional.kjb  C:/Users/niebl/OneDrive/Escritorio/Semestre/Inteligecia de Negocio/Proyecto Fase 2/BIProyecto/ETL/Transformacion Producto.ktr]  Transformaci?n detectada 
2024-07-19 20:25:22.983 WARN  <Transformacion Producto - Salida Tabla> [C:\Users\niebl\OneDrive\Escritorio\Semestre\Inteligecia de Negocio\Proyecto Fase 2\BIProyecto\ETL\Trabajo Carga Data Dimensional.kjb  C:/Users/niebl/OneDrive/Escritorio/Semestre/Inteligecia de Negocio/Proyecto Fase 2/BIProyecto/ETL/Transformacion Producto.ktr]  Transformaci?n est? matando los otros pasos!
2024-07-19 20:25:22.985 INFO  <Transformacion Producto - Añadir secuencia sk_dim_producto> [C:\Users\niebl\OneDrive\Escritorio\Semestre\Inteligecia de Negocio\Proyecto Fase 2\BIProyecto\ETL\Trabajo Carga Data Dimensional.kjb  C:/Users/niebl/OneDrive/Escritorio/Semestre/Inteligecia de Negocio/Proyecto Fase 2/BIProyecto/ETL/Transformacion Producto.ktr]  Procesamiento finalizado (I=0, O=0, R=2, W=2, U=0, E=0)
2024-07-19 20:25:23.081 INFO  <Transformacion Producto - Unión por clave> [C:\Users\niebl\OneDrive\Escritorio\Semestre\Inteligecia de Negocio\Proyecto Fase 2\BIProyecto\ETL\Trabajo Carga Data Dimensional.kjb  C:/Users/niebl/OneDrive/Escritorio/Semestre/Inteligecia de Negocio/Proyecto Fase 2/BIProyecto/ETL/Transformacion Producto.ktr]  Procesamiento finalizado (I=0, O=0, R=15, W=2, U=0, E=0)
2024-07-19 20:25:23.146 ERROR <Thread-68> [C:\Users\niebl\OneDrive\Escritorio\Semestre\Inteligecia de Negocio\Proyecto Fase 2\BIProyecto\ETL\Trabajo Carga Data Dimensional.kjb  C:/Users/niebl/OneDrive/Escritorio/Semestre/Inteligecia de Negocio/Proyecto Fase 2/BIProyecto/ETL/Transformacion Producto.ktr]  Errores detectados!
2024-07-19 20:25:23.147 INFO  <Thread-68> [C:\Users\niebl\OneDrive\Escritorio\Semestre\Inteligecia de Negocio\Proyecto Fase 2\BIProyecto\ETL\Trabajo Carga Data Dimensional.kjb]  Finished job entry [Transformation Producto] (result=[false])
2024-07-19 20:25:23.147 INFO  <Thread-68> [C:\Users\niebl\OneDrive\Escritorio\Semestre\Inteligecia de Negocio\Proyecto Fase 2\BIProyecto\ETL\Trabajo Carga Data Dimensional.kjb]  Finished job entry [Transformation Sucursal] (result=[false])
2024-07-19 20:25:23.148 WARN  <Thread-68> [C:\Users\niebl\OneDrive\Escritorio\Semestre\Inteligecia de Negocio\Proyecto Fase 2\BIProyecto\ETL\Trabajo Carga Data Dimensional.kjb]  Job execution finished
2024-07-19 20:26:08.705 INFO  <Thread-109> [C:\Users\niebl\OneDrive\Escritorio\Semestre\Inteligecia de Negocio\Proyecto Fase 2\BIProyecto\ETL\Transformacion Producto.ktr]  Iniciado despacho de la transformaci?n [Transformacion Producto]
2024-07-19 20:26:08.829 INFO  <init of Salida Tabla.0 (Thread-114)> [C:\Users\niebl\OneDrive\Escritorio\Semestre\Inteligecia de Negocio\Proyecto Fase 2\BIProyecto\ETL\Transformacion Producto.ktr]  Connected to database [Postgres] (commit=1000)
2024-07-19 20:26:08.848 INFO  <Transformacion Producto - Entrada Tabla Tipo Producto> [C:\Users\niebl\OneDrive\Escritorio\Semestre\Inteligecia de Negocio\Proyecto Fase 2\BIProyecto\ETL\Transformacion Producto.ktr]  Finished reading query, closing connection
2024-07-19 20:26:08.849 INFO  <Transformacion Producto - Entrada Tabla Producto> [C:\Users\niebl\OneDrive\Escritorio\Semestre\Inteligecia de Negocio\Proyecto Fase 2\BIProyecto\ETL\Transformacion Producto.ktr]  Finished reading query, closing connection
2024-07-19 20:26:08.850 INFO  <Transformacion Producto - Entrada Tabla Tipo Producto> [C:\Users\niebl\OneDrive\Escritorio\Semestre\Inteligecia de Negocio\Proyecto Fase 2\BIProyecto\ETL\Transformacion Producto.ktr]  Procesamiento finalizado (I=10, O=0, R=0, W=10, U=0, E=0)
2024-07-19 20:26:08.851 INFO  <Transformacion Producto - Entrada Tabla Producto> [C:\Users\niebl\OneDrive\Escritorio\Semestre\Inteligecia de Negocio\Proyecto Fase 2\BIProyecto\ETL\Transformacion Producto.ktr]  Procesamiento finalizado (I=30, O=0, R=0, W=30, U=0, E=0)
2024-07-19 20:26:08.857 ERROR <Transformacion Producto - Salida Tabla> [C:\Users\niebl\OneDrive\Escritorio\Semestre\Inteligecia de Negocio\Proyecto Fase 2\BIProyecto\ETL\Transformacion Producto.ktr]  Because of an error, this step can't continue: 
2024-07-19 20:26:08.858 ERROR <Transformacion Producto - Salida Tabla> [C:\Users\niebl\OneDrive\Escritorio\Semestre\Inteligecia de Negocio\Proyecto Fase 2\BIProyecto\ETL\Transformacion Producto.ktr]  org.pentaho.di.core.exception.KettleException: 
Error inserting row into table [dim_producto] with values: [6], [Seguro de mascotas], [1], [Poliza1_Vida], [Seguro de vida con cobertura amplia], [6], [2], [1]

Error inserting/updating row
ERROR: el valor es demasiado largo para el tipo character varying(25)


	at org.pentaho.di.trans.steps.tableoutput.TableOutput.writeToTable(TableOutput.java:384)
	at org.pentaho.di.trans.steps.tableoutput.TableOutput.processRow(TableOutput.java:125)
	at org.pentaho.di.trans.step.RunThread.run(RunThread.java:62)
	at java.lang.Thread.run(Thread.java:748)
Caused by: org.pentaho.di.core.exception.KettleDatabaseException: 
Error inserting/updating row
ERROR: el valor es demasiado largo para el tipo character varying(25)

	at org.pentaho.di.core.database.Database.insertRow(Database.java:1335)
	at org.pentaho.di.trans.steps.tableoutput.TableOutput.writeToTable(TableOutput.java:262)
	... 3 more
Caused by: org.postgresql.util.PSQLException: ERROR: el valor es demasiado largo para el tipo character varying(25)
	at org.postgresql.core.v3.QueryExecutorImpl.receiveErrorResponse(QueryExecutorImpl.java:2552)
	at org.postgresql.core.v3.QueryExecutorImpl.processResults(QueryExecutorImpl.java:2284)
	at org.postgresql.core.v3.QueryExecutorImpl.execute(QueryExecutorImpl.java:322)
	at org.postgresql.jdbc.PgStatement.executeInternal(PgStatement.java:481)
	at org.postgresql.jdbc.PgStatement.execute(PgStatement.java:401)
	at org.postgresql.jdbc.PgPreparedStatement.executeWithFlags(PgPreparedStatement.java:164)
	at org.postgresql.jdbc.PgPreparedStatement.executeUpdate(PgPreparedStatement.java:130)
	at org.pentaho.di.core.database.Database.insertRow(Database.java:1302)
	... 4 more

2024-07-19 20:26:08.859 INFO  <Transformacion Producto - Salida Tabla> [C:\Users\niebl\OneDrive\Escritorio\Semestre\Inteligecia de Negocio\Proyecto Fase 2\BIProyecto\ETL\Transformacion Producto.ktr]  Procesamiento finalizado (I=0, O=0, R=1, W=0, U=0, E=1)
2024-07-19 20:26:08.860 WARN  <Transformacion Producto - Salida Tabla> [C:\Users\niebl\OneDrive\Escritorio\Semestre\Inteligecia de Negocio\Proyecto Fase 2\BIProyecto\ETL\Transformacion Producto.ktr]  Transformaci?n detectada 
2024-07-19 20:26:08.860 WARN  <Transformacion Producto - Salida Tabla> [C:\Users\niebl\OneDrive\Escritorio\Semestre\Inteligecia de Negocio\Proyecto Fase 2\BIProyecto\ETL\Transformacion Producto.ktr]  Transformaci?n est? matando los otros pasos!
2024-07-19 20:26:08.865 INFO  <Transformacion Producto - Añadir secuencia sk_dim_producto> [C:\Users\niebl\OneDrive\Escritorio\Semestre\Inteligecia de Negocio\Proyecto Fase 2\BIProyecto\ETL\Transformacion Producto.ktr]  Procesamiento finalizado (I=0, O=0, R=2, W=2, U=0, E=0)
2024-07-19 20:26:08.975 INFO  <Transformacion Producto - Unión por clave> [C:\Users\niebl\OneDrive\Escritorio\Semestre\Inteligecia de Negocio\Proyecto Fase 2\BIProyecto\ETL\Transformacion Producto.ktr]  Procesamiento finalizado (I=0, O=0, R=15, W=2, U=0, E=0)
2024-07-19 20:26:09.008 ERROR <Transformacion Producto - Añadir secuencia sk_dim_producto> [C:\Users\niebl\OneDrive\Escritorio\Semestre\Inteligecia de Negocio\Proyecto Fase 2\BIProyecto\ETL\Transformacion Producto.ktr]  Errores detectados!
2024-07-19 20:26:09.009 ERROR <Transformacion Producto - Añadir secuencia sk_dim_producto> [C:\Users\niebl\OneDrive\Escritorio\Semestre\Inteligecia de Negocio\Proyecto Fase 2\BIProyecto\ETL\Transformacion Producto.ktr]  Errores detectados!
2024-07-19 20:26:09.132 ERROR <Transformacion Producto - Añadir secuencia sk_dim_producto> [C:\Users\niebl\OneDrive\Escritorio\Semestre\Inteligecia de Negocio\Proyecto Fase 2\BIProyecto\ETL\Transformacion Producto.ktr]  Errores detectados!
2024-07-19 20:27:30.959 INFO  <Thread-130> [C:\Users\niebl\OneDrive\Escritorio\Semestre\Inteligecia de Negocio\Proyecto Fase 2\BIProyecto\ETL\Transformacion Producto.ktr]  Iniciado despacho de la transformaci?n [Transformacion Producto]
2024-07-19 20:27:31.059 INFO  <init of Salida Tabla.0 (Thread-134)> [C:\Users\niebl\OneDrive\Escritorio\Semestre\Inteligecia de Negocio\Proyecto Fase 2\BIProyecto\ETL\Transformacion Producto.ktr]  Connected to database [Postgres] (commit=1000)
2024-07-19 20:27:31.074 INFO  <Transformacion Producto - Entrada Tabla Tipo Producto> [C:\Users\niebl\OneDrive\Escritorio\Semestre\Inteligecia de Negocio\Proyecto Fase 2\BIProyecto\ETL\Transformacion Producto.ktr]  Finished reading query, closing connection
2024-07-19 20:27:31.074 INFO  <Transformacion Producto - Entrada Tabla Producto> [C:\Users\niebl\OneDrive\Escritorio\Semestre\Inteligecia de Negocio\Proyecto Fase 2\BIProyecto\ETL\Transformacion Producto.ktr]  Finished reading query, closing connection
2024-07-19 20:27:31.075 INFO  <Transformacion Producto - Entrada Tabla Tipo Producto> [C:\Users\niebl\OneDrive\Escritorio\Semestre\Inteligecia de Negocio\Proyecto Fase 2\BIProyecto\ETL\Transformacion Producto.ktr]  Procesamiento finalizado (I=10, O=0, R=0, W=10, U=0, E=0)
2024-07-19 20:27:31.076 INFO  <Transformacion Producto - Entrada Tabla Producto> [C:\Users\niebl\OneDrive\Escritorio\Semestre\Inteligecia de Negocio\Proyecto Fase 2\BIProyecto\ETL\Transformacion Producto.ktr]  Procesamiento finalizado (I=30, O=0, R=0, W=30, U=0, E=0)
2024-07-19 20:27:31.449 INFO  <Transformacion Producto - Unión por clave> [C:\Users\niebl\OneDrive\Escritorio\Semestre\Inteligecia de Negocio\Proyecto Fase 2\BIProyecto\ETL\Transformacion Producto.ktr]  Procesamiento finalizado (I=0, O=0, R=40, W=3, U=0, E=0)
2024-07-19 20:28:33.847 INFO  <Thread-151> [C:\Users\niebl\OneDrive\Escritorio\Semestre\Inteligecia de Negocio\Proyecto Fase 2\BIProyecto\ETL\Transformacion Producto.ktr]  Iniciado despacho de la transformaci?n [Transformacion Producto]
2024-07-19 20:28:33.946 INFO  <init of Salida Tabla.0 (Thread-155)> [C:\Users\niebl\OneDrive\Escritorio\Semestre\Inteligecia de Negocio\Proyecto Fase 2\BIProyecto\ETL\Transformacion Producto.ktr]  Connected to database [Postgres] (commit=1000)
2024-07-19 20:28:33.958 INFO  <Transformacion Producto - Entrada Tabla Producto> [C:\Users\niebl\OneDrive\Escritorio\Semestre\Inteligecia de Negocio\Proyecto Fase 2\BIProyecto\ETL\Transformacion Producto.ktr]  Finished reading query, closing connection
2024-07-19 20:28:33.959 INFO  <Transformacion Producto - Entrada Tabla Producto> [C:\Users\niebl\OneDrive\Escritorio\Semestre\Inteligecia de Negocio\Proyecto Fase 2\BIProyecto\ETL\Transformacion Producto.ktr]  Procesamiento finalizado (I=30, O=0, R=0, W=30, U=0, E=0)
2024-07-19 20:28:33.961 INFO  <Transformacion Producto - Entrada Tabla Tipo Producto> [C:\Users\niebl\OneDrive\Escritorio\Semestre\Inteligecia de Negocio\Proyecto Fase 2\BIProyecto\ETL\Transformacion Producto.ktr]  Finished reading query, closing connection
2024-07-19 20:28:33.962 INFO  <Transformacion Producto - Entrada Tabla Tipo Producto> [C:\Users\niebl\OneDrive\Escritorio\Semestre\Inteligecia de Negocio\Proyecto Fase 2\BIProyecto\ETL\Transformacion Producto.ktr]  Procesamiento finalizado (I=10, O=0, R=0, W=10, U=0, E=0)
2024-07-19 20:28:34.328 INFO  <Transformacion Producto - Unión por clave> [C:\Users\niebl\OneDrive\Escritorio\Semestre\Inteligecia de Negocio\Proyecto Fase 2\BIProyecto\ETL\Transformacion Producto.ktr]  Procesamiento finalizado (I=0, O=0, R=40, W=3, U=0, E=0)
2024-07-19 20:29:16.863 INFO  <Thread-168> [C:\Users\niebl\OneDrive\Escritorio\Semestre\Inteligecia de Negocio\Proyecto Fase 2\BIProyecto\ETL\Transformacion Producto.ktr]  Iniciado despacho de la transformaci?n [Transformacion Producto]
2024-07-19 20:29:16.958 INFO  <init of Salida Tabla.0 (Thread-172)> [C:\Users\niebl\OneDrive\Escritorio\Semestre\Inteligecia de Negocio\Proyecto Fase 2\BIProyecto\ETL\Transformacion Producto.ktr]  Connected to database [Postgres] (commit=1000)
2024-07-19 20:29:16.972 INFO  <Transformacion Producto - Entrada Tabla Producto> [C:\Users\niebl\OneDrive\Escritorio\Semestre\Inteligecia de Negocio\Proyecto Fase 2\BIProyecto\ETL\Transformacion Producto.ktr]  Finished reading query, closing connection
2024-07-19 20:29:16.973 INFO  <Transformacion Producto - Entrada Tabla Tipo Producto> [C:\Users\niebl\OneDrive\Escritorio\Semestre\Inteligecia de Negocio\Proyecto Fase 2\BIProyecto\ETL\Transformacion Producto.ktr]  Finished reading query, closing connection
2024-07-19 20:29:16.974 INFO  <Transformacion Producto - Entrada Tabla Producto> [C:\Users\niebl\OneDrive\Escritorio\Semestre\Inteligecia de Negocio\Proyecto Fase 2\BIProyecto\ETL\Transformacion Producto.ktr]  Procesamiento finalizado (I=30, O=0, R=0, W=30, U=0, E=0)
2024-07-19 20:29:16.975 INFO  <Transformacion Producto - Entrada Tabla Tipo Producto> [C:\Users\niebl\OneDrive\Escritorio\Semestre\Inteligecia de Negocio\Proyecto Fase 2\BIProyecto\ETL\Transformacion Producto.ktr]  Procesamiento finalizado (I=10, O=0, R=0, W=10, U=0, E=0)
2024-07-19 20:29:17.351 INFO  <Transformacion Producto - Unión por clave> [C:\Users\niebl\OneDrive\Escritorio\Semestre\Inteligecia de Negocio\Proyecto Fase 2\BIProyecto\ETL\Transformacion Producto.ktr]  Procesamiento finalizado (I=0, O=0, R=40, W=10, U=0, E=0)
2024-07-19 20:29:39.643 INFO  <Thread-181> [C:\Users\niebl\OneDrive\Escritorio\Semestre\Inteligecia de Negocio\Proyecto Fase 2\BIProyecto\ETL\Transformacion Producto.ktr]  Iniciado despacho de la transformaci?n [Transformacion Producto]
2024-07-19 20:29:39.745 INFO  <init of Salida Tabla.0 (Thread-185)> [C:\Users\niebl\OneDrive\Escritorio\Semestre\Inteligecia de Negocio\Proyecto Fase 2\BIProyecto\ETL\Transformacion Producto.ktr]  Connected to database [Postgres] (commit=1000)
2024-07-19 20:29:39.758 INFO  <Transformacion Producto - Entrada Tabla Tipo Producto> [C:\Users\niebl\OneDrive\Escritorio\Semestre\Inteligecia de Negocio\Proyecto Fase 2\BIProyecto\ETL\Transformacion Producto.ktr]  Finished reading query, closing connection
2024-07-19 20:29:39.759 INFO  <Transformacion Producto - Entrada Tabla Producto> [C:\Users\niebl\OneDrive\Escritorio\Semestre\Inteligecia de Negocio\Proyecto Fase 2\BIProyecto\ETL\Transformacion Producto.ktr]  Finished reading query, closing connection
2024-07-19 20:29:39.759 INFO  <Transformacion Producto - Entrada Tabla Tipo Producto> [C:\Users\niebl\OneDrive\Escritorio\Semestre\Inteligecia de Negocio\Proyecto Fase 2\BIProyecto\ETL\Transformacion Producto.ktr]  Procesamiento finalizado (I=10, O=0, R=0, W=10, U=0, E=0)
2024-07-19 20:29:39.761 INFO  <Transformacion Producto - Entrada Tabla Producto> [C:\Users\niebl\OneDrive\Escritorio\Semestre\Inteligecia de Negocio\Proyecto Fase 2\BIProyecto\ETL\Transformacion Producto.ktr]  Procesamiento finalizado (I=30, O=0, R=0, W=30, U=0, E=0)
2024-07-19 20:29:40.140 INFO  <Transformacion Producto - Unión por clave> [C:\Users\niebl\OneDrive\Escritorio\Semestre\Inteligecia de Negocio\Proyecto Fase 2\BIProyecto\ETL\Transformacion Producto.ktr]  Procesamiento finalizado (I=0, O=0, R=40, W=3, U=0, E=0)
2024-07-19 20:29:58.766 INFO  <Thread-195> [C:\Users\niebl\OneDrive\Escritorio\Semestre\Inteligecia de Negocio\Proyecto Fase 2\BIProyecto\ETL\Transformacion Producto.ktr]  Iniciado despacho de la transformaci?n [Transformacion Producto]
2024-07-19 20:29:58.868 INFO  <init of Salida Tabla.0 (Thread-200)> [C:\Users\niebl\OneDrive\Escritorio\Semestre\Inteligecia de Negocio\Proyecto Fase 2\BIProyecto\ETL\Transformacion Producto.ktr]  Connected to database [Postgres] (commit=1000)
2024-07-19 20:29:58.881 INFO  <Transformacion Producto - Entrada Tabla Tipo Producto> [C:\Users\niebl\OneDrive\Escritorio\Semestre\Inteligecia de Negocio\Proyecto Fase 2\BIProyecto\ETL\Transformacion Producto.ktr]  Finished reading query, closing connection
2024-07-19 20:29:58.884 INFO  <Transformacion Producto - Entrada Tabla Producto> [C:\Users\niebl\OneDrive\Escritorio\Semestre\Inteligecia de Negocio\Proyecto Fase 2\BIProyecto\ETL\Transformacion Producto.ktr]  Finished reading query, closing connection
2024-07-19 20:29:58.884 INFO  <Transformacion Producto - Entrada Tabla Tipo Producto> [C:\Users\niebl\OneDrive\Escritorio\Semestre\Inteligecia de Negocio\Proyecto Fase 2\BIProyecto\ETL\Transformacion Producto.ktr]  Procesamiento finalizado (I=10, O=0, R=0, W=10, U=0, E=0)
2024-07-19 20:29:58.886 INFO  <Transformacion Producto - Entrada Tabla Producto> [C:\Users\niebl\OneDrive\Escritorio\Semestre\Inteligecia de Negocio\Proyecto Fase 2\BIProyecto\ETL\Transformacion Producto.ktr]  Procesamiento finalizado (I=30, O=0, R=0, W=30, U=0, E=0)
2024-07-19 20:29:58.891 ERROR <Transformacion Producto - Salida Tabla> [C:\Users\niebl\OneDrive\Escritorio\Semestre\Inteligecia de Negocio\Proyecto Fase 2\BIProyecto\ETL\Transformacion Producto.ktr]  Because of an error, this step can't continue: 
2024-07-19 20:29:58.892 ERROR <Transformacion Producto - Salida Tabla> [C:\Users\niebl\OneDrive\Escritorio\Semestre\Inteligecia de Negocio\Proyecto Fase 2\BIProyecto\ETL\Transformacion Producto.ktr]  org.pentaho.di.core.exception.KettleException: 
Error inserting row into table [dim_producto] with values: [6], [Seguro de mascotas], [1], [Poliza1_Vida], [Seguro de vida con cobertura amplia], [6], [2], [1]

Error inserting/updating row
ERROR: el valor es demasiado largo para el tipo character varying(25)


	at org.pentaho.di.trans.steps.tableoutput.TableOutput.writeToTable(TableOutput.java:384)
	at org.pentaho.di.trans.steps.tableoutput.TableOutput.processRow(TableOutput.java:125)
	at org.pentaho.di.trans.step.RunThread.run(RunThread.java:62)
	at java.lang.Thread.run(Thread.java:748)
Caused by: org.pentaho.di.core.exception.KettleDatabaseException: 
Error inserting/updating row
ERROR: el valor es demasiado largo para el tipo character varying(25)

	at org.pentaho.di.core.database.Database.insertRow(Database.java:1335)
	at org.pentaho.di.trans.steps.tableoutput.TableOutput.writeToTable(TableOutput.java:262)
	... 3 more
Caused by: org.postgresql.util.PSQLException: ERROR: el valor es demasiado largo para el tipo character varying(25)
	at org.postgresql.core.v3.QueryExecutorImpl.receiveErrorResponse(QueryExecutorImpl.java:2552)
	at org.postgresql.core.v3.QueryExecutorImpl.processResults(QueryExecutorImpl.java:2284)
	at org.postgresql.core.v3.QueryExecutorImpl.execute(QueryExecutorImpl.java:322)
	at org.postgresql.jdbc.PgStatement.executeInternal(PgStatement.java:481)
	at org.postgresql.jdbc.PgStatement.execute(PgStatement.java:401)
	at org.postgresql.jdbc.PgPreparedStatement.executeWithFlags(PgPreparedStatement.java:164)
	at org.postgresql.jdbc.PgPreparedStatement.executeUpdate(PgPreparedStatement.java:130)
	at org.pentaho.di.core.database.Database.insertRow(Database.java:1302)
	... 4 more

2024-07-19 20:29:58.892 INFO  <Transformacion Producto - Salida Tabla> [C:\Users\niebl\OneDrive\Escritorio\Semestre\Inteligecia de Negocio\Proyecto Fase 2\BIProyecto\ETL\Transformacion Producto.ktr]  Procesamiento finalizado (I=0, O=0, R=1, W=0, U=0, E=1)
2024-07-19 20:29:58.893 WARN  <Transformacion Producto - Salida Tabla> [C:\Users\niebl\OneDrive\Escritorio\Semestre\Inteligecia de Negocio\Proyecto Fase 2\BIProyecto\ETL\Transformacion Producto.ktr]  Transformaci?n detectada 
2024-07-19 20:29:58.893 WARN  <Transformacion Producto - Salida Tabla> [C:\Users\niebl\OneDrive\Escritorio\Semestre\Inteligecia de Negocio\Proyecto Fase 2\BIProyecto\ETL\Transformacion Producto.ktr]  Transformaci?n est? matando los otros pasos!
2024-07-19 20:29:58.902 INFO  <Transformacion Producto - Añadir secuencia sk_dim_producto> [C:\Users\niebl\OneDrive\Escritorio\Semestre\Inteligecia de Negocio\Proyecto Fase 2\BIProyecto\ETL\Transformacion Producto.ktr]  Procesamiento finalizado (I=0, O=0, R=2, W=2, U=0, E=0)
2024-07-19 20:29:59.014 INFO  <Transformacion Producto - Unión por clave> [C:\Users\niebl\OneDrive\Escritorio\Semestre\Inteligecia de Negocio\Proyecto Fase 2\BIProyecto\ETL\Transformacion Producto.ktr]  Procesamiento finalizado (I=0, O=0, R=15, W=2, U=0, E=0)
2024-07-19 20:29:59.046 ERROR <Transformacion Producto - Añadir secuencia sk_dim_producto> [C:\Users\niebl\OneDrive\Escritorio\Semestre\Inteligecia de Negocio\Proyecto Fase 2\BIProyecto\ETL\Transformacion Producto.ktr]  Errores detectados!
2024-07-19 20:29:59.046 ERROR <Transformacion Producto - Añadir secuencia sk_dim_producto> [C:\Users\niebl\OneDrive\Escritorio\Semestre\Inteligecia de Negocio\Proyecto Fase 2\BIProyecto\ETL\Transformacion Producto.ktr]  Errores detectados!
2024-07-19 20:29:59.059 ERROR <Transformacion Producto - Añadir secuencia sk_dim_producto> [C:\Users\niebl\OneDrive\Escritorio\Semestre\Inteligecia de Negocio\Proyecto Fase 2\BIProyecto\ETL\Transformacion Producto.ktr]  Errores detectados!
2024-07-19 20:30:41.371 INFO  <Thread-212> [C:\Users\niebl\OneDrive\Escritorio\Semestre\Inteligecia de Negocio\Proyecto Fase 2\BIProyecto\ETL\Transformacion Producto.ktr]  Iniciado despacho de la transformaci?n [Transformacion Producto]
2024-07-19 20:30:41.472 INFO  <init of Salida Tabla.0 (Thread-217)> [C:\Users\niebl\OneDrive\Escritorio\Semestre\Inteligecia de Negocio\Proyecto Fase 2\BIProyecto\ETL\Transformacion Producto.ktr]  Connected to database [Postgres] (commit=1000)
2024-07-19 20:30:41.486 INFO  <Transformacion Producto - Entrada Tabla Tipo Producto> [C:\Users\niebl\OneDrive\Escritorio\Semestre\Inteligecia de Negocio\Proyecto Fase 2\BIProyecto\ETL\Transformacion Producto.ktr]  Finished reading query, closing connection
2024-07-19 20:30:41.488 INFO  <Transformacion Producto - Entrada Tabla Producto> [C:\Users\niebl\OneDrive\Escritorio\Semestre\Inteligecia de Negocio\Proyecto Fase 2\BIProyecto\ETL\Transformacion Producto.ktr]  Finished reading query, closing connection
2024-07-19 20:30:41.489 INFO  <Transformacion Producto - Entrada Tabla Tipo Producto> [C:\Users\niebl\OneDrive\Escritorio\Semestre\Inteligecia de Negocio\Proyecto Fase 2\BIProyecto\ETL\Transformacion Producto.ktr]  Procesamiento finalizado (I=10, O=0, R=0, W=10, U=0, E=0)
2024-07-19 20:30:41.489 INFO  <Transformacion Producto - Entrada Tabla Producto> [C:\Users\niebl\OneDrive\Escritorio\Semestre\Inteligecia de Negocio\Proyecto Fase 2\BIProyecto\ETL\Transformacion Producto.ktr]  Procesamiento finalizado (I=30, O=0, R=0, W=30, U=0, E=0)
2024-07-19 20:30:41.495 ERROR <Transformacion Producto - Salida Tabla> [C:\Users\niebl\OneDrive\Escritorio\Semestre\Inteligecia de Negocio\Proyecto Fase 2\BIProyecto\ETL\Transformacion Producto.ktr]  Because of an error, this step can't continue: 
2024-07-19 20:30:41.495 ERROR <Transformacion Producto - Salida Tabla> [C:\Users\niebl\OneDrive\Escritorio\Semestre\Inteligecia de Negocio\Proyecto Fase 2\BIProyecto\ETL\Transformacion Producto.ktr]  org.pentaho.di.core.exception.KettleException: 
Error inserting row into table [dim_producto] with values: [1], [Poliza1_Vida], [Seguro de vida con cobertura amplia], [6], [2], [6], [Seguro de mascotas], [1]

Error inserting/updating row
ERROR: el valor es demasiado largo para el tipo character varying(25)


	at org.pentaho.di.trans.steps.tableoutput.TableOutput.writeToTable(TableOutput.java:384)
	at org.pentaho.di.trans.steps.tableoutput.TableOutput.processRow(TableOutput.java:125)
	at org.pentaho.di.trans.step.RunThread.run(RunThread.java:62)
	at java.lang.Thread.run(Thread.java:748)
Caused by: org.pentaho.di.core.exception.KettleDatabaseException: 
Error inserting/updating row
ERROR: el valor es demasiado largo para el tipo character varying(25)

	at org.pentaho.di.core.database.Database.insertRow(Database.java:1335)
	at org.pentaho.di.trans.steps.tableoutput.TableOutput.writeToTable(TableOutput.java:262)
	... 3 more
Caused by: org.postgresql.util.PSQLException: ERROR: el valor es demasiado largo para el tipo character varying(25)
	at org.postgresql.core.v3.QueryExecutorImpl.receiveErrorResponse(QueryExecutorImpl.java:2552)
	at org.postgresql.core.v3.QueryExecutorImpl.processResults(QueryExecutorImpl.java:2284)
	at org.postgresql.core.v3.QueryExecutorImpl.execute(QueryExecutorImpl.java:322)
	at org.postgresql.jdbc.PgStatement.executeInternal(PgStatement.java:481)
	at org.postgresql.jdbc.PgStatement.execute(PgStatement.java:401)
	at org.postgresql.jdbc.PgPreparedStatement.executeWithFlags(PgPreparedStatement.java:164)
	at org.postgresql.jdbc.PgPreparedStatement.executeUpdate(PgPreparedStatement.java:130)
	at org.pentaho.di.core.database.Database.insertRow(Database.java:1302)
	... 4 more

2024-07-19 20:30:41.496 INFO  <Transformacion Producto - Salida Tabla> [C:\Users\niebl\OneDrive\Escritorio\Semestre\Inteligecia de Negocio\Proyecto Fase 2\BIProyecto\ETL\Transformacion Producto.ktr]  Procesamiento finalizado (I=0, O=0, R=1, W=0, U=0, E=1)
2024-07-19 20:30:41.496 WARN  <Transformacion Producto - Salida Tabla> [C:\Users\niebl\OneDrive\Escritorio\Semestre\Inteligecia de Negocio\Proyecto Fase 2\BIProyecto\ETL\Transformacion Producto.ktr]  Transformaci?n detectada 
2024-07-19 20:30:41.497 WARN  <Transformacion Producto - Salida Tabla> [C:\Users\niebl\OneDrive\Escritorio\Semestre\Inteligecia de Negocio\Proyecto Fase 2\BIProyecto\ETL\Transformacion Producto.ktr]  Transformaci?n est? matando los otros pasos!
2024-07-19 20:30:41.511 INFO  <Transformacion Producto - Añadir secuencia sk_dim_producto> [C:\Users\niebl\OneDrive\Escritorio\Semestre\Inteligecia de Negocio\Proyecto Fase 2\BIProyecto\ETL\Transformacion Producto.ktr]  Procesamiento finalizado (I=0, O=0, R=2, W=2, U=0, E=0)
2024-07-19 20:30:41.607 INFO  <Transformacion Producto - Unión por clave> [C:\Users\niebl\OneDrive\Escritorio\Semestre\Inteligecia de Negocio\Proyecto Fase 2\BIProyecto\ETL\Transformacion Producto.ktr]  Procesamiento finalizado (I=0, O=0, R=16, W=2, U=0, E=0)
2024-07-19 20:30:41.656 ERROR <Transformacion Producto - Añadir secuencia sk_dim_producto> [C:\Users\niebl\OneDrive\Escritorio\Semestre\Inteligecia de Negocio\Proyecto Fase 2\BIProyecto\ETL\Transformacion Producto.ktr]  Errores detectados!
2024-07-19 20:30:41.657 ERROR <Transformacion Producto - Añadir secuencia sk_dim_producto> [C:\Users\niebl\OneDrive\Escritorio\Semestre\Inteligecia de Negocio\Proyecto Fase 2\BIProyecto\ETL\Transformacion Producto.ktr]  Errores detectados!
2024-07-19 20:30:41.671 ERROR <Transformacion Producto - Añadir secuencia sk_dim_producto> [C:\Users\niebl\OneDrive\Escritorio\Semestre\Inteligecia de Negocio\Proyecto Fase 2\BIProyecto\ETL\Transformacion Producto.ktr]  Errores detectados!
2024-07-19 20:31:48.570 INFO  <Thread-227> [C:\Users\niebl\OneDrive\Escritorio\Semestre\Inteligecia de Negocio\Proyecto Fase 2\BIProyecto\ETL\Transformacion Producto.ktr]  Iniciado despacho de la transformaci?n [Transformacion Producto]
2024-07-19 20:31:48.672 INFO  <init of Salida Tabla.0 (Thread-232)> [C:\Users\niebl\OneDrive\Escritorio\Semestre\Inteligecia de Negocio\Proyecto Fase 2\BIProyecto\ETL\Transformacion Producto.ktr]  Connected to database [Postgres] (commit=1000)
2024-07-19 20:31:48.687 INFO  <Transformacion Producto - Entrada Tabla Tipo Producto> [C:\Users\niebl\OneDrive\Escritorio\Semestre\Inteligecia de Negocio\Proyecto Fase 2\BIProyecto\ETL\Transformacion Producto.ktr]  Finished reading query, closing connection
2024-07-19 20:31:48.689 INFO  <Transformacion Producto - Entrada Tabla Tipo Producto> [C:\Users\niebl\OneDrive\Escritorio\Semestre\Inteligecia de Negocio\Proyecto Fase 2\BIProyecto\ETL\Transformacion Producto.ktr]  Procesamiento finalizado (I=10, O=0, R=0, W=10, U=0, E=0)
2024-07-19 20:31:48.689 INFO  <Transformacion Producto - Entrada Tabla Producto> [C:\Users\niebl\OneDrive\Escritorio\Semestre\Inteligecia de Negocio\Proyecto Fase 2\BIProyecto\ETL\Transformacion Producto.ktr]  Finished reading query, closing connection
2024-07-19 20:31:48.691 INFO  <Transformacion Producto - Entrada Tabla Producto> [C:\Users\niebl\OneDrive\Escritorio\Semestre\Inteligecia de Negocio\Proyecto Fase 2\BIProyecto\ETL\Transformacion Producto.ktr]  Procesamiento finalizado (I=30, O=0, R=0, W=30, U=0, E=0)
2024-07-19 20:31:48.705 ERROR <Transformacion Producto - Salida Tabla> [C:\Users\niebl\OneDrive\Escritorio\Semestre\Inteligecia de Negocio\Proyecto Fase 2\BIProyecto\ETL\Transformacion Producto.ktr]  Because of an error, this step can't continue: 
2024-07-19 20:31:48.705 ERROR <Transformacion Producto - Salida Tabla> [C:\Users\niebl\OneDrive\Escritorio\Semestre\Inteligecia de Negocio\Proyecto Fase 2\BIProyecto\ETL\Transformacion Producto.ktr]  org.pentaho.di.core.exception.KettleException: 
Error inserting row into table [dim_producto] with values: [1], [Poliza1_Vida], [Seguro de vida con cobertura amplia], [6], [2], [6], [Seguro de mascotas], [6]

Error inserting/updating row
ERROR: el valor es demasiado largo para el tipo character varying(25)


	at org.pentaho.di.trans.steps.tableoutput.TableOutput.writeToTable(TableOutput.java:384)
	at org.pentaho.di.trans.steps.tableoutput.TableOutput.processRow(TableOutput.java:125)
	at org.pentaho.di.trans.step.RunThread.run(RunThread.java:62)
	at java.lang.Thread.run(Thread.java:748)
Caused by: org.pentaho.di.core.exception.KettleDatabaseException: 
Error inserting/updating row
ERROR: el valor es demasiado largo para el tipo character varying(25)

	at org.pentaho.di.core.database.Database.insertRow(Database.java:1335)
	at org.pentaho.di.trans.steps.tableoutput.TableOutput.writeToTable(TableOutput.java:262)
	... 3 more
Caused by: org.postgresql.util.PSQLException: ERROR: el valor es demasiado largo para el tipo character varying(25)
	at org.postgresql.core.v3.QueryExecutorImpl.receiveErrorResponse(QueryExecutorImpl.java:2552)
	at org.postgresql.core.v3.QueryExecutorImpl.processResults(QueryExecutorImpl.java:2284)
	at org.postgresql.core.v3.QueryExecutorImpl.execute(QueryExecutorImpl.java:322)
	at org.postgresql.jdbc.PgStatement.executeInternal(PgStatement.java:481)
	at org.postgresql.jdbc.PgStatement.execute(PgStatement.java:401)
	at org.postgresql.jdbc.PgPreparedStatement.executeWithFlags(PgPreparedStatement.java:164)
	at org.postgresql.jdbc.PgPreparedStatement.executeUpdate(PgPreparedStatement.java:130)
	at org.pentaho.di.core.database.Database.insertRow(Database.java:1302)
	... 4 more

2024-07-19 20:31:48.706 INFO  <Transformacion Producto - Añadir secuencia sk_dim_producto> [C:\Users\niebl\OneDrive\Escritorio\Semestre\Inteligecia de Negocio\Proyecto Fase 2\BIProyecto\ETL\Transformacion Producto.ktr]  Procesamiento finalizado (I=0, O=0, R=9, W=9, U=0, E=0)
2024-07-19 20:31:48.706 INFO  <Transformacion Producto - Salida Tabla> [C:\Users\niebl\OneDrive\Escritorio\Semestre\Inteligecia de Negocio\Proyecto Fase 2\BIProyecto\ETL\Transformacion Producto.ktr]  Procesamiento finalizado (I=0, O=5, R=6, W=5, U=0, E=1)
2024-07-19 20:31:48.707 WARN  <Transformacion Producto - Salida Tabla> [C:\Users\niebl\OneDrive\Escritorio\Semestre\Inteligecia de Negocio\Proyecto Fase 2\BIProyecto\ETL\Transformacion Producto.ktr]  Transformaci?n detectada 
2024-07-19 20:31:48.707 WARN  <Transformacion Producto - Salida Tabla> [C:\Users\niebl\OneDrive\Escritorio\Semestre\Inteligecia de Negocio\Proyecto Fase 2\BIProyecto\ETL\Transformacion Producto.ktr]  Transformaci?n est? matando los otros pasos!
2024-07-19 20:31:48.805 INFO  <Transformacion Producto - Unión por clave> [C:\Users\niebl\OneDrive\Escritorio\Semestre\Inteligecia de Negocio\Proyecto Fase 2\BIProyecto\ETL\Transformacion Producto.ktr]  Procesamiento finalizado (I=0, O=0, R=16, W=11, U=0, E=0)
2024-07-19 20:31:48.869 ERROR <Transformacion Producto - Unión por clave> [C:\Users\niebl\OneDrive\Escritorio\Semestre\Inteligecia de Negocio\Proyecto Fase 2\BIProyecto\ETL\Transformacion Producto.ktr]  Errores detectados!
2024-07-19 20:31:48.869 ERROR <Transformacion Producto - Unión por clave> [C:\Users\niebl\OneDrive\Escritorio\Semestre\Inteligecia de Negocio\Proyecto Fase 2\BIProyecto\ETL\Transformacion Producto.ktr]  Errores detectados!
2024-07-19 20:31:48.882 ERROR <Transformacion Producto - Unión por clave> [C:\Users\niebl\OneDrive\Escritorio\Semestre\Inteligecia de Negocio\Proyecto Fase 2\BIProyecto\ETL\Transformacion Producto.ktr]  Errores detectados!
2024-07-19 20:40:36.090 INFO  <Thread-256> [C:\Users\niebl\OneDrive\Escritorio\Semestre\Inteligecia de Negocio\Proyecto Fase 2\BIProyecto\ETL\Transformacion Producto.ktr]  Iniciado despacho de la transformaci?n [Transformacion Producto]
2024-07-19 20:40:36.195 INFO  <init of Salida Tabla.0 (Thread-263)> [C:\Users\niebl\OneDrive\Escritorio\Semestre\Inteligecia de Negocio\Proyecto Fase 2\BIProyecto\ETL\Transformacion Producto.ktr]  Connected to database [Postgres] (commit=1000)
2024-07-19 20:40:36.199 ERROR <Transformacion Producto - Unión por clave> [C:\Users\niebl\OneDrive\Escritorio\Semestre\Inteligecia de Negocio\Proyecto Fase 2\BIProyecto\ETL\Transformacion Producto.ktr]  Error desconocido
2024-07-19 20:40:36.199 ERROR <Transformacion Producto - Unión por clave> [C:\Users\niebl\OneDrive\Escritorio\Semestre\Inteligecia de Negocio\Proyecto Fase 2\BIProyecto\ETL\Transformacion Producto.ktr]  org.pentaho.di.core.exception.KettleException: 
Unable to find specified source step with name 'Entrada Tabla Producto'.

	at org.pentaho.di.trans.steps.mergejoin.MergeJoin.processRow(MergeJoin.java:84)
	at org.pentaho.di.trans.step.RunThread.run(RunThread.java:62)
	at java.lang.Thread.run(Thread.java:748)

2024-07-19 20:40:36.200 INFO  <Transformacion Producto - Unión por clave> [C:\Users\niebl\OneDrive\Escritorio\Semestre\Inteligecia de Negocio\Proyecto Fase 2\BIProyecto\ETL\Transformacion Producto.ktr]  Procesamiento finalizado (I=0, O=0, R=0, W=0, U=0, E=1)
2024-07-19 20:40:36.200 WARN  <Transformacion Producto - Unión por clave> [C:\Users\niebl\OneDrive\Escritorio\Semestre\Inteligecia de Negocio\Proyecto Fase 2\BIProyecto\ETL\Transformacion Producto.ktr]  Transformaci?n detectada 
2024-07-19 20:40:36.201 WARN  <Transformacion Producto - Unión por clave> [C:\Users\niebl\OneDrive\Escritorio\Semestre\Inteligecia de Negocio\Proyecto Fase 2\BIProyecto\ETL\Transformacion Producto.ktr]  Transformaci?n est? matando los otros pasos!
2024-07-19 20:40:36.210 INFO  <Transformacion Producto - Entrada Tabla Producto> [C:\Users\niebl\OneDrive\Escritorio\Semestre\Inteligecia de Negocio\Proyecto Fase 2\BIProyecto\ETL\Transformacion Producto.ktr]  Finished reading query, closing connection
2024-07-19 20:40:36.211 INFO  <Transformacion Producto - Entrada Tabla Tipo Producto> [C:\Users\niebl\OneDrive\Escritorio\Semestre\Inteligecia de Negocio\Proyecto Fase 2\BIProyecto\ETL\Transformacion Producto.ktr]  Finished reading query, closing connection
2024-07-19 20:40:36.211 INFO  <Transformacion Producto - Entrada Tabla Producto> [C:\Users\niebl\OneDrive\Escritorio\Semestre\Inteligecia de Negocio\Proyecto Fase 2\BIProyecto\ETL\Transformacion Producto.ktr]  Procesamiento finalizado (I=2, O=0, R=0, W=0, U=0, E=0)
2024-07-19 20:40:36.212 INFO  <Transformacion Producto - Entrada Tabla Tipo Producto> [C:\Users\niebl\OneDrive\Escritorio\Semestre\Inteligecia de Negocio\Proyecto Fase 2\BIProyecto\ETL\Transformacion Producto.ktr]  Procesamiento finalizado (I=2, O=0, R=0, W=0, U=0, E=0)
2024-07-19 20:40:36.421 ERROR <Transformacion Producto - Salida Tabla> [C:\Users\niebl\OneDrive\Escritorio\Semestre\Inteligecia de Negocio\Proyecto Fase 2\BIProyecto\ETL\Transformacion Producto.ktr]  Errores detectados!
2024-07-19 20:40:36.421 ERROR <Transformacion Producto - Salida Tabla> [C:\Users\niebl\OneDrive\Escritorio\Semestre\Inteligecia de Negocio\Proyecto Fase 2\BIProyecto\ETL\Transformacion Producto.ktr]  Errores detectados!
2024-07-19 20:40:36.433 ERROR <Transformacion Producto - Salida Tabla> [C:\Users\niebl\OneDrive\Escritorio\Semestre\Inteligecia de Negocio\Proyecto Fase 2\BIProyecto\ETL\Transformacion Producto.ktr]  Errores detectados!
2024-07-19 20:41:02.580 INFO  <Thread-278> [C:\Users\niebl\OneDrive\Escritorio\Semestre\Inteligecia de Negocio\Proyecto Fase 2\BIProyecto\ETL\Transformacion Producto.ktr]  Iniciado despacho de la transformaci?n [Transformacion Producto]
2024-07-19 20:41:02.670 INFO  <init of Salida Tabla.0 (Thread-285)> [C:\Users\niebl\OneDrive\Escritorio\Semestre\Inteligecia de Negocio\Proyecto Fase 2\BIProyecto\ETL\Transformacion Producto.ktr]  Connected to database [Postgres] (commit=1000)
2024-07-19 20:41:02.679 ERROR <Transformacion Producto - Unión por clave> [C:\Users\niebl\OneDrive\Escritorio\Semestre\Inteligecia de Negocio\Proyecto Fase 2\BIProyecto\ETL\Transformacion Producto.ktr]  Error desconocido
2024-07-19 20:41:02.680 ERROR <Transformacion Producto - Unión por clave> [C:\Users\niebl\OneDrive\Escritorio\Semestre\Inteligecia de Negocio\Proyecto Fase 2\BIProyecto\ETL\Transformacion Producto.ktr]  org.pentaho.di.core.exception.KettleException: 
Unable to find specified source step with name 'Entrada Tabla Producto'.

	at org.pentaho.di.trans.steps.mergejoin.MergeJoin.processRow(MergeJoin.java:84)
	at org.pentaho.di.trans.step.RunThread.run(RunThread.java:62)
	at java.lang.Thread.run(Thread.java:748)

2024-07-19 20:41:02.680 INFO  <Transformacion Producto - Unión por clave> [C:\Users\niebl\OneDrive\Escritorio\Semestre\Inteligecia de Negocio\Proyecto Fase 2\BIProyecto\ETL\Transformacion Producto.ktr]  Procesamiento finalizado (I=0, O=0, R=0, W=0, U=0, E=1)
2024-07-19 20:41:02.681 WARN  <Transformacion Producto - Unión por clave> [C:\Users\niebl\OneDrive\Escritorio\Semestre\Inteligecia de Negocio\Proyecto Fase 2\BIProyecto\ETL\Transformacion Producto.ktr]  Transformaci?n detectada 
2024-07-19 20:41:02.681 WARN  <Transformacion Producto - Unión por clave> [C:\Users\niebl\OneDrive\Escritorio\Semestre\Inteligecia de Negocio\Proyecto Fase 2\BIProyecto\ETL\Transformacion Producto.ktr]  Transformaci?n est? matando los otros pasos!
2024-07-19 20:41:02.690 INFO  <Transformacion Producto - Entrada Tabla Tipo Producto> [C:\Users\niebl\OneDrive\Escritorio\Semestre\Inteligecia de Negocio\Proyecto Fase 2\BIProyecto\ETL\Transformacion Producto.ktr]  Finished reading query, closing connection
2024-07-19 20:41:02.691 INFO  <Transformacion Producto - Entrada Tabla Producto> [C:\Users\niebl\OneDrive\Escritorio\Semestre\Inteligecia de Negocio\Proyecto Fase 2\BIProyecto\ETL\Transformacion Producto.ktr]  Finished reading query, closing connection
2024-07-19 20:41:02.691 INFO  <Transformacion Producto - Entrada Tabla Tipo Producto> [C:\Users\niebl\OneDrive\Escritorio\Semestre\Inteligecia de Negocio\Proyecto Fase 2\BIProyecto\ETL\Transformacion Producto.ktr]  Procesamiento finalizado (I=2, O=0, R=0, W=0, U=0, E=0)
2024-07-19 20:41:02.692 INFO  <Transformacion Producto - Entrada Tabla Producto> [C:\Users\niebl\OneDrive\Escritorio\Semestre\Inteligecia de Negocio\Proyecto Fase 2\BIProyecto\ETL\Transformacion Producto.ktr]  Procesamiento finalizado (I=2, O=0, R=0, W=0, U=0, E=0)
2024-07-19 20:41:02.903 ERROR <Transformacion Producto - Entrada Tabla Tipo Producto> [C:\Users\niebl\OneDrive\Escritorio\Semestre\Inteligecia de Negocio\Proyecto Fase 2\BIProyecto\ETL\Transformacion Producto.ktr]  Errores detectados!
2024-07-19 20:41:02.903 ERROR <Transformacion Producto - Entrada Tabla Tipo Producto> [C:\Users\niebl\OneDrive\Escritorio\Semestre\Inteligecia de Negocio\Proyecto Fase 2\BIProyecto\ETL\Transformacion Producto.ktr]  Errores detectados!
2024-07-19 20:41:02.916 ERROR <Transformacion Producto - Entrada Tabla Tipo Producto> [C:\Users\niebl\OneDrive\Escritorio\Semestre\Inteligecia de Negocio\Proyecto Fase 2\BIProyecto\ETL\Transformacion Producto.ktr]  Errores detectados!
2024-07-19 20:41:14.040 INFO  <Thread-295> [C:\Users\niebl\OneDrive\Escritorio\Semestre\Inteligecia de Negocio\Proyecto Fase 2\BIProyecto\ETL\Transformacion Producto.ktr]  Iniciado despacho de la transformaci?n [Transformacion Producto]
2024-07-19 20:41:14.107 INFO  <init of Salida Tabla.0 (Thread-300)> [C:\Users\niebl\OneDrive\Escritorio\Semestre\Inteligecia de Negocio\Proyecto Fase 2\BIProyecto\ETL\Transformacion Producto.ktr]  Connected to database [Postgres] (commit=1000)
2024-07-19 20:41:14.110 ERROR <Transformacion Producto - Unión por clave> [C:\Users\niebl\OneDrive\Escritorio\Semestre\Inteligecia de Negocio\Proyecto Fase 2\BIProyecto\ETL\Transformacion Producto.ktr]  Error desconocido
2024-07-19 20:41:14.111 ERROR <Transformacion Producto - Unión por clave> [C:\Users\niebl\OneDrive\Escritorio\Semestre\Inteligecia de Negocio\Proyecto Fase 2\BIProyecto\ETL\Transformacion Producto.ktr]  org.pentaho.di.core.exception.KettleException: 
Unable to find specified source step with name 'Entrada Tabla Producto'.

	at org.pentaho.di.trans.steps.mergejoin.MergeJoin.processRow(MergeJoin.java:84)
	at org.pentaho.di.trans.step.RunThread.run(RunThread.java:62)
	at java.lang.Thread.run(Thread.java:748)

2024-07-19 20:41:14.111 INFO  <Transformacion Producto - Unión por clave> [C:\Users\niebl\OneDrive\Escritorio\Semestre\Inteligecia de Negocio\Proyecto Fase 2\BIProyecto\ETL\Transformacion Producto.ktr]  Procesamiento finalizado (I=0, O=0, R=0, W=0, U=0, E=1)
2024-07-19 20:41:14.111 WARN  <Transformacion Producto - Unión por clave> [C:\Users\niebl\OneDrive\Escritorio\Semestre\Inteligecia de Negocio\Proyecto Fase 2\BIProyecto\ETL\Transformacion Producto.ktr]  Transformaci?n detectada 
2024-07-19 20:41:14.112 WARN  <Transformacion Producto - Unión por clave> [C:\Users\niebl\OneDrive\Escritorio\Semestre\Inteligecia de Negocio\Proyecto Fase 2\BIProyecto\ETL\Transformacion Producto.ktr]  Transformaci?n est? matando los otros pasos!
2024-07-19 20:41:14.274 ERROR <Transformacion Producto - Añadir secuencia sk_dim_producto> [C:\Users\niebl\OneDrive\Escritorio\Semestre\Inteligecia de Negocio\Proyecto Fase 2\BIProyecto\ETL\Transformacion Producto.ktr]  Errores detectados!
2024-07-19 20:41:14.274 ERROR <Transformacion Producto - Añadir secuencia sk_dim_producto> [C:\Users\niebl\OneDrive\Escritorio\Semestre\Inteligecia de Negocio\Proyecto Fase 2\BIProyecto\ETL\Transformacion Producto.ktr]  Errores detectados!
2024-07-19 20:41:14.286 ERROR <Transformacion Producto - Añadir secuencia sk_dim_producto> [C:\Users\niebl\OneDrive\Escritorio\Semestre\Inteligecia de Negocio\Proyecto Fase 2\BIProyecto\ETL\Transformacion Producto.ktr]  Errores detectados!
2024-07-19 20:41:57.071 INFO  <ModalContext> [C:\Users\niebl\OneDrive\Escritorio\Semestre\Inteligecia de Negocio\Proyecto Fase 2\BIProyecto\ETL\Transformacion Producto.ktr : Transformacion Producto.ktr]  Iniciado despacho de la transformaci?n [C:\Users\niebl\OneDrive\Escritorio\Semestre\Inteligecia de Negocio\Proyecto Fase 2\BIProyecto\ETL\Transformacion Producto.ktr : Transformacion Producto]
2024-07-19 20:41:57.165 INFO  <C:\Users\niebl\OneDrive\Escritorio\Semestre\Inteligecia de Negocio\Proyecto Fase 2\BIProyecto\ETL\Transformacion Producto.ktr : Transformacion Producto - Entrada Tabla Tipo Producto> [C:\Users\niebl\OneDrive\Escritorio\Semestre\Inteligecia de Negocio\Proyecto Fase 2\BIProyecto\ETL\Transformacion Producto.ktr : Transformacion Producto.ktr]  Finished reading query, closing connection
2024-07-19 20:41:57.166 INFO  <C:\Users\niebl\OneDrive\Escritorio\Semestre\Inteligecia de Negocio\Proyecto Fase 2\BIProyecto\ETL\Transformacion Producto.ktr : Transformacion Producto - Entrada Tabla Tipo Producto> [C:\Users\niebl\OneDrive\Escritorio\Semestre\Inteligecia de Negocio\Proyecto Fase 2\BIProyecto\ETL\Transformacion Producto.ktr : Transformacion Producto.ktr]  Procesamiento finalizado (I=10, O=0, R=0, W=10, U=0, E=0)
2024-07-19 20:41:57.187 INFO  <C:\Users\niebl\OneDrive\Escritorio\Semestre\Inteligecia de Negocio\Proyecto Fase 2\BIProyecto\ETL\Transformacion Producto.ktr : Transformacion Producto - dummy> [C:\Users\niebl\OneDrive\Escritorio\Semestre\Inteligecia de Negocio\Proyecto Fase 2\BIProyecto\ETL\Transformacion Producto.ktr : Transformacion Producto.ktr]  Procesamiento finalizado (I=0, O=0, R=10, W=10, U=0, E=0)
2024-07-19 20:42:10.043 INFO  <ModalContext> [C:\Users\niebl\OneDrive\Escritorio\Semestre\Inteligecia de Negocio\Proyecto Fase 2\BIProyecto\ETL\Transformacion Producto.ktr : Transformacion Producto.ktr]  Iniciado despacho de la transformaci?n [C:\Users\niebl\OneDrive\Escritorio\Semestre\Inteligecia de Negocio\Proyecto Fase 2\BIProyecto\ETL\Transformacion Producto.ktr : Transformacion Producto]
2024-07-19 20:42:10.119 INFO  <C:\Users\niebl\OneDrive\Escritorio\Semestre\Inteligecia de Negocio\Proyecto Fase 2\BIProyecto\ETL\Transformacion Producto.ktr : Transformacion Producto - Entrada Tabla Producto> [C:\Users\niebl\OneDrive\Escritorio\Semestre\Inteligecia de Negocio\Proyecto Fase 2\BIProyecto\ETL\Transformacion Producto.ktr : Transformacion Producto.ktr]  Finished reading query, closing connection
2024-07-19 20:42:10.120 INFO  <C:\Users\niebl\OneDrive\Escritorio\Semestre\Inteligecia de Negocio\Proyecto Fase 2\BIProyecto\ETL\Transformacion Producto.ktr : Transformacion Producto - Entrada Tabla Producto> [C:\Users\niebl\OneDrive\Escritorio\Semestre\Inteligecia de Negocio\Proyecto Fase 2\BIProyecto\ETL\Transformacion Producto.ktr : Transformacion Producto.ktr]  Procesamiento finalizado (I=30, O=0, R=0, W=30, U=0, E=0)
2024-07-19 20:42:10.145 INFO  <C:\Users\niebl\OneDrive\Escritorio\Semestre\Inteligecia de Negocio\Proyecto Fase 2\BIProyecto\ETL\Transformacion Producto.ktr : Transformacion Producto - dummy> [C:\Users\niebl\OneDrive\Escritorio\Semestre\Inteligecia de Negocio\Proyecto Fase 2\BIProyecto\ETL\Transformacion Producto.ktr : Transformacion Producto.ktr]  Procesamiento finalizado (I=0, O=0, R=30, W=30, U=0, E=0)
2024-07-19 20:42:33.831 INFO  <Thread-322> [C:\Users\niebl\OneDrive\Escritorio\Semestre\Inteligecia de Negocio\Proyecto Fase 2\BIProyecto\ETL\Transformacion Producto.ktr]  Iniciado despacho de la transformaci?n [Transformacion Producto]
2024-07-19 20:42:33.895 INFO  <init of Salida Tabla.0 (Thread-324)> [C:\Users\niebl\OneDrive\Escritorio\Semestre\Inteligecia de Negocio\Proyecto Fase 2\BIProyecto\ETL\Transformacion Producto.ktr]  Connected to database [Postgres] (commit=1000)
2024-07-19 20:42:56.936 INFO  <Thread-332> [C:\Users\niebl\OneDrive\Escritorio\Semestre\Inteligecia de Negocio\Proyecto Fase 2\BIProyecto\ETL\Transformacion Producto.ktr]  Iniciado despacho de la transformaci?n [Transformacion Producto]
2024-07-19 20:42:57.030 INFO  <Transformacion Producto - Entrada Tabla Tipo Producto> [C:\Users\niebl\OneDrive\Escritorio\Semestre\Inteligecia de Negocio\Proyecto Fase 2\BIProyecto\ETL\Transformacion Producto.ktr]  Finished reading query, closing connection
2024-07-19 20:42:57.031 INFO  <Transformacion Producto - Entrada Tabla Producto> [C:\Users\niebl\OneDrive\Escritorio\Semestre\Inteligecia de Negocio\Proyecto Fase 2\BIProyecto\ETL\Transformacion Producto.ktr]  Finished reading query, closing connection
2024-07-19 20:42:57.031 INFO  <Transformacion Producto - Entrada Tabla Tipo Producto> [C:\Users\niebl\OneDrive\Escritorio\Semestre\Inteligecia de Negocio\Proyecto Fase 2\BIProyecto\ETL\Transformacion Producto.ktr]  Procesamiento finalizado (I=10, O=0, R=0, W=10, U=0, E=0)
2024-07-19 20:42:57.032 INFO  <Transformacion Producto - Entrada Tabla Producto> [C:\Users\niebl\OneDrive\Escritorio\Semestre\Inteligecia de Negocio\Proyecto Fase 2\BIProyecto\ETL\Transformacion Producto.ktr]  Procesamiento finalizado (I=30, O=0, R=0, W=30, U=0, E=0)
2024-07-19 20:42:57.057 INFO  <Transformacion Producto - Ordenar filas> [C:\Users\niebl\OneDrive\Escritorio\Semestre\Inteligecia de Negocio\Proyecto Fase 2\BIProyecto\ETL\Transformacion Producto.ktr]  Procesamiento finalizado (I=0, O=0, R=10, W=10, U=0, E=0)
2024-07-19 20:42:57.057 INFO  <Transformacion Producto - Ordenar filas 2> [C:\Users\niebl\OneDrive\Escritorio\Semestre\Inteligecia de Negocio\Proyecto Fase 2\BIProyecto\ETL\Transformacion Producto.ktr]  Procesamiento finalizado (I=0, O=0, R=30, W=30, U=0, E=0)
2024-07-19 20:43:14.979 INFO  <Thread-344> [C:\Users\niebl\OneDrive\Escritorio\Semestre\Inteligecia de Negocio\Proyecto Fase 2\BIProyecto\ETL\Transformacion Producto.ktr]  Iniciado despacho de la transformaci?n [Transformacion Producto]
2024-07-19 20:43:15.063 ERROR <Transformacion Producto - Unión por clave> [C:\Users\niebl\OneDrive\Escritorio\Semestre\Inteligecia de Negocio\Proyecto Fase 2\BIProyecto\ETL\Transformacion Producto.ktr]  Error desconocido
2024-07-19 20:43:15.064 ERROR <Transformacion Producto - Unión por clave> [C:\Users\niebl\OneDrive\Escritorio\Semestre\Inteligecia de Negocio\Proyecto Fase 2\BIProyecto\ETL\Transformacion Producto.ktr]  org.pentaho.di.core.exception.KettleException: 
Unable to find specified source step with name 'Entrada Tabla Producto'.

	at org.pentaho.di.trans.steps.mergejoin.MergeJoin.processRow(MergeJoin.java:84)
	at org.pentaho.di.trans.step.RunThread.run(RunThread.java:62)
	at java.lang.Thread.run(Thread.java:748)

2024-07-19 20:43:15.064 INFO  <Transformacion Producto - Unión por clave> [C:\Users\niebl\OneDrive\Escritorio\Semestre\Inteligecia de Negocio\Proyecto Fase 2\BIProyecto\ETL\Transformacion Producto.ktr]  Procesamiento finalizado (I=0, O=0, R=0, W=0, U=0, E=1)
2024-07-19 20:43:15.065 WARN  <Transformacion Producto - Unión por clave> [C:\Users\niebl\OneDrive\Escritorio\Semestre\Inteligecia de Negocio\Proyecto Fase 2\BIProyecto\ETL\Transformacion Producto.ktr]  Transformaci?n detectada 
2024-07-19 20:43:15.065 WARN  <Transformacion Producto - Unión por clave> [C:\Users\niebl\OneDrive\Escritorio\Semestre\Inteligecia de Negocio\Proyecto Fase 2\BIProyecto\ETL\Transformacion Producto.ktr]  Transformaci?n est? matando los otros pasos!
2024-07-19 20:43:15.075 INFO  <Transformacion Producto - Entrada Tabla Tipo Producto> [C:\Users\niebl\OneDrive\Escritorio\Semestre\Inteligecia de Negocio\Proyecto Fase 2\BIProyecto\ETL\Transformacion Producto.ktr]  Finished reading query, closing connection
2024-07-19 20:43:15.076 INFO  <Transformacion Producto - Entrada Tabla Producto> [C:\Users\niebl\OneDrive\Escritorio\Semestre\Inteligecia de Negocio\Proyecto Fase 2\BIProyecto\ETL\Transformacion Producto.ktr]  Finished reading query, closing connection
2024-07-19 20:43:15.077 INFO  <Transformacion Producto - Entrada Tabla Tipo Producto> [C:\Users\niebl\OneDrive\Escritorio\Semestre\Inteligecia de Negocio\Proyecto Fase 2\BIProyecto\ETL\Transformacion Producto.ktr]  Procesamiento finalizado (I=2, O=0, R=0, W=0, U=0, E=0)
2024-07-19 20:43:15.077 INFO  <Transformacion Producto - Entrada Tabla Producto> [C:\Users\niebl\OneDrive\Escritorio\Semestre\Inteligecia de Negocio\Proyecto Fase 2\BIProyecto\ETL\Transformacion Producto.ktr]  Procesamiento finalizado (I=2, O=0, R=0, W=0, U=0, E=0)
2024-07-19 20:43:15.227 ERROR <Transformacion Producto - Ordenar filas> [C:\Users\niebl\OneDrive\Escritorio\Semestre\Inteligecia de Negocio\Proyecto Fase 2\BIProyecto\ETL\Transformacion Producto.ktr]  Errores detectados!
2024-07-19 20:43:15.227 ERROR <Transformacion Producto - Ordenar filas> [C:\Users\niebl\OneDrive\Escritorio\Semestre\Inteligecia de Negocio\Proyecto Fase 2\BIProyecto\ETL\Transformacion Producto.ktr]  Errores detectados!
2024-07-19 20:43:15.239 ERROR <Transformacion Producto - Ordenar filas> [C:\Users\niebl\OneDrive\Escritorio\Semestre\Inteligecia de Negocio\Proyecto Fase 2\BIProyecto\ETL\Transformacion Producto.ktr]  Errores detectados!
2024-07-19 20:43:41.275 INFO  <Thread-358> [C:\Users\niebl\OneDrive\Escritorio\Semestre\Inteligecia de Negocio\Proyecto Fase 2\BIProyecto\ETL\Transformacion Producto.ktr]  Iniciado despacho de la transformaci?n [Transformacion Producto]
2024-07-19 20:43:41.367 INFO  <Transformacion Producto - Entrada Tabla Tipo Producto> [C:\Users\niebl\OneDrive\Escritorio\Semestre\Inteligecia de Negocio\Proyecto Fase 2\BIProyecto\ETL\Transformacion Producto.ktr]  Finished reading query, closing connection
2024-07-19 20:43:41.368 INFO  <Transformacion Producto - Entrada Tabla Tipo Producto> [C:\Users\niebl\OneDrive\Escritorio\Semestre\Inteligecia de Negocio\Proyecto Fase 2\BIProyecto\ETL\Transformacion Producto.ktr]  Procesamiento finalizado (I=10, O=0, R=0, W=10, U=0, E=0)
2024-07-19 20:43:41.370 INFO  <Transformacion Producto - Entrada Tabla Producto> [C:\Users\niebl\OneDrive\Escritorio\Semestre\Inteligecia de Negocio\Proyecto Fase 2\BIProyecto\ETL\Transformacion Producto.ktr]  Finished reading query, closing connection
2024-07-19 20:43:41.371 INFO  <Transformacion Producto - Entrada Tabla Producto> [C:\Users\niebl\OneDrive\Escritorio\Semestre\Inteligecia de Negocio\Proyecto Fase 2\BIProyecto\ETL\Transformacion Producto.ktr]  Procesamiento finalizado (I=30, O=0, R=0, W=30, U=0, E=0)
2024-07-19 20:43:41.400 INFO  <Transformacion Producto - Ordenar filas> [C:\Users\niebl\OneDrive\Escritorio\Semestre\Inteligecia de Negocio\Proyecto Fase 2\BIProyecto\ETL\Transformacion Producto.ktr]  Procesamiento finalizado (I=0, O=0, R=10, W=10, U=0, E=0)
2024-07-19 20:43:41.401 INFO  <Transformacion Producto - Ordenar filas 2> [C:\Users\niebl\OneDrive\Escritorio\Semestre\Inteligecia de Negocio\Proyecto Fase 2\BIProyecto\ETL\Transformacion Producto.ktr]  Procesamiento finalizado (I=0, O=0, R=30, W=30, U=0, E=0)
2024-07-19 20:43:41.773 INFO  <Transformacion Producto - Unión por clave> [C:\Users\niebl\OneDrive\Escritorio\Semestre\Inteligecia de Negocio\Proyecto Fase 2\BIProyecto\ETL\Transformacion Producto.ktr]  Procesamiento finalizado (I=0, O=0, R=40, W=30, U=0, E=0)
2024-07-19 20:43:51.273 INFO  <Thread-371> [C:\Users\niebl\OneDrive\Escritorio\Semestre\Inteligecia de Negocio\Proyecto Fase 2\BIProyecto\ETL\Transformacion Producto.ktr]  Iniciado despacho de la transformaci?n [Transformacion Producto]
2024-07-19 20:43:51.384 INFO  <Transformacion Producto - Entrada Tabla Tipo Producto> [C:\Users\niebl\OneDrive\Escritorio\Semestre\Inteligecia de Negocio\Proyecto Fase 2\BIProyecto\ETL\Transformacion Producto.ktr]  Finished reading query, closing connection
2024-07-19 20:43:51.385 INFO  <Transformacion Producto - Entrada Tabla Producto> [C:\Users\niebl\OneDrive\Escritorio\Semestre\Inteligecia de Negocio\Proyecto Fase 2\BIProyecto\ETL\Transformacion Producto.ktr]  Finished reading query, closing connection
2024-07-19 20:43:51.385 INFO  <Transformacion Producto - Entrada Tabla Tipo Producto> [C:\Users\niebl\OneDrive\Escritorio\Semestre\Inteligecia de Negocio\Proyecto Fase 2\BIProyecto\ETL\Transformacion Producto.ktr]  Procesamiento finalizado (I=10, O=0, R=0, W=10, U=0, E=0)
2024-07-19 20:43:51.386 INFO  <Transformacion Producto - Entrada Tabla Producto> [C:\Users\niebl\OneDrive\Escritorio\Semestre\Inteligecia de Negocio\Proyecto Fase 2\BIProyecto\ETL\Transformacion Producto.ktr]  Procesamiento finalizado (I=30, O=0, R=0, W=30, U=0, E=0)
2024-07-19 20:43:51.414 INFO  <Transformacion Producto - Ordenar filas> [C:\Users\niebl\OneDrive\Escritorio\Semestre\Inteligecia de Negocio\Proyecto Fase 2\BIProyecto\ETL\Transformacion Producto.ktr]  Procesamiento finalizado (I=0, O=0, R=10, W=10, U=0, E=0)
2024-07-19 20:43:51.414 INFO  <Transformacion Producto - Ordenar filas 2> [C:\Users\niebl\OneDrive\Escritorio\Semestre\Inteligecia de Negocio\Proyecto Fase 2\BIProyecto\ETL\Transformacion Producto.ktr]  Procesamiento finalizado (I=0, O=0, R=30, W=30, U=0, E=0)
2024-07-19 20:43:51.792 INFO  <Transformacion Producto - Unión por clave> [C:\Users\niebl\OneDrive\Escritorio\Semestre\Inteligecia de Negocio\Proyecto Fase 2\BIProyecto\ETL\Transformacion Producto.ktr]  Procesamiento finalizado (I=0, O=0, R=40, W=30, U=0, E=0)
2024-07-19 20:43:51.823 INFO  <Transformacion Producto - Añadir secuencia sk_dim_producto> [C:\Users\niebl\OneDrive\Escritorio\Semestre\Inteligecia de Negocio\Proyecto Fase 2\BIProyecto\ETL\Transformacion Producto.ktr]  Procesamiento finalizado (I=0, O=0, R=30, W=30, U=0, E=0)
2024-07-19 20:44:18.325 INFO  <Thread-386> [C:\Users\niebl\OneDrive\Escritorio\Semestre\Inteligecia de Negocio\Proyecto Fase 2\BIProyecto\ETL\Transformacion Producto.ktr]  Iniciado despacho de la transformaci?n [Transformacion Producto]
2024-07-19 20:44:18.507 INFO  <init of Salida Tabla.0 (Thread-393)> [C:\Users\niebl\OneDrive\Escritorio\Semestre\Inteligecia de Negocio\Proyecto Fase 2\BIProyecto\ETL\Transformacion Producto.ktr]  Connected to database [Postgres] (commit=1000)
2024-07-19 20:44:18.592 INFO  <Transformacion Producto - Entrada Tabla Tipo Producto> [C:\Users\niebl\OneDrive\Escritorio\Semestre\Inteligecia de Negocio\Proyecto Fase 2\BIProyecto\ETL\Transformacion Producto.ktr]  Finished reading query, closing connection
2024-07-19 20:44:18.593 INFO  <Transformacion Producto - Entrada Tabla Tipo Producto> [C:\Users\niebl\OneDrive\Escritorio\Semestre\Inteligecia de Negocio\Proyecto Fase 2\BIProyecto\ETL\Transformacion Producto.ktr]  Procesamiento finalizado (I=10, O=0, R=0, W=10, U=0, E=0)
2024-07-19 20:44:18.610 INFO  <Transformacion Producto - Ordenar filas> [C:\Users\niebl\OneDrive\Escritorio\Semestre\Inteligecia de Negocio\Proyecto Fase 2\BIProyecto\ETL\Transformacion Producto.ktr]  Procesamiento finalizado (I=0, O=0, R=10, W=10, U=0, E=0)
2024-07-19 20:44:18.621 INFO  <Transformacion Producto - Entrada Tabla Producto> [C:\Users\niebl\OneDrive\Escritorio\Semestre\Inteligecia de Negocio\Proyecto Fase 2\BIProyecto\ETL\Transformacion Producto.ktr]  Finished reading query, closing connection
2024-07-19 20:44:18.622 INFO  <Transformacion Producto - Entrada Tabla Producto> [C:\Users\niebl\OneDrive\Escritorio\Semestre\Inteligecia de Negocio\Proyecto Fase 2\BIProyecto\ETL\Transformacion Producto.ktr]  Procesamiento finalizado (I=30, O=0, R=0, W=30, U=0, E=0)
2024-07-19 20:44:18.643 INFO  <Transformacion Producto - Ordenar filas 2> [C:\Users\niebl\OneDrive\Escritorio\Semestre\Inteligecia de Negocio\Proyecto Fase 2\BIProyecto\ETL\Transformacion Producto.ktr]  Procesamiento finalizado (I=0, O=0, R=30, W=30, U=0, E=0)
2024-07-19 20:44:18.648 ERROR <Transformacion Producto - Salida Tabla> [C:\Users\niebl\OneDrive\Escritorio\Semestre\Inteligecia de Negocio\Proyecto Fase 2\BIProyecto\ETL\Transformacion Producto.ktr]  Because of an error, this step can't continue: 
2024-07-19 20:44:18.649 ERROR <Transformacion Producto - Salida Tabla> [C:\Users\niebl\OneDrive\Escritorio\Semestre\Inteligecia de Negocio\Proyecto Fase 2\BIProyecto\ETL\Transformacion Producto.ktr]  org.pentaho.di.core.exception.KettleException: 
Error inserting row into table [dim_producto] with values: [1], [Seguro de vida], [11], [Poliza2_Salud], [Seguro de vida con cobertura amplia], [1], [2], [1]

Error inserting/updating row
ERROR: el valor es demasiado largo para el tipo character varying(25)


	at org.pentaho.di.trans.steps.tableoutput.TableOutput.writeToTable(TableOutput.java:384)
	at org.pentaho.di.trans.steps.tableoutput.TableOutput.processRow(TableOutput.java:125)
	at org.pentaho.di.trans.step.RunThread.run(RunThread.java:62)
	at java.lang.Thread.run(Thread.java:748)
Caused by: org.pentaho.di.core.exception.KettleDatabaseException: 
Error inserting/updating row
ERROR: el valor es demasiado largo para el tipo character varying(25)

	at org.pentaho.di.core.database.Database.insertRow(Database.java:1335)
	at org.pentaho.di.trans.steps.tableoutput.TableOutput.writeToTable(TableOutput.java:262)
	... 3 more
Caused by: org.postgresql.util.PSQLException: ERROR: el valor es demasiado largo para el tipo character varying(25)
	at org.postgresql.core.v3.QueryExecutorImpl.receiveErrorResponse(QueryExecutorImpl.java:2552)
	at org.postgresql.core.v3.QueryExecutorImpl.processResults(QueryExecutorImpl.java:2284)
	at org.postgresql.core.v3.QueryExecutorImpl.execute(QueryExecutorImpl.java:322)
	at org.postgresql.jdbc.PgStatement.executeInternal(PgStatement.java:481)
	at org.postgresql.jdbc.PgStatement.execute(PgStatement.java:401)
	at org.postgresql.jdbc.PgPreparedStatement.executeWithFlags(PgPreparedStatement.java:164)
	at org.postgresql.jdbc.PgPreparedStatement.executeUpdate(PgPreparedStatement.java:130)
	at org.pentaho.di.core.database.Database.insertRow(Database.java:1302)
	... 4 more

2024-07-19 20:44:18.650 INFO  <Transformacion Producto - Salida Tabla> [C:\Users\niebl\OneDrive\Escritorio\Semestre\Inteligecia de Negocio\Proyecto Fase 2\BIProyecto\ETL\Transformacion Producto.ktr]  Procesamiento finalizado (I=0, O=0, R=1, W=0, U=0, E=1)
2024-07-19 20:44:18.650 INFO  <Transformacion Producto - Añadir secuencia sk_dim_producto> [C:\Users\niebl\OneDrive\Escritorio\Semestre\Inteligecia de Negocio\Proyecto Fase 2\BIProyecto\ETL\Transformacion Producto.ktr]  Procesamiento finalizado (I=0, O=0, R=6, W=6, U=0, E=0)
2024-07-19 20:44:18.650 WARN  <Transformacion Producto - Salida Tabla> [C:\Users\niebl\OneDrive\Escritorio\Semestre\Inteligecia de Negocio\Proyecto Fase 2\BIProyecto\ETL\Transformacion Producto.ktr]  Transformaci?n detectada 
2024-07-19 20:44:18.651 WARN  <Transformacion Producto - Salida Tabla> [C:\Users\niebl\OneDrive\Escritorio\Semestre\Inteligecia de Negocio\Proyecto Fase 2\BIProyecto\ETL\Transformacion Producto.ktr]  Transformaci?n est? matando los otros pasos!
2024-07-19 20:44:18.769 INFO  <Transformacion Producto - Unión por clave> [C:\Users\niebl\OneDrive\Escritorio\Semestre\Inteligecia de Negocio\Proyecto Fase 2\BIProyecto\ETL\Transformacion Producto.ktr]  Procesamiento finalizado (I=0, O=0, R=36, W=25, U=0, E=0)
2024-07-19 20:44:18.865 ERROR <Transformacion Producto - Añadir secuencia sk_dim_producto> [C:\Users\niebl\OneDrive\Escritorio\Semestre\Inteligecia de Negocio\Proyecto Fase 2\BIProyecto\ETL\Transformacion Producto.ktr]  Errores detectados!
2024-07-19 20:44:18.865 ERROR <Transformacion Producto - Añadir secuencia sk_dim_producto> [C:\Users\niebl\OneDrive\Escritorio\Semestre\Inteligecia de Negocio\Proyecto Fase 2\BIProyecto\ETL\Transformacion Producto.ktr]  Errores detectados!
2024-07-19 20:44:18.877 ERROR <Transformacion Producto - Añadir secuencia sk_dim_producto> [C:\Users\niebl\OneDrive\Escritorio\Semestre\Inteligecia de Negocio\Proyecto Fase 2\BIProyecto\ETL\Transformacion Producto.ktr]  Errores detectados!
2024-07-19 20:47:09.868 INFO  <Thread-416> [C:\Users\niebl\OneDrive\Escritorio\Semestre\Inteligecia de Negocio\Proyecto Fase 2\BIProyecto\ETL\Transformacion Producto.ktr]  Iniciado despacho de la transformaci?n [Transformacion Producto]
2024-07-19 20:47:09.971 INFO  <Transformacion Producto - Entrada Tabla Tipo Producto> [C:\Users\niebl\OneDrive\Escritorio\Semestre\Inteligecia de Negocio\Proyecto Fase 2\BIProyecto\ETL\Transformacion Producto.ktr]  Finished reading query, closing connection
2024-07-19 20:47:09.972 INFO  <Transformacion Producto - Entrada Tabla Producto> [C:\Users\niebl\OneDrive\Escritorio\Semestre\Inteligecia de Negocio\Proyecto Fase 2\BIProyecto\ETL\Transformacion Producto.ktr]  Finished reading query, closing connection
2024-07-19 20:47:09.973 INFO  <Transformacion Producto - Entrada Tabla Tipo Producto> [C:\Users\niebl\OneDrive\Escritorio\Semestre\Inteligecia de Negocio\Proyecto Fase 2\BIProyecto\ETL\Transformacion Producto.ktr]  Procesamiento finalizado (I=10, O=0, R=0, W=10, U=0, E=0)
2024-07-19 20:47:09.974 INFO  <Transformacion Producto - Entrada Tabla Producto> [C:\Users\niebl\OneDrive\Escritorio\Semestre\Inteligecia de Negocio\Proyecto Fase 2\BIProyecto\ETL\Transformacion Producto.ktr]  Procesamiento finalizado (I=30, O=0, R=0, W=30, U=0, E=0)
2024-07-19 20:47:10.000 INFO  <Transformacion Producto - Ordenar filas> [C:\Users\niebl\OneDrive\Escritorio\Semestre\Inteligecia de Negocio\Proyecto Fase 2\BIProyecto\ETL\Transformacion Producto.ktr]  Procesamiento finalizado (I=0, O=0, R=10, W=10, U=0, E=0)
2024-07-19 20:47:10.001 INFO  <Transformacion Producto - Ordenar filas 2> [C:\Users\niebl\OneDrive\Escritorio\Semestre\Inteligecia de Negocio\Proyecto Fase 2\BIProyecto\ETL\Transformacion Producto.ktr]  Procesamiento finalizado (I=0, O=0, R=30, W=30, U=0, E=0)
2024-07-19 20:47:10.378 INFO  <Transformacion Producto - Unión por clave> [C:\Users\niebl\OneDrive\Escritorio\Semestre\Inteligecia de Negocio\Proyecto Fase 2\BIProyecto\ETL\Transformacion Producto.ktr]  Procesamiento finalizado (I=0, O=0, R=40, W=30, U=0, E=0)
2024-07-19 20:47:10.409 INFO  <Transformacion Producto - Añadir secuencia sk_dim_producto> [C:\Users\niebl\OneDrive\Escritorio\Semestre\Inteligecia de Negocio\Proyecto Fase 2\BIProyecto\ETL\Transformacion Producto.ktr]  Procesamiento finalizado (I=0, O=0, R=30, W=30, U=0, E=0)
2024-07-19 20:47:10.441 INFO  <Transformacion Producto - Strings cut> [C:\Users\niebl\OneDrive\Escritorio\Semestre\Inteligecia de Negocio\Proyecto Fase 2\BIProyecto\ETL\Transformacion Producto.ktr]  Procesamiento finalizado (I=0, O=0, R=30, W=30, U=0, E=0)
2024-07-19 20:48:21.183 INFO  <Thread-434> [C:\Users\niebl\OneDrive\Escritorio\Semestre\Inteligecia de Negocio\Proyecto Fase 2\BIProyecto\ETL\Transformacion Producto.ktr]  Iniciado despacho de la transformaci?n [Transformacion Producto]
2024-07-19 20:48:21.275 INFO  <init of Salida Tabla.0 (Thread-442)> [C:\Users\niebl\OneDrive\Escritorio\Semestre\Inteligecia de Negocio\Proyecto Fase 2\BIProyecto\ETL\Transformacion Producto.ktr]  Connected to database [Postgres] (commit=1000)
2024-07-19 20:48:21.299 INFO  <Transformacion Producto - Entrada Tabla Tipo Producto> [C:\Users\niebl\OneDrive\Escritorio\Semestre\Inteligecia de Negocio\Proyecto Fase 2\BIProyecto\ETL\Transformacion Producto.ktr]  Finished reading query, closing connection
2024-07-19 20:48:21.302 INFO  <Transformacion Producto - Entrada Tabla Tipo Producto> [C:\Users\niebl\OneDrive\Escritorio\Semestre\Inteligecia de Negocio\Proyecto Fase 2\BIProyecto\ETL\Transformacion Producto.ktr]  Procesamiento finalizado (I=10, O=0, R=0, W=10, U=0, E=0)
2024-07-19 20:48:21.304 INFO  <Transformacion Producto - Entrada Tabla Producto> [C:\Users\niebl\OneDrive\Escritorio\Semestre\Inteligecia de Negocio\Proyecto Fase 2\BIProyecto\ETL\Transformacion Producto.ktr]  Finished reading query, closing connection
2024-07-19 20:48:21.308 INFO  <Transformacion Producto - Entrada Tabla Producto> [C:\Users\niebl\OneDrive\Escritorio\Semestre\Inteligecia de Negocio\Proyecto Fase 2\BIProyecto\ETL\Transformacion Producto.ktr]  Procesamiento finalizado (I=30, O=0, R=0, W=30, U=0, E=0)
2024-07-19 20:48:21.322 INFO  <Transformacion Producto - Ordenar filas> [C:\Users\niebl\OneDrive\Escritorio\Semestre\Inteligecia de Negocio\Proyecto Fase 2\BIProyecto\ETL\Transformacion Producto.ktr]  Procesamiento finalizado (I=0, O=0, R=10, W=10, U=0, E=0)
2024-07-19 20:48:21.337 INFO  <Transformacion Producto - Ordenar filas 2> [C:\Users\niebl\OneDrive\Escritorio\Semestre\Inteligecia de Negocio\Proyecto Fase 2\BIProyecto\ETL\Transformacion Producto.ktr]  Procesamiento finalizado (I=0, O=0, R=30, W=30, U=0, E=0)
2024-07-19 20:48:21.712 INFO  <Transformacion Producto - Unión por clave> [C:\Users\niebl\OneDrive\Escritorio\Semestre\Inteligecia de Negocio\Proyecto Fase 2\BIProyecto\ETL\Transformacion Producto.ktr]  Procesamiento finalizado (I=0, O=0, R=40, W=30, U=0, E=0)
2024-07-19 20:48:21.743 INFO  <Transformacion Producto - Añadir secuencia sk_dim_producto> [C:\Users\niebl\OneDrive\Escritorio\Semestre\Inteligecia de Negocio\Proyecto Fase 2\BIProyecto\ETL\Transformacion Producto.ktr]  Procesamiento finalizado (I=0, O=0, R=30, W=30, U=0, E=0)
2024-07-19 20:48:21.775 INFO  <Transformacion Producto - Strings cut> [C:\Users\niebl\OneDrive\Escritorio\Semestre\Inteligecia de Negocio\Proyecto Fase 2\BIProyecto\ETL\Transformacion Producto.ktr]  Procesamiento finalizado (I=0, O=0, R=30, W=30, U=0, E=0)
2024-07-19 20:50:29.536 INFO  <Thread-457> [C:\Users\niebl\OneDrive\Escritorio\Semestre\Inteligecia de Negocio\Proyecto Fase 2\BIProyecto\ETL\Transformacion Producto.ktr]  Iniciado despacho de la transformaci?n [Transformacion Producto]
2024-07-19 20:50:29.642 INFO  <init of Salida Tabla.0 (Thread-465)> [C:\Users\niebl\OneDrive\Escritorio\Semestre\Inteligecia de Negocio\Proyecto Fase 2\BIProyecto\ETL\Transformacion Producto.ktr]  Connected to database [Postgres] (commit=1000)
2024-07-19 20:50:29.658 INFO  <Transformacion Producto - Entrada Tabla Tipo Producto> [C:\Users\niebl\OneDrive\Escritorio\Semestre\Inteligecia de Negocio\Proyecto Fase 2\BIProyecto\ETL\Transformacion Producto.ktr]  Finished reading query, closing connection
2024-07-19 20:50:29.658 INFO  <Transformacion Producto - Entrada Tabla Producto> [C:\Users\niebl\OneDrive\Escritorio\Semestre\Inteligecia de Negocio\Proyecto Fase 2\BIProyecto\ETL\Transformacion Producto.ktr]  Finished reading query, closing connection
2024-07-19 20:50:29.660 INFO  <Transformacion Producto - Entrada Tabla Producto> [C:\Users\niebl\OneDrive\Escritorio\Semestre\Inteligecia de Negocio\Proyecto Fase 2\BIProyecto\ETL\Transformacion Producto.ktr]  Procesamiento finalizado (I=30, O=0, R=0, W=30, U=0, E=0)
2024-07-19 20:50:29.660 INFO  <Transformacion Producto - Entrada Tabla Tipo Producto> [C:\Users\niebl\OneDrive\Escritorio\Semestre\Inteligecia de Negocio\Proyecto Fase 2\BIProyecto\ETL\Transformacion Producto.ktr]  Procesamiento finalizado (I=10, O=0, R=0, W=10, U=0, E=0)
2024-07-19 20:50:29.674 INFO  <Transformacion Producto - Ordenar filas> [C:\Users\niebl\OneDrive\Escritorio\Semestre\Inteligecia de Negocio\Proyecto Fase 2\BIProyecto\ETL\Transformacion Producto.ktr]  Procesamiento finalizado (I=0, O=0, R=10, W=10, U=0, E=0)
2024-07-19 20:50:29.691 INFO  <Transformacion Producto - Ordenar filas 2> [C:\Users\niebl\OneDrive\Escritorio\Semestre\Inteligecia de Negocio\Proyecto Fase 2\BIProyecto\ETL\Transformacion Producto.ktr]  Procesamiento finalizado (I=0, O=0, R=30, W=30, U=0, E=0)
2024-07-19 20:50:29.701 ERROR <Transformacion Producto - Salida Tabla> [C:\Users\niebl\OneDrive\Escritorio\Semestre\Inteligecia de Negocio\Proyecto Fase 2\BIProyecto\ETL\Transformacion Producto.ktr]  Because of an error, this step can't continue: 
2024-07-19 20:50:29.701 ERROR <Transformacion Producto - Salida Tabla> [C:\Users\niebl\OneDrive\Escritorio\Semestre\Inteligecia de Negocio\Proyecto Fase 2\BIProyecto\ETL\Transformacion Producto.ktr]  org.pentaho.di.core.exception.KettleException: 
Error inserting row into table [dim_producto] with values: [1], [Seguro de vida], [22], [Poliza1_ResponsabilidadCivil], [e auto básico], [1], [1], [3]

Error inserting/updating row
ERROR: el valor es demasiado largo para el tipo character varying(25)


	at org.pentaho.di.trans.steps.tableoutput.TableOutput.writeToTable(TableOutput.java:384)
	at org.pentaho.di.trans.steps.tableoutput.TableOutput.processRow(TableOutput.java:125)
	at org.pentaho.di.trans.step.RunThread.run(RunThread.java:62)
	at java.lang.Thread.run(Thread.java:748)
Caused by: org.pentaho.di.core.exception.KettleDatabaseException: 
Error inserting/updating row
ERROR: el valor es demasiado largo para el tipo character varying(25)

	at org.pentaho.di.core.database.Database.insertRow(Database.java:1335)
	at org.pentaho.di.trans.steps.tableoutput.TableOutput.writeToTable(TableOutput.java:262)
	... 3 more
Caused by: org.postgresql.util.PSQLException: ERROR: el valor es demasiado largo para el tipo character varying(25)
	at org.postgresql.core.v3.QueryExecutorImpl.receiveErrorResponse(QueryExecutorImpl.java:2552)
	at org.postgresql.core.v3.QueryExecutorImpl.processResults(QueryExecutorImpl.java:2284)
	at org.postgresql.core.v3.QueryExecutorImpl.execute(QueryExecutorImpl.java:322)
	at org.postgresql.jdbc.PgStatement.executeInternal(PgStatement.java:481)
	at org.postgresql.jdbc.PgStatement.execute(PgStatement.java:401)
	at org.postgresql.jdbc.PgPreparedStatement.executeWithFlags(PgPreparedStatement.java:164)
	at org.postgresql.jdbc.PgPreparedStatement.executeUpdate(PgPreparedStatement.java:130)
	at org.pentaho.di.core.database.Database.insertRow(Database.java:1302)
	... 4 more

2024-07-19 20:50:29.702 INFO  <Transformacion Producto - Salida Tabla> [C:\Users\niebl\OneDrive\Escritorio\Semestre\Inteligecia de Negocio\Proyecto Fase 2\BIProyecto\ETL\Transformacion Producto.ktr]  Procesamiento finalizado (I=0, O=2, R=3, W=2, U=0, E=1)
2024-07-19 20:50:29.703 WARN  <Transformacion Producto - Salida Tabla> [C:\Users\niebl\OneDrive\Escritorio\Semestre\Inteligecia de Negocio\Proyecto Fase 2\BIProyecto\ETL\Transformacion Producto.ktr]  Transformaci?n detectada 
2024-07-19 20:50:29.703 INFO  <Transformacion Producto - Añadir secuencia sk_dim_producto> [C:\Users\niebl\OneDrive\Escritorio\Semestre\Inteligecia de Negocio\Proyecto Fase 2\BIProyecto\ETL\Transformacion Producto.ktr]  Procesamiento finalizado (I=0, O=0, R=7, W=7, U=0, E=0)
2024-07-19 20:50:29.704 INFO  <Transformacion Producto - Strings cut> [C:\Users\niebl\OneDrive\Escritorio\Semestre\Inteligecia de Negocio\Proyecto Fase 2\BIProyecto\ETL\Transformacion Producto.ktr]  Procesamiento finalizado (I=0, O=0, R=7, W=7, U=0, E=0)
2024-07-19 20:50:29.704 WARN  <Transformacion Producto - Salida Tabla> [C:\Users\niebl\OneDrive\Escritorio\Semestre\Inteligecia de Negocio\Proyecto Fase 2\BIProyecto\ETL\Transformacion Producto.ktr]  Transformaci?n est? matando los otros pasos!
2024-07-19 20:50:29.802 INFO  <Transformacion Producto - Unión por clave> [C:\Users\niebl\OneDrive\Escritorio\Semestre\Inteligecia de Negocio\Proyecto Fase 2\BIProyecto\ETL\Transformacion Producto.ktr]  Procesamiento finalizado (I=0, O=0, R=36, W=25, U=0, E=0)
2024-07-19 20:50:29.958 ERROR <Transformacion Producto - Añadir secuencia sk_dim_producto> [C:\Users\niebl\OneDrive\Escritorio\Semestre\Inteligecia de Negocio\Proyecto Fase 2\BIProyecto\ETL\Transformacion Producto.ktr]  Errores detectados!
2024-07-19 20:50:29.958 ERROR <Transformacion Producto - Añadir secuencia sk_dim_producto> [C:\Users\niebl\OneDrive\Escritorio\Semestre\Inteligecia de Negocio\Proyecto Fase 2\BIProyecto\ETL\Transformacion Producto.ktr]  Errores detectados!
2024-07-19 20:50:29.971 ERROR <Transformacion Producto - Añadir secuencia sk_dim_producto> [C:\Users\niebl\OneDrive\Escritorio\Semestre\Inteligecia de Negocio\Proyecto Fase 2\BIProyecto\ETL\Transformacion Producto.ktr]  Errores detectados!
2024-07-19 20:51:13.070 INFO  <Thread-479> [C:\Users\niebl\OneDrive\Escritorio\Semestre\Inteligecia de Negocio\Proyecto Fase 2\BIProyecto\ETL\Transformacion Producto.ktr]  Iniciado despacho de la transformaci?n [Transformacion Producto]
2024-07-19 20:51:13.168 INFO  <init of Salida Tabla.0 (Thread-487)> [C:\Users\niebl\OneDrive\Escritorio\Semestre\Inteligecia de Negocio\Proyecto Fase 2\BIProyecto\ETL\Transformacion Producto.ktr]  Connected to database [Postgres] (commit=1000)
2024-07-19 20:51:13.184 INFO  <Transformacion Producto - Entrada Tabla Tipo Producto> [C:\Users\niebl\OneDrive\Escritorio\Semestre\Inteligecia de Negocio\Proyecto Fase 2\BIProyecto\ETL\Transformacion Producto.ktr]  Finished reading query, closing connection
2024-07-19 20:51:13.185 INFO  <Transformacion Producto - Entrada Tabla Producto> [C:\Users\niebl\OneDrive\Escritorio\Semestre\Inteligecia de Negocio\Proyecto Fase 2\BIProyecto\ETL\Transformacion Producto.ktr]  Finished reading query, closing connection
2024-07-19 20:51:13.186 INFO  <Transformacion Producto - Entrada Tabla Tipo Producto> [C:\Users\niebl\OneDrive\Escritorio\Semestre\Inteligecia de Negocio\Proyecto Fase 2\BIProyecto\ETL\Transformacion Producto.ktr]  Procesamiento finalizado (I=10, O=0, R=0, W=10, U=0, E=0)
2024-07-19 20:51:13.186 INFO  <Transformacion Producto - Entrada Tabla Producto> [C:\Users\niebl\OneDrive\Escritorio\Semestre\Inteligecia de Negocio\Proyecto Fase 2\BIProyecto\ETL\Transformacion Producto.ktr]  Procesamiento finalizado (I=30, O=0, R=0, W=30, U=0, E=0)
2024-07-19 20:51:13.206 INFO  <Transformacion Producto - Ordenar filas 2> [C:\Users\niebl\OneDrive\Escritorio\Semestre\Inteligecia de Negocio\Proyecto Fase 2\BIProyecto\ETL\Transformacion Producto.ktr]  Procesamiento finalizado (I=0, O=0, R=30, W=30, U=0, E=0)
2024-07-19 20:51:13.207 INFO  <Transformacion Producto - Ordenar filas> [C:\Users\niebl\OneDrive\Escritorio\Semestre\Inteligecia de Negocio\Proyecto Fase 2\BIProyecto\ETL\Transformacion Producto.ktr]  Procesamiento finalizado (I=0, O=0, R=10, W=10, U=0, E=0)
2024-07-19 20:51:13.217 ERROR <Transformacion Producto - Salida Tabla> [C:\Users\niebl\OneDrive\Escritorio\Semestre\Inteligecia de Negocio\Proyecto Fase 2\BIProyecto\ETL\Transformacion Producto.ktr]  Because of an error, this step can't continue: 
2024-07-19 20:51:13.217 ERROR <Transformacion Producto - Salida Tabla> [C:\Users\niebl\OneDrive\Escritorio\Semestre\Inteligecia de Negocio\Proyecto Fase 2\BIProyecto\ETL\Transformacion Producto.ktr]  org.pentaho.di.core.exception.KettleException: 
Error inserting row into table [dim_producto] with values: [1], [Seguro de vida], [22], [Poliza1_ResponsabilidadCivil], [auto básico], [1], [1], [3]

Error inserting/updating row
ERROR: el valor es demasiado largo para el tipo character varying(25)


	at org.pentaho.di.trans.steps.tableoutput.TableOutput.writeToTable(TableOutput.java:384)
	at org.pentaho.di.trans.steps.tableoutput.TableOutput.processRow(TableOutput.java:125)
	at org.pentaho.di.trans.step.RunThread.run(RunThread.java:62)
	at java.lang.Thread.run(Thread.java:748)
Caused by: org.pentaho.di.core.exception.KettleDatabaseException: 
Error inserting/updating row
ERROR: el valor es demasiado largo para el tipo character varying(25)

	at org.pentaho.di.core.database.Database.insertRow(Database.java:1335)
	at org.pentaho.di.trans.steps.tableoutput.TableOutput.writeToTable(TableOutput.java:262)
	... 3 more
Caused by: org.postgresql.util.PSQLException: ERROR: el valor es demasiado largo para el tipo character varying(25)
	at org.postgresql.core.v3.QueryExecutorImpl.receiveErrorResponse(QueryExecutorImpl.java:2552)
	at org.postgresql.core.v3.QueryExecutorImpl.processResults(QueryExecutorImpl.java:2284)
	at org.postgresql.core.v3.QueryExecutorImpl.execute(QueryExecutorImpl.java:322)
	at org.postgresql.jdbc.PgStatement.executeInternal(PgStatement.java:481)
	at org.postgresql.jdbc.PgStatement.execute(PgStatement.java:401)
	at org.postgresql.jdbc.PgPreparedStatement.executeWithFlags(PgPreparedStatement.java:164)
	at org.postgresql.jdbc.PgPreparedStatement.executeUpdate(PgPreparedStatement.java:130)
	at org.pentaho.di.core.database.Database.insertRow(Database.java:1302)
	... 4 more

2024-07-19 20:51:13.218 INFO  <Transformacion Producto - Añadir secuencia sk_dim_producto> [C:\Users\niebl\OneDrive\Escritorio\Semestre\Inteligecia de Negocio\Proyecto Fase 2\BIProyecto\ETL\Transformacion Producto.ktr]  Procesamiento finalizado (I=0, O=0, R=7, W=7, U=0, E=0)
2024-07-19 20:51:13.218 INFO  <Transformacion Producto - Salida Tabla> [C:\Users\niebl\OneDrive\Escritorio\Semestre\Inteligecia de Negocio\Proyecto Fase 2\BIProyecto\ETL\Transformacion Producto.ktr]  Procesamiento finalizado (I=0, O=2, R=3, W=2, U=0, E=1)
2024-07-19 20:51:13.218 INFO  <Transformacion Producto - Strings cut> [C:\Users\niebl\OneDrive\Escritorio\Semestre\Inteligecia de Negocio\Proyecto Fase 2\BIProyecto\ETL\Transformacion Producto.ktr]  Procesamiento finalizado (I=0, O=0, R=7, W=7, U=0, E=0)
2024-07-19 20:51:13.218 WARN  <Transformacion Producto - Salida Tabla> [C:\Users\niebl\OneDrive\Escritorio\Semestre\Inteligecia de Negocio\Proyecto Fase 2\BIProyecto\ETL\Transformacion Producto.ktr]  Transformaci?n detectada 
2024-07-19 20:51:13.219 WARN  <Transformacion Producto - Salida Tabla> [C:\Users\niebl\OneDrive\Escritorio\Semestre\Inteligecia de Negocio\Proyecto Fase 2\BIProyecto\ETL\Transformacion Producto.ktr]  Transformaci?n est? matando los otros pasos!
2024-07-19 20:51:13.334 INFO  <Transformacion Producto - Unión por clave> [C:\Users\niebl\OneDrive\Escritorio\Semestre\Inteligecia de Negocio\Proyecto Fase 2\BIProyecto\ETL\Transformacion Producto.ktr]  Procesamiento finalizado (I=0, O=0, R=36, W=25, U=0, E=0)
2024-07-19 20:51:13.478 ERROR <Transformacion Producto - Strings cut> [C:\Users\niebl\OneDrive\Escritorio\Semestre\Inteligecia de Negocio\Proyecto Fase 2\BIProyecto\ETL\Transformacion Producto.ktr]  Errores detectados!
2024-07-19 20:51:13.489 ERROR <Transformacion Producto - Strings cut> [C:\Users\niebl\OneDrive\Escritorio\Semestre\Inteligecia de Negocio\Proyecto Fase 2\BIProyecto\ETL\Transformacion Producto.ktr]  Errores detectados!
2024-07-19 20:51:13.502 ERROR <Transformacion Producto - Strings cut> [C:\Users\niebl\OneDrive\Escritorio\Semestre\Inteligecia de Negocio\Proyecto Fase 2\BIProyecto\ETL\Transformacion Producto.ktr]  Errores detectados!
2024-07-19 20:51:17.637 INFO  <Thread-498> [C:\Users\niebl\OneDrive\Escritorio\Semestre\Inteligecia de Negocio\Proyecto Fase 2\BIProyecto\ETL\Transformacion Producto.ktr]  Iniciado despacho de la transformaci?n [Transformacion Producto]
2024-07-19 20:51:17.734 INFO  <init of Salida Tabla.0 (Thread-506)> [C:\Users\niebl\OneDrive\Escritorio\Semestre\Inteligecia de Negocio\Proyecto Fase 2\BIProyecto\ETL\Transformacion Producto.ktr]  Connected to database [Postgres] (commit=1000)
2024-07-19 20:51:17.748 INFO  <Transformacion Producto - Entrada Tabla Tipo Producto> [C:\Users\niebl\OneDrive\Escritorio\Semestre\Inteligecia de Negocio\Proyecto Fase 2\BIProyecto\ETL\Transformacion Producto.ktr]  Finished reading query, closing connection
2024-07-19 20:51:17.749 INFO  <Transformacion Producto - Entrada Tabla Producto> [C:\Users\niebl\OneDrive\Escritorio\Semestre\Inteligecia de Negocio\Proyecto Fase 2\BIProyecto\ETL\Transformacion Producto.ktr]  Finished reading query, closing connection
2024-07-19 20:51:17.750 INFO  <Transformacion Producto - Entrada Tabla Tipo Producto> [C:\Users\niebl\OneDrive\Escritorio\Semestre\Inteligecia de Negocio\Proyecto Fase 2\BIProyecto\ETL\Transformacion Producto.ktr]  Procesamiento finalizado (I=10, O=0, R=0, W=10, U=0, E=0)
2024-07-19 20:51:17.750 INFO  <Transformacion Producto - Entrada Tabla Producto> [C:\Users\niebl\OneDrive\Escritorio\Semestre\Inteligecia de Negocio\Proyecto Fase 2\BIProyecto\ETL\Transformacion Producto.ktr]  Procesamiento finalizado (I=30, O=0, R=0, W=30, U=0, E=0)
2024-07-19 20:51:17.780 INFO  <Transformacion Producto - Ordenar filas> [C:\Users\niebl\OneDrive\Escritorio\Semestre\Inteligecia de Negocio\Proyecto Fase 2\BIProyecto\ETL\Transformacion Producto.ktr]  Procesamiento finalizado (I=0, O=0, R=10, W=10, U=0, E=0)
2024-07-19 20:51:17.780 INFO  <Transformacion Producto - Ordenar filas 2> [C:\Users\niebl\OneDrive\Escritorio\Semestre\Inteligecia de Negocio\Proyecto Fase 2\BIProyecto\ETL\Transformacion Producto.ktr]  Procesamiento finalizado (I=0, O=0, R=30, W=30, U=0, E=0)
2024-07-19 20:51:17.793 ERROR <Transformacion Producto - Salida Tabla> [C:\Users\niebl\OneDrive\Escritorio\Semestre\Inteligecia de Negocio\Proyecto Fase 2\BIProyecto\ETL\Transformacion Producto.ktr]  Because of an error, this step can't continue: 
2024-07-19 20:51:17.794 ERROR <Transformacion Producto - Salida Tabla> [C:\Users\niebl\OneDrive\Escritorio\Semestre\Inteligecia de Negocio\Proyecto Fase 2\BIProyecto\ETL\Transformacion Producto.ktr]  org.pentaho.di.core.exception.KettleException: 
Error inserting row into table [dim_producto] with values: [1], [Seguro de vida], [22], [Poliza1_ResponsabilidadCivil], [auto básico], [1], [1], [3]

Error inserting/updating row
ERROR: el valor es demasiado largo para el tipo character varying(25)


	at org.pentaho.di.trans.steps.tableoutput.TableOutput.writeToTable(TableOutput.java:384)
	at org.pentaho.di.trans.steps.tableoutput.TableOutput.processRow(TableOutput.java:125)
	at org.pentaho.di.trans.step.RunThread.run(RunThread.java:62)
	at java.lang.Thread.run(Thread.java:748)
Caused by: org.pentaho.di.core.exception.KettleDatabaseException: 
Error inserting/updating row
ERROR: el valor es demasiado largo para el tipo character varying(25)

	at org.pentaho.di.core.database.Database.insertRow(Database.java:1335)
	at org.pentaho.di.trans.steps.tableoutput.TableOutput.writeToTable(TableOutput.java:262)
	... 3 more
Caused by: org.postgresql.util.PSQLException: ERROR: el valor es demasiado largo para el tipo character varying(25)
	at org.postgresql.core.v3.QueryExecutorImpl.receiveErrorResponse(QueryExecutorImpl.java:2552)
	at org.postgresql.core.v3.QueryExecutorImpl.processResults(QueryExecutorImpl.java:2284)
	at org.postgresql.core.v3.QueryExecutorImpl.execute(QueryExecutorImpl.java:322)
	at org.postgresql.jdbc.PgStatement.executeInternal(PgStatement.java:481)
	at org.postgresql.jdbc.PgStatement.execute(PgStatement.java:401)
	at org.postgresql.jdbc.PgPreparedStatement.executeWithFlags(PgPreparedStatement.java:164)
	at org.postgresql.jdbc.PgPreparedStatement.executeUpdate(PgPreparedStatement.java:130)
	at org.pentaho.di.core.database.Database.insertRow(Database.java:1302)
	... 4 more

2024-07-19 20:51:17.795 INFO  <Transformacion Producto - Salida Tabla> [C:\Users\niebl\OneDrive\Escritorio\Semestre\Inteligecia de Negocio\Proyecto Fase 2\BIProyecto\ETL\Transformacion Producto.ktr]  Procesamiento finalizado (I=0, O=2, R=3, W=2, U=0, E=1)
2024-07-19 20:51:17.795 WARN  <Transformacion Producto - Salida Tabla> [C:\Users\niebl\OneDrive\Escritorio\Semestre\Inteligecia de Negocio\Proyecto Fase 2\BIProyecto\ETL\Transformacion Producto.ktr]  Transformaci?n detectada 
2024-07-19 20:51:17.796 WARN  <Transformacion Producto - Salida Tabla> [C:\Users\niebl\OneDrive\Escritorio\Semestre\Inteligecia de Negocio\Proyecto Fase 2\BIProyecto\ETL\Transformacion Producto.ktr]  Transformaci?n est? matando los otros pasos!
2024-07-19 20:51:17.796 INFO  <Transformacion Producto - Strings cut> [C:\Users\niebl\OneDrive\Escritorio\Semestre\Inteligecia de Negocio\Proyecto Fase 2\BIProyecto\ETL\Transformacion Producto.ktr]  Procesamiento finalizado (I=0, O=0, R=9, W=9, U=0, E=0)
2024-07-19 20:51:17.797 INFO  <Transformacion Producto - Añadir secuencia sk_dim_producto> [C:\Users\niebl\OneDrive\Escritorio\Semestre\Inteligecia de Negocio\Proyecto Fase 2\BIProyecto\ETL\Transformacion Producto.ktr]  Procesamiento finalizado (I=0, O=0, R=9, W=9, U=0, E=0)
2024-07-19 20:51:17.891 INFO  <Transformacion Producto - Unión por clave> [C:\Users\niebl\OneDrive\Escritorio\Semestre\Inteligecia de Negocio\Proyecto Fase 2\BIProyecto\ETL\Transformacion Producto.ktr]  Procesamiento finalizado (I=0, O=0, R=36, W=25, U=0, E=0)
2024-07-19 20:51:18.048 ERROR <Transformacion Producto - Strings cut> [C:\Users\niebl\OneDrive\Escritorio\Semestre\Inteligecia de Negocio\Proyecto Fase 2\BIProyecto\ETL\Transformacion Producto.ktr]  Errores detectados!
2024-07-19 20:51:18.048 ERROR <Transformacion Producto - Strings cut> [C:\Users\niebl\OneDrive\Escritorio\Semestre\Inteligecia de Negocio\Proyecto Fase 2\BIProyecto\ETL\Transformacion Producto.ktr]  Errores detectados!
2024-07-19 20:51:18.061 ERROR <Transformacion Producto - Strings cut> [C:\Users\niebl\OneDrive\Escritorio\Semestre\Inteligecia de Negocio\Proyecto Fase 2\BIProyecto\ETL\Transformacion Producto.ktr]  Errores detectados!
2024-07-19 20:51:47.999 INFO  <Thread-521> [C:\Users\niebl\OneDrive\Escritorio\Semestre\Inteligecia de Negocio\Proyecto Fase 2\BIProyecto\ETL\Transformacion Producto.ktr]  Iniciado despacho de la transformaci?n [Transformacion Producto]
2024-07-19 20:51:48.096 INFO  <init of Salida Tabla.0 (Thread-529)> [C:\Users\niebl\OneDrive\Escritorio\Semestre\Inteligecia de Negocio\Proyecto Fase 2\BIProyecto\ETL\Transformacion Producto.ktr]  Connected to database [Postgres] (commit=1000)
2024-07-19 20:51:48.121 INFO  <Transformacion Producto - Entrada Tabla Tipo Producto> [C:\Users\niebl\OneDrive\Escritorio\Semestre\Inteligecia de Negocio\Proyecto Fase 2\BIProyecto\ETL\Transformacion Producto.ktr]  Finished reading query, closing connection
2024-07-19 20:51:48.121 INFO  <Transformacion Producto - Entrada Tabla Producto> [C:\Users\niebl\OneDrive\Escritorio\Semestre\Inteligecia de Negocio\Proyecto Fase 2\BIProyecto\ETL\Transformacion Producto.ktr]  Finished reading query, closing connection
2024-07-19 20:51:48.123 INFO  <Transformacion Producto - Entrada Tabla Tipo Producto> [C:\Users\niebl\OneDrive\Escritorio\Semestre\Inteligecia de Negocio\Proyecto Fase 2\BIProyecto\ETL\Transformacion Producto.ktr]  Procesamiento finalizado (I=10, O=0, R=0, W=10, U=0, E=0)
2024-07-19 20:51:48.124 INFO  <Transformacion Producto - Entrada Tabla Producto> [C:\Users\niebl\OneDrive\Escritorio\Semestre\Inteligecia de Negocio\Proyecto Fase 2\BIProyecto\ETL\Transformacion Producto.ktr]  Procesamiento finalizado (I=30, O=0, R=0, W=30, U=0, E=0)
2024-07-19 20:51:48.153 INFO  <Transformacion Producto - Ordenar filas 2> [C:\Users\niebl\OneDrive\Escritorio\Semestre\Inteligecia de Negocio\Proyecto Fase 2\BIProyecto\ETL\Transformacion Producto.ktr]  Procesamiento finalizado (I=0, O=0, R=30, W=30, U=0, E=0)
2024-07-19 20:51:48.153 INFO  <Transformacion Producto - Ordenar filas> [C:\Users\niebl\OneDrive\Escritorio\Semestre\Inteligecia de Negocio\Proyecto Fase 2\BIProyecto\ETL\Transformacion Producto.ktr]  Procesamiento finalizado (I=0, O=0, R=10, W=10, U=0, E=0)
2024-07-19 20:51:48.166 ERROR <Transformacion Producto - Salida Tabla> [C:\Users\niebl\OneDrive\Escritorio\Semestre\Inteligecia de Negocio\Proyecto Fase 2\BIProyecto\ETL\Transformacion Producto.ktr]  Because of an error, this step can't continue: 
2024-07-19 20:51:48.167 ERROR <Transformacion Producto - Salida Tabla> [C:\Users\niebl\OneDrive\Escritorio\Semestre\Inteligecia de Negocio\Proyecto Fase 2\BIProyecto\ETL\Transformacion Producto.ktr]  org.pentaho.di.core.exception.KettleException: 
Error inserting row into table [dim_producto] with values: [1], [Seguro de vida], [22], [Poliza1_ResponsabilidadCivil], [auto básico], [1], [1], [3]

Error inserting/updating row
ERROR: el valor es demasiado largo para el tipo character varying(25)


	at org.pentaho.di.trans.steps.tableoutput.TableOutput.writeToTable(TableOutput.java:384)
	at org.pentaho.di.trans.steps.tableoutput.TableOutput.processRow(TableOutput.java:125)
	at org.pentaho.di.trans.step.RunThread.run(RunThread.java:62)
	at java.lang.Thread.run(Thread.java:748)
Caused by: org.pentaho.di.core.exception.KettleDatabaseException: 
Error inserting/updating row
ERROR: el valor es demasiado largo para el tipo character varying(25)

	at org.pentaho.di.core.database.Database.insertRow(Database.java:1335)
	at org.pentaho.di.trans.steps.tableoutput.TableOutput.writeToTable(TableOutput.java:262)
	... 3 more
Caused by: org.postgresql.util.PSQLException: ERROR: el valor es demasiado largo para el tipo character varying(25)
	at org.postgresql.core.v3.QueryExecutorImpl.receiveErrorResponse(QueryExecutorImpl.java:2552)
	at org.postgresql.core.v3.QueryExecutorImpl.processResults(QueryExecutorImpl.java:2284)
	at org.postgresql.core.v3.QueryExecutorImpl.execute(QueryExecutorImpl.java:322)
	at org.postgresql.jdbc.PgStatement.executeInternal(PgStatement.java:481)
	at org.postgresql.jdbc.PgStatement.execute(PgStatement.java:401)
	at org.postgresql.jdbc.PgPreparedStatement.executeWithFlags(PgPreparedStatement.java:164)
	at org.postgresql.jdbc.PgPreparedStatement.executeUpdate(PgPreparedStatement.java:130)
	at org.pentaho.di.core.database.Database.insertRow(Database.java:1302)
	... 4 more

2024-07-19 20:51:48.168 INFO  <Transformacion Producto - Salida Tabla> [C:\Users\niebl\OneDrive\Escritorio\Semestre\Inteligecia de Negocio\Proyecto Fase 2\BIProyecto\ETL\Transformacion Producto.ktr]  Procesamiento finalizado (I=0, O=2, R=3, W=2, U=0, E=1)
2024-07-19 20:51:48.168 INFO  <Transformacion Producto - Strings cut> [C:\Users\niebl\OneDrive\Escritorio\Semestre\Inteligecia de Negocio\Proyecto Fase 2\BIProyecto\ETL\Transformacion Producto.ktr]  Procesamiento finalizado (I=0, O=0, R=10, W=10, U=0, E=0)
2024-07-19 20:51:48.169 INFO  <Transformacion Producto - Añadir secuencia sk_dim_producto> [C:\Users\niebl\OneDrive\Escritorio\Semestre\Inteligecia de Negocio\Proyecto Fase 2\BIProyecto\ETL\Transformacion Producto.ktr]  Procesamiento finalizado (I=0, O=0, R=10, W=10, U=0, E=0)
2024-07-19 20:51:48.169 WARN  <Transformacion Producto - Salida Tabla> [C:\Users\niebl\OneDrive\Escritorio\Semestre\Inteligecia de Negocio\Proyecto Fase 2\BIProyecto\ETL\Transformacion Producto.ktr]  Transformaci?n detectada 
2024-07-19 20:51:48.170 WARN  <Transformacion Producto - Salida Tabla> [C:\Users\niebl\OneDrive\Escritorio\Semestre\Inteligecia de Negocio\Proyecto Fase 2\BIProyecto\ETL\Transformacion Producto.ktr]  Transformaci?n est? matando los otros pasos!
2024-07-19 20:51:48.278 INFO  <Transformacion Producto - Unión por clave> [C:\Users\niebl\OneDrive\Escritorio\Semestre\Inteligecia de Negocio\Proyecto Fase 2\BIProyecto\ETL\Transformacion Producto.ktr]  Procesamiento finalizado (I=0, O=0, R=36, W=25, U=0, E=0)
2024-07-19 20:51:48.419 ERROR <Transformacion Producto - Strings cut> [C:\Users\niebl\OneDrive\Escritorio\Semestre\Inteligecia de Negocio\Proyecto Fase 2\BIProyecto\ETL\Transformacion Producto.ktr]  Errores detectados!
2024-07-19 20:51:48.419 ERROR <Transformacion Producto - Strings cut> [C:\Users\niebl\OneDrive\Escritorio\Semestre\Inteligecia de Negocio\Proyecto Fase 2\BIProyecto\ETL\Transformacion Producto.ktr]  Errores detectados!
2024-07-19 20:51:48.431 ERROR <Transformacion Producto - Strings cut> [C:\Users\niebl\OneDrive\Escritorio\Semestre\Inteligecia de Negocio\Proyecto Fase 2\BIProyecto\ETL\Transformacion Producto.ktr]  Errores detectados!
2024-07-19 20:51:53.158 INFO  <Thread-540> [C:\Users\niebl\OneDrive\Escritorio\Semestre\Inteligecia de Negocio\Proyecto Fase 2\BIProyecto\ETL\Transformacion Producto.ktr]  Iniciado despacho de la transformaci?n [Transformacion Producto]
2024-07-19 20:51:53.256 INFO  <init of Salida Tabla.0 (Thread-548)> [C:\Users\niebl\OneDrive\Escritorio\Semestre\Inteligecia de Negocio\Proyecto Fase 2\BIProyecto\ETL\Transformacion Producto.ktr]  Connected to database [Postgres] (commit=1000)
2024-07-19 20:51:53.270 INFO  <Transformacion Producto - Entrada Tabla Tipo Producto> [C:\Users\niebl\OneDrive\Escritorio\Semestre\Inteligecia de Negocio\Proyecto Fase 2\BIProyecto\ETL\Transformacion Producto.ktr]  Finished reading query, closing connection
2024-07-19 20:51:53.271 INFO  <Transformacion Producto - Entrada Tabla Tipo Producto> [C:\Users\niebl\OneDrive\Escritorio\Semestre\Inteligecia de Negocio\Proyecto Fase 2\BIProyecto\ETL\Transformacion Producto.ktr]  Procesamiento finalizado (I=10, O=0, R=0, W=10, U=0, E=0)
2024-07-19 20:51:53.272 INFO  <Transformacion Producto - Entrada Tabla Producto> [C:\Users\niebl\OneDrive\Escritorio\Semestre\Inteligecia de Negocio\Proyecto Fase 2\BIProyecto\ETL\Transformacion Producto.ktr]  Finished reading query, closing connection
2024-07-19 20:51:53.274 INFO  <Transformacion Producto - Entrada Tabla Producto> [C:\Users\niebl\OneDrive\Escritorio\Semestre\Inteligecia de Negocio\Proyecto Fase 2\BIProyecto\ETL\Transformacion Producto.ktr]  Procesamiento finalizado (I=30, O=0, R=0, W=30, U=0, E=0)
2024-07-19 20:51:53.299 INFO  <Transformacion Producto - Ordenar filas 2> [C:\Users\niebl\OneDrive\Escritorio\Semestre\Inteligecia de Negocio\Proyecto Fase 2\BIProyecto\ETL\Transformacion Producto.ktr]  Procesamiento finalizado (I=0, O=0, R=30, W=30, U=0, E=0)
2024-07-19 20:51:53.300 INFO  <Transformacion Producto - Ordenar filas> [C:\Users\niebl\OneDrive\Escritorio\Semestre\Inteligecia de Negocio\Proyecto Fase 2\BIProyecto\ETL\Transformacion Producto.ktr]  Procesamiento finalizado (I=0, O=0, R=10, W=10, U=0, E=0)
2024-07-19 20:51:53.311 ERROR <Transformacion Producto - Salida Tabla> [C:\Users\niebl\OneDrive\Escritorio\Semestre\Inteligecia de Negocio\Proyecto Fase 2\BIProyecto\ETL\Transformacion Producto.ktr]  Because of an error, this step can't continue: 
2024-07-19 20:51:53.311 ERROR <Transformacion Producto - Salida Tabla> [C:\Users\niebl\OneDrive\Escritorio\Semestre\Inteligecia de Negocio\Proyecto Fase 2\BIProyecto\ETL\Transformacion Producto.ktr]  org.pentaho.di.core.exception.KettleException: 
Error inserting row into table [dim_producto] with values: [1], [Seguro de vida], [22], [Poliza1_ResponsabilidadCivil], [auto básico], [1], [1], [3]

Error inserting/updating row
ERROR: el valor es demasiado largo para el tipo character varying(25)


	at org.pentaho.di.trans.steps.tableoutput.TableOutput.writeToTable(TableOutput.java:384)
	at org.pentaho.di.trans.steps.tableoutput.TableOutput.processRow(TableOutput.java:125)
	at org.pentaho.di.trans.step.RunThread.run(RunThread.java:62)
	at java.lang.Thread.run(Thread.java:748)
Caused by: org.pentaho.di.core.exception.KettleDatabaseException: 
Error inserting/updating row
ERROR: el valor es demasiado largo para el tipo character varying(25)

	at org.pentaho.di.core.database.Database.insertRow(Database.java:1335)
	at org.pentaho.di.trans.steps.tableoutput.TableOutput.writeToTable(TableOutput.java:262)
	... 3 more
Caused by: org.postgresql.util.PSQLException: ERROR: el valor es demasiado largo para el tipo character varying(25)
	at org.postgresql.core.v3.QueryExecutorImpl.receiveErrorResponse(QueryExecutorImpl.java:2552)
	at org.postgresql.core.v3.QueryExecutorImpl.processResults(QueryExecutorImpl.java:2284)
	at org.postgresql.core.v3.QueryExecutorImpl.execute(QueryExecutorImpl.java:322)
	at org.postgresql.jdbc.PgStatement.executeInternal(PgStatement.java:481)
	at org.postgresql.jdbc.PgStatement.execute(PgStatement.java:401)
	at org.postgresql.jdbc.PgPreparedStatement.executeWithFlags(PgPreparedStatement.java:164)
	at org.postgresql.jdbc.PgPreparedStatement.executeUpdate(PgPreparedStatement.java:130)
	at org.pentaho.di.core.database.Database.insertRow(Database.java:1302)
	... 4 more

2024-07-19 20:51:53.312 INFO  <Transformacion Producto - Salida Tabla> [C:\Users\niebl\OneDrive\Escritorio\Semestre\Inteligecia de Negocio\Proyecto Fase 2\BIProyecto\ETL\Transformacion Producto.ktr]  Procesamiento finalizado (I=0, O=2, R=3, W=2, U=0, E=1)
2024-07-19 20:51:53.313 WARN  <Transformacion Producto - Salida Tabla> [C:\Users\niebl\OneDrive\Escritorio\Semestre\Inteligecia de Negocio\Proyecto Fase 2\BIProyecto\ETL\Transformacion Producto.ktr]  Transformaci?n detectada 
2024-07-19 20:51:53.313 WARN  <Transformacion Producto - Salida Tabla> [C:\Users\niebl\OneDrive\Escritorio\Semestre\Inteligecia de Negocio\Proyecto Fase 2\BIProyecto\ETL\Transformacion Producto.ktr]  Transformaci?n est? matando los otros pasos!
2024-07-19 20:51:53.313 INFO  <Transformacion Producto - Añadir secuencia sk_dim_producto> [C:\Users\niebl\OneDrive\Escritorio\Semestre\Inteligecia de Negocio\Proyecto Fase 2\BIProyecto\ETL\Transformacion Producto.ktr]  Procesamiento finalizado (I=0, O=0, R=8, W=8, U=0, E=0)
2024-07-19 20:51:53.314 INFO  <Transformacion Producto - Strings cut> [C:\Users\niebl\OneDrive\Escritorio\Semestre\Inteligecia de Negocio\Proyecto Fase 2\BIProyecto\ETL\Transformacion Producto.ktr]  Procesamiento finalizado (I=0, O=0, R=8, W=8, U=0, E=0)
2024-07-19 20:51:53.427 INFO  <Transformacion Producto - Unión por clave> [C:\Users\niebl\OneDrive\Escritorio\Semestre\Inteligecia de Negocio\Proyecto Fase 2\BIProyecto\ETL\Transformacion Producto.ktr]  Procesamiento finalizado (I=0, O=0, R=36, W=25, U=0, E=0)
2024-07-19 20:51:53.568 ERROR <Transformacion Producto - Añadir secuencia sk_dim_producto> [C:\Users\niebl\OneDrive\Escritorio\Semestre\Inteligecia de Negocio\Proyecto Fase 2\BIProyecto\ETL\Transformacion Producto.ktr]  Errores detectados!
2024-07-19 20:51:53.569 ERROR <Transformacion Producto - Añadir secuencia sk_dim_producto> [C:\Users\niebl\OneDrive\Escritorio\Semestre\Inteligecia de Negocio\Proyecto Fase 2\BIProyecto\ETL\Transformacion Producto.ktr]  Errores detectados!
2024-07-19 20:51:53.582 ERROR <Transformacion Producto - Añadir secuencia sk_dim_producto> [C:\Users\niebl\OneDrive\Escritorio\Semestre\Inteligecia de Negocio\Proyecto Fase 2\BIProyecto\ETL\Transformacion Producto.ktr]  Errores detectados!
2024-07-19 20:55:53.424 INFO  <Thread-574> [C:\Users\niebl\OneDrive\Escritorio\Semestre\Inteligecia de Negocio\Proyecto Fase 2\BIProyecto\ETL\Transformacion Producto.ktr]  Iniciado despacho de la transformaci?n [Transformacion Producto]
2024-07-19 20:55:53.521 INFO  <init of Salida Tabla.0 (Thread-582)> [C:\Users\niebl\OneDrive\Escritorio\Semestre\Inteligecia de Negocio\Proyecto Fase 2\BIProyecto\ETL\Transformacion Producto.ktr]  Connected to database [Postgres] (commit=1000)
2024-07-19 20:55:53.533 INFO  <Transformacion Producto - Entrada Tabla Tipo Producto> [C:\Users\niebl\OneDrive\Escritorio\Semestre\Inteligecia de Negocio\Proyecto Fase 2\BIProyecto\ETL\Transformacion Producto.ktr]  Finished reading query, closing connection
2024-07-19 20:55:53.535 INFO  <Transformacion Producto - Entrada Tabla Tipo Producto> [C:\Users\niebl\OneDrive\Escritorio\Semestre\Inteligecia de Negocio\Proyecto Fase 2\BIProyecto\ETL\Transformacion Producto.ktr]  Procesamiento finalizado (I=10, O=0, R=0, W=10, U=0, E=0)
2024-07-19 20:55:53.536 INFO  <Transformacion Producto - Entrada Tabla Producto> [C:\Users\niebl\OneDrive\Escritorio\Semestre\Inteligecia de Negocio\Proyecto Fase 2\BIProyecto\ETL\Transformacion Producto.ktr]  Finished reading query, closing connection
2024-07-19 20:55:53.537 INFO  <Transformacion Producto - Entrada Tabla Producto> [C:\Users\niebl\OneDrive\Escritorio\Semestre\Inteligecia de Negocio\Proyecto Fase 2\BIProyecto\ETL\Transformacion Producto.ktr]  Procesamiento finalizado (I=30, O=0, R=0, W=30, U=0, E=0)
2024-07-19 20:55:53.553 INFO  <Transformacion Producto - Ordenar filas> [C:\Users\niebl\OneDrive\Escritorio\Semestre\Inteligecia de Negocio\Proyecto Fase 2\BIProyecto\ETL\Transformacion Producto.ktr]  Procesamiento finalizado (I=0, O=0, R=10, W=10, U=0, E=0)
2024-07-19 20:55:53.553 INFO  <Transformacion Producto - Ordenar filas 2> [C:\Users\niebl\OneDrive\Escritorio\Semestre\Inteligecia de Negocio\Proyecto Fase 2\BIProyecto\ETL\Transformacion Producto.ktr]  Procesamiento finalizado (I=0, O=0, R=30, W=30, U=0, E=0)
2024-07-19 20:55:53.562 ERROR <Transformacion Producto - Salida Tabla> [C:\Users\niebl\OneDrive\Escritorio\Semestre\Inteligecia de Negocio\Proyecto Fase 2\BIProyecto\ETL\Transformacion Producto.ktr]  Because of an error, this step can't continue: 
2024-07-19 20:55:53.562 ERROR <Transformacion Producto - Salida Tabla> [C:\Users\niebl\OneDrive\Escritorio\Semestre\Inteligecia de Negocio\Proyecto Fase 2\BIProyecto\ETL\Transformacion Producto.ktr]  org.pentaho.di.core.exception.KettleException: 
Error inserting row into table [dim_producto] with values: [1], [Seguro de vida], [22], [Poliza1_ResponsabilidadCivil], [auto básico], [1], [1], [3]

Error inserting/updating row
ERROR: el valor es demasiado largo para el tipo character varying(25)


	at org.pentaho.di.trans.steps.tableoutput.TableOutput.writeToTable(TableOutput.java:384)
	at org.pentaho.di.trans.steps.tableoutput.TableOutput.processRow(TableOutput.java:125)
	at org.pentaho.di.trans.step.RunThread.run(RunThread.java:62)
	at java.lang.Thread.run(Thread.java:748)
Caused by: org.pentaho.di.core.exception.KettleDatabaseException: 
Error inserting/updating row
ERROR: el valor es demasiado largo para el tipo character varying(25)

	at org.pentaho.di.core.database.Database.insertRow(Database.java:1335)
	at org.pentaho.di.trans.steps.tableoutput.TableOutput.writeToTable(TableOutput.java:262)
	... 3 more
Caused by: org.postgresql.util.PSQLException: ERROR: el valor es demasiado largo para el tipo character varying(25)
	at org.postgresql.core.v3.QueryExecutorImpl.receiveErrorResponse(QueryExecutorImpl.java:2552)
	at org.postgresql.core.v3.QueryExecutorImpl.processResults(QueryExecutorImpl.java:2284)
	at org.postgresql.core.v3.QueryExecutorImpl.execute(QueryExecutorImpl.java:322)
	at org.postgresql.jdbc.PgStatement.executeInternal(PgStatement.java:481)
	at org.postgresql.jdbc.PgStatement.execute(PgStatement.java:401)
	at org.postgresql.jdbc.PgPreparedStatement.executeWithFlags(PgPreparedStatement.java:164)
	at org.postgresql.jdbc.PgPreparedStatement.executeUpdate(PgPreparedStatement.java:130)
	at org.pentaho.di.core.database.Database.insertRow(Database.java:1302)
	... 4 more

2024-07-19 20:55:53.563 INFO  <Transformacion Producto - Salida Tabla> [C:\Users\niebl\OneDrive\Escritorio\Semestre\Inteligecia de Negocio\Proyecto Fase 2\BIProyecto\ETL\Transformacion Producto.ktr]  Procesamiento finalizado (I=0, O=2, R=3, W=2, U=0, E=1)
2024-07-19 20:55:53.563 INFO  <Transformacion Producto - Strings cut> [C:\Users\niebl\OneDrive\Escritorio\Semestre\Inteligecia de Negocio\Proyecto Fase 2\BIProyecto\ETL\Transformacion Producto.ktr]  Procesamiento finalizado (I=0, O=0, R=7, W=7, U=0, E=0)
2024-07-19 20:55:53.564 INFO  <Transformacion Producto - Añadir secuencia sk_dim_producto> [C:\Users\niebl\OneDrive\Escritorio\Semestre\Inteligecia de Negocio\Proyecto Fase 2\BIProyecto\ETL\Transformacion Producto.ktr]  Procesamiento finalizado (I=0, O=0, R=7, W=7, U=0, E=0)
2024-07-19 20:55:53.564 WARN  <Transformacion Producto - Salida Tabla> [C:\Users\niebl\OneDrive\Escritorio\Semestre\Inteligecia de Negocio\Proyecto Fase 2\BIProyecto\ETL\Transformacion Producto.ktr]  Transformaci?n detectada 
2024-07-19 20:55:53.564 WARN  <Transformacion Producto - Salida Tabla> [C:\Users\niebl\OneDrive\Escritorio\Semestre\Inteligecia de Negocio\Proyecto Fase 2\BIProyecto\ETL\Transformacion Producto.ktr]  Transformaci?n est? matando los otros pasos!
2024-07-19 20:55:53.680 INFO  <Transformacion Producto - Unión por clave> [C:\Users\niebl\OneDrive\Escritorio\Semestre\Inteligecia de Negocio\Proyecto Fase 2\BIProyecto\ETL\Transformacion Producto.ktr]  Procesamiento finalizado (I=0, O=0, R=36, W=25, U=0, E=0)
2024-07-19 20:55:53.807 ERROR <Transformacion Producto - Strings cut> [C:\Users\niebl\OneDrive\Escritorio\Semestre\Inteligecia de Negocio\Proyecto Fase 2\BIProyecto\ETL\Transformacion Producto.ktr]  Errores detectados!
2024-07-19 20:55:53.807 ERROR <Transformacion Producto - Strings cut> [C:\Users\niebl\OneDrive\Escritorio\Semestre\Inteligecia de Negocio\Proyecto Fase 2\BIProyecto\ETL\Transformacion Producto.ktr]  Errores detectados!
2024-07-19 20:55:53.820 ERROR <Transformacion Producto - Strings cut> [C:\Users\niebl\OneDrive\Escritorio\Semestre\Inteligecia de Negocio\Proyecto Fase 2\BIProyecto\ETL\Transformacion Producto.ktr]  Errores detectados!
2024-07-19 21:00:42.857 INFO  <Thread-600> [C:\Users\niebl\OneDrive\Escritorio\Semestre\Inteligecia de Negocio\Proyecto Fase 2\BIProyecto\ETL\Transformacion Producto.ktr]  Iniciado despacho de la transformaci?n [Transformacion Producto]
2024-07-19 21:00:42.975 INFO  <init of Salida Tabla.0 (Thread-608)> [C:\Users\niebl\OneDrive\Escritorio\Semestre\Inteligecia de Negocio\Proyecto Fase 2\BIProyecto\ETL\Transformacion Producto.ktr]  Connected to database [Postgres] (commit=1000)
2024-07-19 21:00:42.991 INFO  <Transformacion Producto - Entrada Tabla Tipo Producto> [C:\Users\niebl\OneDrive\Escritorio\Semestre\Inteligecia de Negocio\Proyecto Fase 2\BIProyecto\ETL\Transformacion Producto.ktr]  Finished reading query, closing connection
2024-07-19 21:00:42.992 INFO  <Transformacion Producto - Entrada Tabla Producto> [C:\Users\niebl\OneDrive\Escritorio\Semestre\Inteligecia de Negocio\Proyecto Fase 2\BIProyecto\ETL\Transformacion Producto.ktr]  Finished reading query, closing connection
2024-07-19 21:00:42.992 INFO  <Transformacion Producto - Entrada Tabla Tipo Producto> [C:\Users\niebl\OneDrive\Escritorio\Semestre\Inteligecia de Negocio\Proyecto Fase 2\BIProyecto\ETL\Transformacion Producto.ktr]  Procesamiento finalizado (I=10, O=0, R=0, W=10, U=0, E=0)
2024-07-19 21:00:42.993 INFO  <Transformacion Producto - Entrada Tabla Producto> [C:\Users\niebl\OneDrive\Escritorio\Semestre\Inteligecia de Negocio\Proyecto Fase 2\BIProyecto\ETL\Transformacion Producto.ktr]  Procesamiento finalizado (I=30, O=0, R=0, W=30, U=0, E=0)
2024-07-19 21:00:43.015 INFO  <Transformacion Producto - Ordenar filas> [C:\Users\niebl\OneDrive\Escritorio\Semestre\Inteligecia de Negocio\Proyecto Fase 2\BIProyecto\ETL\Transformacion Producto.ktr]  Procesamiento finalizado (I=0, O=0, R=10, W=10, U=0, E=0)
2024-07-19 21:00:43.015 INFO  <Transformacion Producto - Ordenar filas 2> [C:\Users\niebl\OneDrive\Escritorio\Semestre\Inteligecia de Negocio\Proyecto Fase 2\BIProyecto\ETL\Transformacion Producto.ktr]  Procesamiento finalizado (I=0, O=0, R=30, W=30, U=0, E=0)
2024-07-19 21:00:43.022 ERROR <Transformacion Producto - Añadir secuencia sk_dim_producto> [C:\Users\niebl\OneDrive\Escritorio\Semestre\Inteligecia de Negocio\Proyecto Fase 2\BIProyecto\ETL\Transformacion Producto.ktr]  Este paso no puede continuar debido a un error: 
Error leyendo el siguiente valor de la secuencia [SEQ_] de la base de datos

Unable to get next value for sequence : SEQ_
ERROR: no existe la relación «seq_»
  Position: 16


2024-07-19 21:00:43.022 INFO  <Transformacion Producto - Añadir secuencia sk_dim_producto> [C:\Users\niebl\OneDrive\Escritorio\Semestre\Inteligecia de Negocio\Proyecto Fase 2\BIProyecto\ETL\Transformacion Producto.ktr]  Procesamiento finalizado (I=0, O=0, R=1, W=0, U=0, E=1)
2024-07-19 21:00:43.023 WARN  <Transformacion Producto - Añadir secuencia sk_dim_producto> [C:\Users\niebl\OneDrive\Escritorio\Semestre\Inteligecia de Negocio\Proyecto Fase 2\BIProyecto\ETL\Transformacion Producto.ktr]  Transformaci?n detectada 
2024-07-19 21:00:43.023 WARN  <Transformacion Producto - Añadir secuencia sk_dim_producto> [C:\Users\niebl\OneDrive\Escritorio\Semestre\Inteligecia de Negocio\Proyecto Fase 2\BIProyecto\ETL\Transformacion Producto.ktr]  Transformaci?n est? matando los otros pasos!
2024-07-19 21:00:43.141 INFO  <Transformacion Producto - Unión por clave> [C:\Users\niebl\OneDrive\Escritorio\Semestre\Inteligecia de Negocio\Proyecto Fase 2\BIProyecto\ETL\Transformacion Producto.ktr]  Procesamiento finalizado (I=0, O=0, R=36, W=25, U=0, E=0)
2024-07-19 21:00:43.266 ERROR <Transformacion Producto - Salida Tabla> [C:\Users\niebl\OneDrive\Escritorio\Semestre\Inteligecia de Negocio\Proyecto Fase 2\BIProyecto\ETL\Transformacion Producto.ktr]  Errores detectados!
2024-07-19 21:00:43.266 ERROR <Transformacion Producto - Salida Tabla> [C:\Users\niebl\OneDrive\Escritorio\Semestre\Inteligecia de Negocio\Proyecto Fase 2\BIProyecto\ETL\Transformacion Producto.ktr]  Errores detectados!
2024-07-19 21:00:43.278 ERROR <Transformacion Producto - Salida Tabla> [C:\Users\niebl\OneDrive\Escritorio\Semestre\Inteligecia de Negocio\Proyecto Fase 2\BIProyecto\ETL\Transformacion Producto.ktr]  Errores detectados!
2024-07-19 21:01:17.979 INFO  <Thread-619> [C:\Users\niebl\OneDrive\Escritorio\Semestre\Inteligecia de Negocio\Proyecto Fase 2\BIProyecto\ETL\Transformacion Producto.ktr]  Iniciado despacho de la transformaci?n [Transformacion Producto]
2024-07-19 21:01:18.075 INFO  <init of Salida Tabla.0 (Thread-627)> [C:\Users\niebl\OneDrive\Escritorio\Semestre\Inteligecia de Negocio\Proyecto Fase 2\BIProyecto\ETL\Transformacion Producto.ktr]  Connected to database [Postgres] (commit=1000)
2024-07-19 21:01:18.089 INFO  <Transformacion Producto - Entrada Tabla Tipo Producto> [C:\Users\niebl\OneDrive\Escritorio\Semestre\Inteligecia de Negocio\Proyecto Fase 2\BIProyecto\ETL\Transformacion Producto.ktr]  Finished reading query, closing connection
2024-07-19 21:01:18.090 INFO  <Transformacion Producto - Entrada Tabla Tipo Producto> [C:\Users\niebl\OneDrive\Escritorio\Semestre\Inteligecia de Negocio\Proyecto Fase 2\BIProyecto\ETL\Transformacion Producto.ktr]  Procesamiento finalizado (I=10, O=0, R=0, W=10, U=0, E=0)
2024-07-19 21:01:18.090 INFO  <Transformacion Producto - Entrada Tabla Producto> [C:\Users\niebl\OneDrive\Escritorio\Semestre\Inteligecia de Negocio\Proyecto Fase 2\BIProyecto\ETL\Transformacion Producto.ktr]  Finished reading query, closing connection
2024-07-19 21:01:18.092 INFO  <Transformacion Producto - Entrada Tabla Producto> [C:\Users\niebl\OneDrive\Escritorio\Semestre\Inteligecia de Negocio\Proyecto Fase 2\BIProyecto\ETL\Transformacion Producto.ktr]  Procesamiento finalizado (I=30, O=0, R=0, W=30, U=0, E=0)
2024-07-19 21:01:18.118 INFO  <Transformacion Producto - Ordenar filas> [C:\Users\niebl\OneDrive\Escritorio\Semestre\Inteligecia de Negocio\Proyecto Fase 2\BIProyecto\ETL\Transformacion Producto.ktr]  Procesamiento finalizado (I=0, O=0, R=10, W=10, U=0, E=0)
2024-07-19 21:01:18.119 INFO  <Transformacion Producto - Ordenar filas 2> [C:\Users\niebl\OneDrive\Escritorio\Semestre\Inteligecia de Negocio\Proyecto Fase 2\BIProyecto\ETL\Transformacion Producto.ktr]  Procesamiento finalizado (I=0, O=0, R=30, W=30, U=0, E=0)
2024-07-19 21:01:18.129 ERROR <Transformacion Producto - Salida Tabla> [C:\Users\niebl\OneDrive\Escritorio\Semestre\Inteligecia de Negocio\Proyecto Fase 2\BIProyecto\ETL\Transformacion Producto.ktr]  Because of an error, this step can't continue: 
2024-07-19 21:01:18.129 ERROR <Transformacion Producto - Salida Tabla> [C:\Users\niebl\OneDrive\Escritorio\Semestre\Inteligecia de Negocio\Proyecto Fase 2\BIProyecto\ETL\Transformacion Producto.ktr]  org.pentaho.di.core.exception.KettleException: 
Error inserting row into table [dim_producto] with values: [1], [Seguro de vida], [22], [Poliza1_ResponsabilidadCivil], [auto básico], [1], [1], [3]

Error inserting/updating row
ERROR: el valor es demasiado largo para el tipo character varying(25)


	at org.pentaho.di.trans.steps.tableoutput.TableOutput.writeToTable(TableOutput.java:384)
	at org.pentaho.di.trans.steps.tableoutput.TableOutput.processRow(TableOutput.java:125)
	at org.pentaho.di.trans.step.RunThread.run(RunThread.java:62)
	at java.lang.Thread.run(Thread.java:748)
Caused by: org.pentaho.di.core.exception.KettleDatabaseException: 
Error inserting/updating row
ERROR: el valor es demasiado largo para el tipo character varying(25)

	at org.pentaho.di.core.database.Database.insertRow(Database.java:1335)
	at org.pentaho.di.trans.steps.tableoutput.TableOutput.writeToTable(TableOutput.java:262)
	... 3 more
Caused by: org.postgresql.util.PSQLException: ERROR: el valor es demasiado largo para el tipo character varying(25)
	at org.postgresql.core.v3.QueryExecutorImpl.receiveErrorResponse(QueryExecutorImpl.java:2552)
	at org.postgresql.core.v3.QueryExecutorImpl.processResults(QueryExecutorImpl.java:2284)
	at org.postgresql.core.v3.QueryExecutorImpl.execute(QueryExecutorImpl.java:322)
	at org.postgresql.jdbc.PgStatement.executeInternal(PgStatement.java:481)
	at org.postgresql.jdbc.PgStatement.execute(PgStatement.java:401)
	at org.postgresql.jdbc.PgPreparedStatement.executeWithFlags(PgPreparedStatement.java:164)
	at org.postgresql.jdbc.PgPreparedStatement.executeUpdate(PgPreparedStatement.java:130)
	at org.pentaho.di.core.database.Database.insertRow(Database.java:1302)
	... 4 more

2024-07-19 21:01:18.130 INFO  <Transformacion Producto - Salida Tabla> [C:\Users\niebl\OneDrive\Escritorio\Semestre\Inteligecia de Negocio\Proyecto Fase 2\BIProyecto\ETL\Transformacion Producto.ktr]  Procesamiento finalizado (I=0, O=2, R=3, W=2, U=0, E=1)
2024-07-19 21:01:18.130 INFO  <Transformacion Producto - Añadir secuencia sk_dim_producto> [C:\Users\niebl\OneDrive\Escritorio\Semestre\Inteligecia de Negocio\Proyecto Fase 2\BIProyecto\ETL\Transformacion Producto.ktr]  Procesamiento finalizado (I=0, O=0, R=7, W=7, U=0, E=0)
2024-07-19 21:01:18.131 WARN  <Transformacion Producto - Salida Tabla> [C:\Users\niebl\OneDrive\Escritorio\Semestre\Inteligecia de Negocio\Proyecto Fase 2\BIProyecto\ETL\Transformacion Producto.ktr]  Transformaci?n detectada 
2024-07-19 21:01:18.131 INFO  <Transformacion Producto - Strings cut> [C:\Users\niebl\OneDrive\Escritorio\Semestre\Inteligecia de Negocio\Proyecto Fase 2\BIProyecto\ETL\Transformacion Producto.ktr]  Procesamiento finalizado (I=0, O=0, R=6, W=6, U=0, E=0)
2024-07-19 21:01:18.131 WARN  <Transformacion Producto - Salida Tabla> [C:\Users\niebl\OneDrive\Escritorio\Semestre\Inteligecia de Negocio\Proyecto Fase 2\BIProyecto\ETL\Transformacion Producto.ktr]  Transformaci?n est? matando los otros pasos!
2024-07-19 21:01:18.244 INFO  <Transformacion Producto - Unión por clave> [C:\Users\niebl\OneDrive\Escritorio\Semestre\Inteligecia de Negocio\Proyecto Fase 2\BIProyecto\ETL\Transformacion Producto.ktr]  Procesamiento finalizado (I=0, O=0, R=36, W=25, U=0, E=0)
2024-07-19 21:01:18.385 ERROR <Transformacion Producto - Añadir secuencia sk_dim_producto> [C:\Users\niebl\OneDrive\Escritorio\Semestre\Inteligecia de Negocio\Proyecto Fase 2\BIProyecto\ETL\Transformacion Producto.ktr]  Errores detectados!
2024-07-19 21:01:18.385 ERROR <Transformacion Producto - Añadir secuencia sk_dim_producto> [C:\Users\niebl\OneDrive\Escritorio\Semestre\Inteligecia de Negocio\Proyecto Fase 2\BIProyecto\ETL\Transformacion Producto.ktr]  Errores detectados!
2024-07-19 21:01:18.398 ERROR <Transformacion Producto - Añadir secuencia sk_dim_producto> [C:\Users\niebl\OneDrive\Escritorio\Semestre\Inteligecia de Negocio\Proyecto Fase 2\BIProyecto\ETL\Transformacion Producto.ktr]  Errores detectados!
2024-07-19 21:03:45.906 WARN  <Thread-650> [C:\Users\niebl\OneDrive\Escritorio\Semestre\Inteligecia de Negocio\Proyecto Fase 2\BIProyecto\ETL\Trabajo Carga Data Dimensional.kjb]  Start of job execution
2024-07-19 21:03:45.907 INFO  <Thread-650> [C:\Users\niebl\OneDrive\Escritorio\Semestre\Inteligecia de Negocio\Proyecto Fase 2\BIProyecto\ETL\Trabajo Carga Data Dimensional.kjb]  Starting entry [Transformation Sucursal]
2024-07-19 21:03:45.925 INFO  <Thread-650> [C:\Users\niebl\OneDrive\Escritorio\Semestre\Inteligecia de Negocio\Proyecto Fase 2\BIProyecto\ETL\Trabajo Carga Data Dimensional.kjb]  Using run configuration [Pentaho local]
2024-07-19 21:03:45.926 INFO  <Thread-650> [C:\Users\niebl\OneDrive\Escritorio\Semestre\Inteligecia de Negocio\Proyecto Fase 2\BIProyecto\ETL\Trabajo Carga Data Dimensional.kjb  C:/Users/niebl/OneDrive/Escritorio/Semestre/Inteligecia de Negocio/Proyecto Fase 2/BIProyecto/ETL/Transformacion Sucursal.ktr]  Iniciado despacho de la transformaci?n [Transformacion Sucursal]
2024-07-19 21:03:46.061 INFO  <init of Salida Tabla.0 (Thread-657)> [C:\Users\niebl\OneDrive\Escritorio\Semestre\Inteligecia de Negocio\Proyecto Fase 2\BIProyecto\ETL\Trabajo Carga Data Dimensional.kjb  C:/Users/niebl/OneDrive/Escritorio/Semestre/Inteligecia de Negocio/Proyecto Fase 2/BIProyecto/ETL/Transformacion Sucursal.ktr]  Connected to database [Postgres] (commit=1000)
2024-07-19 21:03:46.093 INFO  <Transformacion Sucursal - Entrada Tabla Ciudad> [C:\Users\niebl\OneDrive\Escritorio\Semestre\Inteligecia de Negocio\Proyecto Fase 2\BIProyecto\ETL\Trabajo Carga Data Dimensional.kjb  C:/Users/niebl/OneDrive/Escritorio/Semestre/Inteligecia de Negocio/Proyecto Fase 2/BIProyecto/ETL/Transformacion Sucursal.ktr]  Finished reading query, closing connection
2024-07-19 21:03:46.095 INFO  <Transformacion Sucursal - Entrada Tabla Ciudad> [C:\Users\niebl\OneDrive\Escritorio\Semestre\Inteligecia de Negocio\Proyecto Fase 2\BIProyecto\ETL\Trabajo Carga Data Dimensional.kjb  C:/Users/niebl/OneDrive/Escritorio/Semestre/Inteligecia de Negocio/Proyecto Fase 2/BIProyecto/ETL/Transformacion Sucursal.ktr]  Procesamiento finalizado (I=30, O=0, R=0, W=30, U=0, E=0)
2024-07-19 21:03:46.095 INFO  <Transformacion Sucursal - Entrada Tabla Pais> [C:\Users\niebl\OneDrive\Escritorio\Semestre\Inteligecia de Negocio\Proyecto Fase 2\BIProyecto\ETL\Trabajo Carga Data Dimensional.kjb  C:/Users/niebl/OneDrive/Escritorio/Semestre/Inteligecia de Negocio/Proyecto Fase 2/BIProyecto/ETL/Transformacion Sucursal.ktr]  Finished reading query, closing connection
2024-07-19 21:03:46.098 INFO  <Transformacion Sucursal - Entrada Tabla Pais> [C:\Users\niebl\OneDrive\Escritorio\Semestre\Inteligecia de Negocio\Proyecto Fase 2\BIProyecto\ETL\Trabajo Carga Data Dimensional.kjb  C:/Users/niebl/OneDrive/Escritorio/Semestre/Inteligecia de Negocio/Proyecto Fase 2/BIProyecto/ETL/Transformacion Sucursal.ktr]  Procesamiento finalizado (I=30, O=0, R=0, W=30, U=0, E=0)
2024-07-19 21:03:46.098 INFO  <Transformacion Sucursal - Entrada Tabla Sucursal> [C:\Users\niebl\OneDrive\Escritorio\Semestre\Inteligecia de Negocio\Proyecto Fase 2\BIProyecto\ETL\Trabajo Carga Data Dimensional.kjb  C:/Users/niebl/OneDrive/Escritorio/Semestre/Inteligecia de Negocio/Proyecto Fase 2/BIProyecto/ETL/Transformacion Sucursal.ktr]  Finished reading query, closing connection
2024-07-19 21:03:46.100 INFO  <Transformacion Sucursal - Entrada Tabla Sucursal> [C:\Users\niebl\OneDrive\Escritorio\Semestre\Inteligecia de Negocio\Proyecto Fase 2\BIProyecto\ETL\Trabajo Carga Data Dimensional.kjb  C:/Users/niebl/OneDrive/Escritorio/Semestre/Inteligecia de Negocio/Proyecto Fase 2/BIProyecto/ETL/Transformacion Sucursal.ktr]  Procesamiento finalizado (I=30, O=0, R=0, W=30, U=0, E=0)
2024-07-19 21:03:46.415 INFO  <Transformacion Sucursal - Unión Sucursal-Pais> [C:\Users\niebl\OneDrive\Escritorio\Semestre\Inteligecia de Negocio\Proyecto Fase 2\BIProyecto\ETL\Trabajo Carga Data Dimensional.kjb  C:/Users/niebl/OneDrive/Escritorio/Semestre/Inteligecia de Negocio/Proyecto Fase 2/BIProyecto/ETL/Transformacion Sucursal.ktr]  Procesamiento finalizado (I=0, O=0, R=60, W=30, U=0, E=0)
2024-07-19 21:03:46.735 INFO  <Transformacion Sucursal - Unión Sucursal-Pais-Ciudad> [C:\Users\niebl\OneDrive\Escritorio\Semestre\Inteligecia de Negocio\Proyecto Fase 2\BIProyecto\ETL\Trabajo Carga Data Dimensional.kjb  C:/Users/niebl/OneDrive/Escritorio/Semestre/Inteligecia de Negocio/Proyecto Fase 2/BIProyecto/ETL/Transformacion Sucursal.ktr]  Procesamiento finalizado (I=0, O=0, R=60, W=30, U=0, E=0)
2024-07-19 21:03:46.739 INFO  <Transformacion Sucursal - Añadir secuencia sk_dim_sucursal> [C:\Users\niebl\OneDrive\Escritorio\Semestre\Inteligecia de Negocio\Proyecto Fase 2\BIProyecto\ETL\Trabajo Carga Data Dimensional.kjb  C:/Users/niebl/OneDrive/Escritorio/Semestre/Inteligecia de Negocio/Proyecto Fase 2/BIProyecto/ETL/Transformacion Sucursal.ktr]  Procesamiento finalizado (I=0, O=0, R=30, W=30, U=0, E=0)
2024-07-19 21:03:46.755 ERROR <Transformacion Sucursal - Salida Tabla> [C:\Users\niebl\OneDrive\Escritorio\Semestre\Inteligecia de Negocio\Proyecto Fase 2\BIProyecto\ETL\Trabajo Carga Data Dimensional.kjb  C:/Users/niebl/OneDrive/Escritorio/Semestre/Inteligecia de Negocio/Proyecto Fase 2/BIProyecto/ETL/Transformacion Sucursal.ktr]  Unexpected batch update error committing the database connection.
2024-07-19 21:03:46.756 ERROR <Transformacion Sucursal - Salida Tabla> [C:\Users\niebl\OneDrive\Escritorio\Semestre\Inteligecia de Negocio\Proyecto Fase 2\BIProyecto\ETL\Trabajo Carga Data Dimensional.kjb  C:/Users/niebl/OneDrive/Escritorio/Semestre/Inteligecia de Negocio/Proyecto Fase 2/BIProyecto/ETL/Transformacion Sucursal.ktr]  org.pentaho.di.core.exception.KettleDatabaseBatchException: 
Error updating batch
Batch entry 0 INSERT INTO seguro_g27321522.dim_sucursal (cod_sucursal, nb_sucursal, cod_ciudad, nb_ciudad, cod_pais, nb_pais, sk_dim_sucursal) VALUES ( 1,  'Sucursal1',  1,  'Buenos Aires',  1,  'Argentina',  1) was aborted: ERROR: llave duplicada viola restricción de unicidad «pk_dim_sucursal»
  Detail: Ya existe la llave (sk_dim_sucursal)=(1).  Call getNextException to see other errors in the batch.

	at org.pentaho.di.core.database.Database.createKettleDatabaseBatchException(Database.java:1440)
	at org.pentaho.di.core.database.Database.emptyAndCommit(Database.java:1429)
	at org.pentaho.di.trans.steps.tableoutput.TableOutput.dispose(TableOutput.java:590)
	at org.pentaho.di.trans.step.RunThread.run(RunThread.java:97)
	at java.lang.Thread.run(Thread.java:748)
Caused by: java.sql.BatchUpdateException: Batch entry 0 INSERT INTO seguro_g27321522.dim_sucursal (cod_sucursal, nb_sucursal, cod_ciudad, nb_ciudad, cod_pais, nb_pais, sk_dim_sucursal) VALUES ( 1,  'Sucursal1',  1,  'Buenos Aires',  1,  'Argentina',  1) was aborted: ERROR: llave duplicada viola restricción de unicidad «pk_dim_sucursal»
  Detail: Ya existe la llave (sk_dim_sucursal)=(1).  Call getNextException to see other errors in the batch.
	at org.postgresql.jdbc.BatchResultHandler.handleError(BatchResultHandler.java:169)
	at org.postgresql.core.v3.QueryExecutorImpl.processResults(QueryExecutorImpl.java:2285)
	at org.postgresql.core.v3.QueryExecutorImpl.execute(QueryExecutorImpl.java:520)
	at org.postgresql.jdbc.PgStatement.internalExecuteBatch(PgStatement.java:878)
	at org.postgresql.jdbc.PgStatement.executeBatch(PgStatement.java:901)
	at org.postgresql.jdbc.PgPreparedStatement.executeBatch(PgPreparedStatement.java:1644)
	at org.pentaho.di.core.database.Database.emptyAndCommit(Database.java:1416)
	... 3 more
Caused by: org.postgresql.util.PSQLException: ERROR: llave duplicada viola restricción de unicidad «pk_dim_sucursal»
  Detail: Ya existe la llave (sk_dim_sucursal)=(1).
	at org.postgresql.core.v3.QueryExecutorImpl.receiveErrorResponse(QueryExecutorImpl.java:2552)
	at org.postgresql.core.v3.QueryExecutorImpl.processResults(QueryExecutorImpl.java:2284)
	... 8 more

2024-07-19 21:03:46.756 INFO  <Transformacion Sucursal - Salida Tabla> [C:\Users\niebl\OneDrive\Escritorio\Semestre\Inteligecia de Negocio\Proyecto Fase 2\BIProyecto\ETL\Trabajo Carga Data Dimensional.kjb  C:/Users/niebl/OneDrive/Escritorio/Semestre/Inteligecia de Negocio/Proyecto Fase 2/BIProyecto/ETL/Transformacion Sucursal.ktr]  Procesamiento finalizado (I=0, O=0, R=30, W=0, U=0, E=1)
2024-07-19 21:03:46.757 WARN  <Transformacion Sucursal - Salida Tabla> [C:\Users\niebl\OneDrive\Escritorio\Semestre\Inteligecia de Negocio\Proyecto Fase 2\BIProyecto\ETL\Trabajo Carga Data Dimensional.kjb  C:/Users/niebl/OneDrive/Escritorio/Semestre/Inteligecia de Negocio/Proyecto Fase 2/BIProyecto/ETL/Transformacion Sucursal.ktr]  Transformaci?n detectada 
2024-07-19 21:03:46.757 WARN  <Transformacion Sucursal - Salida Tabla> [C:\Users\niebl\OneDrive\Escritorio\Semestre\Inteligecia de Negocio\Proyecto Fase 2\BIProyecto\ETL\Trabajo Carga Data Dimensional.kjb  C:/Users/niebl/OneDrive/Escritorio/Semestre/Inteligecia de Negocio/Proyecto Fase 2/BIProyecto/ETL/Transformacion Sucursal.ktr]  Transformaci?n est? matando los otros pasos!
2024-07-19 21:03:46.758 ERROR <Thread-650> [C:\Users\niebl\OneDrive\Escritorio\Semestre\Inteligecia de Negocio\Proyecto Fase 2\BIProyecto\ETL\Trabajo Carga Data Dimensional.kjb  C:/Users/niebl/OneDrive/Escritorio/Semestre/Inteligecia de Negocio/Proyecto Fase 2/BIProyecto/ETL/Transformacion Sucursal.ktr]  Errores detectados!
2024-07-19 21:03:46.759 INFO  <Thread-650> [C:\Users\niebl\OneDrive\Escritorio\Semestre\Inteligecia de Negocio\Proyecto Fase 2\BIProyecto\ETL\Trabajo Carga Data Dimensional.kjb]  Finished job entry [Transformation Sucursal] (result=[false])
2024-07-19 21:03:46.759 INFO  <Thread-650> [C:\Users\niebl\OneDrive\Escritorio\Semestre\Inteligecia de Negocio\Proyecto Fase 2\BIProyecto\ETL\Trabajo Carga Data Dimensional.kjb]  Starting entry [Transformation Cliente]
2024-07-19 21:03:46.773 INFO  <Thread-650> [C:\Users\niebl\OneDrive\Escritorio\Semestre\Inteligecia de Negocio\Proyecto Fase 2\BIProyecto\ETL\Trabajo Carga Data Dimensional.kjb]  Using run configuration [Pentaho local]
2024-07-19 21:03:46.774 INFO  <Thread-650> [C:\Users\niebl\OneDrive\Escritorio\Semestre\Inteligecia de Negocio\Proyecto Fase 2\BIProyecto\ETL\Trabajo Carga Data Dimensional.kjb  C:/Users/niebl/OneDrive/Escritorio/Semestre/Inteligecia de Negocio/Proyecto Fase 2/BIProyecto/ETL/Transformacion Cliente.ktr]  Iniciado despacho de la transformaci?n [Transformacion Cliente]
2024-07-19 21:03:46.854 INFO  <init of Salida Tabla.0 (Thread-667)> [C:\Users\niebl\OneDrive\Escritorio\Semestre\Inteligecia de Negocio\Proyecto Fase 2\BIProyecto\ETL\Trabajo Carga Data Dimensional.kjb  C:/Users/niebl/OneDrive/Escritorio/Semestre/Inteligecia de Negocio/Proyecto Fase 2/BIProyecto/ETL/Transformacion Cliente.ktr]  Connected to database [Postgres] (commit=1000)
2024-07-19 21:03:46.894 INFO  <Transformacion Cliente - Entrada Tabla> [C:\Users\niebl\OneDrive\Escritorio\Semestre\Inteligecia de Negocio\Proyecto Fase 2\BIProyecto\ETL\Trabajo Carga Data Dimensional.kjb  C:/Users/niebl/OneDrive/Escritorio/Semestre/Inteligecia de Negocio/Proyecto Fase 2/BIProyecto/ETL/Transformacion Cliente.ktr]  Finished reading query, closing connection
2024-07-19 21:03:46.895 INFO  <Transformacion Cliente - Entrada Tabla> [C:\Users\niebl\OneDrive\Escritorio\Semestre\Inteligecia de Negocio\Proyecto Fase 2\BIProyecto\ETL\Trabajo Carga Data Dimensional.kjb  C:/Users/niebl/OneDrive/Escritorio/Semestre/Inteligecia de Negocio/Proyecto Fase 2/BIProyecto/ETL/Transformacion Cliente.ktr]  Procesamiento finalizado (I=300, O=0, R=0, W=300, U=0, E=0)
2024-07-19 21:03:46.898 INFO  <Transformacion Cliente - Añadir secuencia sk_dim_cliente> [C:\Users\niebl\OneDrive\Escritorio\Semestre\Inteligecia de Negocio\Proyecto Fase 2\BIProyecto\ETL\Trabajo Carga Data Dimensional.kjb  C:/Users/niebl/OneDrive/Escritorio/Semestre/Inteligecia de Negocio/Proyecto Fase 2/BIProyecto/ETL/Transformacion Cliente.ktr]  Procesamiento finalizado (I=0, O=0, R=300, W=300, U=0, E=0)
2024-07-19 21:03:46.991 INFO  <Transformacion Cliente - Salida Tabla> [C:\Users\niebl\OneDrive\Escritorio\Semestre\Inteligecia de Negocio\Proyecto Fase 2\BIProyecto\ETL\Trabajo Carga Data Dimensional.kjb  C:/Users/niebl/OneDrive/Escritorio/Semestre/Inteligecia de Negocio/Proyecto Fase 2/BIProyecto/ETL/Transformacion Cliente.ktr]  Procesamiento finalizado (I=0, O=300, R=300, W=300, U=0, E=0)
2024-07-19 21:03:46.992 INFO  <Thread-650> [C:\Users\niebl\OneDrive\Escritorio\Semestre\Inteligecia de Negocio\Proyecto Fase 2\BIProyecto\ETL\Trabajo Carga Data Dimensional.kjb]  Starting entry [Transformation Evaluacion servicio]
2024-07-19 21:03:47.010 INFO  <Thread-650> [C:\Users\niebl\OneDrive\Escritorio\Semestre\Inteligecia de Negocio\Proyecto Fase 2\BIProyecto\ETL\Trabajo Carga Data Dimensional.kjb]  Using run configuration [Pentaho local]
2024-07-19 21:03:47.011 INFO  <Thread-650> [C:\Users\niebl\OneDrive\Escritorio\Semestre\Inteligecia de Negocio\Proyecto Fase 2\BIProyecto\ETL\Trabajo Carga Data Dimensional.kjb  C:/Users/niebl/OneDrive/Escritorio/Semestre/Inteligecia de Negocio/Proyecto Fase 2/BIProyecto/ETL/Transformacion Evaluacion Servicio.ktr]  Iniciado despacho de la transformaci?n [Transformacion Evaluacion Servicio]
2024-07-19 21:03:47.101 INFO  <init of Salida Tabla dim_evaluacion_servicio.0 (Thread-673)> [C:\Users\niebl\OneDrive\Escritorio\Semestre\Inteligecia de Negocio\Proyecto Fase 2\BIProyecto\ETL\Trabajo Carga Data Dimensional.kjb  C:/Users/niebl/OneDrive/Escritorio/Semestre/Inteligecia de Negocio/Proyecto Fase 2/BIProyecto/ETL/Transformacion Evaluacion Servicio.ktr]  Connected to database [Postgres] (commit=1000)
2024-07-19 21:03:47.194 INFO  <Transformacion Evaluacion Servicio - Entrada Tabla Evaluacion_Servicio> [C:\Users\niebl\OneDrive\Escritorio\Semestre\Inteligecia de Negocio\Proyecto Fase 2\BIProyecto\ETL\Trabajo Carga Data Dimensional.kjb  C:/Users/niebl/OneDrive/Escritorio/Semestre/Inteligecia de Negocio/Proyecto Fase 2/BIProyecto/ETL/Transformacion Evaluacion Servicio.ktr]  Finished reading query, closing connection
2024-07-19 21:03:47.195 INFO  <Transformacion Evaluacion Servicio - Entrada Tabla Evaluacion_Servicio> [C:\Users\niebl\OneDrive\Escritorio\Semestre\Inteligecia de Negocio\Proyecto Fase 2\BIProyecto\ETL\Trabajo Carga Data Dimensional.kjb  C:/Users/niebl/OneDrive/Escritorio/Semestre/Inteligecia de Negocio/Proyecto Fase 2/BIProyecto/ETL/Transformacion Evaluacion Servicio.ktr]  Procesamiento finalizado (I=6, O=0, R=0, W=6, U=0, E=0)
2024-07-19 21:03:47.212 INFO  <Transformacion Evaluacion Servicio - Añadir secuencia sk_dim_evaluacion_servicio> [C:\Users\niebl\OneDrive\Escritorio\Semestre\Inteligecia de Negocio\Proyecto Fase 2\BIProyecto\ETL\Trabajo Carga Data Dimensional.kjb  C:/Users/niebl/OneDrive/Escritorio/Semestre/Inteligecia de Negocio/Proyecto Fase 2/BIProyecto/ETL/Transformacion Evaluacion Servicio.ktr]  Procesamiento finalizado (I=0, O=0, R=6, W=6, U=0, E=0)
2024-07-19 21:03:47.243 INFO  <Transformacion Evaluacion Servicio - Salida Tabla dim_evaluacion_servicio> [C:\Users\niebl\OneDrive\Escritorio\Semestre\Inteligecia de Negocio\Proyecto Fase 2\BIProyecto\ETL\Trabajo Carga Data Dimensional.kjb  C:/Users/niebl/OneDrive/Escritorio/Semestre/Inteligecia de Negocio/Proyecto Fase 2/BIProyecto/ETL/Transformacion Evaluacion Servicio.ktr]  Procesamiento finalizado (I=0, O=6, R=6, W=6, U=0, E=0)
2024-07-19 21:03:47.246 INFO  <Thread-650> [C:\Users\niebl\OneDrive\Escritorio\Semestre\Inteligecia de Negocio\Proyecto Fase 2\BIProyecto\ETL\Trabajo Carga Data Dimensional.kjb]  Starting entry [Transformation Contrato]
2024-07-19 21:03:47.261 INFO  <Thread-650> [C:\Users\niebl\OneDrive\Escritorio\Semestre\Inteligecia de Negocio\Proyecto Fase 2\BIProyecto\ETL\Trabajo Carga Data Dimensional.kjb]  Using run configuration [Pentaho local]
2024-07-19 21:03:47.261 INFO  <Thread-650> [C:\Users\niebl\OneDrive\Escritorio\Semestre\Inteligecia de Negocio\Proyecto Fase 2\BIProyecto\ETL\Trabajo Carga Data Dimensional.kjb  C:/Users/niebl/OneDrive/Escritorio/Semestre/Inteligecia de Negocio/Proyecto Fase 2/BIProyecto/ETL/Transformacion_Contrato.ktr]  Iniciado despacho de la transformaci?n [Transformacion_Contrato]
2024-07-19 21:03:47.340 INFO  <init of Salida Tabla.0 (Thread-679)> [C:\Users\niebl\OneDrive\Escritorio\Semestre\Inteligecia de Negocio\Proyecto Fase 2\BIProyecto\ETL\Trabajo Carga Data Dimensional.kjb  C:/Users/niebl/OneDrive/Escritorio/Semestre/Inteligecia de Negocio/Proyecto Fase 2/BIProyecto/ETL/Transformacion_Contrato.ktr]  Connected to database [PostgresConexion] (commit=1000)
2024-07-19 21:03:47.358 INFO  <Transformacion_Contrato - Entrada Tabla> [C:\Users\niebl\OneDrive\Escritorio\Semestre\Inteligecia de Negocio\Proyecto Fase 2\BIProyecto\ETL\Trabajo Carga Data Dimensional.kjb  C:/Users/niebl/OneDrive/Escritorio/Semestre/Inteligecia de Negocio/Proyecto Fase 2/BIProyecto/ETL/Transformacion_Contrato.ktr]  Finished reading query, closing connection
2024-07-19 21:03:47.359 INFO  <Transformacion_Contrato - Entrada Tabla> [C:\Users\niebl\OneDrive\Escritorio\Semestre\Inteligecia de Negocio\Proyecto Fase 2\BIProyecto\ETL\Trabajo Carga Data Dimensional.kjb  C:/Users/niebl/OneDrive/Escritorio/Semestre/Inteligecia de Negocio/Proyecto Fase 2/BIProyecto/ETL/Transformacion_Contrato.ktr]  Procesamiento finalizado (I=1000, O=0, R=0, W=1000, U=0, E=0)
2024-07-19 21:03:47.365 INFO  <Transformacion_Contrato - Añadir sk_dim_contrato> [C:\Users\niebl\OneDrive\Escritorio\Semestre\Inteligecia de Negocio\Proyecto Fase 2\BIProyecto\ETL\Trabajo Carga Data Dimensional.kjb  C:/Users/niebl/OneDrive/Escritorio/Semestre/Inteligecia de Negocio/Proyecto Fase 2/BIProyecto/ETL/Transformacion_Contrato.ktr]  Procesamiento finalizado (I=0, O=0, R=1000, W=1000, U=0, E=0)
2024-07-19 21:03:47.514 INFO  <Transformacion_Contrato - Salida Tabla> [C:\Users\niebl\OneDrive\Escritorio\Semestre\Inteligecia de Negocio\Proyecto Fase 2\BIProyecto\ETL\Trabajo Carga Data Dimensional.kjb  C:/Users/niebl/OneDrive/Escritorio/Semestre/Inteligecia de Negocio/Proyecto Fase 2/BIProyecto/ETL/Transformacion_Contrato.ktr]  Procesamiento finalizado (I=0, O=1000, R=1000, W=1000, U=0, E=0)
2024-07-19 21:03:47.516 INFO  <Thread-650> [C:\Users\niebl\OneDrive\Escritorio\Semestre\Inteligecia de Negocio\Proyecto Fase 2\BIProyecto\ETL\Trabajo Carga Data Dimensional.kjb]  Starting entry [Transformation Estado Contrato]
2024-07-19 21:03:47.540 INFO  <Thread-650> [C:\Users\niebl\OneDrive\Escritorio\Semestre\Inteligecia de Negocio\Proyecto Fase 2\BIProyecto\ETL\Trabajo Carga Data Dimensional.kjb]  Using run configuration [Pentaho local]
2024-07-19 21:03:47.541 INFO  <Thread-650> [C:\Users\niebl\OneDrive\Escritorio\Semestre\Inteligecia de Negocio\Proyecto Fase 2\BIProyecto\ETL\Trabajo Carga Data Dimensional.kjb  C:/Users/niebl/OneDrive/Escritorio/Semestre/Inteligecia de Negocio/Proyecto Fase 2/BIProyecto/ETL/Transformacion Estado Contrato.ktr]  Iniciado despacho de la transformaci?n [Transformacion Estado Contrato]
2024-07-19 21:03:47.661 INFO  <init of Salida Tabla dim_estado_contrato.0 (Thread-688)> [C:\Users\niebl\OneDrive\Escritorio\Semestre\Inteligecia de Negocio\Proyecto Fase 2\BIProyecto\ETL\Trabajo Carga Data Dimensional.kjb  C:/Users/niebl/OneDrive/Escritorio/Semestre/Inteligecia de Negocio/Proyecto Fase 2/BIProyecto/ETL/Transformacion Estado Contrato.ktr]  Connected to database [Postgres] (commit=1000)
2024-07-19 21:03:47.754 INFO  <Transformacion Estado Contrato - Entrada Tabla Estado Contrato> [C:\Users\niebl\OneDrive\Escritorio\Semestre\Inteligecia de Negocio\Proyecto Fase 2\BIProyecto\ETL\Trabajo Carga Data Dimensional.kjb  C:/Users/niebl/OneDrive/Escritorio/Semestre/Inteligecia de Negocio/Proyecto Fase 2/BIProyecto/ETL/Transformacion Estado Contrato.ktr]  Finished reading query, closing connection
2024-07-19 21:03:47.762 INFO  <Transformacion Estado Contrato - Seleccionar Estado Contrato> [C:\Users\niebl\OneDrive\Escritorio\Semestre\Inteligecia de Negocio\Proyecto Fase 2\BIProyecto\ETL\Trabajo Carga Data Dimensional.kjb  C:/Users/niebl/OneDrive/Escritorio/Semestre/Inteligecia de Negocio/Proyecto Fase 2/BIProyecto/ETL/Transformacion Estado Contrato.ktr]  Procesamiento finalizado (I=0, O=0, R=1000, W=1000, U=0, E=0)
2024-07-19 21:03:47.778 INFO  <Transformacion Estado Contrato - Agrupar> [C:\Users\niebl\OneDrive\Escritorio\Semestre\Inteligecia de Negocio\Proyecto Fase 2\BIProyecto\ETL\Trabajo Carga Data Dimensional.kjb  C:/Users/niebl/OneDrive/Escritorio/Semestre/Inteligecia de Negocio/Proyecto Fase 2/BIProyecto/ETL/Transformacion Estado Contrato.ktr]  Procesamiento finalizado (I=0, O=0, R=1000, W=8, U=0, E=0)
2024-07-19 21:03:47.780 INFO  <Transformacion Estado Contrato - Entrada Tabla Estado Contrato> [C:\Users\niebl\OneDrive\Escritorio\Semestre\Inteligecia de Negocio\Proyecto Fase 2\BIProyecto\ETL\Trabajo Carga Data Dimensional.kjb  C:/Users/niebl/OneDrive/Escritorio/Semestre/Inteligecia de Negocio/Proyecto Fase 2/BIProyecto/ETL/Transformacion Estado Contrato.ktr]  Procesamiento finalizado (I=1000, O=0, R=0, W=1000, U=0, E=0)
2024-07-19 21:03:47.794 INFO  <Transformacion Estado Contrato - Añadir secuencia cod_estado> [C:\Users\niebl\OneDrive\Escritorio\Semestre\Inteligecia de Negocio\Proyecto Fase 2\BIProyecto\ETL\Trabajo Carga Data Dimensional.kjb  C:/Users/niebl/OneDrive/Escritorio/Semestre/Inteligecia de Negocio/Proyecto Fase 2/BIProyecto/ETL/Transformacion Estado Contrato.ktr]  Procesamiento finalizado (I=0, O=0, R=8, W=8, U=0, E=0)
2024-07-19 21:03:47.826 INFO  <Transformacion Estado Contrato - Añadir secuencia sk_dim_estado_contrato> [C:\Users\niebl\OneDrive\Escritorio\Semestre\Inteligecia de Negocio\Proyecto Fase 2\BIProyecto\ETL\Trabajo Carga Data Dimensional.kjb  C:/Users/niebl/OneDrive/Escritorio/Semestre/Inteligecia de Negocio/Proyecto Fase 2/BIProyecto/ETL/Transformacion Estado Contrato.ktr]  Procesamiento finalizado (I=0, O=0, R=8, W=8, U=0, E=0)
2024-07-19 21:03:47.844 INFO  <Transformacion Estado Contrato - Salida Tabla dim_estado_contrato> [C:\Users\niebl\OneDrive\Escritorio\Semestre\Inteligecia de Negocio\Proyecto Fase 2\BIProyecto\ETL\Trabajo Carga Data Dimensional.kjb  C:/Users/niebl/OneDrive/Escritorio/Semestre/Inteligecia de Negocio/Proyecto Fase 2/BIProyecto/ETL/Transformacion Estado Contrato.ktr]  Procesamiento finalizado (I=0, O=8, R=8, W=8, U=0, E=0)
2024-07-19 21:03:47.845 INFO  <Thread-650> [C:\Users\niebl\OneDrive\Escritorio\Semestre\Inteligecia de Negocio\Proyecto Fase 2\BIProyecto\ETL\Trabajo Carga Data Dimensional.kjb]  Starting entry [Transformation Siniestro]
2024-07-19 21:03:47.861 INFO  <Thread-650> [C:\Users\niebl\OneDrive\Escritorio\Semestre\Inteligecia de Negocio\Proyecto Fase 2\BIProyecto\ETL\Trabajo Carga Data Dimensional.kjb]  Using run configuration [Pentaho local]
2024-07-19 21:03:47.862 INFO  <Thread-650> [C:\Users\niebl\OneDrive\Escritorio\Semestre\Inteligecia de Negocio\Proyecto Fase 2\BIProyecto\ETL\Trabajo Carga Data Dimensional.kjb  C:/Users/niebl/OneDrive/Escritorio/Semestre/Inteligecia de Negocio/Proyecto Fase 2/BIProyecto/ETL/Transformacion siniestro.ktr]  Iniciado despacho de la transformaci?n [Transformacion siniestro]
2024-07-19 21:03:48.009 INFO  <init of Salida Tabla dim_siniestro.0 (Thread-697)> [C:\Users\niebl\OneDrive\Escritorio\Semestre\Inteligecia de Negocio\Proyecto Fase 2\BIProyecto\ETL\Trabajo Carga Data Dimensional.kjb  C:/Users/niebl/OneDrive/Escritorio/Semestre/Inteligecia de Negocio/Proyecto Fase 2/BIProyecto/ETL/Transformacion siniestro.ktr]  Connected to database [Postgres] (commit=1000)
2024-07-19 21:03:48.025 INFO  <Transformacion siniestro - Entrada Tabla Siniestro> [C:\Users\niebl\OneDrive\Escritorio\Semestre\Inteligecia de Negocio\Proyecto Fase 2\BIProyecto\ETL\Trabajo Carga Data Dimensional.kjb  C:/Users/niebl/OneDrive/Escritorio/Semestre/Inteligecia de Negocio/Proyecto Fase 2/BIProyecto/ETL/Transformacion siniestro.ktr]  Finished reading query, closing connection
2024-07-19 21:03:48.027 INFO  <Transformacion siniestro - Entrada Tabla Siniestro> [C:\Users\niebl\OneDrive\Escritorio\Semestre\Inteligecia de Negocio\Proyecto Fase 2\BIProyecto\ETL\Trabajo Carga Data Dimensional.kjb  C:/Users/niebl/OneDrive/Escritorio/Semestre/Inteligecia de Negocio/Proyecto Fase 2/BIProyecto/ETL/Transformacion siniestro.ktr]  Procesamiento finalizado (I=1000, O=0, R=0, W=1000, U=0, E=0)
2024-07-19 21:03:48.029 INFO  <Transformacion siniestro - Añadir secuencia sk_dim_siniestro> [C:\Users\niebl\OneDrive\Escritorio\Semestre\Inteligecia de Negocio\Proyecto Fase 2\BIProyecto\ETL\Trabajo Carga Data Dimensional.kjb  C:/Users/niebl/OneDrive/Escritorio/Semestre/Inteligecia de Negocio/Proyecto Fase 2/BIProyecto/ETL/Transformacion siniestro.ktr]  Procesamiento finalizado (I=0, O=0, R=1000, W=1000, U=0, E=0)
2024-07-19 21:03:48.079 INFO  <Transformacion siniestro - Salida Tabla dim_siniestro> [C:\Users\niebl\OneDrive\Escritorio\Semestre\Inteligecia de Negocio\Proyecto Fase 2\BIProyecto\ETL\Trabajo Carga Data Dimensional.kjb  C:/Users/niebl/OneDrive/Escritorio/Semestre/Inteligecia de Negocio/Proyecto Fase 2/BIProyecto/ETL/Transformacion siniestro.ktr]  Procesamiento finalizado (I=0, O=1000, R=1000, W=1000, U=0, E=0)
2024-07-19 21:03:48.083 INFO  <Thread-650> [C:\Users\niebl\OneDrive\Escritorio\Semestre\Inteligecia de Negocio\Proyecto Fase 2\BIProyecto\ETL\Trabajo Carga Data Dimensional.kjb]  Starting entry [Success]
2024-07-19 21:03:48.084 INFO  <Thread-650> [C:\Users\niebl\OneDrive\Escritorio\Semestre\Inteligecia de Negocio\Proyecto Fase 2\BIProyecto\ETL\Trabajo Carga Data Dimensional.kjb]  Finished job entry [Success] (result=[true])
2024-07-19 21:03:48.084 INFO  <Thread-650> [C:\Users\niebl\OneDrive\Escritorio\Semestre\Inteligecia de Negocio\Proyecto Fase 2\BIProyecto\ETL\Trabajo Carga Data Dimensional.kjb]  Finished job entry [Transformation Siniestro] (result=[true])
2024-07-19 21:03:48.084 INFO  <Thread-650> [C:\Users\niebl\OneDrive\Escritorio\Semestre\Inteligecia de Negocio\Proyecto Fase 2\BIProyecto\ETL\Trabajo Carga Data Dimensional.kjb]  Finished job entry [Transformation Estado Contrato] (result=[true])
2024-07-19 21:03:48.085 INFO  <Thread-650> [C:\Users\niebl\OneDrive\Escritorio\Semestre\Inteligecia de Negocio\Proyecto Fase 2\BIProyecto\ETL\Trabajo Carga Data Dimensional.kjb]  Finished job entry [Transformation Contrato] (result=[true])
2024-07-19 21:03:48.085 INFO  <Thread-650> [C:\Users\niebl\OneDrive\Escritorio\Semestre\Inteligecia de Negocio\Proyecto Fase 2\BIProyecto\ETL\Trabajo Carga Data Dimensional.kjb]  Finished job entry [Transformation Evaluacion servicio] (result=[true])
2024-07-19 21:03:48.085 INFO  <Thread-650> [C:\Users\niebl\OneDrive\Escritorio\Semestre\Inteligecia de Negocio\Proyecto Fase 2\BIProyecto\ETL\Trabajo Carga Data Dimensional.kjb]  Finished job entry [Transformation Cliente] (result=[true])
2024-07-19 21:03:48.085 INFO  <Thread-650> [C:\Users\niebl\OneDrive\Escritorio\Semestre\Inteligecia de Negocio\Proyecto Fase 2\BIProyecto\ETL\Trabajo Carga Data Dimensional.kjb]  Starting entry [Transformation Evaluacion servicio]
2024-07-19 21:03:48.103 INFO  <Thread-650> [C:\Users\niebl\OneDrive\Escritorio\Semestre\Inteligecia de Negocio\Proyecto Fase 2\BIProyecto\ETL\Trabajo Carga Data Dimensional.kjb]  Using run configuration [Pentaho local]
2024-07-19 21:03:48.104 INFO  <Thread-650> [C:\Users\niebl\OneDrive\Escritorio\Semestre\Inteligecia de Negocio\Proyecto Fase 2\BIProyecto\ETL\Trabajo Carga Data Dimensional.kjb  C:/Users/niebl/OneDrive/Escritorio/Semestre/Inteligecia de Negocio/Proyecto Fase 2/BIProyecto/ETL/Transformacion Evaluacion Servicio.ktr]  Iniciado despacho de la transformaci?n [Transformacion Evaluacion Servicio]
2024-07-19 21:03:48.205 INFO  <init of Salida Tabla dim_evaluacion_servicio.0 (Thread-703)> [C:\Users\niebl\OneDrive\Escritorio\Semestre\Inteligecia de Negocio\Proyecto Fase 2\BIProyecto\ETL\Trabajo Carga Data Dimensional.kjb  C:/Users/niebl/OneDrive/Escritorio/Semestre/Inteligecia de Negocio/Proyecto Fase 2/BIProyecto/ETL/Transformacion Evaluacion Servicio.ktr]  Connected to database [Postgres] (commit=1000)
2024-07-19 21:03:48.217 INFO  <Transformacion Evaluacion Servicio - Entrada Tabla Evaluacion_Servicio> [C:\Users\niebl\OneDrive\Escritorio\Semestre\Inteligecia de Negocio\Proyecto Fase 2\BIProyecto\ETL\Trabajo Carga Data Dimensional.kjb  C:/Users/niebl/OneDrive/Escritorio/Semestre/Inteligecia de Negocio/Proyecto Fase 2/BIProyecto/ETL/Transformacion Evaluacion Servicio.ktr]  Finished reading query, closing connection
2024-07-19 21:03:48.219 INFO  <Transformacion Evaluacion Servicio - Entrada Tabla Evaluacion_Servicio> [C:\Users\niebl\OneDrive\Escritorio\Semestre\Inteligecia de Negocio\Proyecto Fase 2\BIProyecto\ETL\Trabajo Carga Data Dimensional.kjb  C:/Users/niebl/OneDrive/Escritorio/Semestre/Inteligecia de Negocio/Proyecto Fase 2/BIProyecto/ETL/Transformacion Evaluacion Servicio.ktr]  Procesamiento finalizado (I=6, O=0, R=0, W=6, U=0, E=0)
2024-07-19 21:03:48.223 ERROR <Transformacion Evaluacion Servicio - Salida Tabla dim_evaluacion_servicio> [C:\Users\niebl\OneDrive\Escritorio\Semestre\Inteligecia de Negocio\Proyecto Fase 2\BIProyecto\ETL\Trabajo Carga Data Dimensional.kjb  C:/Users/niebl/OneDrive/Escritorio/Semestre/Inteligecia de Negocio/Proyecto Fase 2/BIProyecto/ETL/Transformacion Evaluacion Servicio.ktr]  Because of an error, this step can't continue: 
2024-07-19 21:03:48.223 ERROR <Transformacion Evaluacion Servicio - Salida Tabla dim_evaluacion_servicio> [C:\Users\niebl\OneDrive\Escritorio\Semestre\Inteligecia de Negocio\Proyecto Fase 2\BIProyecto\ETL\Trabajo Carga Data Dimensional.kjb  C:/Users/niebl/OneDrive/Escritorio/Semestre/Inteligecia de Negocio/Proyecto Fase 2/BIProyecto/ETL/Transformacion Evaluacion Servicio.ktr]  org.pentaho.di.core.exception.KettleException: 
Error inserting row into table [dim_evaluacion_servicio] with values: [1], [Excelente], [1]

Error inserting/updating row
ERROR: llave duplicada viola restricción de unicidad «pk_dim_evaluacion_servicio»
  Detail: Ya existe la llave (sk_dim_evaluacion_servicio)=(1).


	at org.pentaho.di.trans.steps.tableoutput.TableOutput.writeToTable(TableOutput.java:384)
	at org.pentaho.di.trans.steps.tableoutput.TableOutput.processRow(TableOutput.java:125)
	at org.pentaho.di.trans.step.RunThread.run(RunThread.java:62)
	at java.lang.Thread.run(Thread.java:748)
Caused by: org.pentaho.di.core.exception.KettleDatabaseException: 
Error inserting/updating row
ERROR: llave duplicada viola restricción de unicidad «pk_dim_evaluacion_servicio»
  Detail: Ya existe la llave (sk_dim_evaluacion_servicio)=(1).

	at org.pentaho.di.core.database.Database.insertRow(Database.java:1335)
	at org.pentaho.di.trans.steps.tableoutput.TableOutput.writeToTable(TableOutput.java:262)
	... 3 more
Caused by: org.postgresql.util.PSQLException: ERROR: llave duplicada viola restricción de unicidad «pk_dim_evaluacion_servicio»
  Detail: Ya existe la llave (sk_dim_evaluacion_servicio)=(1).
	at org.postgresql.core.v3.QueryExecutorImpl.receiveErrorResponse(QueryExecutorImpl.java:2552)
	at org.postgresql.core.v3.QueryExecutorImpl.processResults(QueryExecutorImpl.java:2284)
	at org.postgresql.core.v3.QueryExecutorImpl.execute(QueryExecutorImpl.java:322)
	at org.postgresql.jdbc.PgStatement.executeInternal(PgStatement.java:481)
	at org.postgresql.jdbc.PgStatement.execute(PgStatement.java:401)
	at org.postgresql.jdbc.PgPreparedStatement.executeWithFlags(PgPreparedStatement.java:164)
	at org.postgresql.jdbc.PgPreparedStatement.executeUpdate(PgPreparedStatement.java:130)
	at org.pentaho.di.core.database.Database.insertRow(Database.java:1302)
	... 4 more

2024-07-19 21:03:48.224 ERROR <Thread-650> [C:\Users\niebl\OneDrive\Escritorio\Semestre\Inteligecia de Negocio\Proyecto Fase 2\BIProyecto\ETL\Trabajo Carga Data Dimensional.kjb  C:/Users/niebl/OneDrive/Escritorio/Semestre/Inteligecia de Negocio/Proyecto Fase 2/BIProyecto/ETL/Transformacion Evaluacion Servicio.ktr]  Errores detectados!
2024-07-19 21:03:48.224 INFO  <Transformacion Evaluacion Servicio - Salida Tabla dim_evaluacion_servicio> [C:\Users\niebl\OneDrive\Escritorio\Semestre\Inteligecia de Negocio\Proyecto Fase 2\BIProyecto\ETL\Trabajo Carga Data Dimensional.kjb  C:/Users/niebl/OneDrive/Escritorio/Semestre/Inteligecia de Negocio/Proyecto Fase 2/BIProyecto/ETL/Transformacion Evaluacion Servicio.ktr]  Procesamiento finalizado (I=0, O=0, R=1, W=0, U=0, E=1)
2024-07-19 21:03:48.225 WARN  <Transformacion Evaluacion Servicio - Salida Tabla dim_evaluacion_servicio> [C:\Users\niebl\OneDrive\Escritorio\Semestre\Inteligecia de Negocio\Proyecto Fase 2\BIProyecto\ETL\Trabajo Carga Data Dimensional.kjb  C:/Users/niebl/OneDrive/Escritorio/Semestre/Inteligecia de Negocio/Proyecto Fase 2/BIProyecto/ETL/Transformacion Evaluacion Servicio.ktr]  Transformaci?n detectada 
2024-07-19 21:03:48.225 WARN  <Transformacion Evaluacion Servicio - Salida Tabla dim_evaluacion_servicio> [C:\Users\niebl\OneDrive\Escritorio\Semestre\Inteligecia de Negocio\Proyecto Fase 2\BIProyecto\ETL\Trabajo Carga Data Dimensional.kjb  C:/Users/niebl/OneDrive/Escritorio/Semestre/Inteligecia de Negocio/Proyecto Fase 2/BIProyecto/ETL/Transformacion Evaluacion Servicio.ktr]  Transformaci?n est? matando los otros pasos!
2024-07-19 21:03:48.234 INFO  <Transformacion Evaluacion Servicio - Añadir secuencia sk_dim_evaluacion_servicio> [C:\Users\niebl\OneDrive\Escritorio\Semestre\Inteligecia de Negocio\Proyecto Fase 2\BIProyecto\ETL\Trabajo Carga Data Dimensional.kjb  C:/Users/niebl/OneDrive/Escritorio/Semestre/Inteligecia de Negocio/Proyecto Fase 2/BIProyecto/ETL/Transformacion Evaluacion Servicio.ktr]  Procesamiento finalizado (I=0, O=0, R=6, W=6, U=0, E=0)
2024-07-19 21:03:48.313 ERROR <Thread-650> [C:\Users\niebl\OneDrive\Escritorio\Semestre\Inteligecia de Negocio\Proyecto Fase 2\BIProyecto\ETL\Trabajo Carga Data Dimensional.kjb  C:/Users/niebl/OneDrive/Escritorio/Semestre/Inteligecia de Negocio/Proyecto Fase 2/BIProyecto/ETL/Transformacion Evaluacion Servicio.ktr]  Errores detectados!
2024-07-19 21:03:48.313 INFO  <Thread-650> [C:\Users\niebl\OneDrive\Escritorio\Semestre\Inteligecia de Negocio\Proyecto Fase 2\BIProyecto\ETL\Trabajo Carga Data Dimensional.kjb]  Finished job entry [Transformation Evaluacion servicio] (result=[false])
2024-07-19 21:03:48.313 INFO  <Thread-650> [C:\Users\niebl\OneDrive\Escritorio\Semestre\Inteligecia de Negocio\Proyecto Fase 2\BIProyecto\ETL\Trabajo Carga Data Dimensional.kjb]  Starting entry [Transformation Contrato]
2024-07-19 21:03:48.331 INFO  <Thread-650> [C:\Users\niebl\OneDrive\Escritorio\Semestre\Inteligecia de Negocio\Proyecto Fase 2\BIProyecto\ETL\Trabajo Carga Data Dimensional.kjb]  Using run configuration [Pentaho local]
2024-07-19 21:03:48.331 INFO  <Thread-650> [C:\Users\niebl\OneDrive\Escritorio\Semestre\Inteligecia de Negocio\Proyecto Fase 2\BIProyecto\ETL\Trabajo Carga Data Dimensional.kjb  C:/Users/niebl/OneDrive/Escritorio/Semestre/Inteligecia de Negocio/Proyecto Fase 2/BIProyecto/ETL/Transformacion_Contrato.ktr]  Iniciado despacho de la transformaci?n [Transformacion_Contrato]
2024-07-19 21:03:48.418 INFO  <init of Salida Tabla.0 (Thread-709)> [C:\Users\niebl\OneDrive\Escritorio\Semestre\Inteligecia de Negocio\Proyecto Fase 2\BIProyecto\ETL\Trabajo Carga Data Dimensional.kjb  C:/Users/niebl/OneDrive/Escritorio/Semestre/Inteligecia de Negocio/Proyecto Fase 2/BIProyecto/ETL/Transformacion_Contrato.ktr]  Connected to database [PostgresConexion] (commit=1000)
2024-07-19 21:03:48.444 INFO  <Transformacion_Contrato - Entrada Tabla> [C:\Users\niebl\OneDrive\Escritorio\Semestre\Inteligecia de Negocio\Proyecto Fase 2\BIProyecto\ETL\Trabajo Carga Data Dimensional.kjb  C:/Users/niebl/OneDrive/Escritorio/Semestre/Inteligecia de Negocio/Proyecto Fase 2/BIProyecto/ETL/Transformacion_Contrato.ktr]  Finished reading query, closing connection
2024-07-19 21:03:48.445 INFO  <Transformacion_Contrato - Entrada Tabla> [C:\Users\niebl\OneDrive\Escritorio\Semestre\Inteligecia de Negocio\Proyecto Fase 2\BIProyecto\ETL\Trabajo Carga Data Dimensional.kjb  C:/Users/niebl/OneDrive/Escritorio/Semestre/Inteligecia de Negocio/Proyecto Fase 2/BIProyecto/ETL/Transformacion_Contrato.ktr]  Procesamiento finalizado (I=1000, O=0, R=0, W=1000, U=0, E=0)
2024-07-19 21:03:48.446 ERROR <Transformacion_Contrato - Salida Tabla> [C:\Users\niebl\OneDrive\Escritorio\Semestre\Inteligecia de Negocio\Proyecto Fase 2\BIProyecto\ETL\Trabajo Carga Data Dimensional.kjb  C:/Users/niebl/OneDrive/Escritorio/Semestre/Inteligecia de Negocio/Proyecto Fase 2/BIProyecto/ETL/Transformacion_Contrato.ktr]  Because of an error, this step can't continue: 
2024-07-19 21:03:48.447 ERROR <Thread-650> [C:\Users\niebl\OneDrive\Escritorio\Semestre\Inteligecia de Negocio\Proyecto Fase 2\BIProyecto\ETL\Trabajo Carga Data Dimensional.kjb  C:/Users/niebl/OneDrive/Escritorio/Semestre/Inteligecia de Negocio/Proyecto Fase 2/BIProyecto/ETL/Transformacion_Contrato.ktr]  Errores detectados!
2024-07-19 21:03:48.447 ERROR <Transformacion_Contrato - Salida Tabla> [C:\Users\niebl\OneDrive\Escritorio\Semestre\Inteligecia de Negocio\Proyecto Fase 2\BIProyecto\ETL\Trabajo Carga Data Dimensional.kjb  C:/Users/niebl/OneDrive/Escritorio/Semestre/Inteligecia de Negocio/Proyecto Fase 2/BIProyecto/ETL/Transformacion_Contrato.ktr]  org.pentaho.di.core.exception.KettleException: 
Error inserting row into table [dim_contrato] with values: [1], [CONTRATO_1329], [1]

Error inserting/updating row
ERROR: llave duplicada viola restricción de unicidad «pk_dim_contrato»
  Detail: Ya existe la llave (sk_dim_contrato)=(1).


	at org.pentaho.di.trans.steps.tableoutput.TableOutput.writeToTable(TableOutput.java:384)
	at org.pentaho.di.trans.steps.tableoutput.TableOutput.processRow(TableOutput.java:125)
	at org.pentaho.di.trans.step.RunThread.run(RunThread.java:62)
	at java.lang.Thread.run(Thread.java:748)
Caused by: org.pentaho.di.core.exception.KettleDatabaseException: 
Error inserting/updating row
ERROR: llave duplicada viola restricción de unicidad «pk_dim_contrato»
  Detail: Ya existe la llave (sk_dim_contrato)=(1).

	at org.pentaho.di.core.database.Database.insertRow(Database.java:1335)
	at org.pentaho.di.trans.steps.tableoutput.TableOutput.writeToTable(TableOutput.java:262)
	... 3 more
Caused by: org.postgresql.util.PSQLException: ERROR: llave duplicada viola restricción de unicidad «pk_dim_contrato»
  Detail: Ya existe la llave (sk_dim_contrato)=(1).
	at org.postgresql.core.v3.QueryExecutorImpl.receiveErrorResponse(QueryExecutorImpl.java:2552)
	at org.postgresql.core.v3.QueryExecutorImpl.processResults(QueryExecutorImpl.java:2284)
	at org.postgresql.core.v3.QueryExecutorImpl.execute(QueryExecutorImpl.java:322)
	at org.postgresql.jdbc.PgStatement.executeInternal(PgStatement.java:481)
	at org.postgresql.jdbc.PgStatement.execute(PgStatement.java:401)
	at org.postgresql.jdbc.PgPreparedStatement.executeWithFlags(PgPreparedStatement.java:164)
	at org.postgresql.jdbc.PgPreparedStatement.executeUpdate(PgPreparedStatement.java:130)
	at org.pentaho.di.core.database.Database.insertRow(Database.java:1302)
	... 4 more

2024-07-19 21:03:48.448 INFO  <Transformacion_Contrato - Salida Tabla> [C:\Users\niebl\OneDrive\Escritorio\Semestre\Inteligecia de Negocio\Proyecto Fase 2\BIProyecto\ETL\Trabajo Carga Data Dimensional.kjb  C:/Users/niebl/OneDrive/Escritorio/Semestre/Inteligecia de Negocio/Proyecto Fase 2/BIProyecto/ETL/Transformacion_Contrato.ktr]  Procesamiento finalizado (I=0, O=0, R=1, W=0, U=0, E=1)
2024-07-19 21:03:48.448 WARN  <Transformacion_Contrato - Salida Tabla> [C:\Users\niebl\OneDrive\Escritorio\Semestre\Inteligecia de Negocio\Proyecto Fase 2\BIProyecto\ETL\Trabajo Carga Data Dimensional.kjb  C:/Users/niebl/OneDrive/Escritorio/Semestre/Inteligecia de Negocio/Proyecto Fase 2/BIProyecto/ETL/Transformacion_Contrato.ktr]  Transformaci?n detectada 
2024-07-19 21:03:48.448 WARN  <Transformacion_Contrato - Salida Tabla> [C:\Users\niebl\OneDrive\Escritorio\Semestre\Inteligecia de Negocio\Proyecto Fase 2\BIProyecto\ETL\Trabajo Carga Data Dimensional.kjb  C:/Users/niebl/OneDrive/Escritorio/Semestre/Inteligecia de Negocio/Proyecto Fase 2/BIProyecto/ETL/Transformacion_Contrato.ktr]  Transformaci?n est? matando los otros pasos!
2024-07-19 21:03:48.455 INFO  <Transformacion_Contrato - Añadir sk_dim_contrato> [C:\Users\niebl\OneDrive\Escritorio\Semestre\Inteligecia de Negocio\Proyecto Fase 2\BIProyecto\ETL\Trabajo Carga Data Dimensional.kjb  C:/Users/niebl/OneDrive/Escritorio/Semestre/Inteligecia de Negocio/Proyecto Fase 2/BIProyecto/ETL/Transformacion_Contrato.ktr]  Procesamiento finalizado (I=0, O=0, R=1000, W=1000, U=0, E=0)
2024-07-19 21:03:48.533 ERROR <Thread-650> [C:\Users\niebl\OneDrive\Escritorio\Semestre\Inteligecia de Negocio\Proyecto Fase 2\BIProyecto\ETL\Trabajo Carga Data Dimensional.kjb  C:/Users/niebl/OneDrive/Escritorio/Semestre/Inteligecia de Negocio/Proyecto Fase 2/BIProyecto/ETL/Transformacion_Contrato.ktr]  Errores detectados!
2024-07-19 21:03:48.534 INFO  <Thread-650> [C:\Users\niebl\OneDrive\Escritorio\Semestre\Inteligecia de Negocio\Proyecto Fase 2\BIProyecto\ETL\Trabajo Carga Data Dimensional.kjb]  Finished job entry [Transformation Contrato] (result=[false])
2024-07-19 21:03:48.534 WARN  <Thread-650> [C:\Users\niebl\OneDrive\Escritorio\Semestre\Inteligecia de Negocio\Proyecto Fase 2\BIProyecto\ETL\Trabajo Carga Data Dimensional.kjb]  Job execution finished
2024-07-19 21:04:13.184 INFO  <Thread-724> [C:\Users\niebl\OneDrive\Escritorio\Semestre\Inteligecia de Negocio\Proyecto Fase 2\BIProyecto\ETL\Transformacion Evaluacion Servicio.ktr]  Iniciado despacho de la transformaci?n [Transformacion Evaluacion Servicio]
2024-07-19 21:04:13.268 INFO  <init of Salida Tabla dim_evaluacion_servicio.0 (Thread-727)> [C:\Users\niebl\OneDrive\Escritorio\Semestre\Inteligecia de Negocio\Proyecto Fase 2\BIProyecto\ETL\Transformacion Evaluacion Servicio.ktr]  Connected to database [Postgres] (commit=1000)
2024-07-19 21:04:13.278 INFO  <Transformacion Evaluacion Servicio - Entrada Tabla Evaluacion_Servicio> [C:\Users\niebl\OneDrive\Escritorio\Semestre\Inteligecia de Negocio\Proyecto Fase 2\BIProyecto\ETL\Transformacion Evaluacion Servicio.ktr]  Finished reading query, closing connection
2024-07-19 21:04:13.280 INFO  <Transformacion Evaluacion Servicio - Entrada Tabla Evaluacion_Servicio> [C:\Users\niebl\OneDrive\Escritorio\Semestre\Inteligecia de Negocio\Proyecto Fase 2\BIProyecto\ETL\Transformacion Evaluacion Servicio.ktr]  Procesamiento finalizado (I=6, O=0, R=0, W=6, U=0, E=0)
2024-07-19 21:04:13.285 ERROR <Transformacion Evaluacion Servicio - Salida Tabla dim_evaluacion_servicio> [C:\Users\niebl\OneDrive\Escritorio\Semestre\Inteligecia de Negocio\Proyecto Fase 2\BIProyecto\ETL\Transformacion Evaluacion Servicio.ktr]  Because of an error, this step can't continue: 
2024-07-19 21:04:13.286 ERROR <Transformacion Evaluacion Servicio - Salida Tabla dim_evaluacion_servicio> [C:\Users\niebl\OneDrive\Escritorio\Semestre\Inteligecia de Negocio\Proyecto Fase 2\BIProyecto\ETL\Transformacion Evaluacion Servicio.ktr]  org.pentaho.di.core.exception.KettleException: 
Error inserting row into table [dim_evaluacion_servicio] with values: [1], [Excelente], [1]

Error inserting/updating row
ERROR: llave duplicada viola restricción de unicidad «pk_dim_evaluacion_servicio»
  Detail: Ya existe la llave (sk_dim_evaluacion_servicio)=(1).


	at org.pentaho.di.trans.steps.tableoutput.TableOutput.writeToTable(TableOutput.java:384)
	at org.pentaho.di.trans.steps.tableoutput.TableOutput.processRow(TableOutput.java:125)
	at org.pentaho.di.trans.step.RunThread.run(RunThread.java:62)
	at java.lang.Thread.run(Thread.java:748)
Caused by: org.pentaho.di.core.exception.KettleDatabaseException: 
Error inserting/updating row
ERROR: llave duplicada viola restricción de unicidad «pk_dim_evaluacion_servicio»
  Detail: Ya existe la llave (sk_dim_evaluacion_servicio)=(1).

	at org.pentaho.di.core.database.Database.insertRow(Database.java:1335)
	at org.pentaho.di.trans.steps.tableoutput.TableOutput.writeToTable(TableOutput.java:262)
	... 3 more
Caused by: org.postgresql.util.PSQLException: ERROR: llave duplicada viola restricción de unicidad «pk_dim_evaluacion_servicio»
  Detail: Ya existe la llave (sk_dim_evaluacion_servicio)=(1).
	at org.postgresql.core.v3.QueryExecutorImpl.receiveErrorResponse(QueryExecutorImpl.java:2552)
	at org.postgresql.core.v3.QueryExecutorImpl.processResults(QueryExecutorImpl.java:2284)
	at org.postgresql.core.v3.QueryExecutorImpl.execute(QueryExecutorImpl.java:322)
	at org.postgresql.jdbc.PgStatement.executeInternal(PgStatement.java:481)
	at org.postgresql.jdbc.PgStatement.execute(PgStatement.java:401)
	at org.postgresql.jdbc.PgPreparedStatement.executeWithFlags(PgPreparedStatement.java:164)
	at org.postgresql.jdbc.PgPreparedStatement.executeUpdate(PgPreparedStatement.java:130)
	at org.pentaho.di.core.database.Database.insertRow(Database.java:1302)
	... 4 more

2024-07-19 21:04:13.287 INFO  <Transformacion Evaluacion Servicio - Salida Tabla dim_evaluacion_servicio> [C:\Users\niebl\OneDrive\Escritorio\Semestre\Inteligecia de Negocio\Proyecto Fase 2\BIProyecto\ETL\Transformacion Evaluacion Servicio.ktr]  Procesamiento finalizado (I=0, O=0, R=1, W=0, U=0, E=1)
2024-07-19 21:04:13.288 WARN  <Transformacion Evaluacion Servicio - Salida Tabla dim_evaluacion_servicio> [C:\Users\niebl\OneDrive\Escritorio\Semestre\Inteligecia de Negocio\Proyecto Fase 2\BIProyecto\ETL\Transformacion Evaluacion Servicio.ktr]  Transformaci?n detectada 
2024-07-19 21:04:13.288 WARN  <Transformacion Evaluacion Servicio - Salida Tabla dim_evaluacion_servicio> [C:\Users\niebl\OneDrive\Escritorio\Semestre\Inteligecia de Negocio\Proyecto Fase 2\BIProyecto\ETL\Transformacion Evaluacion Servicio.ktr]  Transformaci?n est? matando los otros pasos!
2024-07-19 21:04:13.311 INFO  <Transformacion Evaluacion Servicio - Añadir secuencia sk_dim_evaluacion_servicio> [C:\Users\niebl\OneDrive\Escritorio\Semestre\Inteligecia de Negocio\Proyecto Fase 2\BIProyecto\ETL\Transformacion Evaluacion Servicio.ktr]  Procesamiento finalizado (I=0, O=0, R=6, W=6, U=0, E=0)
2024-07-19 21:04:13.376 ERROR <Transformacion Evaluacion Servicio - Añadir secuencia sk_dim_evaluacion_servicio> [C:\Users\niebl\OneDrive\Escritorio\Semestre\Inteligecia de Negocio\Proyecto Fase 2\BIProyecto\ETL\Transformacion Evaluacion Servicio.ktr]  Errores detectados!
2024-07-19 21:04:13.376 ERROR <Transformacion Evaluacion Servicio - Añadir secuencia sk_dim_evaluacion_servicio> [C:\Users\niebl\OneDrive\Escritorio\Semestre\Inteligecia de Negocio\Proyecto Fase 2\BIProyecto\ETL\Transformacion Evaluacion Servicio.ktr]  Errores detectados!
2024-07-19 21:04:13.569 ERROR <Transformacion Evaluacion Servicio - Añadir secuencia sk_dim_evaluacion_servicio> [C:\Users\niebl\OneDrive\Escritorio\Semestre\Inteligecia de Negocio\Proyecto Fase 2\BIProyecto\ETL\Transformacion Evaluacion Servicio.ktr]  Errores detectados!
2024-07-19 21:04:48.617 INFO  <Thread-744> [C:\Users\niebl\OneDrive\Escritorio\Semestre\Inteligecia de Negocio\Proyecto Fase 2\BIProyecto\ETL\Transformacion Estado Contrato.ktr]  Iniciado despacho de la transformaci?n [Transformacion Estado Contrato]
2024-07-19 21:04:48.701 INFO  <init of Salida Tabla dim_estado_contrato.0 (Thread-750)> [C:\Users\niebl\OneDrive\Escritorio\Semestre\Inteligecia de Negocio\Proyecto Fase 2\BIProyecto\ETL\Transformacion Estado Contrato.ktr]  Connected to database [Postgres] (commit=1000)
2024-07-19 21:04:48.730 INFO  <Transformacion Estado Contrato - Entrada Tabla Estado Contrato> [C:\Users\niebl\OneDrive\Escritorio\Semestre\Inteligecia de Negocio\Proyecto Fase 2\BIProyecto\ETL\Transformacion Estado Contrato.ktr]  Finished reading query, closing connection
2024-07-19 21:04:48.732 INFO  <Transformacion Estado Contrato - Entrada Tabla Estado Contrato> [C:\Users\niebl\OneDrive\Escritorio\Semestre\Inteligecia de Negocio\Proyecto Fase 2\BIProyecto\ETL\Transformacion Estado Contrato.ktr]  Procesamiento finalizado (I=1000, O=0, R=0, W=1000, U=0, E=0)
2024-07-19 21:04:48.761 INFO  <Transformacion Estado Contrato - Seleccionar Estado Contrato> [C:\Users\niebl\OneDrive\Escritorio\Semestre\Inteligecia de Negocio\Proyecto Fase 2\BIProyecto\ETL\Transformacion Estado Contrato.ktr]  Procesamiento finalizado (I=0, O=0, R=1000, W=1000, U=0, E=0)
2024-07-19 21:04:48.793 INFO  <Transformacion Estado Contrato - Agrupar> [C:\Users\niebl\OneDrive\Escritorio\Semestre\Inteligecia de Negocio\Proyecto Fase 2\BIProyecto\ETL\Transformacion Estado Contrato.ktr]  Procesamiento finalizado (I=0, O=0, R=1000, W=8, U=0, E=0)
2024-07-19 21:04:48.798 ERROR <Transformacion Estado Contrato - Salida Tabla dim_estado_contrato> [C:\Users\niebl\OneDrive\Escritorio\Semestre\Inteligecia de Negocio\Proyecto Fase 2\BIProyecto\ETL\Transformacion Estado Contrato.ktr]  Because of an error, this step can't continue: 
2024-07-19 21:04:48.798 ERROR <Transformacion Estado Contrato - Salida Tabla dim_estado_contrato> [C:\Users\niebl\OneDrive\Escritorio\Semestre\Inteligecia de Negocio\Proyecto Fase 2\BIProyecto\ETL\Transformacion Estado Contrato.ktr]  org.pentaho.di.core.exception.KettleException: 
Error inserting row into table [dim_estado_contrato] with values: [en revisión], [1], [1]

Error inserting/updating row
ERROR: llave duplicada viola restricción de unicidad «pk_dim_estado_contrato»
  Detail: Ya existe la llave (sk_dim_estado_contrato)=(1).


	at org.pentaho.di.trans.steps.tableoutput.TableOutput.writeToTable(TableOutput.java:384)
	at org.pentaho.di.trans.steps.tableoutput.TableOutput.processRow(TableOutput.java:125)
	at org.pentaho.di.trans.step.RunThread.run(RunThread.java:62)
	at java.lang.Thread.run(Thread.java:748)
Caused by: org.pentaho.di.core.exception.KettleDatabaseException: 
Error inserting/updating row
ERROR: llave duplicada viola restricción de unicidad «pk_dim_estado_contrato»
  Detail: Ya existe la llave (sk_dim_estado_contrato)=(1).

	at org.pentaho.di.core.database.Database.insertRow(Database.java:1335)
	at org.pentaho.di.trans.steps.tableoutput.TableOutput.writeToTable(TableOutput.java:262)
	... 3 more
Caused by: org.postgresql.util.PSQLException: ERROR: llave duplicada viola restricción de unicidad «pk_dim_estado_contrato»
  Detail: Ya existe la llave (sk_dim_estado_contrato)=(1).
	at org.postgresql.core.v3.QueryExecutorImpl.receiveErrorResponse(QueryExecutorImpl.java:2552)
	at org.postgresql.core.v3.QueryExecutorImpl.processResults(QueryExecutorImpl.java:2284)
	at org.postgresql.core.v3.QueryExecutorImpl.execute(QueryExecutorImpl.java:322)
	at org.postgresql.jdbc.PgStatement.executeInternal(PgStatement.java:481)
	at org.postgresql.jdbc.PgStatement.execute(PgStatement.java:401)
	at org.postgresql.jdbc.PgPreparedStatement.executeWithFlags(PgPreparedStatement.java:164)
	at org.postgresql.jdbc.PgPreparedStatement.executeUpdate(PgPreparedStatement.java:130)
	at org.pentaho.di.core.database.Database.insertRow(Database.java:1302)
	... 4 more

2024-07-19 21:04:48.799 INFO  <Transformacion Estado Contrato - Salida Tabla dim_estado_contrato> [C:\Users\niebl\OneDrive\Escritorio\Semestre\Inteligecia de Negocio\Proyecto Fase 2\BIProyecto\ETL\Transformacion Estado Contrato.ktr]  Procesamiento finalizado (I=0, O=0, R=1, W=0, U=0, E=1)
2024-07-19 21:04:48.799 WARN  <Transformacion Estado Contrato - Salida Tabla dim_estado_contrato> [C:\Users\niebl\OneDrive\Escritorio\Semestre\Inteligecia de Negocio\Proyecto Fase 2\BIProyecto\ETL\Transformacion Estado Contrato.ktr]  Transformaci?n detectada 
2024-07-19 21:04:48.799 WARN  <Transformacion Estado Contrato - Salida Tabla dim_estado_contrato> [C:\Users\niebl\OneDrive\Escritorio\Semestre\Inteligecia de Negocio\Proyecto Fase 2\BIProyecto\ETL\Transformacion Estado Contrato.ktr]  Transformaci?n est? matando los otros pasos!
2024-07-19 21:04:48.800 INFO  <Transformacion Estado Contrato - Añadir secuencia sk_dim_estado_contrato> [C:\Users\niebl\OneDrive\Escritorio\Semestre\Inteligecia de Negocio\Proyecto Fase 2\BIProyecto\ETL\Transformacion Estado Contrato.ktr]  Procesamiento finalizado (I=0, O=0, R=4, W=4, U=0, E=0)
2024-07-19 21:04:48.809 INFO  <Transformacion Estado Contrato - Añadir secuencia cod_estado> [C:\Users\niebl\OneDrive\Escritorio\Semestre\Inteligecia de Negocio\Proyecto Fase 2\BIProyecto\ETL\Transformacion Estado Contrato.ktr]  Procesamiento finalizado (I=0, O=0, R=8, W=8, U=0, E=0)
2024-07-19 21:04:48.968 ERROR <Transformacion Estado Contrato - Añadir secuencia sk_dim_estado_contrato> [C:\Users\niebl\OneDrive\Escritorio\Semestre\Inteligecia de Negocio\Proyecto Fase 2\BIProyecto\ETL\Transformacion Estado Contrato.ktr]  Errores detectados!
2024-07-19 21:04:48.969 ERROR <Transformacion Estado Contrato - Añadir secuencia sk_dim_estado_contrato> [C:\Users\niebl\OneDrive\Escritorio\Semestre\Inteligecia de Negocio\Proyecto Fase 2\BIProyecto\ETL\Transformacion Estado Contrato.ktr]  Errores detectados!
2024-07-19 21:04:49.008 ERROR <Transformacion Estado Contrato - Añadir secuencia sk_dim_estado_contrato> [C:\Users\niebl\OneDrive\Escritorio\Semestre\Inteligecia de Negocio\Proyecto Fase 2\BIProyecto\ETL\Transformacion Estado Contrato.ktr]  Errores detectados!
2024-07-19 21:05:36.636 INFO  <Thread-778> [C:\Users\niebl\OneDrive\Escritorio\Semestre\Inteligecia de Negocio\Proyecto Fase 2\BIProyecto\ETL\Transformacion Sucursal.ktr]  Iniciado despacho de la transformaci?n [Transformacion Sucursal]
2024-07-19 21:05:36.771 INFO  <init of Salida Tabla.0 (Thread-785)> [C:\Users\niebl\OneDrive\Escritorio\Semestre\Inteligecia de Negocio\Proyecto Fase 2\BIProyecto\ETL\Transformacion Sucursal.ktr]  Connected to database [Postgres] (commit=1000)
2024-07-19 21:05:37.035 INFO  <Transformacion Sucursal - Entrada Tabla Pais> [C:\Users\niebl\OneDrive\Escritorio\Semestre\Inteligecia de Negocio\Proyecto Fase 2\BIProyecto\ETL\Transformacion Sucursal.ktr]  Finished reading query, closing connection
2024-07-19 21:05:37.036 INFO  <Transformacion Sucursal - Entrada Tabla Pais> [C:\Users\niebl\OneDrive\Escritorio\Semestre\Inteligecia de Negocio\Proyecto Fase 2\BIProyecto\ETL\Transformacion Sucursal.ktr]  Procesamiento finalizado (I=30, O=0, R=0, W=30, U=0, E=0)
2024-07-19 21:05:37.037 INFO  <Transformacion Sucursal - Entrada Tabla Sucursal> [C:\Users\niebl\OneDrive\Escritorio\Semestre\Inteligecia de Negocio\Proyecto Fase 2\BIProyecto\ETL\Transformacion Sucursal.ktr]  Finished reading query, closing connection
2024-07-19 21:05:37.037 INFO  <Transformacion Sucursal - Entrada Tabla Ciudad> [C:\Users\niebl\OneDrive\Escritorio\Semestre\Inteligecia de Negocio\Proyecto Fase 2\BIProyecto\ETL\Transformacion Sucursal.ktr]  Finished reading query, closing connection
2024-07-19 21:05:37.038 INFO  <Transformacion Sucursal - Entrada Tabla Sucursal> [C:\Users\niebl\OneDrive\Escritorio\Semestre\Inteligecia de Negocio\Proyecto Fase 2\BIProyecto\ETL\Transformacion Sucursal.ktr]  Procesamiento finalizado (I=30, O=0, R=0, W=30, U=0, E=0)
2024-07-19 21:05:37.039 INFO  <Transformacion Sucursal - Entrada Tabla Ciudad> [C:\Users\niebl\OneDrive\Escritorio\Semestre\Inteligecia de Negocio\Proyecto Fase 2\BIProyecto\ETL\Transformacion Sucursal.ktr]  Procesamiento finalizado (I=30, O=0, R=0, W=30, U=0, E=0)
2024-07-19 21:05:37.410 INFO  <Transformacion Sucursal - Unión Sucursal-Pais> [C:\Users\niebl\OneDrive\Escritorio\Semestre\Inteligecia de Negocio\Proyecto Fase 2\BIProyecto\ETL\Transformacion Sucursal.ktr]  Procesamiento finalizado (I=0, O=0, R=60, W=30, U=0, E=0)
2024-07-19 21:05:37.790 INFO  <Transformacion Sucursal - Unión Sucursal-Pais-Ciudad> [C:\Users\niebl\OneDrive\Escritorio\Semestre\Inteligecia de Negocio\Proyecto Fase 2\BIProyecto\ETL\Transformacion Sucursal.ktr]  Procesamiento finalizado (I=0, O=0, R=60, W=30, U=0, E=0)
2024-07-19 21:05:37.820 INFO  <Transformacion Sucursal - Añadir secuencia sk_dim_sucursal> [C:\Users\niebl\OneDrive\Escritorio\Semestre\Inteligecia de Negocio\Proyecto Fase 2\BIProyecto\ETL\Transformacion Sucursal.ktr]  Procesamiento finalizado (I=0, O=0, R=30, W=30, U=0, E=0)
2024-07-19 21:05:37.855 ERROR <Transformacion Sucursal - Salida Tabla> [C:\Users\niebl\OneDrive\Escritorio\Semestre\Inteligecia de Negocio\Proyecto Fase 2\BIProyecto\ETL\Transformacion Sucursal.ktr]  Unexpected batch update error committing the database connection.
2024-07-19 21:05:37.856 ERROR <Transformacion Sucursal - Salida Tabla> [C:\Users\niebl\OneDrive\Escritorio\Semestre\Inteligecia de Negocio\Proyecto Fase 2\BIProyecto\ETL\Transformacion Sucursal.ktr]  org.pentaho.di.core.exception.KettleDatabaseBatchException: 
Error updating batch
Batch entry 0 INSERT INTO seguro_g27321522.dim_sucursal (cod_sucursal, nb_sucursal, cod_ciudad, nb_ciudad, cod_pais, nb_pais, sk_dim_sucursal) VALUES ( 1,  'Sucursal1',  1,  'Buenos Aires',  1,  'Argentina',  1) was aborted: ERROR: llave duplicada viola restricción de unicidad «pk_dim_sucursal»
  Detail: Ya existe la llave (sk_dim_sucursal)=(1).  Call getNextException to see other errors in the batch.

	at org.pentaho.di.core.database.Database.createKettleDatabaseBatchException(Database.java:1440)
	at org.pentaho.di.core.database.Database.emptyAndCommit(Database.java:1429)
	at org.pentaho.di.trans.steps.tableoutput.TableOutput.dispose(TableOutput.java:590)
	at org.pentaho.di.trans.step.RunThread.run(RunThread.java:97)
	at java.lang.Thread.run(Thread.java:748)
Caused by: java.sql.BatchUpdateException: Batch entry 0 INSERT INTO seguro_g27321522.dim_sucursal (cod_sucursal, nb_sucursal, cod_ciudad, nb_ciudad, cod_pais, nb_pais, sk_dim_sucursal) VALUES ( 1,  'Sucursal1',  1,  'Buenos Aires',  1,  'Argentina',  1) was aborted: ERROR: llave duplicada viola restricción de unicidad «pk_dim_sucursal»
  Detail: Ya existe la llave (sk_dim_sucursal)=(1).  Call getNextException to see other errors in the batch.
	at org.postgresql.jdbc.BatchResultHandler.handleError(BatchResultHandler.java:169)
	at org.postgresql.core.v3.QueryExecutorImpl.processResults(QueryExecutorImpl.java:2285)
	at org.postgresql.core.v3.QueryExecutorImpl.execute(QueryExecutorImpl.java:520)
	at org.postgresql.jdbc.PgStatement.internalExecuteBatch(PgStatement.java:878)
	at org.postgresql.jdbc.PgStatement.executeBatch(PgStatement.java:901)
	at org.postgresql.jdbc.PgPreparedStatement.executeBatch(PgPreparedStatement.java:1644)
	at org.pentaho.di.core.database.Database.emptyAndCommit(Database.java:1416)
	... 3 more
Caused by: org.postgresql.util.PSQLException: ERROR: llave duplicada viola restricción de unicidad «pk_dim_sucursal»
  Detail: Ya existe la llave (sk_dim_sucursal)=(1).
	at org.postgresql.core.v3.QueryExecutorImpl.receiveErrorResponse(QueryExecutorImpl.java:2552)
	at org.postgresql.core.v3.QueryExecutorImpl.processResults(QueryExecutorImpl.java:2284)
	... 8 more

2024-07-19 21:05:37.857 INFO  <Transformacion Sucursal - Salida Tabla> [C:\Users\niebl\OneDrive\Escritorio\Semestre\Inteligecia de Negocio\Proyecto Fase 2\BIProyecto\ETL\Transformacion Sucursal.ktr]  Procesamiento finalizado (I=0, O=0, R=30, W=0, U=0, E=1)
2024-07-19 21:05:37.857 ERROR <Transformacion Sucursal - Salida Tabla> [C:\Users\niebl\OneDrive\Escritorio\Semestre\Inteligecia de Negocio\Proyecto Fase 2\BIProyecto\ETL\Transformacion Sucursal.ktr]  Errores detectados!
2024-07-19 21:05:37.858 ERROR <Transformacion Sucursal - Salida Tabla> [C:\Users\niebl\OneDrive\Escritorio\Semestre\Inteligecia de Negocio\Proyecto Fase 2\BIProyecto\ETL\Transformacion Sucursal.ktr]  Errores detectados!
2024-07-19 21:05:37.871 ERROR <Transformacion Sucursal - Salida Tabla> [C:\Users\niebl\OneDrive\Escritorio\Semestre\Inteligecia de Negocio\Proyecto Fase 2\BIProyecto\ETL\Transformacion Sucursal.ktr]  Errores detectados!
2024-07-19 21:05:37.902 WARN  <Transformacion Sucursal - Salida Tabla> [C:\Users\niebl\OneDrive\Escritorio\Semestre\Inteligecia de Negocio\Proyecto Fase 2\BIProyecto\ETL\Transformacion Sucursal.ktr]  Transformaci?n detectada 
2024-07-19 21:05:37.903 WARN  <Transformacion Sucursal - Salida Tabla> [C:\Users\niebl\OneDrive\Escritorio\Semestre\Inteligecia de Negocio\Proyecto Fase 2\BIProyecto\ETL\Transformacion Sucursal.ktr]  Transformaci?n est? matando los otros pasos!
2024-07-19 21:06:15.414 INFO  <Thread-804> [C:\Users\niebl\OneDrive\Escritorio\Semestre\Inteligecia de Negocio\Proyecto Fase 2\BIProyecto\ETL\Transformacion Cliente.ktr]  Iniciado despacho de la transformaci?n [Transformacion Cliente]
2024-07-19 21:06:15.500 INFO  <init of Salida Tabla.0 (Thread-807)> [C:\Users\niebl\OneDrive\Escritorio\Semestre\Inteligecia de Negocio\Proyecto Fase 2\BIProyecto\ETL\Transformacion Cliente.ktr]  Connected to database [Postgres] (commit=1000)
2024-07-19 21:06:15.515 INFO  <Transformacion Cliente - Entrada Tabla> [C:\Users\niebl\OneDrive\Escritorio\Semestre\Inteligecia de Negocio\Proyecto Fase 2\BIProyecto\ETL\Transformacion Cliente.ktr]  Finished reading query, closing connection
2024-07-19 21:06:15.516 INFO  <Transformacion Cliente - Entrada Tabla> [C:\Users\niebl\OneDrive\Escritorio\Semestre\Inteligecia de Negocio\Proyecto Fase 2\BIProyecto\ETL\Transformacion Cliente.ktr]  Procesamiento finalizado (I=300, O=0, R=0, W=300, U=0, E=0)
2024-07-19 21:06:15.520 ERROR <Transformacion Cliente - Salida Tabla> [C:\Users\niebl\OneDrive\Escritorio\Semestre\Inteligecia de Negocio\Proyecto Fase 2\BIProyecto\ETL\Transformacion Cliente.ktr]  Because of an error, this step can't continue: 
2024-07-19 21:06:15.520 ERROR <Transformacion Cliente - Salida Tabla> [C:\Users\niebl\OneDrive\Escritorio\Semestre\Inteligecia de Negocio\Proyecto Fase 2\BIProyecto\ETL\Transformacion Cliente.ktr]  org.pentaho.di.core.exception.KettleException: 
Error inserting row into table [dim_cliente] with values: [1], [Dotty Barstowk], [17563263], [617-652-6645], [44 Knutson Hill], [M], [dbarstowk0@businessinsider.com], [17], [1]

Error inserting/updating row
ERROR: llave duplicada viola restricción de unicidad «pk_dim_cliente»
  Detail: Ya existe la llave (sk_dim_cliente)=(1).


	at org.pentaho.di.trans.steps.tableoutput.TableOutput.writeToTable(TableOutput.java:384)
	at org.pentaho.di.trans.steps.tableoutput.TableOutput.processRow(TableOutput.java:125)
	at org.pentaho.di.trans.step.RunThread.run(RunThread.java:62)
	at java.lang.Thread.run(Thread.java:748)
Caused by: org.pentaho.di.core.exception.KettleDatabaseException: 
Error inserting/updating row
ERROR: llave duplicada viola restricción de unicidad «pk_dim_cliente»
  Detail: Ya existe la llave (sk_dim_cliente)=(1).

	at org.pentaho.di.core.database.Database.insertRow(Database.java:1335)
	at org.pentaho.di.trans.steps.tableoutput.TableOutput.writeToTable(TableOutput.java:262)
	... 3 more
Caused by: org.postgresql.util.PSQLException: ERROR: llave duplicada viola restricción de unicidad «pk_dim_cliente»
  Detail: Ya existe la llave (sk_dim_cliente)=(1).
	at org.postgresql.core.v3.QueryExecutorImpl.receiveErrorResponse(QueryExecutorImpl.java:2552)
	at org.postgresql.core.v3.QueryExecutorImpl.processResults(QueryExecutorImpl.java:2284)
	at org.postgresql.core.v3.QueryExecutorImpl.execute(QueryExecutorImpl.java:322)
	at org.postgresql.jdbc.PgStatement.executeInternal(PgStatement.java:481)
	at org.postgresql.jdbc.PgStatement.execute(PgStatement.java:401)
	at org.postgresql.jdbc.PgPreparedStatement.executeWithFlags(PgPreparedStatement.java:164)
	at org.postgresql.jdbc.PgPreparedStatement.executeUpdate(PgPreparedStatement.java:130)
	at org.pentaho.di.core.database.Database.insertRow(Database.java:1302)
	... 4 more

2024-07-19 21:06:15.521 INFO  <Transformacion Cliente - Salida Tabla> [C:\Users\niebl\OneDrive\Escritorio\Semestre\Inteligecia de Negocio\Proyecto Fase 2\BIProyecto\ETL\Transformacion Cliente.ktr]  Procesamiento finalizado (I=0, O=0, R=1, W=0, U=0, E=1)
2024-07-19 21:06:15.521 WARN  <Transformacion Cliente - Salida Tabla> [C:\Users\niebl\OneDrive\Escritorio\Semestre\Inteligecia de Negocio\Proyecto Fase 2\BIProyecto\ETL\Transformacion Cliente.ktr]  Transformaci?n detectada 
2024-07-19 21:06:15.521 WARN  <Transformacion Cliente - Salida Tabla> [C:\Users\niebl\OneDrive\Escritorio\Semestre\Inteligecia de Negocio\Proyecto Fase 2\BIProyecto\ETL\Transformacion Cliente.ktr]  Transformaci?n est? matando los otros pasos!
2024-07-19 21:06:15.543 INFO  <Transformacion Cliente - Añadir secuencia sk_dim_cliente> [C:\Users\niebl\OneDrive\Escritorio\Semestre\Inteligecia de Negocio\Proyecto Fase 2\BIProyecto\ETL\Transformacion Cliente.ktr]  Procesamiento finalizado (I=0, O=0, R=300, W=300, U=0, E=0)
2024-07-19 21:06:15.608 ERROR <Transformacion Cliente - Añadir secuencia sk_dim_cliente> [C:\Users\niebl\OneDrive\Escritorio\Semestre\Inteligecia de Negocio\Proyecto Fase 2\BIProyecto\ETL\Transformacion Cliente.ktr]  Errores detectados!
2024-07-19 21:06:15.608 ERROR <Transformacion Cliente - Añadir secuencia sk_dim_cliente> [C:\Users\niebl\OneDrive\Escritorio\Semestre\Inteligecia de Negocio\Proyecto Fase 2\BIProyecto\ETL\Transformacion Cliente.ktr]  Errores detectados!
2024-07-19 21:06:15.816 ERROR <Transformacion Cliente - Añadir secuencia sk_dim_cliente> [C:\Users\niebl\OneDrive\Escritorio\Semestre\Inteligecia de Negocio\Proyecto Fase 2\BIProyecto\ETL\Transformacion Cliente.ktr]  Errores detectados!
2024-07-19 21:07:46.919 INFO  <Thread-815> [C:\Users\niebl\OneDrive\Escritorio\Semestre\Inteligecia de Negocio\Proyecto Fase 2\BIProyecto\ETL\Transformacion Estado Contrato.ktr]  Iniciado despacho de la transformaci?n [Transformacion Estado Contrato]
2024-07-19 21:07:47.026 INFO  <init of Salida Tabla dim_estado_contrato.0 (Thread-821)> [C:\Users\niebl\OneDrive\Escritorio\Semestre\Inteligecia de Negocio\Proyecto Fase 2\BIProyecto\ETL\Transformacion Estado Contrato.ktr]  Connected to database [Postgres] (commit=1000)
2024-07-19 21:07:47.051 INFO  <Transformacion Estado Contrato - Entrada Tabla Estado Contrato> [C:\Users\niebl\OneDrive\Escritorio\Semestre\Inteligecia de Negocio\Proyecto Fase 2\BIProyecto\ETL\Transformacion Estado Contrato.ktr]  Finished reading query, closing connection
2024-07-19 21:07:47.052 INFO  <Transformacion Estado Contrato - Entrada Tabla Estado Contrato> [C:\Users\niebl\OneDrive\Escritorio\Semestre\Inteligecia de Negocio\Proyecto Fase 2\BIProyecto\ETL\Transformacion Estado Contrato.ktr]  Procesamiento finalizado (I=1000, O=0, R=0, W=1000, U=0, E=0)
2024-07-19 21:07:47.056 INFO  <Transformacion Estado Contrato - Seleccionar Estado Contrato> [C:\Users\niebl\OneDrive\Escritorio\Semestre\Inteligecia de Negocio\Proyecto Fase 2\BIProyecto\ETL\Transformacion Estado Contrato.ktr]  Procesamiento finalizado (I=0, O=0, R=1000, W=1000, U=0, E=0)
2024-07-19 21:07:47.086 INFO  <Transformacion Estado Contrato - Agrupar> [C:\Users\niebl\OneDrive\Escritorio\Semestre\Inteligecia de Negocio\Proyecto Fase 2\BIProyecto\ETL\Transformacion Estado Contrato.ktr]  Procesamiento finalizado (I=0, O=0, R=1000, W=8, U=0, E=0)
2024-07-19 21:07:47.090 ERROR <Transformacion Estado Contrato - Añadir secuencia sk_dim_estado_contrato> [C:\Users\niebl\OneDrive\Escritorio\Semestre\Inteligecia de Negocio\Proyecto Fase 2\BIProyecto\ETL\Transformacion Estado Contrato.ktr]  Este paso no puede continuar debido a un error: 
Error leyendo el siguiente valor de la secuencia [contrato_nro_contrato_seq] de la base de datos

Unable to get next value for sequence : contrato_nro_contrato_seq
ERROR: no existe la relación «contrato_nro_contrato_seq»
  Position: 16


2024-07-19 21:07:47.090 INFO  <Transformacion Estado Contrato - Añadir secuencia sk_dim_estado_contrato> [C:\Users\niebl\OneDrive\Escritorio\Semestre\Inteligecia de Negocio\Proyecto Fase 2\BIProyecto\ETL\Transformacion Estado Contrato.ktr]  Procesamiento finalizado (I=0, O=0, R=1, W=0, U=0, E=1)
2024-07-19 21:07:47.090 WARN  <Transformacion Estado Contrato - Añadir secuencia sk_dim_estado_contrato> [C:\Users\niebl\OneDrive\Escritorio\Semestre\Inteligecia de Negocio\Proyecto Fase 2\BIProyecto\ETL\Transformacion Estado Contrato.ktr]  Transformaci?n detectada 
2024-07-19 21:07:47.090 WARN  <Transformacion Estado Contrato - Añadir secuencia sk_dim_estado_contrato> [C:\Users\niebl\OneDrive\Escritorio\Semestre\Inteligecia de Negocio\Proyecto Fase 2\BIProyecto\ETL\Transformacion Estado Contrato.ktr]  Transformaci?n est? matando los otros pasos!
2024-07-19 21:07:47.118 INFO  <Transformacion Estado Contrato - Añadir secuencia cod_estado> [C:\Users\niebl\OneDrive\Escritorio\Semestre\Inteligecia de Negocio\Proyecto Fase 2\BIProyecto\ETL\Transformacion Estado Contrato.ktr]  Procesamiento finalizado (I=0, O=0, R=8, W=8, U=0, E=0)
2024-07-19 21:07:47.274 ERROR <Transformacion Estado Contrato - Salida Tabla dim_estado_contrato> [C:\Users\niebl\OneDrive\Escritorio\Semestre\Inteligecia de Negocio\Proyecto Fase 2\BIProyecto\ETL\Transformacion Estado Contrato.ktr]  Errores detectados!
2024-07-19 21:07:47.275 ERROR <Transformacion Estado Contrato - Salida Tabla dim_estado_contrato> [C:\Users\niebl\OneDrive\Escritorio\Semestre\Inteligecia de Negocio\Proyecto Fase 2\BIProyecto\ETL\Transformacion Estado Contrato.ktr]  Errores detectados!
2024-07-19 21:07:47.317 ERROR <Transformacion Estado Contrato - Salida Tabla dim_estado_contrato> [C:\Users\niebl\OneDrive\Escritorio\Semestre\Inteligecia de Negocio\Proyecto Fase 2\BIProyecto\ETL\Transformacion Estado Contrato.ktr]  Errores detectados!
2024-07-19 21:09:32.433 INFO  <Thread-831> [C:\Users\niebl\OneDrive\Escritorio\Semestre\Inteligecia de Negocio\Proyecto Fase 2\BIProyecto\ETL\Transformacion Estado Contrato.ktr]  Iniciado despacho de la transformaci?n [Transformacion Estado Contrato]
2024-07-19 21:09:32.527 INFO  <init of Salida Tabla dim_estado_contrato.0 (Thread-837)> [C:\Users\niebl\OneDrive\Escritorio\Semestre\Inteligecia de Negocio\Proyecto Fase 2\BIProyecto\ETL\Transformacion Estado Contrato.ktr]  Connected to database [Postgres] (commit=1000)
2024-07-19 21:09:32.550 INFO  <Transformacion Estado Contrato - Entrada Tabla Estado Contrato> [C:\Users\niebl\OneDrive\Escritorio\Semestre\Inteligecia de Negocio\Proyecto Fase 2\BIProyecto\ETL\Transformacion Estado Contrato.ktr]  Finished reading query, closing connection
2024-07-19 21:09:32.552 INFO  <Transformacion Estado Contrato - Entrada Tabla Estado Contrato> [C:\Users\niebl\OneDrive\Escritorio\Semestre\Inteligecia de Negocio\Proyecto Fase 2\BIProyecto\ETL\Transformacion Estado Contrato.ktr]  Procesamiento finalizado (I=1000, O=0, R=0, W=1000, U=0, E=0)
2024-07-19 21:09:32.563 INFO  <Transformacion Estado Contrato - Seleccionar Estado Contrato> [C:\Users\niebl\OneDrive\Escritorio\Semestre\Inteligecia de Negocio\Proyecto Fase 2\BIProyecto\ETL\Transformacion Estado Contrato.ktr]  Procesamiento finalizado (I=0, O=0, R=1000, W=1000, U=0, E=0)
2024-07-19 21:09:32.593 INFO  <Transformacion Estado Contrato - Agrupar> [C:\Users\niebl\OneDrive\Escritorio\Semestre\Inteligecia de Negocio\Proyecto Fase 2\BIProyecto\ETL\Transformacion Estado Contrato.ktr]  Procesamiento finalizado (I=0, O=0, R=1000, W=8, U=0, E=0)
2024-07-19 21:09:32.596 ERROR <Transformacion Estado Contrato - Añadir secuencia sk_dim_estado_contrato> [C:\Users\niebl\OneDrive\Escritorio\Semestre\Inteligecia de Negocio\Proyecto Fase 2\BIProyecto\ETL\Transformacion Estado Contrato.ktr]  Este paso no puede continuar debido a un error: 
Error leyendo el siguiente valor de la secuencia [contrato_nro_contrato_seq] de la base de datos

Unable to get next value for sequence : contrato_nro_contrato_seq
ERROR: no existe la relación «contrato_nro_contrato_seq»
  Position: 16


2024-07-19 21:09:32.597 INFO  <Transformacion Estado Contrato - Añadir secuencia sk_dim_estado_contrato> [C:\Users\niebl\OneDrive\Escritorio\Semestre\Inteligecia de Negocio\Proyecto Fase 2\BIProyecto\ETL\Transformacion Estado Contrato.ktr]  Procesamiento finalizado (I=0, O=0, R=1, W=0, U=0, E=1)
2024-07-19 21:09:32.597 WARN  <Transformacion Estado Contrato - Añadir secuencia sk_dim_estado_contrato> [C:\Users\niebl\OneDrive\Escritorio\Semestre\Inteligecia de Negocio\Proyecto Fase 2\BIProyecto\ETL\Transformacion Estado Contrato.ktr]  Transformaci?n detectada 
2024-07-19 21:09:32.597 WARN  <Transformacion Estado Contrato - Añadir secuencia sk_dim_estado_contrato> [C:\Users\niebl\OneDrive\Escritorio\Semestre\Inteligecia de Negocio\Proyecto Fase 2\BIProyecto\ETL\Transformacion Estado Contrato.ktr]  Transformaci?n est? matando los otros pasos!
2024-07-19 21:09:32.625 INFO  <Transformacion Estado Contrato - Añadir secuencia cod_estado> [C:\Users\niebl\OneDrive\Escritorio\Semestre\Inteligecia de Negocio\Proyecto Fase 2\BIProyecto\ETL\Transformacion Estado Contrato.ktr]  Procesamiento finalizado (I=0, O=0, R=8, W=8, U=0, E=0)
2024-07-19 21:09:32.781 ERROR <Transformacion Estado Contrato - Salida Tabla dim_estado_contrato> [C:\Users\niebl\OneDrive\Escritorio\Semestre\Inteligecia de Negocio\Proyecto Fase 2\BIProyecto\ETL\Transformacion Estado Contrato.ktr]  Errores detectados!
2024-07-19 21:09:32.782 ERROR <Transformacion Estado Contrato - Salida Tabla dim_estado_contrato> [C:\Users\niebl\OneDrive\Escritorio\Semestre\Inteligecia de Negocio\Proyecto Fase 2\BIProyecto\ETL\Transformacion Estado Contrato.ktr]  Errores detectados!
2024-07-19 21:09:32.797 ERROR <Transformacion Estado Contrato - Salida Tabla dim_estado_contrato> [C:\Users\niebl\OneDrive\Escritorio\Semestre\Inteligecia de Negocio\Proyecto Fase 2\BIProyecto\ETL\Transformacion Estado Contrato.ktr]  Errores detectados!
2024-07-19 21:09:42.784 INFO  <Thread-847> [C:\Users\niebl\OneDrive\Escritorio\Semestre\Inteligecia de Negocio\Proyecto Fase 2\BIProyecto\ETL\Transformacion Estado Contrato.ktr]  Iniciado despacho de la transformaci?n [Transformacion Estado Contrato]
2024-07-19 21:09:42.875 INFO  <Transformacion Estado Contrato - Entrada Tabla Estado Contrato> [C:\Users\niebl\OneDrive\Escritorio\Semestre\Inteligecia de Negocio\Proyecto Fase 2\BIProyecto\ETL\Transformacion Estado Contrato.ktr]  Finished reading query, closing connection
2024-07-19 21:09:42.876 INFO  <Transformacion Estado Contrato - Entrada Tabla Estado Contrato> [C:\Users\niebl\OneDrive\Escritorio\Semestre\Inteligecia de Negocio\Proyecto Fase 2\BIProyecto\ETL\Transformacion Estado Contrato.ktr]  Procesamiento finalizado (I=1000, O=0, R=0, W=1000, U=0, E=0)
2024-07-19 21:09:42.893 INFO  <Transformacion Estado Contrato - Seleccionar Estado Contrato> [C:\Users\niebl\OneDrive\Escritorio\Semestre\Inteligecia de Negocio\Proyecto Fase 2\BIProyecto\ETL\Transformacion Estado Contrato.ktr]  Procesamiento finalizado (I=0, O=0, R=1000, W=1000, U=0, E=0)
2024-07-19 21:09:42.923 INFO  <Transformacion Estado Contrato - Agrupar> [C:\Users\niebl\OneDrive\Escritorio\Semestre\Inteligecia de Negocio\Proyecto Fase 2\BIProyecto\ETL\Transformacion Estado Contrato.ktr]  Procesamiento finalizado (I=0, O=0, R=1000, W=8, U=0, E=0)
2024-07-19 21:09:42.955 INFO  <Transformacion Estado Contrato - Añadir secuencia cod_estado> [C:\Users\niebl\OneDrive\Escritorio\Semestre\Inteligecia de Negocio\Proyecto Fase 2\BIProyecto\ETL\Transformacion Estado Contrato.ktr]  Procesamiento finalizado (I=0, O=0, R=8, W=8, U=0, E=0)
2024-07-19 21:09:42.987 INFO  <Transformacion Estado Contrato - Añadir secuencia sk_dim_estado_contrato> [C:\Users\niebl\OneDrive\Escritorio\Semestre\Inteligecia de Negocio\Proyecto Fase 2\BIProyecto\ETL\Transformacion Estado Contrato.ktr]  Procesamiento finalizado (I=0, O=0, R=8, W=8, U=0, E=0)
2024-07-19 21:11:38.695 INFO  <Thread-867> [C:\Users\niebl\OneDrive\Escritorio\Semestre\Inteligecia de Negocio\Proyecto Fase 2\BIProyecto\ETL\Transformacion Producto.ktr]  Iniciado despacho de la transformaci?n [Transformacion Producto]
2024-07-19 21:11:38.814 INFO  <init of Salida Tabla.0 (Thread-875)> [C:\Users\niebl\OneDrive\Escritorio\Semestre\Inteligecia de Negocio\Proyecto Fase 2\BIProyecto\ETL\Transformacion Producto.ktr]  Connected to database [Postgres] (commit=1000)
2024-07-19 21:11:38.828 INFO  <Transformacion Producto - Entrada Tabla Tipo Producto> [C:\Users\niebl\OneDrive\Escritorio\Semestre\Inteligecia de Negocio\Proyecto Fase 2\BIProyecto\ETL\Transformacion Producto.ktr]  Finished reading query, closing connection
2024-07-19 21:11:38.828 INFO  <Transformacion Producto - Entrada Tabla Producto> [C:\Users\niebl\OneDrive\Escritorio\Semestre\Inteligecia de Negocio\Proyecto Fase 2\BIProyecto\ETL\Transformacion Producto.ktr]  Finished reading query, closing connection
2024-07-19 21:11:38.829 INFO  <Transformacion Producto - Entrada Tabla Tipo Producto> [C:\Users\niebl\OneDrive\Escritorio\Semestre\Inteligecia de Negocio\Proyecto Fase 2\BIProyecto\ETL\Transformacion Producto.ktr]  Procesamiento finalizado (I=10, O=0, R=0, W=10, U=0, E=0)
2024-07-19 21:11:38.830 INFO  <Transformacion Producto - Entrada Tabla Producto> [C:\Users\niebl\OneDrive\Escritorio\Semestre\Inteligecia de Negocio\Proyecto Fase 2\BIProyecto\ETL\Transformacion Producto.ktr]  Procesamiento finalizado (I=30, O=0, R=0, W=30, U=0, E=0)
2024-07-19 21:11:38.852 INFO  <Transformacion Producto - Ordenar filas> [C:\Users\niebl\OneDrive\Escritorio\Semestre\Inteligecia de Negocio\Proyecto Fase 2\BIProyecto\ETL\Transformacion Producto.ktr]  Procesamiento finalizado (I=0, O=0, R=10, W=10, U=0, E=0)
2024-07-19 21:11:38.852 INFO  <Transformacion Producto - Ordenar filas 2> [C:\Users\niebl\OneDrive\Escritorio\Semestre\Inteligecia de Negocio\Proyecto Fase 2\BIProyecto\ETL\Transformacion Producto.ktr]  Procesamiento finalizado (I=0, O=0, R=30, W=30, U=0, E=0)
2024-07-19 21:11:38.861 ERROR <Transformacion Producto - Salida Tabla> [C:\Users\niebl\OneDrive\Escritorio\Semestre\Inteligecia de Negocio\Proyecto Fase 2\BIProyecto\ETL\Transformacion Producto.ktr]  Because of an error, this step can't continue: 
2024-07-19 21:11:38.862 ERROR <Transformacion Producto - Salida Tabla> [C:\Users\niebl\OneDrive\Escritorio\Semestre\Inteligecia de Negocio\Proyecto Fase 2\BIProyecto\ETL\Transformacion Producto.ktr]  org.pentaho.di.core.exception.KettleException: 
Error inserting row into table [dim_producto] with values: [1], [Seguro de vida], [22], [Poliza1_ResponsabilidadCivil], [auto básico], [1], [1], [3]

Error inserting/updating row
ERROR: el valor es demasiado largo para el tipo character varying(25)


	at org.pentaho.di.trans.steps.tableoutput.TableOutput.writeToTable(TableOutput.java:384)
	at org.pentaho.di.trans.steps.tableoutput.TableOutput.processRow(TableOutput.java:125)
	at org.pentaho.di.trans.step.RunThread.run(RunThread.java:62)
	at java.lang.Thread.run(Thread.java:748)
Caused by: org.pentaho.di.core.exception.KettleDatabaseException: 
Error inserting/updating row
ERROR: el valor es demasiado largo para el tipo character varying(25)

	at org.pentaho.di.core.database.Database.insertRow(Database.java:1335)
	at org.pentaho.di.trans.steps.tableoutput.TableOutput.writeToTable(TableOutput.java:262)
	... 3 more
Caused by: org.postgresql.util.PSQLException: ERROR: el valor es demasiado largo para el tipo character varying(25)
	at org.postgresql.core.v3.QueryExecutorImpl.receiveErrorResponse(QueryExecutorImpl.java:2552)
	at org.postgresql.core.v3.QueryExecutorImpl.processResults(QueryExecutorImpl.java:2284)
	at org.postgresql.core.v3.QueryExecutorImpl.execute(QueryExecutorImpl.java:322)
	at org.postgresql.jdbc.PgStatement.executeInternal(PgStatement.java:481)
	at org.postgresql.jdbc.PgStatement.execute(PgStatement.java:401)
	at org.postgresql.jdbc.PgPreparedStatement.executeWithFlags(PgPreparedStatement.java:164)
	at org.postgresql.jdbc.PgPreparedStatement.executeUpdate(PgPreparedStatement.java:130)
	at org.pentaho.di.core.database.Database.insertRow(Database.java:1302)
	... 4 more

2024-07-19 21:11:38.862 INFO  <Transformacion Producto - Salida Tabla> [C:\Users\niebl\OneDrive\Escritorio\Semestre\Inteligecia de Negocio\Proyecto Fase 2\BIProyecto\ETL\Transformacion Producto.ktr]  Procesamiento finalizado (I=0, O=2, R=3, W=2, U=0, E=1)
2024-07-19 21:11:38.863 WARN  <Transformacion Producto - Salida Tabla> [C:\Users\niebl\OneDrive\Escritorio\Semestre\Inteligecia de Negocio\Proyecto Fase 2\BIProyecto\ETL\Transformacion Producto.ktr]  Transformaci?n detectada 
2024-07-19 21:11:38.863 INFO  <Transformacion Producto - Strings cut> [C:\Users\niebl\OneDrive\Escritorio\Semestre\Inteligecia de Negocio\Proyecto Fase 2\BIProyecto\ETL\Transformacion Producto.ktr]  Procesamiento finalizado (I=0, O=0, R=6, W=6, U=0, E=0)
2024-07-19 21:11:38.863 WARN  <Transformacion Producto - Salida Tabla> [C:\Users\niebl\OneDrive\Escritorio\Semestre\Inteligecia de Negocio\Proyecto Fase 2\BIProyecto\ETL\Transformacion Producto.ktr]  Transformaci?n est? matando los otros pasos!
2024-07-19 21:11:38.863 INFO  <Transformacion Producto - Añadir secuencia sk_dim_producto> [C:\Users\niebl\OneDrive\Escritorio\Semestre\Inteligecia de Negocio\Proyecto Fase 2\BIProyecto\ETL\Transformacion Producto.ktr]  Procesamiento finalizado (I=0, O=0, R=6, W=6, U=0, E=0)
2024-07-19 21:11:38.977 INFO  <Transformacion Producto - Unión por clave> [C:\Users\niebl\OneDrive\Escritorio\Semestre\Inteligecia de Negocio\Proyecto Fase 2\BIProyecto\ETL\Transformacion Producto.ktr]  Procesamiento finalizado (I=0, O=0, R=36, W=25, U=0, E=0)
2024-07-19 21:11:39.102 ERROR <Transformacion Producto - Strings cut> [C:\Users\niebl\OneDrive\Escritorio\Semestre\Inteligecia de Negocio\Proyecto Fase 2\BIProyecto\ETL\Transformacion Producto.ktr]  Errores detectados!
2024-07-19 21:11:39.103 ERROR <Transformacion Producto - Strings cut> [C:\Users\niebl\OneDrive\Escritorio\Semestre\Inteligecia de Negocio\Proyecto Fase 2\BIProyecto\ETL\Transformacion Producto.ktr]  Errores detectados!
2024-07-19 21:11:39.115 ERROR <Transformacion Producto - Strings cut> [C:\Users\niebl\OneDrive\Escritorio\Semestre\Inteligecia de Negocio\Proyecto Fase 2\BIProyecto\ETL\Transformacion Producto.ktr]  Errores detectados!
2024-07-19 21:14:00.069 INFO  <Thread-888> [C:\Users\niebl\OneDrive\Escritorio\Semestre\Inteligecia de Negocio\Proyecto Fase 2\BIProyecto\ETL\Transformacion Estado Contrato.ktr]  Iniciado despacho de la transformaci?n [Transformacion Estado Contrato]
2024-07-19 21:14:00.152 INFO  <init of Salida Tabla dim_estado_contrato.0 (Thread-894)> [C:\Users\niebl\OneDrive\Escritorio\Semestre\Inteligecia de Negocio\Proyecto Fase 2\BIProyecto\ETL\Transformacion Estado Contrato.ktr]  Connected to database [Postgres] (commit=1000)
2024-07-19 21:14:00.173 INFO  <Transformacion Estado Contrato - Entrada Tabla Estado Contrato> [C:\Users\niebl\OneDrive\Escritorio\Semestre\Inteligecia de Negocio\Proyecto Fase 2\BIProyecto\ETL\Transformacion Estado Contrato.ktr]  Finished reading query, closing connection
2024-07-19 21:14:00.174 INFO  <Transformacion Estado Contrato - Entrada Tabla Estado Contrato> [C:\Users\niebl\OneDrive\Escritorio\Semestre\Inteligecia de Negocio\Proyecto Fase 2\BIProyecto\ETL\Transformacion Estado Contrato.ktr]  Procesamiento finalizado (I=1000, O=0, R=0, W=1000, U=0, E=0)
2024-07-19 21:14:00.188 INFO  <Transformacion Estado Contrato - Seleccionar Estado Contrato> [C:\Users\niebl\OneDrive\Escritorio\Semestre\Inteligecia de Negocio\Proyecto Fase 2\BIProyecto\ETL\Transformacion Estado Contrato.ktr]  Procesamiento finalizado (I=0, O=0, R=1000, W=1000, U=0, E=0)
2024-07-19 21:14:00.220 INFO  <Transformacion Estado Contrato - Agrupar> [C:\Users\niebl\OneDrive\Escritorio\Semestre\Inteligecia de Negocio\Proyecto Fase 2\BIProyecto\ETL\Transformacion Estado Contrato.ktr]  Procesamiento finalizado (I=0, O=0, R=1000, W=8, U=0, E=0)
2024-07-19 21:14:00.225 ERROR <Transformacion Estado Contrato - Salida Tabla dim_estado_contrato> [C:\Users\niebl\OneDrive\Escritorio\Semestre\Inteligecia de Negocio\Proyecto Fase 2\BIProyecto\ETL\Transformacion Estado Contrato.ktr]  Because of an error, this step can't continue: 
2024-07-19 21:14:00.225 ERROR <Transformacion Estado Contrato - Salida Tabla dim_estado_contrato> [C:\Users\niebl\OneDrive\Escritorio\Semestre\Inteligecia de Negocio\Proyecto Fase 2\BIProyecto\ETL\Transformacion Estado Contrato.ktr]  org.pentaho.di.core.exception.KettleException: 
Error inserting row into table [dim_estado_contrato] with values: [en revisión], [1], [1]

Error inserting/updating row
ERROR: llave duplicada viola restricción de unicidad «pk_dim_estado_contrato»
  Detail: Ya existe la llave (sk_dim_estado_contrato)=(1).


	at org.pentaho.di.trans.steps.tableoutput.TableOutput.writeToTable(TableOutput.java:384)
	at org.pentaho.di.trans.steps.tableoutput.TableOutput.processRow(TableOutput.java:125)
	at org.pentaho.di.trans.step.RunThread.run(RunThread.java:62)
	at java.lang.Thread.run(Thread.java:748)
Caused by: org.pentaho.di.core.exception.KettleDatabaseException: 
Error inserting/updating row
ERROR: llave duplicada viola restricción de unicidad «pk_dim_estado_contrato»
  Detail: Ya existe la llave (sk_dim_estado_contrato)=(1).

	at org.pentaho.di.core.database.Database.insertRow(Database.java:1335)
	at org.pentaho.di.trans.steps.tableoutput.TableOutput.writeToTable(TableOutput.java:262)
	... 3 more
Caused by: org.postgresql.util.PSQLException: ERROR: llave duplicada viola restricción de unicidad «pk_dim_estado_contrato»
  Detail: Ya existe la llave (sk_dim_estado_contrato)=(1).
	at org.postgresql.core.v3.QueryExecutorImpl.receiveErrorResponse(QueryExecutorImpl.java:2552)
	at org.postgresql.core.v3.QueryExecutorImpl.processResults(QueryExecutorImpl.java:2284)
	at org.postgresql.core.v3.QueryExecutorImpl.execute(QueryExecutorImpl.java:322)
	at org.postgresql.jdbc.PgStatement.executeInternal(PgStatement.java:481)
	at org.postgresql.jdbc.PgStatement.execute(PgStatement.java:401)
	at org.postgresql.jdbc.PgPreparedStatement.executeWithFlags(PgPreparedStatement.java:164)
	at org.postgresql.jdbc.PgPreparedStatement.executeUpdate(PgPreparedStatement.java:130)
	at org.pentaho.di.core.database.Database.insertRow(Database.java:1302)
	... 4 more

2024-07-19 21:14:00.226 INFO  <Transformacion Estado Contrato - Salida Tabla dim_estado_contrato> [C:\Users\niebl\OneDrive\Escritorio\Semestre\Inteligecia de Negocio\Proyecto Fase 2\BIProyecto\ETL\Transformacion Estado Contrato.ktr]  Procesamiento finalizado (I=0, O=0, R=1, W=0, U=0, E=1)
2024-07-19 21:14:00.226 WARN  <Transformacion Estado Contrato - Salida Tabla dim_estado_contrato> [C:\Users\niebl\OneDrive\Escritorio\Semestre\Inteligecia de Negocio\Proyecto Fase 2\BIProyecto\ETL\Transformacion Estado Contrato.ktr]  Transformaci?n detectada 
2024-07-19 21:14:00.226 WARN  <Transformacion Estado Contrato - Salida Tabla dim_estado_contrato> [C:\Users\niebl\OneDrive\Escritorio\Semestre\Inteligecia de Negocio\Proyecto Fase 2\BIProyecto\ETL\Transformacion Estado Contrato.ktr]  Transformaci?n est? matando los otros pasos!
2024-07-19 21:14:00.228 INFO  <Transformacion Estado Contrato - Añadir secuencia sk_dim_estado_contrato> [C:\Users\niebl\OneDrive\Escritorio\Semestre\Inteligecia de Negocio\Proyecto Fase 2\BIProyecto\ETL\Transformacion Estado Contrato.ktr]  Procesamiento finalizado (I=0, O=0, R=5, W=5, U=0, E=0)
2024-07-19 21:14:00.252 INFO  <Transformacion Estado Contrato - Añadir secuencia cod_estado> [C:\Users\niebl\OneDrive\Escritorio\Semestre\Inteligecia de Negocio\Proyecto Fase 2\BIProyecto\ETL\Transformacion Estado Contrato.ktr]  Procesamiento finalizado (I=0, O=0, R=8, W=8, U=0, E=0)
2024-07-19 21:14:00.396 ERROR <Transformacion Estado Contrato - Añadir secuencia sk_dim_estado_contrato> [C:\Users\niebl\OneDrive\Escritorio\Semestre\Inteligecia de Negocio\Proyecto Fase 2\BIProyecto\ETL\Transformacion Estado Contrato.ktr]  Errores detectados!
2024-07-19 21:14:00.397 ERROR <Transformacion Estado Contrato - Añadir secuencia sk_dim_estado_contrato> [C:\Users\niebl\OneDrive\Escritorio\Semestre\Inteligecia de Negocio\Proyecto Fase 2\BIProyecto\ETL\Transformacion Estado Contrato.ktr]  Errores detectados!
2024-07-19 21:14:00.409 ERROR <Transformacion Estado Contrato - Añadir secuencia sk_dim_estado_contrato> [C:\Users\niebl\OneDrive\Escritorio\Semestre\Inteligecia de Negocio\Proyecto Fase 2\BIProyecto\ETL\Transformacion Estado Contrato.ktr]  Errores detectados!
2024-07-19 21:15:04.523 INFO  <Thread-908> [C:\Users\niebl\OneDrive\Escritorio\Semestre\Inteligecia de Negocio\Proyecto Fase 2\BIProyecto\ETL\Transformacion Estado Contrato.ktr]  Iniciado despacho de la transformaci?n [Transformacion Estado Contrato]
2024-07-19 21:15:04.602 INFO  <init of Salida Tabla dim_estado_contrato.0 (Thread-914)> [C:\Users\niebl\OneDrive\Escritorio\Semestre\Inteligecia de Negocio\Proyecto Fase 2\BIProyecto\ETL\Transformacion Estado Contrato.ktr]  Connected to database [Postgres] (commit=1000)
2024-07-19 21:15:04.619 INFO  <Transformacion Estado Contrato - Entrada Tabla Estado Contrato> [C:\Users\niebl\OneDrive\Escritorio\Semestre\Inteligecia de Negocio\Proyecto Fase 2\BIProyecto\ETL\Transformacion Estado Contrato.ktr]  Finished reading query, closing connection
2024-07-19 21:15:04.620 INFO  <Transformacion Estado Contrato - Entrada Tabla Estado Contrato> [C:\Users\niebl\OneDrive\Escritorio\Semestre\Inteligecia de Negocio\Proyecto Fase 2\BIProyecto\ETL\Transformacion Estado Contrato.ktr]  Procesamiento finalizado (I=1000, O=0, R=0, W=1000, U=0, E=0)
2024-07-19 21:15:04.638 INFO  <Transformacion Estado Contrato - Seleccionar Estado Contrato> [C:\Users\niebl\OneDrive\Escritorio\Semestre\Inteligecia de Negocio\Proyecto Fase 2\BIProyecto\ETL\Transformacion Estado Contrato.ktr]  Procesamiento finalizado (I=0, O=0, R=1000, W=1000, U=0, E=0)
2024-07-19 21:15:04.670 INFO  <Transformacion Estado Contrato - Agrupar> [C:\Users\niebl\OneDrive\Escritorio\Semestre\Inteligecia de Negocio\Proyecto Fase 2\BIProyecto\ETL\Transformacion Estado Contrato.ktr]  Procesamiento finalizado (I=0, O=0, R=1000, W=8, U=0, E=0)
2024-07-19 21:15:04.675 ERROR <Transformacion Estado Contrato - Salida Tabla dim_estado_contrato> [C:\Users\niebl\OneDrive\Escritorio\Semestre\Inteligecia de Negocio\Proyecto Fase 2\BIProyecto\ETL\Transformacion Estado Contrato.ktr]  Because of an error, this step can't continue: 
2024-07-19 21:15:04.675 ERROR <Transformacion Estado Contrato - Salida Tabla dim_estado_contrato> [C:\Users\niebl\OneDrive\Escritorio\Semestre\Inteligecia de Negocio\Proyecto Fase 2\BIProyecto\ETL\Transformacion Estado Contrato.ktr]  org.pentaho.di.core.exception.KettleException: 
Error inserting row into table [dim_estado_contrato] with values: [en revisión], [1], [1]

Error inserting/updating row
ERROR: llave duplicada viola restricción de unicidad «pk_dim_estado_contrato»
  Detail: Ya existe la llave (sk_dim_estado_contrato)=(1).


	at org.pentaho.di.trans.steps.tableoutput.TableOutput.writeToTable(TableOutput.java:384)
	at org.pentaho.di.trans.steps.tableoutput.TableOutput.processRow(TableOutput.java:125)
	at org.pentaho.di.trans.step.RunThread.run(RunThread.java:62)
	at java.lang.Thread.run(Thread.java:748)
Caused by: org.pentaho.di.core.exception.KettleDatabaseException: 
Error inserting/updating row
ERROR: llave duplicada viola restricción de unicidad «pk_dim_estado_contrato»
  Detail: Ya existe la llave (sk_dim_estado_contrato)=(1).

	at org.pentaho.di.core.database.Database.insertRow(Database.java:1335)
	at org.pentaho.di.trans.steps.tableoutput.TableOutput.writeToTable(TableOutput.java:262)
	... 3 more
Caused by: org.postgresql.util.PSQLException: ERROR: llave duplicada viola restricción de unicidad «pk_dim_estado_contrato»
  Detail: Ya existe la llave (sk_dim_estado_contrato)=(1).
	at org.postgresql.core.v3.QueryExecutorImpl.receiveErrorResponse(QueryExecutorImpl.java:2552)
	at org.postgresql.core.v3.QueryExecutorImpl.processResults(QueryExecutorImpl.java:2284)
	at org.postgresql.core.v3.QueryExecutorImpl.execute(QueryExecutorImpl.java:322)
	at org.postgresql.jdbc.PgStatement.executeInternal(PgStatement.java:481)
	at org.postgresql.jdbc.PgStatement.execute(PgStatement.java:401)
	at org.postgresql.jdbc.PgPreparedStatement.executeWithFlags(PgPreparedStatement.java:164)
	at org.postgresql.jdbc.PgPreparedStatement.executeUpdate(PgPreparedStatement.java:130)
	at org.pentaho.di.core.database.Database.insertRow(Database.java:1302)
	... 4 more

2024-07-19 21:15:04.676 INFO  <Transformacion Estado Contrato - Añadir secuencia sk_dim_estado_contrato> [C:\Users\niebl\OneDrive\Escritorio\Semestre\Inteligecia de Negocio\Proyecto Fase 2\BIProyecto\ETL\Transformacion Estado Contrato.ktr]  Procesamiento finalizado (I=0, O=0, R=5, W=5, U=0, E=0)
2024-07-19 21:15:04.676 INFO  <Transformacion Estado Contrato - Salida Tabla dim_estado_contrato> [C:\Users\niebl\OneDrive\Escritorio\Semestre\Inteligecia de Negocio\Proyecto Fase 2\BIProyecto\ETL\Transformacion Estado Contrato.ktr]  Procesamiento finalizado (I=0, O=0, R=1, W=0, U=0, E=1)
2024-07-19 21:15:04.676 WARN  <Transformacion Estado Contrato - Salida Tabla dim_estado_contrato> [C:\Users\niebl\OneDrive\Escritorio\Semestre\Inteligecia de Negocio\Proyecto Fase 2\BIProyecto\ETL\Transformacion Estado Contrato.ktr]  Transformaci?n detectada 
2024-07-19 21:15:04.676 WARN  <Transformacion Estado Contrato - Salida Tabla dim_estado_contrato> [C:\Users\niebl\OneDrive\Escritorio\Semestre\Inteligecia de Negocio\Proyecto Fase 2\BIProyecto\ETL\Transformacion Estado Contrato.ktr]  Transformaci?n est? matando los otros pasos!
2024-07-19 21:15:04.701 INFO  <Transformacion Estado Contrato - Añadir secuencia cod_estado> [C:\Users\niebl\OneDrive\Escritorio\Semestre\Inteligecia de Negocio\Proyecto Fase 2\BIProyecto\ETL\Transformacion Estado Contrato.ktr]  Procesamiento finalizado (I=0, O=0, R=8, W=8, U=0, E=0)
2024-07-19 21:15:04.858 ERROR <Transformacion Estado Contrato - Añadir secuencia cod_estado> [C:\Users\niebl\OneDrive\Escritorio\Semestre\Inteligecia de Negocio\Proyecto Fase 2\BIProyecto\ETL\Transformacion Estado Contrato.ktr]  Errores detectados!
2024-07-19 21:15:04.859 ERROR <Transformacion Estado Contrato - Añadir secuencia cod_estado> [C:\Users\niebl\OneDrive\Escritorio\Semestre\Inteligecia de Negocio\Proyecto Fase 2\BIProyecto\ETL\Transformacion Estado Contrato.ktr]  Errores detectados!
2024-07-19 21:15:04.871 ERROR <Transformacion Estado Contrato - Añadir secuencia cod_estado> [C:\Users\niebl\OneDrive\Escritorio\Semestre\Inteligecia de Negocio\Proyecto Fase 2\BIProyecto\ETL\Transformacion Estado Contrato.ktr]  Errores detectados!
2024-07-19 21:22:05.676 INFO  <Thread-934> [C:\Users\niebl\OneDrive\Escritorio\Semestre\Inteligecia de Negocio\Proyecto Fase 2\BIProyecto\ETL\Transformacion Estado Contrato.ktr]  Iniciado despacho de la transformaci?n [Transformacion Estado Contrato]
2024-07-19 21:22:05.773 INFO  <init of Salida Tabla dim_estado_contrato.0 (Thread-940)> [C:\Users\niebl\OneDrive\Escritorio\Semestre\Inteligecia de Negocio\Proyecto Fase 2\BIProyecto\ETL\Transformacion Estado Contrato.ktr]  Connected to database [Postgres] (commit=1000)
2024-07-19 21:22:05.792 INFO  <Transformacion Estado Contrato - Entrada Tabla Estado Contrato> [C:\Users\niebl\OneDrive\Escritorio\Semestre\Inteligecia de Negocio\Proyecto Fase 2\BIProyecto\ETL\Transformacion Estado Contrato.ktr]  Finished reading query, closing connection
2024-07-19 21:22:05.793 INFO  <Transformacion Estado Contrato - Entrada Tabla Estado Contrato> [C:\Users\niebl\OneDrive\Escritorio\Semestre\Inteligecia de Negocio\Proyecto Fase 2\BIProyecto\ETL\Transformacion Estado Contrato.ktr]  Procesamiento finalizado (I=1000, O=0, R=0, W=1000, U=0, E=0)
2024-07-19 21:22:05.808 INFO  <Transformacion Estado Contrato - Seleccionar Estado Contrato> [C:\Users\niebl\OneDrive\Escritorio\Semestre\Inteligecia de Negocio\Proyecto Fase 2\BIProyecto\ETL\Transformacion Estado Contrato.ktr]  Procesamiento finalizado (I=0, O=0, R=1000, W=1000, U=0, E=0)
2024-07-19 21:22:05.839 INFO  <Transformacion Estado Contrato - Agrupar> [C:\Users\niebl\OneDrive\Escritorio\Semestre\Inteligecia de Negocio\Proyecto Fase 2\BIProyecto\ETL\Transformacion Estado Contrato.ktr]  Procesamiento finalizado (I=0, O=0, R=1000, W=8, U=0, E=0)
2024-07-19 21:22:05.870 INFO  <Transformacion Estado Contrato - Generate random value> [C:\Users\niebl\OneDrive\Escritorio\Semestre\Inteligecia de Negocio\Proyecto Fase 2\BIProyecto\ETL\Transformacion Estado Contrato.ktr]  Procesamiento finalizado (I=0, O=0, R=8, W=8, U=0, E=0)
2024-07-19 21:22:46.913 INFO  <Thread-952> [C:\Users\niebl\OneDrive\Escritorio\Semestre\Inteligecia de Negocio\Proyecto Fase 2\BIProyecto\ETL\Transformacion Estado Contrato.ktr]  Iniciado despacho de la transformaci?n [Transformacion Estado Contrato]
2024-07-19 21:22:46.998 INFO  <init of Salida Tabla dim_estado_contrato.0 (Thread-958)> [C:\Users\niebl\OneDrive\Escritorio\Semestre\Inteligecia de Negocio\Proyecto Fase 2\BIProyecto\ETL\Transformacion Estado Contrato.ktr]  Connected to database [Postgres] (commit=1000)
2024-07-19 21:22:47.016 INFO  <Transformacion Estado Contrato - Entrada Tabla Estado Contrato> [C:\Users\niebl\OneDrive\Escritorio\Semestre\Inteligecia de Negocio\Proyecto Fase 2\BIProyecto\ETL\Transformacion Estado Contrato.ktr]  Finished reading query, closing connection
2024-07-19 21:22:47.018 INFO  <Transformacion Estado Contrato - Entrada Tabla Estado Contrato> [C:\Users\niebl\OneDrive\Escritorio\Semestre\Inteligecia de Negocio\Proyecto Fase 2\BIProyecto\ETL\Transformacion Estado Contrato.ktr]  Procesamiento finalizado (I=1000, O=0, R=0, W=1000, U=0, E=0)
2024-07-19 21:22:47.046 INFO  <Transformacion Estado Contrato - Seleccionar Estado Contrato> [C:\Users\niebl\OneDrive\Escritorio\Semestre\Inteligecia de Negocio\Proyecto Fase 2\BIProyecto\ETL\Transformacion Estado Contrato.ktr]  Procesamiento finalizado (I=0, O=0, R=1000, W=1000, U=0, E=0)
2024-07-19 21:22:47.078 INFO  <Transformacion Estado Contrato - Agrupar> [C:\Users\niebl\OneDrive\Escritorio\Semestre\Inteligecia de Negocio\Proyecto Fase 2\BIProyecto\ETL\Transformacion Estado Contrato.ktr]  Procesamiento finalizado (I=0, O=0, R=1000, W=8, U=0, E=0)
2024-07-19 21:22:47.110 INFO  <Transformacion Estado Contrato - Generate random value> [C:\Users\niebl\OneDrive\Escritorio\Semestre\Inteligecia de Negocio\Proyecto Fase 2\BIProyecto\ETL\Transformacion Estado Contrato.ktr]  Procesamiento finalizado (I=0, O=0, R=8, W=8, U=0, E=0)
2024-07-19 21:22:59.442 INFO  <Thread-970> [C:\Users\niebl\OneDrive\Escritorio\Semestre\Inteligecia de Negocio\Proyecto Fase 2\BIProyecto\ETL\Transformacion Estado Contrato.ktr]  Iniciado despacho de la transformaci?n [Transformacion Estado Contrato]
2024-07-19 21:22:59.533 INFO  <init of Salida Tabla dim_estado_contrato.0 (Thread-976)> [C:\Users\niebl\OneDrive\Escritorio\Semestre\Inteligecia de Negocio\Proyecto Fase 2\BIProyecto\ETL\Transformacion Estado Contrato.ktr]  Connected to database [Postgres] (commit=1000)
2024-07-19 21:22:59.553 INFO  <Transformacion Estado Contrato - Entrada Tabla Estado Contrato> [C:\Users\niebl\OneDrive\Escritorio\Semestre\Inteligecia de Negocio\Proyecto Fase 2\BIProyecto\ETL\Transformacion Estado Contrato.ktr]  Finished reading query, closing connection
2024-07-19 21:22:59.554 INFO  <Transformacion Estado Contrato - Entrada Tabla Estado Contrato> [C:\Users\niebl\OneDrive\Escritorio\Semestre\Inteligecia de Negocio\Proyecto Fase 2\BIProyecto\ETL\Transformacion Estado Contrato.ktr]  Procesamiento finalizado (I=1000, O=0, R=0, W=1000, U=0, E=0)
2024-07-19 21:22:59.559 INFO  <Transformacion Estado Contrato - Seleccionar Estado Contrato> [C:\Users\niebl\OneDrive\Escritorio\Semestre\Inteligecia de Negocio\Proyecto Fase 2\BIProyecto\ETL\Transformacion Estado Contrato.ktr]  Procesamiento finalizado (I=0, O=0, R=1000, W=1000, U=0, E=0)
2024-07-19 21:22:59.590 INFO  <Transformacion Estado Contrato - Agrupar> [C:\Users\niebl\OneDrive\Escritorio\Semestre\Inteligecia de Negocio\Proyecto Fase 2\BIProyecto\ETL\Transformacion Estado Contrato.ktr]  Procesamiento finalizado (I=0, O=0, R=1000, W=8, U=0, E=0)
2024-07-19 21:22:59.622 INFO  <Transformacion Estado Contrato - Generate random value> [C:\Users\niebl\OneDrive\Escritorio\Semestre\Inteligecia de Negocio\Proyecto Fase 2\BIProyecto\ETL\Transformacion Estado Contrato.ktr]  Procesamiento finalizado (I=0, O=0, R=8, W=8, U=0, E=0)
2024-07-19 21:23:31.868 INFO  <Thread-987> [C:\Users\niebl\OneDrive\Escritorio\Semestre\Inteligecia de Negocio\Proyecto Fase 2\BIProyecto\ETL\Transformacion Estado Contrato.ktr]  Iniciado despacho de la transformaci?n [Transformacion Estado Contrato]
2024-07-19 21:23:31.946 INFO  <init of Salida Tabla dim_estado_contrato.0 (Thread-993)> [C:\Users\niebl\OneDrive\Escritorio\Semestre\Inteligecia de Negocio\Proyecto Fase 2\BIProyecto\ETL\Transformacion Estado Contrato.ktr]  Connected to database [Postgres] (commit=1000)
2024-07-19 21:23:31.965 INFO  <Transformacion Estado Contrato - Entrada Tabla Estado Contrato> [C:\Users\niebl\OneDrive\Escritorio\Semestre\Inteligecia de Negocio\Proyecto Fase 2\BIProyecto\ETL\Transformacion Estado Contrato.ktr]  Finished reading query, closing connection
2024-07-19 21:23:31.966 INFO  <Transformacion Estado Contrato - Entrada Tabla Estado Contrato> [C:\Users\niebl\OneDrive\Escritorio\Semestre\Inteligecia de Negocio\Proyecto Fase 2\BIProyecto\ETL\Transformacion Estado Contrato.ktr]  Procesamiento finalizado (I=1000, O=0, R=0, W=1000, U=0, E=0)
2024-07-19 21:23:31.973 INFO  <Transformacion Estado Contrato - Seleccionar Estado Contrato> [C:\Users\niebl\OneDrive\Escritorio\Semestre\Inteligecia de Negocio\Proyecto Fase 2\BIProyecto\ETL\Transformacion Estado Contrato.ktr]  Procesamiento finalizado (I=0, O=0, R=1000, W=1000, U=0, E=0)
2024-07-19 21:23:32.002 INFO  <Transformacion Estado Contrato - Agrupar> [C:\Users\niebl\OneDrive\Escritorio\Semestre\Inteligecia de Negocio\Proyecto Fase 2\BIProyecto\ETL\Transformacion Estado Contrato.ktr]  Procesamiento finalizado (I=0, O=0, R=1000, W=8, U=0, E=0)
2024-07-19 21:23:32.034 INFO  <Transformacion Estado Contrato - Generate random value> [C:\Users\niebl\OneDrive\Escritorio\Semestre\Inteligecia de Negocio\Proyecto Fase 2\BIProyecto\ETL\Transformacion Estado Contrato.ktr]  Procesamiento finalizado (I=0, O=0, R=8, W=8, U=0, E=0)
2024-07-19 21:30:00.028 INFO  <Thread-1014> [C:\Users\niebl\OneDrive\Escritorio\Semestre\Inteligecia de Negocio\Proyecto Fase 2\BIProyecto\ETL\Transformacion Estado Contrato.ktr]  Iniciado despacho de la transformaci?n [Transformacion Estado Contrato]
2024-07-19 21:30:00.097 INFO  <init of Salida Tabla dim_estado_contrato.0 (Thread-1020)> [C:\Users\niebl\OneDrive\Escritorio\Semestre\Inteligecia de Negocio\Proyecto Fase 2\BIProyecto\ETL\Transformacion Estado Contrato.ktr]  Connected to database [Postgres] (commit=1000)
2024-07-19 21:30:00.224 INFO  <Transformacion Estado Contrato - Entrada Tabla Estado Contrato> [C:\Users\niebl\OneDrive\Escritorio\Semestre\Inteligecia de Negocio\Proyecto Fase 2\BIProyecto\ETL\Transformacion Estado Contrato.ktr]  Finished reading query, closing connection
2024-07-19 21:30:00.225 INFO  <Transformacion Estado Contrato - Entrada Tabla Estado Contrato> [C:\Users\niebl\OneDrive\Escritorio\Semestre\Inteligecia de Negocio\Proyecto Fase 2\BIProyecto\ETL\Transformacion Estado Contrato.ktr]  Procesamiento finalizado (I=1000, O=0, R=0, W=1000, U=0, E=0)
2024-07-19 21:30:00.235 INFO  <Transformacion Estado Contrato - Seleccionar Estado Contrato> [C:\Users\niebl\OneDrive\Escritorio\Semestre\Inteligecia de Negocio\Proyecto Fase 2\BIProyecto\ETL\Transformacion Estado Contrato.ktr]  Procesamiento finalizado (I=0, O=0, R=1000, W=1000, U=0, E=0)
2024-07-19 21:30:00.265 INFO  <Transformacion Estado Contrato - Agrupar> [C:\Users\niebl\OneDrive\Escritorio\Semestre\Inteligecia de Negocio\Proyecto Fase 2\BIProyecto\ETL\Transformacion Estado Contrato.ktr]  Procesamiento finalizado (I=0, O=0, R=1000, W=8, U=0, E=0)
2024-07-19 21:30:00.266 ERROR <Transformacion Estado Contrato - Salida Tabla dim_estado_contrato> [C:\Users\niebl\OneDrive\Escritorio\Semestre\Inteligecia de Negocio\Proyecto Fase 2\BIProyecto\ETL\Transformacion Estado Contrato.ktr]  Error desconocido
2024-07-19 21:30:00.266 ERROR <Transformacion Estado Contrato - Salida Tabla dim_estado_contrato> [C:\Users\niebl\OneDrive\Escritorio\Semestre\Inteligecia de Negocio\Proyecto Fase 2\BIProyecto\ETL\Transformacion Estado Contrato.ktr]  org.pentaho.di.core.exception.KettleStepException: 
Field [sk_dim_estado_contrato] is required and couldn't be found!

	at org.pentaho.di.trans.steps.tableoutput.TableOutput.processRow(TableOutput.java:105)
	at org.pentaho.di.trans.step.RunThread.run(RunThread.java:62)
	at java.lang.Thread.run(Thread.java:748)

2024-07-19 21:30:00.267 INFO  <Transformacion Estado Contrato - Generate random value sk_dim_estado_contrato> [C:\Users\niebl\OneDrive\Escritorio\Semestre\Inteligecia de Negocio\Proyecto Fase 2\BIProyecto\ETL\Transformacion Estado Contrato.ktr]  Procesamiento finalizado (I=0, O=0, R=1, W=1, U=0, E=0)
2024-07-19 21:30:00.267 INFO  <Transformacion Estado Contrato - Salida Tabla dim_estado_contrato> [C:\Users\niebl\OneDrive\Escritorio\Semestre\Inteligecia de Negocio\Proyecto Fase 2\BIProyecto\ETL\Transformacion Estado Contrato.ktr]  Procesamiento finalizado (I=0, O=0, R=1, W=0, U=0, E=1)
2024-07-19 21:30:00.268 WARN  <Transformacion Estado Contrato - Salida Tabla dim_estado_contrato> [C:\Users\niebl\OneDrive\Escritorio\Semestre\Inteligecia de Negocio\Proyecto Fase 2\BIProyecto\ETL\Transformacion Estado Contrato.ktr]  Transformaci?n detectada 
2024-07-19 21:30:00.268 WARN  <Transformacion Estado Contrato - Salida Tabla dim_estado_contrato> [C:\Users\niebl\OneDrive\Escritorio\Semestre\Inteligecia de Negocio\Proyecto Fase 2\BIProyecto\ETL\Transformacion Estado Contrato.ktr]  Transformaci?n est? matando los otros pasos!
2024-07-19 21:30:00.297 INFO  <Transformacion Estado Contrato - Generate random value cod_estado> [C:\Users\niebl\OneDrive\Escritorio\Semestre\Inteligecia de Negocio\Proyecto Fase 2\BIProyecto\ETL\Transformacion Estado Contrato.ktr]  Procesamiento finalizado (I=0, O=0, R=8, W=8, U=0, E=0)
2024-07-19 21:30:00.453 ERROR <Transformacion Estado Contrato - Generate random value cod_estado> [C:\Users\niebl\OneDrive\Escritorio\Semestre\Inteligecia de Negocio\Proyecto Fase 2\BIProyecto\ETL\Transformacion Estado Contrato.ktr]  Errores detectados!
2024-07-19 21:30:00.454 ERROR <Transformacion Estado Contrato - Generate random value cod_estado> [C:\Users\niebl\OneDrive\Escritorio\Semestre\Inteligecia de Negocio\Proyecto Fase 2\BIProyecto\ETL\Transformacion Estado Contrato.ktr]  Errores detectados!
2024-07-19 21:30:00.466 ERROR <Transformacion Estado Contrato - Generate random value cod_estado> [C:\Users\niebl\OneDrive\Escritorio\Semestre\Inteligecia de Negocio\Proyecto Fase 2\BIProyecto\ETL\Transformacion Estado Contrato.ktr]  Errores detectados!
2024-07-19 21:30:31.509 INFO  <Thread-1031> [C:\Users\niebl\OneDrive\Escritorio\Semestre\Inteligecia de Negocio\Proyecto Fase 2\BIProyecto\ETL\Transformacion Estado Contrato.ktr]  Iniciado despacho de la transformaci?n [Transformacion Estado Contrato]
2024-07-19 21:30:31.589 INFO  <init of Salida Tabla dim_estado_contrato.0 (Thread-1037)> [C:\Users\niebl\OneDrive\Escritorio\Semestre\Inteligecia de Negocio\Proyecto Fase 2\BIProyecto\ETL\Transformacion Estado Contrato.ktr]  Connected to database [Postgres] (commit=1000)
2024-07-19 21:30:31.609 INFO  <Transformacion Estado Contrato - Entrada Tabla Estado Contrato> [C:\Users\niebl\OneDrive\Escritorio\Semestre\Inteligecia de Negocio\Proyecto Fase 2\BIProyecto\ETL\Transformacion Estado Contrato.ktr]  Finished reading query, closing connection
2024-07-19 21:30:31.610 INFO  <Transformacion Estado Contrato - Entrada Tabla Estado Contrato> [C:\Users\niebl\OneDrive\Escritorio\Semestre\Inteligecia de Negocio\Proyecto Fase 2\BIProyecto\ETL\Transformacion Estado Contrato.ktr]  Procesamiento finalizado (I=1000, O=0, R=0, W=1000, U=0, E=0)
2024-07-19 21:30:31.638 INFO  <Transformacion Estado Contrato - Seleccionar Estado Contrato> [C:\Users\niebl\OneDrive\Escritorio\Semestre\Inteligecia de Negocio\Proyecto Fase 2\BIProyecto\ETL\Transformacion Estado Contrato.ktr]  Procesamiento finalizado (I=0, O=0, R=1000, W=1000, U=0, E=0)
2024-07-19 21:30:31.670 INFO  <Transformacion Estado Contrato - Agrupar> [C:\Users\niebl\OneDrive\Escritorio\Semestre\Inteligecia de Negocio\Proyecto Fase 2\BIProyecto\ETL\Transformacion Estado Contrato.ktr]  Procesamiento finalizado (I=0, O=0, R=1000, W=8, U=0, E=0)
2024-07-19 21:30:31.701 INFO  <Transformacion Estado Contrato - Generate random value cod_estado> [C:\Users\niebl\OneDrive\Escritorio\Semestre\Inteligecia de Negocio\Proyecto Fase 2\BIProyecto\ETL\Transformacion Estado Contrato.ktr]  Procesamiento finalizado (I=0, O=0, R=8, W=8, U=0, E=0)
2024-07-19 21:30:31.717 INFO  <Transformacion Estado Contrato - Generate random value sk_dim_estado_contrato> [C:\Users\niebl\OneDrive\Escritorio\Semestre\Inteligecia de Negocio\Proyecto Fase 2\BIProyecto\ETL\Transformacion Estado Contrato.ktr]  Procesamiento finalizado (I=0, O=0, R=8, W=8, U=0, E=0)
2024-07-19 21:30:31.753 INFO  <Transformacion Estado Contrato - Salida Tabla dim_estado_contrato> [C:\Users\niebl\OneDrive\Escritorio\Semestre\Inteligecia de Negocio\Proyecto Fase 2\BIProyecto\ETL\Transformacion Estado Contrato.ktr]  Procesamiento finalizado (I=0, O=8, R=8, W=8, U=0, E=0)
2024-07-19 21:33:11.671 INFO  <Thread-1051> [C:\Users\niebl\OneDrive\Escritorio\Semestre\Inteligecia de Negocio\Proyecto Fase 2\BIProyecto\ETL\Transformacion Producto.ktr]  Iniciado despacho de la transformaci?n [Transformacion Producto]
2024-07-19 21:33:11.770 INFO  <init of Salida Tabla.0 (Thread-1059)> [C:\Users\niebl\OneDrive\Escritorio\Semestre\Inteligecia de Negocio\Proyecto Fase 2\BIProyecto\ETL\Transformacion Producto.ktr]  Connected to database [Postgres] (commit=1000)
2024-07-19 21:33:11.783 INFO  <Transformacion Producto - Entrada Tabla Tipo Producto> [C:\Users\niebl\OneDrive\Escritorio\Semestre\Inteligecia de Negocio\Proyecto Fase 2\BIProyecto\ETL\Transformacion Producto.ktr]  Finished reading query, closing connection
2024-07-19 21:33:11.783 INFO  <Transformacion Producto - Entrada Tabla Producto> [C:\Users\niebl\OneDrive\Escritorio\Semestre\Inteligecia de Negocio\Proyecto Fase 2\BIProyecto\ETL\Transformacion Producto.ktr]  Finished reading query, closing connection
2024-07-19 21:33:11.784 INFO  <Transformacion Producto - Entrada Tabla Tipo Producto> [C:\Users\niebl\OneDrive\Escritorio\Semestre\Inteligecia de Negocio\Proyecto Fase 2\BIProyecto\ETL\Transformacion Producto.ktr]  Procesamiento finalizado (I=10, O=0, R=0, W=10, U=0, E=0)
2024-07-19 21:33:11.784 INFO  <Transformacion Producto - Entrada Tabla Producto> [C:\Users\niebl\OneDrive\Escritorio\Semestre\Inteligecia de Negocio\Proyecto Fase 2\BIProyecto\ETL\Transformacion Producto.ktr]  Procesamiento finalizado (I=30, O=0, R=0, W=30, U=0, E=0)
2024-07-19 21:33:11.814 INFO  <Transformacion Producto - Ordenar filas> [C:\Users\niebl\OneDrive\Escritorio\Semestre\Inteligecia de Negocio\Proyecto Fase 2\BIProyecto\ETL\Transformacion Producto.ktr]  Procesamiento finalizado (I=0, O=0, R=10, W=10, U=0, E=0)
2024-07-19 21:33:11.814 INFO  <Transformacion Producto - Ordenar filas 2> [C:\Users\niebl\OneDrive\Escritorio\Semestre\Inteligecia de Negocio\Proyecto Fase 2\BIProyecto\ETL\Transformacion Producto.ktr]  Procesamiento finalizado (I=0, O=0, R=30, W=30, U=0, E=0)
2024-07-19 21:33:11.823 ERROR <Transformacion Producto - Salida Tabla> [C:\Users\niebl\OneDrive\Escritorio\Semestre\Inteligecia de Negocio\Proyecto Fase 2\BIProyecto\ETL\Transformacion Producto.ktr]  Because of an error, this step can't continue: 
2024-07-19 21:33:11.824 ERROR <Transformacion Producto - Salida Tabla> [C:\Users\niebl\OneDrive\Escritorio\Semestre\Inteligecia de Negocio\Proyecto Fase 2\BIProyecto\ETL\Transformacion Producto.ktr]  org.pentaho.di.core.exception.KettleException: 
Error inserting row into table [dim_producto] with values: [1], [Seguro de vida], [22], [Poliza1_ResponsabilidadCivil], [auto básico], [1], [1], [-951288357]

Error inserting/updating row
ERROR: el valor es demasiado largo para el tipo character varying(25)


	at org.pentaho.di.trans.steps.tableoutput.TableOutput.writeToTable(TableOutput.java:384)
	at org.pentaho.di.trans.steps.tableoutput.TableOutput.processRow(TableOutput.java:125)
	at org.pentaho.di.trans.step.RunThread.run(RunThread.java:62)
	at java.lang.Thread.run(Thread.java:748)
Caused by: org.pentaho.di.core.exception.KettleDatabaseException: 
Error inserting/updating row
ERROR: el valor es demasiado largo para el tipo character varying(25)

	at org.pentaho.di.core.database.Database.insertRow(Database.java:1335)
	at org.pentaho.di.trans.steps.tableoutput.TableOutput.writeToTable(TableOutput.java:262)
	... 3 more
Caused by: org.postgresql.util.PSQLException: ERROR: el valor es demasiado largo para el tipo character varying(25)
	at org.postgresql.core.v3.QueryExecutorImpl.receiveErrorResponse(QueryExecutorImpl.java:2552)
	at org.postgresql.core.v3.QueryExecutorImpl.processResults(QueryExecutorImpl.java:2284)
	at org.postgresql.core.v3.QueryExecutorImpl.execute(QueryExecutorImpl.java:322)
	at org.postgresql.jdbc.PgStatement.executeInternal(PgStatement.java:481)
	at org.postgresql.jdbc.PgStatement.execute(PgStatement.java:401)
	at org.postgresql.jdbc.PgPreparedStatement.executeWithFlags(PgPreparedStatement.java:164)
	at org.postgresql.jdbc.PgPreparedStatement.executeUpdate(PgPreparedStatement.java:130)
	at org.pentaho.di.core.database.Database.insertRow(Database.java:1302)
	... 4 more

2024-07-19 21:33:11.824 INFO  <Transformacion Producto - Salida Tabla> [C:\Users\niebl\OneDrive\Escritorio\Semestre\Inteligecia de Negocio\Proyecto Fase 2\BIProyecto\ETL\Transformacion Producto.ktr]  Procesamiento finalizado (I=0, O=2, R=3, W=2, U=0, E=1)
2024-07-19 21:33:11.824 WARN  <Transformacion Producto - Salida Tabla> [C:\Users\niebl\OneDrive\Escritorio\Semestre\Inteligecia de Negocio\Proyecto Fase 2\BIProyecto\ETL\Transformacion Producto.ktr]  Transformaci?n detectada 
2024-07-19 21:33:11.825 WARN  <Transformacion Producto - Salida Tabla> [C:\Users\niebl\OneDrive\Escritorio\Semestre\Inteligecia de Negocio\Proyecto Fase 2\BIProyecto\ETL\Transformacion Producto.ktr]  Transformaci?n est? matando los otros pasos!
2024-07-19 21:33:11.825 INFO  <Transformacion Producto - Generate random value sk_dim_producto> [C:\Users\niebl\OneDrive\Escritorio\Semestre\Inteligecia de Negocio\Proyecto Fase 2\BIProyecto\ETL\Transformacion Producto.ktr]  Procesamiento finalizado (I=0, O=0, R=5, W=5, U=0, E=0)
2024-07-19 21:33:11.825 INFO  <Transformacion Producto - Strings cut> [C:\Users\niebl\OneDrive\Escritorio\Semestre\Inteligecia de Negocio\Proyecto Fase 2\BIProyecto\ETL\Transformacion Producto.ktr]  Procesamiento finalizado (I=0, O=0, R=5, W=5, U=0, E=0)
2024-07-19 21:33:11.940 INFO  <Transformacion Producto - Unión por clave> [C:\Users\niebl\OneDrive\Escritorio\Semestre\Inteligecia de Negocio\Proyecto Fase 2\BIProyecto\ETL\Transformacion Producto.ktr]  Procesamiento finalizado (I=0, O=0, R=36, W=25, U=0, E=0)
2024-07-19 21:33:12.061 ERROR <Transformacion Producto - Generate random value sk_dim_producto> [C:\Users\niebl\OneDrive\Escritorio\Semestre\Inteligecia de Negocio\Proyecto Fase 2\BIProyecto\ETL\Transformacion Producto.ktr]  Errores detectados!
2024-07-19 21:33:12.062 ERROR <Transformacion Producto - Generate random value sk_dim_producto> [C:\Users\niebl\OneDrive\Escritorio\Semestre\Inteligecia de Negocio\Proyecto Fase 2\BIProyecto\ETL\Transformacion Producto.ktr]  Errores detectados!
2024-07-19 21:33:12.073 ERROR <Transformacion Producto - Generate random value sk_dim_producto> [C:\Users\niebl\OneDrive\Escritorio\Semestre\Inteligecia de Negocio\Proyecto Fase 2\BIProyecto\ETL\Transformacion Producto.ktr]  Errores detectados!
2024-07-19 21:34:50.817 INFO  <Thread-1078> [C:\Users\niebl\OneDrive\Escritorio\Semestre\Inteligecia de Negocio\Proyecto Fase 2\BIProyecto\ETL\Transformacion Producto.ktr]  Iniciado despacho de la transformaci?n [Transformacion Producto]
2024-07-19 21:34:50.917 INFO  <init of Salida Tabla.0 (Thread-1086)> [C:\Users\niebl\OneDrive\Escritorio\Semestre\Inteligecia de Negocio\Proyecto Fase 2\BIProyecto\ETL\Transformacion Producto.ktr]  Connected to database [Postgres] (commit=1000)
2024-07-19 21:34:50.932 INFO  <Transformacion Producto - Entrada Tabla Tipo Producto> [C:\Users\niebl\OneDrive\Escritorio\Semestre\Inteligecia de Negocio\Proyecto Fase 2\BIProyecto\ETL\Transformacion Producto.ktr]  Finished reading query, closing connection
2024-07-19 21:34:50.933 INFO  <Transformacion Producto - Entrada Tabla Producto> [C:\Users\niebl\OneDrive\Escritorio\Semestre\Inteligecia de Negocio\Proyecto Fase 2\BIProyecto\ETL\Transformacion Producto.ktr]  Finished reading query, closing connection
2024-07-19 21:34:50.933 INFO  <Transformacion Producto - Entrada Tabla Tipo Producto> [C:\Users\niebl\OneDrive\Escritorio\Semestre\Inteligecia de Negocio\Proyecto Fase 2\BIProyecto\ETL\Transformacion Producto.ktr]  Procesamiento finalizado (I=10, O=0, R=0, W=10, U=0, E=0)
2024-07-19 21:34:50.934 INFO  <Transformacion Producto - Entrada Tabla Producto> [C:\Users\niebl\OneDrive\Escritorio\Semestre\Inteligecia de Negocio\Proyecto Fase 2\BIProyecto\ETL\Transformacion Producto.ktr]  Procesamiento finalizado (I=30, O=0, R=0, W=30, U=0, E=0)
2024-07-19 21:34:50.953 INFO  <Transformacion Producto - Ordenar filas> [C:\Users\niebl\OneDrive\Escritorio\Semestre\Inteligecia de Negocio\Proyecto Fase 2\BIProyecto\ETL\Transformacion Producto.ktr]  Procesamiento finalizado (I=0, O=0, R=10, W=10, U=0, E=0)
2024-07-19 21:34:50.953 INFO  <Transformacion Producto - Ordenar filas 2> [C:\Users\niebl\OneDrive\Escritorio\Semestre\Inteligecia de Negocio\Proyecto Fase 2\BIProyecto\ETL\Transformacion Producto.ktr]  Procesamiento finalizado (I=0, O=0, R=30, W=30, U=0, E=0)
2024-07-19 21:34:50.988 ERROR <Transformacion Producto - Salida Tabla> [C:\Users\niebl\OneDrive\Escritorio\Semestre\Inteligecia de Negocio\Proyecto Fase 2\BIProyecto\ETL\Transformacion Producto.ktr]  Because of an error, this step can't continue: 
2024-07-19 21:34:50.988 ERROR <Transformacion Producto - Salida Tabla> [C:\Users\niebl\OneDrive\Escritorio\Semestre\Inteligecia de Negocio\Proyecto Fase 2\BIProyecto\ETL\Transformacion Producto.ktr]  org.pentaho.di.core.exception.KettleException: 
Error inserting row into table [dim_producto] with values: [8], [Seguro de responsabilidad civil], [3], [Poliza3_Vida], [hogar con protección], [8], [2], [-469145075]

Error inserting/updating row
ERROR: el valor es demasiado largo para el tipo character varying(25)


	at org.pentaho.di.trans.steps.tableoutput.TableOutput.writeToTable(TableOutput.java:384)
	at org.pentaho.di.trans.steps.tableoutput.TableOutput.processRow(TableOutput.java:125)
	at org.pentaho.di.trans.step.RunThread.run(RunThread.java:62)
	at java.lang.Thread.run(Thread.java:748)
Caused by: org.pentaho.di.core.exception.KettleDatabaseException: 
Error inserting/updating row
ERROR: el valor es demasiado largo para el tipo character varying(25)

	at org.pentaho.di.core.database.Database.insertRow(Database.java:1335)
	at org.pentaho.di.trans.steps.tableoutput.TableOutput.writeToTable(TableOutput.java:262)
	... 3 more
Caused by: org.postgresql.util.PSQLException: ERROR: el valor es demasiado largo para el tipo character varying(25)
	at org.postgresql.core.v3.QueryExecutorImpl.receiveErrorResponse(QueryExecutorImpl.java:2552)
	at org.postgresql.core.v3.QueryExecutorImpl.processResults(QueryExecutorImpl.java:2284)
	at org.postgresql.core.v3.QueryExecutorImpl.execute(QueryExecutorImpl.java:322)
	at org.postgresql.jdbc.PgStatement.executeInternal(PgStatement.java:481)
	at org.postgresql.jdbc.PgStatement.execute(PgStatement.java:401)
	at org.postgresql.jdbc.PgPreparedStatement.executeWithFlags(PgPreparedStatement.java:164)
	at org.postgresql.jdbc.PgPreparedStatement.executeUpdate(PgPreparedStatement.java:130)
	at org.pentaho.di.core.database.Database.insertRow(Database.java:1302)
	... 4 more

2024-07-19 21:34:50.989 INFO  <Transformacion Producto - Salida Tabla> [C:\Users\niebl\OneDrive\Escritorio\Semestre\Inteligecia de Negocio\Proyecto Fase 2\BIProyecto\ETL\Transformacion Producto.ktr]  Procesamiento finalizado (I=0, O=21, R=22, W=21, U=0, E=1)
2024-07-19 21:34:50.989 INFO  <Transformacion Producto - Generate random value sk_dim_producto> [C:\Users\niebl\OneDrive\Escritorio\Semestre\Inteligecia de Negocio\Proyecto Fase 2\BIProyecto\ETL\Transformacion Producto.ktr]  Procesamiento finalizado (I=0, O=0, R=24, W=24, U=0, E=0)
2024-07-19 21:34:50.989 INFO  <Transformacion Producto - Strings cut> [C:\Users\niebl\OneDrive\Escritorio\Semestre\Inteligecia de Negocio\Proyecto Fase 2\BIProyecto\ETL\Transformacion Producto.ktr]  Procesamiento finalizado (I=0, O=0, R=24, W=24, U=0, E=0)
2024-07-19 21:34:50.989 WARN  <Transformacion Producto - Salida Tabla> [C:\Users\niebl\OneDrive\Escritorio\Semestre\Inteligecia de Negocio\Proyecto Fase 2\BIProyecto\ETL\Transformacion Producto.ktr]  Transformaci?n detectada 
2024-07-19 21:34:50.989 WARN  <Transformacion Producto - Salida Tabla> [C:\Users\niebl\OneDrive\Escritorio\Semestre\Inteligecia de Negocio\Proyecto Fase 2\BIProyecto\ETL\Transformacion Producto.ktr]  Transformaci?n est? matando los otros pasos!
2024-07-19 21:34:51.081 INFO  <Transformacion Producto - Unión por clave> [C:\Users\niebl\OneDrive\Escritorio\Semestre\Inteligecia de Negocio\Proyecto Fase 2\BIProyecto\ETL\Transformacion Producto.ktr]  Procesamiento finalizado (I=0, O=0, R=36, W=25, U=0, E=0)
2024-07-19 21:34:51.237 ERROR <Transformacion Producto - Generate random value sk_dim_producto> [C:\Users\niebl\OneDrive\Escritorio\Semestre\Inteligecia de Negocio\Proyecto Fase 2\BIProyecto\ETL\Transformacion Producto.ktr]  Errores detectados!
2024-07-19 21:34:51.238 ERROR <Transformacion Producto - Generate random value sk_dim_producto> [C:\Users\niebl\OneDrive\Escritorio\Semestre\Inteligecia de Negocio\Proyecto Fase 2\BIProyecto\ETL\Transformacion Producto.ktr]  Errores detectados!
2024-07-19 21:34:51.250 ERROR <Transformacion Producto - Generate random value sk_dim_producto> [C:\Users\niebl\OneDrive\Escritorio\Semestre\Inteligecia de Negocio\Proyecto Fase 2\BIProyecto\ETL\Transformacion Producto.ktr]  Errores detectados!
2024-07-19 21:36:12.301 INFO  <Thread-1101> [C:\Users\niebl\OneDrive\Escritorio\Semestre\Inteligecia de Negocio\Proyecto Fase 2\BIProyecto\ETL\Transformacion Estado Contrato.ktr]  Iniciado despacho de la transformaci?n [Transformacion Estado Contrato]
2024-07-19 21:36:12.379 INFO  <init of Salida Tabla dim_estado_contrato.0 (Thread-1107)> [C:\Users\niebl\OneDrive\Escritorio\Semestre\Inteligecia de Negocio\Proyecto Fase 2\BIProyecto\ETL\Transformacion Estado Contrato.ktr]  Connected to database [Postgres] (commit=1000)
2024-07-19 21:36:12.397 INFO  <Transformacion Estado Contrato - Entrada Tabla Estado Contrato> [C:\Users\niebl\OneDrive\Escritorio\Semestre\Inteligecia de Negocio\Proyecto Fase 2\BIProyecto\ETL\Transformacion Estado Contrato.ktr]  Finished reading query, closing connection
2024-07-19 21:36:12.398 INFO  <Transformacion Estado Contrato - Entrada Tabla Estado Contrato> [C:\Users\niebl\OneDrive\Escritorio\Semestre\Inteligecia de Negocio\Proyecto Fase 2\BIProyecto\ETL\Transformacion Estado Contrato.ktr]  Procesamiento finalizado (I=1000, O=0, R=0, W=1000, U=0, E=0)
2024-07-19 21:36:12.415 INFO  <Transformacion Estado Contrato - Seleccionar Estado Contrato> [C:\Users\niebl\OneDrive\Escritorio\Semestre\Inteligecia de Negocio\Proyecto Fase 2\BIProyecto\ETL\Transformacion Estado Contrato.ktr]  Procesamiento finalizado (I=0, O=0, R=1000, W=1000, U=0, E=0)
2024-07-19 21:36:12.446 INFO  <Transformacion Estado Contrato - Agrupar> [C:\Users\niebl\OneDrive\Escritorio\Semestre\Inteligecia de Negocio\Proyecto Fase 2\BIProyecto\ETL\Transformacion Estado Contrato.ktr]  Procesamiento finalizado (I=0, O=0, R=1000, W=8, U=0, E=0)
2024-07-19 21:36:12.477 INFO  <Transformacion Estado Contrato - Generate random value cod_estado> [C:\Users\niebl\OneDrive\Escritorio\Semestre\Inteligecia de Negocio\Proyecto Fase 2\BIProyecto\ETL\Transformacion Estado Contrato.ktr]  Procesamiento finalizado (I=0, O=0, R=8, W=8, U=0, E=0)
2024-07-19 21:36:12.508 INFO  <Transformacion Estado Contrato - Generate random value sk_dim_estado_contrato> [C:\Users\niebl\OneDrive\Escritorio\Semestre\Inteligecia de Negocio\Proyecto Fase 2\BIProyecto\ETL\Transformacion Estado Contrato.ktr]  Procesamiento finalizado (I=0, O=0, R=8, W=8, U=0, E=0)
2024-07-19 21:36:12.540 INFO  <Transformacion Estado Contrato - Salida Tabla dim_estado_contrato> [C:\Users\niebl\OneDrive\Escritorio\Semestre\Inteligecia de Negocio\Proyecto Fase 2\BIProyecto\ETL\Transformacion Estado Contrato.ktr]  Procesamiento finalizado (I=0, O=8, R=8, W=8, U=0, E=0)
2024-07-19 21:38:33.025 INFO  <Thread-1119> [C:\Users\niebl\OneDrive\Escritorio\Semestre\Inteligecia de Negocio\Proyecto Fase 2\BIProyecto\ETL\Transformacion Producto.ktr]  Iniciado despacho de la transformaci?n [Transformacion Producto]
2024-07-19 21:38:33.125 INFO  <init of Salida Tabla.0 (Thread-1127)> [C:\Users\niebl\OneDrive\Escritorio\Semestre\Inteligecia de Negocio\Proyecto Fase 2\BIProyecto\ETL\Transformacion Producto.ktr]  Connected to database [Postgres] (commit=1000)
2024-07-19 21:38:33.137 INFO  <Transformacion Producto - Entrada Tabla Tipo Producto> [C:\Users\niebl\OneDrive\Escritorio\Semestre\Inteligecia de Negocio\Proyecto Fase 2\BIProyecto\ETL\Transformacion Producto.ktr]  Finished reading query, closing connection
2024-07-19 21:38:33.137 INFO  <Transformacion Producto - Entrada Tabla Producto> [C:\Users\niebl\OneDrive\Escritorio\Semestre\Inteligecia de Negocio\Proyecto Fase 2\BIProyecto\ETL\Transformacion Producto.ktr]  Finished reading query, closing connection
2024-07-19 21:38:33.138 INFO  <Transformacion Producto - Entrada Tabla Tipo Producto> [C:\Users\niebl\OneDrive\Escritorio\Semestre\Inteligecia de Negocio\Proyecto Fase 2\BIProyecto\ETL\Transformacion Producto.ktr]  Procesamiento finalizado (I=10, O=0, R=0, W=10, U=0, E=0)
2024-07-19 21:38:33.138 INFO  <Transformacion Producto - Entrada Tabla Producto> [C:\Users\niebl\OneDrive\Escritorio\Semestre\Inteligecia de Negocio\Proyecto Fase 2\BIProyecto\ETL\Transformacion Producto.ktr]  Procesamiento finalizado (I=30, O=0, R=0, W=30, U=0, E=0)
2024-07-19 21:38:33.147 INFO  <Transformacion Producto - Ordenar filas 2> [C:\Users\niebl\OneDrive\Escritorio\Semestre\Inteligecia de Negocio\Proyecto Fase 2\BIProyecto\ETL\Transformacion Producto.ktr]  Procesamiento finalizado (I=0, O=0, R=30, W=30, U=0, E=0)
2024-07-19 21:38:33.163 INFO  <Transformacion Producto - Ordenar filas> [C:\Users\niebl\OneDrive\Escritorio\Semestre\Inteligecia de Negocio\Proyecto Fase 2\BIProyecto\ETL\Transformacion Producto.ktr]  Procesamiento finalizado (I=0, O=0, R=10, W=10, U=0, E=0)
2024-07-19 21:38:33.539 INFO  <Transformacion Producto - Unión por clave> [C:\Users\niebl\OneDrive\Escritorio\Semestre\Inteligecia de Negocio\Proyecto Fase 2\BIProyecto\ETL\Transformacion Producto.ktr]  Procesamiento finalizado (I=0, O=0, R=40, W=30, U=0, E=0)
2024-07-19 21:38:33.570 INFO  <Transformacion Producto - Generate random value sk_dim_producto> [C:\Users\niebl\OneDrive\Escritorio\Semestre\Inteligecia de Negocio\Proyecto Fase 2\BIProyecto\ETL\Transformacion Producto.ktr]  Procesamiento finalizado (I=0, O=0, R=30, W=30, U=0, E=0)
2024-07-19 21:38:33.600 INFO  <Transformacion Producto - Strings cut> [C:\Users\niebl\OneDrive\Escritorio\Semestre\Inteligecia de Negocio\Proyecto Fase 2\BIProyecto\ETL\Transformacion Producto.ktr]  Procesamiento finalizado (I=0, O=0, R=30, W=30, U=0, E=0)
2024-07-19 21:38:33.632 INFO  <Transformacion Producto - Salida Tabla> [C:\Users\niebl\OneDrive\Escritorio\Semestre\Inteligecia de Negocio\Proyecto Fase 2\BIProyecto\ETL\Transformacion Producto.ktr]  Procesamiento finalizado (I=0, O=30, R=30, W=30, U=0, E=0)
2024-07-19 21:40:42.401 WARN  <Thread-1137> [C:\Users\niebl\OneDrive\Escritorio\Semestre\Inteligecia de Negocio\Proyecto Fase 2\BIProyecto\ETL\Trabajo Carga Data Dimensional.kjb]  Start of job execution
2024-07-19 21:40:42.402 INFO  <Thread-1137> [C:\Users\niebl\OneDrive\Escritorio\Semestre\Inteligecia de Negocio\Proyecto Fase 2\BIProyecto\ETL\Trabajo Carga Data Dimensional.kjb]  Starting entry [Transformation Sucursal]
2024-07-19 21:40:42.420 INFO  <Thread-1137> [C:\Users\niebl\OneDrive\Escritorio\Semestre\Inteligecia de Negocio\Proyecto Fase 2\BIProyecto\ETL\Trabajo Carga Data Dimensional.kjb]  Using run configuration [Pentaho local]
2024-07-19 21:40:42.421 INFO  <Thread-1137> [C:\Users\niebl\OneDrive\Escritorio\Semestre\Inteligecia de Negocio\Proyecto Fase 2\BIProyecto\ETL\Trabajo Carga Data Dimensional.kjb  C:/Users/niebl/OneDrive/Escritorio/Semestre/Inteligecia de Negocio/Proyecto Fase 2/BIProyecto/ETL/Transformacion Sucursal.ktr]  Iniciado despacho de la transformaci?n [Transformacion Sucursal]
2024-07-19 21:40:42.556 INFO  <init of Salida Tabla.0 (Thread-1144)> [C:\Users\niebl\OneDrive\Escritorio\Semestre\Inteligecia de Negocio\Proyecto Fase 2\BIProyecto\ETL\Trabajo Carga Data Dimensional.kjb  C:/Users/niebl/OneDrive/Escritorio/Semestre/Inteligecia de Negocio/Proyecto Fase 2/BIProyecto/ETL/Transformacion Sucursal.ktr]  Connected to database [Postgres] (commit=1000)
2024-07-19 21:40:42.572 INFO  <Transformacion Sucursal - Entrada Tabla Pais> [C:\Users\niebl\OneDrive\Escritorio\Semestre\Inteligecia de Negocio\Proyecto Fase 2\BIProyecto\ETL\Trabajo Carga Data Dimensional.kjb  C:/Users/niebl/OneDrive/Escritorio/Semestre/Inteligecia de Negocio/Proyecto Fase 2/BIProyecto/ETL/Transformacion Sucursal.ktr]  Finished reading query, closing connection
2024-07-19 21:40:42.573 INFO  <Transformacion Sucursal - Entrada Tabla Ciudad> [C:\Users\niebl\OneDrive\Escritorio\Semestre\Inteligecia de Negocio\Proyecto Fase 2\BIProyecto\ETL\Trabajo Carga Data Dimensional.kjb  C:/Users/niebl/OneDrive/Escritorio/Semestre/Inteligecia de Negocio/Proyecto Fase 2/BIProyecto/ETL/Transformacion Sucursal.ktr]  Finished reading query, closing connection
2024-07-19 21:40:42.573 INFO  <Transformacion Sucursal - Entrada Tabla Pais> [C:\Users\niebl\OneDrive\Escritorio\Semestre\Inteligecia de Negocio\Proyecto Fase 2\BIProyecto\ETL\Trabajo Carga Data Dimensional.kjb  C:/Users/niebl/OneDrive/Escritorio/Semestre/Inteligecia de Negocio/Proyecto Fase 2/BIProyecto/ETL/Transformacion Sucursal.ktr]  Procesamiento finalizado (I=30, O=0, R=0, W=30, U=0, E=0)
2024-07-19 21:40:42.574 INFO  <Transformacion Sucursal - Entrada Tabla Sucursal> [C:\Users\niebl\OneDrive\Escritorio\Semestre\Inteligecia de Negocio\Proyecto Fase 2\BIProyecto\ETL\Trabajo Carga Data Dimensional.kjb  C:/Users/niebl/OneDrive/Escritorio/Semestre/Inteligecia de Negocio/Proyecto Fase 2/BIProyecto/ETL/Transformacion Sucursal.ktr]  Finished reading query, closing connection
2024-07-19 21:40:42.574 INFO  <Transformacion Sucursal - Entrada Tabla Ciudad> [C:\Users\niebl\OneDrive\Escritorio\Semestre\Inteligecia de Negocio\Proyecto Fase 2\BIProyecto\ETL\Trabajo Carga Data Dimensional.kjb  C:/Users/niebl/OneDrive/Escritorio/Semestre/Inteligecia de Negocio/Proyecto Fase 2/BIProyecto/ETL/Transformacion Sucursal.ktr]  Procesamiento finalizado (I=30, O=0, R=0, W=30, U=0, E=0)
2024-07-19 21:40:42.576 INFO  <Transformacion Sucursal - Entrada Tabla Sucursal> [C:\Users\niebl\OneDrive\Escritorio\Semestre\Inteligecia de Negocio\Proyecto Fase 2\BIProyecto\ETL\Trabajo Carga Data Dimensional.kjb  C:/Users/niebl/OneDrive/Escritorio/Semestre/Inteligecia de Negocio/Proyecto Fase 2/BIProyecto/ETL/Transformacion Sucursal.ktr]  Procesamiento finalizado (I=30, O=0, R=0, W=30, U=0, E=0)
2024-07-19 21:40:42.893 INFO  <Transformacion Sucursal - Unión Sucursal-Pais> [C:\Users\niebl\OneDrive\Escritorio\Semestre\Inteligecia de Negocio\Proyecto Fase 2\BIProyecto\ETL\Trabajo Carga Data Dimensional.kjb  C:/Users/niebl/OneDrive/Escritorio/Semestre/Inteligecia de Negocio/Proyecto Fase 2/BIProyecto/ETL/Transformacion Sucursal.ktr]  Procesamiento finalizado (I=0, O=0, R=60, W=30, U=0, E=0)
2024-07-19 21:40:43.207 INFO  <Transformacion Sucursal - Unión Sucursal-Pais-Ciudad> [C:\Users\niebl\OneDrive\Escritorio\Semestre\Inteligecia de Negocio\Proyecto Fase 2\BIProyecto\ETL\Trabajo Carga Data Dimensional.kjb  C:/Users/niebl/OneDrive/Escritorio/Semestre/Inteligecia de Negocio/Proyecto Fase 2/BIProyecto/ETL/Transformacion Sucursal.ktr]  Procesamiento finalizado (I=0, O=0, R=60, W=30, U=0, E=0)
2024-07-19 21:40:43.211 INFO  <Transformacion Sucursal - Añadir secuencia sk_dim_sucursal> [C:\Users\niebl\OneDrive\Escritorio\Semestre\Inteligecia de Negocio\Proyecto Fase 2\BIProyecto\ETL\Trabajo Carga Data Dimensional.kjb  C:/Users/niebl/OneDrive/Escritorio/Semestre/Inteligecia de Negocio/Proyecto Fase 2/BIProyecto/ETL/Transformacion Sucursal.ktr]  Procesamiento finalizado (I=0, O=0, R=30, W=30, U=0, E=0)
2024-07-19 21:40:43.230 INFO  <Transformacion Sucursal - Salida Tabla> [C:\Users\niebl\OneDrive\Escritorio\Semestre\Inteligecia de Negocio\Proyecto Fase 2\BIProyecto\ETL\Trabajo Carga Data Dimensional.kjb  C:/Users/niebl/OneDrive/Escritorio/Semestre/Inteligecia de Negocio/Proyecto Fase 2/BIProyecto/ETL/Transformacion Sucursal.ktr]  Procesamiento finalizado (I=0, O=30, R=30, W=30, U=0, E=0)
2024-07-19 21:40:43.232 INFO  <Thread-1137> [C:\Users\niebl\OneDrive\Escritorio\Semestre\Inteligecia de Negocio\Proyecto Fase 2\BIProyecto\ETL\Trabajo Carga Data Dimensional.kjb]  Starting entry [Transformation Producto]
2024-07-19 21:40:43.253 INFO  <Thread-1137> [C:\Users\niebl\OneDrive\Escritorio\Semestre\Inteligecia de Negocio\Proyecto Fase 2\BIProyecto\ETL\Trabajo Carga Data Dimensional.kjb]  Using run configuration [Pentaho local]
2024-07-19 21:40:43.254 INFO  <Thread-1137> [C:\Users\niebl\OneDrive\Escritorio\Semestre\Inteligecia de Negocio\Proyecto Fase 2\BIProyecto\ETL\Trabajo Carga Data Dimensional.kjb  C:/Users/niebl/OneDrive/Escritorio/Semestre/Inteligecia de Negocio/Proyecto Fase 2/BIProyecto/ETL/Transformacion Producto.ktr]  Iniciado despacho de la transformaci?n [Transformacion Producto]
2024-07-19 21:40:43.356 INFO  <init of Salida Tabla.0 (Thread-1158)> [C:\Users\niebl\OneDrive\Escritorio\Semestre\Inteligecia de Negocio\Proyecto Fase 2\BIProyecto\ETL\Trabajo Carga Data Dimensional.kjb  C:/Users/niebl/OneDrive/Escritorio/Semestre/Inteligecia de Negocio/Proyecto Fase 2/BIProyecto/ETL/Transformacion Producto.ktr]  Connected to database [Postgres] (commit=1000)
2024-07-19 21:40:43.366 INFO  <Transformacion Producto - Entrada Tabla Tipo Producto> [C:\Users\niebl\OneDrive\Escritorio\Semestre\Inteligecia de Negocio\Proyecto Fase 2\BIProyecto\ETL\Trabajo Carga Data Dimensional.kjb  C:/Users/niebl/OneDrive/Escritorio/Semestre/Inteligecia de Negocio/Proyecto Fase 2/BIProyecto/ETL/Transformacion Producto.ktr]  Finished reading query, closing connection
2024-07-19 21:40:43.367 INFO  <Transformacion Producto - Entrada Tabla Tipo Producto> [C:\Users\niebl\OneDrive\Escritorio\Semestre\Inteligecia de Negocio\Proyecto Fase 2\BIProyecto\ETL\Trabajo Carga Data Dimensional.kjb  C:/Users/niebl/OneDrive/Escritorio/Semestre/Inteligecia de Negocio/Proyecto Fase 2/BIProyecto/ETL/Transformacion Producto.ktr]  Procesamiento finalizado (I=10, O=0, R=0, W=10, U=0, E=0)
2024-07-19 21:40:43.368 INFO  <Transformacion Producto - Entrada Tabla Producto> [C:\Users\niebl\OneDrive\Escritorio\Semestre\Inteligecia de Negocio\Proyecto Fase 2\BIProyecto\ETL\Trabajo Carga Data Dimensional.kjb  C:/Users/niebl/OneDrive/Escritorio/Semestre/Inteligecia de Negocio/Proyecto Fase 2/BIProyecto/ETL/Transformacion Producto.ktr]  Finished reading query, closing connection
2024-07-19 21:40:43.369 INFO  <Transformacion Producto - Entrada Tabla Producto> [C:\Users\niebl\OneDrive\Escritorio\Semestre\Inteligecia de Negocio\Proyecto Fase 2\BIProyecto\ETL\Trabajo Carga Data Dimensional.kjb  C:/Users/niebl/OneDrive/Escritorio/Semestre/Inteligecia de Negocio/Proyecto Fase 2/BIProyecto/ETL/Transformacion Producto.ktr]  Procesamiento finalizado (I=30, O=0, R=0, W=30, U=0, E=0)
2024-07-19 21:40:43.369 INFO  <Transformacion Producto - Ordenar filas> [C:\Users\niebl\OneDrive\Escritorio\Semestre\Inteligecia de Negocio\Proyecto Fase 2\BIProyecto\ETL\Trabajo Carga Data Dimensional.kjb  C:/Users/niebl/OneDrive/Escritorio/Semestre/Inteligecia de Negocio/Proyecto Fase 2/BIProyecto/ETL/Transformacion Producto.ktr]  Procesamiento finalizado (I=0, O=0, R=10, W=10, U=0, E=0)
2024-07-19 21:40:43.383 INFO  <Transformacion Producto - Ordenar filas 2> [C:\Users\niebl\OneDrive\Escritorio\Semestre\Inteligecia de Negocio\Proyecto Fase 2\BIProyecto\ETL\Trabajo Carga Data Dimensional.kjb  C:/Users/niebl/OneDrive/Escritorio/Semestre/Inteligecia de Negocio/Proyecto Fase 2/BIProyecto/ETL/Transformacion Producto.ktr]  Procesamiento finalizado (I=0, O=0, R=30, W=30, U=0, E=0)
2024-07-19 21:40:43.699 INFO  <Transformacion Producto - Unión por clave> [C:\Users\niebl\OneDrive\Escritorio\Semestre\Inteligecia de Negocio\Proyecto Fase 2\BIProyecto\ETL\Trabajo Carga Data Dimensional.kjb  C:/Users/niebl/OneDrive/Escritorio/Semestre/Inteligecia de Negocio/Proyecto Fase 2/BIProyecto/ETL/Transformacion Producto.ktr]  Procesamiento finalizado (I=0, O=0, R=40, W=30, U=0, E=0)
2024-07-19 21:40:43.714 INFO  <Transformacion Producto - Generate random value sk_dim_producto> [C:\Users\niebl\OneDrive\Escritorio\Semestre\Inteligecia de Negocio\Proyecto Fase 2\BIProyecto\ETL\Trabajo Carga Data Dimensional.kjb  C:/Users/niebl/OneDrive/Escritorio/Semestre/Inteligecia de Negocio/Proyecto Fase 2/BIProyecto/ETL/Transformacion Producto.ktr]  Procesamiento finalizado (I=0, O=0, R=30, W=30, U=0, E=0)
2024-07-19 21:40:43.730 INFO  <Transformacion Producto - Strings cut> [C:\Users\niebl\OneDrive\Escritorio\Semestre\Inteligecia de Negocio\Proyecto Fase 2\BIProyecto\ETL\Trabajo Carga Data Dimensional.kjb  C:/Users/niebl/OneDrive/Escritorio/Semestre/Inteligecia de Negocio/Proyecto Fase 2/BIProyecto/ETL/Transformacion Producto.ktr]  Procesamiento finalizado (I=0, O=0, R=30, W=30, U=0, E=0)
2024-07-19 21:40:43.748 INFO  <Transformacion Producto - Salida Tabla> [C:\Users\niebl\OneDrive\Escritorio\Semestre\Inteligecia de Negocio\Proyecto Fase 2\BIProyecto\ETL\Trabajo Carga Data Dimensional.kjb  C:/Users/niebl/OneDrive/Escritorio/Semestre/Inteligecia de Negocio/Proyecto Fase 2/BIProyecto/ETL/Transformacion Producto.ktr]  Procesamiento finalizado (I=0, O=30, R=30, W=30, U=0, E=0)
2024-07-19 21:40:43.749 INFO  <Thread-1137> [C:\Users\niebl\OneDrive\Escritorio\Semestre\Inteligecia de Negocio\Proyecto Fase 2\BIProyecto\ETL\Trabajo Carga Data Dimensional.kjb]  Starting entry [Transformation Cliente]
2024-07-19 21:40:43.765 INFO  <Thread-1137> [C:\Users\niebl\OneDrive\Escritorio\Semestre\Inteligecia de Negocio\Proyecto Fase 2\BIProyecto\ETL\Trabajo Carga Data Dimensional.kjb]  Using run configuration [Pentaho local]
2024-07-19 21:40:43.766 INFO  <Thread-1137> [C:\Users\niebl\OneDrive\Escritorio\Semestre\Inteligecia de Negocio\Proyecto Fase 2\BIProyecto\ETL\Trabajo Carga Data Dimensional.kjb  C:/Users/niebl/OneDrive/Escritorio/Semestre/Inteligecia de Negocio/Proyecto Fase 2/BIProyecto/ETL/Transformacion Cliente.ktr]  Iniciado despacho de la transformaci?n [Transformacion Cliente]
2024-07-19 21:40:43.859 INFO  <init of Salida Tabla.0 (Thread-1170)> [C:\Users\niebl\OneDrive\Escritorio\Semestre\Inteligecia de Negocio\Proyecto Fase 2\BIProyecto\ETL\Trabajo Carga Data Dimensional.kjb  C:/Users/niebl/OneDrive/Escritorio/Semestre/Inteligecia de Negocio/Proyecto Fase 2/BIProyecto/ETL/Transformacion Cliente.ktr]  Connected to database [Postgres] (commit=1000)
2024-07-19 21:40:43.871 INFO  <Transformacion Cliente - Entrada Tabla> [C:\Users\niebl\OneDrive\Escritorio\Semestre\Inteligecia de Negocio\Proyecto Fase 2\BIProyecto\ETL\Trabajo Carga Data Dimensional.kjb  C:/Users/niebl/OneDrive/Escritorio/Semestre/Inteligecia de Negocio/Proyecto Fase 2/BIProyecto/ETL/Transformacion Cliente.ktr]  Finished reading query, closing connection
2024-07-19 21:40:43.872 INFO  <Transformacion Cliente - Entrada Tabla> [C:\Users\niebl\OneDrive\Escritorio\Semestre\Inteligecia de Negocio\Proyecto Fase 2\BIProyecto\ETL\Trabajo Carga Data Dimensional.kjb  C:/Users/niebl/OneDrive/Escritorio/Semestre/Inteligecia de Negocio/Proyecto Fase 2/BIProyecto/ETL/Transformacion Cliente.ktr]  Procesamiento finalizado (I=300, O=0, R=0, W=300, U=0, E=0)
2024-07-19 21:40:43.876 INFO  <Transformacion Cliente - Añadir secuencia sk_dim_cliente> [C:\Users\niebl\OneDrive\Escritorio\Semestre\Inteligecia de Negocio\Proyecto Fase 2\BIProyecto\ETL\Trabajo Carga Data Dimensional.kjb  C:/Users/niebl/OneDrive/Escritorio/Semestre/Inteligecia de Negocio/Proyecto Fase 2/BIProyecto/ETL/Transformacion Cliente.ktr]  Procesamiento finalizado (I=0, O=0, R=300, W=300, U=0, E=0)
2024-07-19 21:40:43.918 INFO  <Transformacion Cliente - Salida Tabla> [C:\Users\niebl\OneDrive\Escritorio\Semestre\Inteligecia de Negocio\Proyecto Fase 2\BIProyecto\ETL\Trabajo Carga Data Dimensional.kjb  C:/Users/niebl/OneDrive/Escritorio/Semestre/Inteligecia de Negocio/Proyecto Fase 2/BIProyecto/ETL/Transformacion Cliente.ktr]  Procesamiento finalizado (I=0, O=300, R=300, W=300, U=0, E=0)
2024-07-19 21:40:43.920 INFO  <Thread-1137> [C:\Users\niebl\OneDrive\Escritorio\Semestre\Inteligecia de Negocio\Proyecto Fase 2\BIProyecto\ETL\Trabajo Carga Data Dimensional.kjb]  Starting entry [Transformation Evaluacion servicio]
2024-07-19 21:40:43.934 INFO  <Thread-1137> [C:\Users\niebl\OneDrive\Escritorio\Semestre\Inteligecia de Negocio\Proyecto Fase 2\BIProyecto\ETL\Trabajo Carga Data Dimensional.kjb]  Using run configuration [Pentaho local]
2024-07-19 21:40:43.935 INFO  <Thread-1137> [C:\Users\niebl\OneDrive\Escritorio\Semestre\Inteligecia de Negocio\Proyecto Fase 2\BIProyecto\ETL\Trabajo Carga Data Dimensional.kjb  C:/Users/niebl/OneDrive/Escritorio/Semestre/Inteligecia de Negocio/Proyecto Fase 2/BIProyecto/ETL/Transformacion Evaluacion Servicio.ktr]  Iniciado despacho de la transformaci?n [Transformacion Evaluacion Servicio]
2024-07-19 21:40:44.013 INFO  <init of Salida Tabla dim_evaluacion_servicio.0 (Thread-1176)> [C:\Users\niebl\OneDrive\Escritorio\Semestre\Inteligecia de Negocio\Proyecto Fase 2\BIProyecto\ETL\Trabajo Carga Data Dimensional.kjb  C:/Users/niebl/OneDrive/Escritorio/Semestre/Inteligecia de Negocio/Proyecto Fase 2/BIProyecto/ETL/Transformacion Evaluacion Servicio.ktr]  Connected to database [Postgres] (commit=1000)
2024-07-19 21:40:44.023 INFO  <Transformacion Evaluacion Servicio - Entrada Tabla Evaluacion_Servicio> [C:\Users\niebl\OneDrive\Escritorio\Semestre\Inteligecia de Negocio\Proyecto Fase 2\BIProyecto\ETL\Trabajo Carga Data Dimensional.kjb  C:/Users/niebl/OneDrive/Escritorio/Semestre/Inteligecia de Negocio/Proyecto Fase 2/BIProyecto/ETL/Transformacion Evaluacion Servicio.ktr]  Finished reading query, closing connection
2024-07-19 21:40:44.024 INFO  <Transformacion Evaluacion Servicio - Entrada Tabla Evaluacion_Servicio> [C:\Users\niebl\OneDrive\Escritorio\Semestre\Inteligecia de Negocio\Proyecto Fase 2\BIProyecto\ETL\Trabajo Carga Data Dimensional.kjb  C:/Users/niebl/OneDrive/Escritorio/Semestre/Inteligecia de Negocio/Proyecto Fase 2/BIProyecto/ETL/Transformacion Evaluacion Servicio.ktr]  Procesamiento finalizado (I=6, O=0, R=0, W=6, U=0, E=0)
2024-07-19 21:40:44.027 INFO  <Transformacion Evaluacion Servicio - Añadir secuencia sk_dim_evaluacion_servicio> [C:\Users\niebl\OneDrive\Escritorio\Semestre\Inteligecia de Negocio\Proyecto Fase 2\BIProyecto\ETL\Trabajo Carga Data Dimensional.kjb  C:/Users/niebl/OneDrive/Escritorio/Semestre/Inteligecia de Negocio/Proyecto Fase 2/BIProyecto/ETL/Transformacion Evaluacion Servicio.ktr]  Procesamiento finalizado (I=0, O=0, R=6, W=6, U=0, E=0)
2024-07-19 21:40:44.035 INFO  <Transformacion Evaluacion Servicio - Salida Tabla dim_evaluacion_servicio> [C:\Users\niebl\OneDrive\Escritorio\Semestre\Inteligecia de Negocio\Proyecto Fase 2\BIProyecto\ETL\Trabajo Carga Data Dimensional.kjb  C:/Users/niebl/OneDrive/Escritorio/Semestre/Inteligecia de Negocio/Proyecto Fase 2/BIProyecto/ETL/Transformacion Evaluacion Servicio.ktr]  Procesamiento finalizado (I=0, O=6, R=6, W=6, U=0, E=0)
2024-07-19 21:40:44.036 INFO  <Thread-1137> [C:\Users\niebl\OneDrive\Escritorio\Semestre\Inteligecia de Negocio\Proyecto Fase 2\BIProyecto\ETL\Trabajo Carga Data Dimensional.kjb]  Starting entry [Transformation Contrato]
2024-07-19 21:40:44.052 INFO  <Thread-1137> [C:\Users\niebl\OneDrive\Escritorio\Semestre\Inteligecia de Negocio\Proyecto Fase 2\BIProyecto\ETL\Trabajo Carga Data Dimensional.kjb]  Using run configuration [Pentaho local]
2024-07-19 21:40:44.053 INFO  <Thread-1137> [C:\Users\niebl\OneDrive\Escritorio\Semestre\Inteligecia de Negocio\Proyecto Fase 2\BIProyecto\ETL\Trabajo Carga Data Dimensional.kjb  C:/Users/niebl/OneDrive/Escritorio/Semestre/Inteligecia de Negocio/Proyecto Fase 2/BIProyecto/ETL/Transformacion_Contrato.ktr]  Iniciado despacho de la transformaci?n [Transformacion_Contrato]
2024-07-19 21:40:44.253 INFO  <init of Salida Tabla.0 (Thread-1182)> [C:\Users\niebl\OneDrive\Escritorio\Semestre\Inteligecia de Negocio\Proyecto Fase 2\BIProyecto\ETL\Trabajo Carga Data Dimensional.kjb  C:/Users/niebl/OneDrive/Escritorio/Semestre/Inteligecia de Negocio/Proyecto Fase 2/BIProyecto/ETL/Transformacion_Contrato.ktr]  Connected to database [PostgresConexion] (commit=1000)
2024-07-19 21:40:44.280 INFO  <Transformacion_Contrato - Entrada Tabla> [C:\Users\niebl\OneDrive\Escritorio\Semestre\Inteligecia de Negocio\Proyecto Fase 2\BIProyecto\ETL\Trabajo Carga Data Dimensional.kjb  C:/Users/niebl/OneDrive/Escritorio/Semestre/Inteligecia de Negocio/Proyecto Fase 2/BIProyecto/ETL/Transformacion_Contrato.ktr]  Finished reading query, closing connection
2024-07-19 21:40:44.281 INFO  <Transformacion_Contrato - Entrada Tabla> [C:\Users\niebl\OneDrive\Escritorio\Semestre\Inteligecia de Negocio\Proyecto Fase 2\BIProyecto\ETL\Trabajo Carga Data Dimensional.kjb  C:/Users/niebl/OneDrive/Escritorio/Semestre/Inteligecia de Negocio/Proyecto Fase 2/BIProyecto/ETL/Transformacion_Contrato.ktr]  Procesamiento finalizado (I=1000, O=0, R=0, W=1000, U=0, E=0)
2024-07-19 21:40:44.284 INFO  <Transformacion_Contrato - Añadir sk_dim_contrato> [C:\Users\niebl\OneDrive\Escritorio\Semestre\Inteligecia de Negocio\Proyecto Fase 2\BIProyecto\ETL\Trabajo Carga Data Dimensional.kjb  C:/Users/niebl/OneDrive/Escritorio/Semestre/Inteligecia de Negocio/Proyecto Fase 2/BIProyecto/ETL/Transformacion_Contrato.ktr]  Procesamiento finalizado (I=0, O=0, R=1000, W=1000, U=0, E=0)
2024-07-19 21:40:44.435 INFO  <Transformacion_Contrato - Salida Tabla> [C:\Users\niebl\OneDrive\Escritorio\Semestre\Inteligecia de Negocio\Proyecto Fase 2\BIProyecto\ETL\Trabajo Carga Data Dimensional.kjb  C:/Users/niebl/OneDrive/Escritorio/Semestre/Inteligecia de Negocio/Proyecto Fase 2/BIProyecto/ETL/Transformacion_Contrato.ktr]  Procesamiento finalizado (I=0, O=1000, R=1000, W=1000, U=0, E=0)
2024-07-19 21:40:44.436 INFO  <Thread-1137> [C:\Users\niebl\OneDrive\Escritorio\Semestre\Inteligecia de Negocio\Proyecto Fase 2\BIProyecto\ETL\Trabajo Carga Data Dimensional.kjb]  Starting entry [Transformation Estado Contrato]
2024-07-19 21:40:44.460 INFO  <Thread-1137> [C:\Users\niebl\OneDrive\Escritorio\Semestre\Inteligecia de Negocio\Proyecto Fase 2\BIProyecto\ETL\Trabajo Carga Data Dimensional.kjb]  Using run configuration [Pentaho local]
2024-07-19 21:40:44.461 INFO  <Thread-1137> [C:\Users\niebl\OneDrive\Escritorio\Semestre\Inteligecia de Negocio\Proyecto Fase 2\BIProyecto\ETL\Trabajo Carga Data Dimensional.kjb  C:/Users/niebl/OneDrive/Escritorio/Semestre/Inteligecia de Negocio/Proyecto Fase 2/BIProyecto/ETL/Transformacion Estado Contrato.ktr]  Iniciado despacho de la transformaci?n [Transformacion Estado Contrato]
2024-07-19 21:40:44.564 INFO  <init of Salida Tabla dim_estado_contrato.0 (Thread-1191)> [C:\Users\niebl\OneDrive\Escritorio\Semestre\Inteligecia de Negocio\Proyecto Fase 2\BIProyecto\ETL\Trabajo Carga Data Dimensional.kjb  C:/Users/niebl/OneDrive/Escritorio/Semestre/Inteligecia de Negocio/Proyecto Fase 2/BIProyecto/ETL/Transformacion Estado Contrato.ktr]  Connected to database [Postgres] (commit=1000)
2024-07-19 21:40:44.585 INFO  <Transformacion Estado Contrato - Entrada Tabla Estado Contrato> [C:\Users\niebl\OneDrive\Escritorio\Semestre\Inteligecia de Negocio\Proyecto Fase 2\BIProyecto\ETL\Trabajo Carga Data Dimensional.kjb  C:/Users/niebl/OneDrive/Escritorio/Semestre/Inteligecia de Negocio/Proyecto Fase 2/BIProyecto/ETL/Transformacion Estado Contrato.ktr]  Finished reading query, closing connection
2024-07-19 21:40:44.587 INFO  <Transformacion Estado Contrato - Entrada Tabla Estado Contrato> [C:\Users\niebl\OneDrive\Escritorio\Semestre\Inteligecia de Negocio\Proyecto Fase 2\BIProyecto\ETL\Trabajo Carga Data Dimensional.kjb  C:/Users/niebl/OneDrive/Escritorio/Semestre/Inteligecia de Negocio/Proyecto Fase 2/BIProyecto/ETL/Transformacion Estado Contrato.ktr]  Procesamiento finalizado (I=1000, O=0, R=0, W=1000, U=0, E=0)
2024-07-19 21:40:44.591 INFO  <Transformacion Estado Contrato - Seleccionar Estado Contrato> [C:\Users\niebl\OneDrive\Escritorio\Semestre\Inteligecia de Negocio\Proyecto Fase 2\BIProyecto\ETL\Trabajo Carga Data Dimensional.kjb  C:/Users/niebl/OneDrive/Escritorio/Semestre/Inteligecia de Negocio/Proyecto Fase 2/BIProyecto/ETL/Transformacion Estado Contrato.ktr]  Procesamiento finalizado (I=0, O=0, R=1000, W=1000, U=0, E=0)
2024-07-19 21:40:44.609 INFO  <Transformacion Estado Contrato - Agrupar> [C:\Users\niebl\OneDrive\Escritorio\Semestre\Inteligecia de Negocio\Proyecto Fase 2\BIProyecto\ETL\Trabajo Carga Data Dimensional.kjb  C:/Users/niebl/OneDrive/Escritorio/Semestre/Inteligecia de Negocio/Proyecto Fase 2/BIProyecto/ETL/Transformacion Estado Contrato.ktr]  Procesamiento finalizado (I=0, O=0, R=1000, W=8, U=0, E=0)
2024-07-19 21:40:44.623 INFO  <Transformacion Estado Contrato - Generate random value cod_estado> [C:\Users\niebl\OneDrive\Escritorio\Semestre\Inteligecia de Negocio\Proyecto Fase 2\BIProyecto\ETL\Trabajo Carga Data Dimensional.kjb  C:/Users/niebl/OneDrive/Escritorio/Semestre/Inteligecia de Negocio/Proyecto Fase 2/BIProyecto/ETL/Transformacion Estado Contrato.ktr]  Procesamiento finalizado (I=0, O=0, R=8, W=8, U=0, E=0)
2024-07-19 21:40:44.639 INFO  <Transformacion Estado Contrato - Generate random value sk_dim_estado_contrato> [C:\Users\niebl\OneDrive\Escritorio\Semestre\Inteligecia de Negocio\Proyecto Fase 2\BIProyecto\ETL\Trabajo Carga Data Dimensional.kjb  C:/Users/niebl/OneDrive/Escritorio/Semestre/Inteligecia de Negocio/Proyecto Fase 2/BIProyecto/ETL/Transformacion Estado Contrato.ktr]  Procesamiento finalizado (I=0, O=0, R=8, W=8, U=0, E=0)
2024-07-19 21:40:44.645 INFO  <Transformacion Estado Contrato - Salida Tabla dim_estado_contrato> [C:\Users\niebl\OneDrive\Escritorio\Semestre\Inteligecia de Negocio\Proyecto Fase 2\BIProyecto\ETL\Trabajo Carga Data Dimensional.kjb  C:/Users/niebl/OneDrive/Escritorio/Semestre/Inteligecia de Negocio/Proyecto Fase 2/BIProyecto/ETL/Transformacion Estado Contrato.ktr]  Procesamiento finalizado (I=0, O=8, R=8, W=8, U=0, E=0)
2024-07-19 21:40:44.646 INFO  <Thread-1137> [C:\Users\niebl\OneDrive\Escritorio\Semestre\Inteligecia de Negocio\Proyecto Fase 2\BIProyecto\ETL\Trabajo Carga Data Dimensional.kjb]  Starting entry [Transformation Siniestro]
2024-07-19 21:40:44.661 INFO  <Thread-1137> [C:\Users\niebl\OneDrive\Escritorio\Semestre\Inteligecia de Negocio\Proyecto Fase 2\BIProyecto\ETL\Trabajo Carga Data Dimensional.kjb]  Using run configuration [Pentaho local]
2024-07-19 21:40:44.662 INFO  <Thread-1137> [C:\Users\niebl\OneDrive\Escritorio\Semestre\Inteligecia de Negocio\Proyecto Fase 2\BIProyecto\ETL\Trabajo Carga Data Dimensional.kjb  C:/Users/niebl/OneDrive/Escritorio/Semestre/Inteligecia de Negocio/Proyecto Fase 2/BIProyecto/ETL/Transformacion siniestro.ktr]  Iniciado despacho de la transformaci?n [Transformacion siniestro]
2024-07-19 21:40:44.746 INFO  <init of Salida Tabla dim_siniestro.0 (Thread-1200)> [C:\Users\niebl\OneDrive\Escritorio\Semestre\Inteligecia de Negocio\Proyecto Fase 2\BIProyecto\ETL\Trabajo Carga Data Dimensional.kjb  C:/Users/niebl/OneDrive/Escritorio/Semestre/Inteligecia de Negocio/Proyecto Fase 2/BIProyecto/ETL/Transformacion siniestro.ktr]  Connected to database [Postgres] (commit=1000)
2024-07-19 21:40:44.765 INFO  <Transformacion siniestro - Entrada Tabla Siniestro> [C:\Users\niebl\OneDrive\Escritorio\Semestre\Inteligecia de Negocio\Proyecto Fase 2\BIProyecto\ETL\Trabajo Carga Data Dimensional.kjb  C:/Users/niebl/OneDrive/Escritorio/Semestre/Inteligecia de Negocio/Proyecto Fase 2/BIProyecto/ETL/Transformacion siniestro.ktr]  Finished reading query, closing connection
2024-07-19 21:40:44.766 INFO  <Transformacion siniestro - Entrada Tabla Siniestro> [C:\Users\niebl\OneDrive\Escritorio\Semestre\Inteligecia de Negocio\Proyecto Fase 2\BIProyecto\ETL\Trabajo Carga Data Dimensional.kjb  C:/Users/niebl/OneDrive/Escritorio/Semestre/Inteligecia de Negocio/Proyecto Fase 2/BIProyecto/ETL/Transformacion siniestro.ktr]  Procesamiento finalizado (I=1000, O=0, R=0, W=1000, U=0, E=0)
2024-07-19 21:40:44.772 INFO  <Transformacion siniestro - Añadir secuencia sk_dim_siniestro> [C:\Users\niebl\OneDrive\Escritorio\Semestre\Inteligecia de Negocio\Proyecto Fase 2\BIProyecto\ETL\Trabajo Carga Data Dimensional.kjb  C:/Users/niebl/OneDrive/Escritorio/Semestre/Inteligecia de Negocio/Proyecto Fase 2/BIProyecto/ETL/Transformacion siniestro.ktr]  Procesamiento finalizado (I=0, O=0, R=1000, W=1000, U=0, E=0)
2024-07-19 21:40:44.809 INFO  <Transformacion siniestro - Salida Tabla dim_siniestro> [C:\Users\niebl\OneDrive\Escritorio\Semestre\Inteligecia de Negocio\Proyecto Fase 2\BIProyecto\ETL\Trabajo Carga Data Dimensional.kjb  C:/Users/niebl/OneDrive/Escritorio/Semestre/Inteligecia de Negocio/Proyecto Fase 2/BIProyecto/ETL/Transformacion siniestro.ktr]  Procesamiento finalizado (I=0, O=1000, R=1000, W=1000, U=0, E=0)
2024-07-19 21:40:44.810 INFO  <Thread-1137> [C:\Users\niebl\OneDrive\Escritorio\Semestre\Inteligecia de Negocio\Proyecto Fase 2\BIProyecto\ETL\Trabajo Carga Data Dimensional.kjb]  Starting entry [Success]
2024-07-19 21:40:44.811 INFO  <Thread-1137> [C:\Users\niebl\OneDrive\Escritorio\Semestre\Inteligecia de Negocio\Proyecto Fase 2\BIProyecto\ETL\Trabajo Carga Data Dimensional.kjb]  Finished job entry [Success] (result=[true])
2024-07-19 21:40:44.811 INFO  <Thread-1137> [C:\Users\niebl\OneDrive\Escritorio\Semestre\Inteligecia de Negocio\Proyecto Fase 2\BIProyecto\ETL\Trabajo Carga Data Dimensional.kjb]  Finished job entry [Transformation Siniestro] (result=[true])
2024-07-19 21:40:44.811 INFO  <Thread-1137> [C:\Users\niebl\OneDrive\Escritorio\Semestre\Inteligecia de Negocio\Proyecto Fase 2\BIProyecto\ETL\Trabajo Carga Data Dimensional.kjb]  Finished job entry [Transformation Estado Contrato] (result=[true])
2024-07-19 21:40:44.812 INFO  <Thread-1137> [C:\Users\niebl\OneDrive\Escritorio\Semestre\Inteligecia de Negocio\Proyecto Fase 2\BIProyecto\ETL\Trabajo Carga Data Dimensional.kjb]  Finished job entry [Transformation Contrato] (result=[true])
2024-07-19 21:40:44.812 INFO  <Thread-1137> [C:\Users\niebl\OneDrive\Escritorio\Semestre\Inteligecia de Negocio\Proyecto Fase 2\BIProyecto\ETL\Trabajo Carga Data Dimensional.kjb]  Finished job entry [Transformation Evaluacion servicio] (result=[true])
2024-07-19 21:40:44.812 INFO  <Thread-1137> [C:\Users\niebl\OneDrive\Escritorio\Semestre\Inteligecia de Negocio\Proyecto Fase 2\BIProyecto\ETL\Trabajo Carga Data Dimensional.kjb]  Finished job entry [Transformation Cliente] (result=[true])
2024-07-19 21:40:44.812 INFO  <Thread-1137> [C:\Users\niebl\OneDrive\Escritorio\Semestre\Inteligecia de Negocio\Proyecto Fase 2\BIProyecto\ETL\Trabajo Carga Data Dimensional.kjb]  Finished job entry [Transformation Producto] (result=[true])
2024-07-19 21:40:44.812 INFO  <Thread-1137> [C:\Users\niebl\OneDrive\Escritorio\Semestre\Inteligecia de Negocio\Proyecto Fase 2\BIProyecto\ETL\Trabajo Carga Data Dimensional.kjb]  Finished job entry [Transformation Sucursal] (result=[true])
2024-07-19 21:40:44.812 WARN  <Thread-1137> [C:\Users\niebl\OneDrive\Escritorio\Semestre\Inteligecia de Negocio\Proyecto Fase 2\BIProyecto\ETL\Trabajo Carga Data Dimensional.kjb]  Job execution finished
2024-07-19 21:45:43.918 INFO  <Thread-1234> [C:\Users\niebl\OneDrive\Escritorio\Semestre\Inteligecia de Negocio\Proyecto Fase 2\BIProyecto\ETL\Transformacion Sucursal.ktr]  Iniciado despacho de la transformaci?n [Transformacion Sucursal]
2024-07-19 21:45:44.043 INFO  <init of Salida Tabla.0 (Thread-1241)> [C:\Users\niebl\OneDrive\Escritorio\Semestre\Inteligecia de Negocio\Proyecto Fase 2\BIProyecto\ETL\Transformacion Sucursal.ktr]  Connected to database [Postgres] (commit=1000)
2024-07-19 21:45:44.061 INFO  <Transformacion Sucursal - Entrada Tabla Ciudad> [C:\Users\niebl\OneDrive\Escritorio\Semestre\Inteligecia de Negocio\Proyecto Fase 2\BIProyecto\ETL\Transformacion Sucursal.ktr]  Finished reading query, closing connection
2024-07-19 21:45:44.061 INFO  <Transformacion Sucursal - Entrada Tabla Pais> [C:\Users\niebl\OneDrive\Escritorio\Semestre\Inteligecia de Negocio\Proyecto Fase 2\BIProyecto\ETL\Transformacion Sucursal.ktr]  Finished reading query, closing connection
2024-07-19 21:45:44.062 INFO  <Transformacion Sucursal - Entrada Tabla Ciudad> [C:\Users\niebl\OneDrive\Escritorio\Semestre\Inteligecia de Negocio\Proyecto Fase 2\BIProyecto\ETL\Transformacion Sucursal.ktr]  Procesamiento finalizado (I=30, O=0, R=0, W=30, U=0, E=0)
2024-07-19 21:45:44.062 INFO  <Transformacion Sucursal - Entrada Tabla Pais> [C:\Users\niebl\OneDrive\Escritorio\Semestre\Inteligecia de Negocio\Proyecto Fase 2\BIProyecto\ETL\Transformacion Sucursal.ktr]  Procesamiento finalizado (I=30, O=0, R=0, W=30, U=0, E=0)
2024-07-19 21:45:44.064 INFO  <Transformacion Sucursal - Entrada Tabla Sucursal> [C:\Users\niebl\OneDrive\Escritorio\Semestre\Inteligecia de Negocio\Proyecto Fase 2\BIProyecto\ETL\Transformacion Sucursal.ktr]  Finished reading query, closing connection
2024-07-19 21:45:44.065 INFO  <Transformacion Sucursal - Entrada Tabla Sucursal> [C:\Users\niebl\OneDrive\Escritorio\Semestre\Inteligecia de Negocio\Proyecto Fase 2\BIProyecto\ETL\Transformacion Sucursal.ktr]  Procesamiento finalizado (I=30, O=0, R=0, W=30, U=0, E=0)
2024-07-19 21:45:44.419 INFO  <Transformacion Sucursal - Unión Sucursal-Pais> [C:\Users\niebl\OneDrive\Escritorio\Semestre\Inteligecia de Negocio\Proyecto Fase 2\BIProyecto\ETL\Transformacion Sucursal.ktr]  Procesamiento finalizado (I=0, O=0, R=60, W=30, U=0, E=0)
2024-07-19 21:45:44.793 INFO  <Transformacion Sucursal - Unión Sucursal-Pais-Ciudad> [C:\Users\niebl\OneDrive\Escritorio\Semestre\Inteligecia de Negocio\Proyecto Fase 2\BIProyecto\ETL\Transformacion Sucursal.ktr]  Procesamiento finalizado (I=0, O=0, R=60, W=30, U=0, E=0)
2024-07-19 21:45:44.823 INFO  <Transformacion Sucursal - Generate random value sk_dim_sucursal> [C:\Users\niebl\OneDrive\Escritorio\Semestre\Inteligecia de Negocio\Proyecto Fase 2\BIProyecto\ETL\Transformacion Sucursal.ktr]  Procesamiento finalizado (I=0, O=0, R=30, W=30, U=0, E=0)
2024-07-19 21:45:44.859 INFO  <Transformacion Sucursal - Salida Tabla> [C:\Users\niebl\OneDrive\Escritorio\Semestre\Inteligecia de Negocio\Proyecto Fase 2\BIProyecto\ETL\Transformacion Sucursal.ktr]  Procesamiento finalizado (I=0, O=30, R=30, W=30, U=0, E=0)
2024-07-19 21:46:36.049 INFO  <Thread-1265> [C:\Users\niebl\OneDrive\Escritorio\Semestre\Inteligecia de Negocio\Proyecto Fase 2\BIProyecto\ETL\Transformacion_Contrato.ktr]  Iniciado despacho de la transformaci?n [Transformacion_Contrato]
2024-07-19 21:46:36.131 INFO  <init of Salida Tabla.0 (Thread-1268)> [C:\Users\niebl\OneDrive\Escritorio\Semestre\Inteligecia de Negocio\Proyecto Fase 2\BIProyecto\ETL\Transformacion_Contrato.ktr]  Connected to database [PostgresConexion] (commit=1000)
2024-07-19 21:46:36.223 INFO  <Transformacion_Contrato - Entrada Tabla> [C:\Users\niebl\OneDrive\Escritorio\Semestre\Inteligecia de Negocio\Proyecto Fase 2\BIProyecto\ETL\Transformacion_Contrato.ktr]  Finished reading query, closing connection
2024-07-19 21:46:36.225 INFO  <Transformacion_Contrato - Entrada Tabla> [C:\Users\niebl\OneDrive\Escritorio\Semestre\Inteligecia de Negocio\Proyecto Fase 2\BIProyecto\ETL\Transformacion_Contrato.ktr]  Procesamiento finalizado (I=1000, O=0, R=0, W=1000, U=0, E=0)
2024-07-19 21:46:36.247 INFO  <Transformacion_Contrato - Generate random value sk_dim_contrato> [C:\Users\niebl\OneDrive\Escritorio\Semestre\Inteligecia de Negocio\Proyecto Fase 2\BIProyecto\ETL\Transformacion_Contrato.ktr]  Procesamiento finalizado (I=0, O=0, R=1000, W=1000, U=0, E=0)
2024-07-19 21:46:36.423 INFO  <Transformacion_Contrato - Salida Tabla> [C:\Users\niebl\OneDrive\Escritorio\Semestre\Inteligecia de Negocio\Proyecto Fase 2\BIProyecto\ETL\Transformacion_Contrato.ktr]  Procesamiento finalizado (I=0, O=1000, R=1000, W=1000, U=0, E=0)
2024-07-19 21:47:08.042 WARN  <Thread-1273> [C:\Users\niebl\OneDrive\Escritorio\Semestre\Inteligecia de Negocio\Proyecto Fase 2\BIProyecto\ETL\Trabajo Carga Data Dimensional.kjb]  Start of job execution
2024-07-19 21:47:08.043 INFO  <Thread-1273> [C:\Users\niebl\OneDrive\Escritorio\Semestre\Inteligecia de Negocio\Proyecto Fase 2\BIProyecto\ETL\Trabajo Carga Data Dimensional.kjb]  Starting entry [Transformation Sucursal]
2024-07-19 21:47:08.060 INFO  <Thread-1273> [C:\Users\niebl\OneDrive\Escritorio\Semestre\Inteligecia de Negocio\Proyecto Fase 2\BIProyecto\ETL\Trabajo Carga Data Dimensional.kjb]  Using run configuration [Pentaho local]
2024-07-19 21:47:08.061 INFO  <Thread-1273> [C:\Users\niebl\OneDrive\Escritorio\Semestre\Inteligecia de Negocio\Proyecto Fase 2\BIProyecto\ETL\Trabajo Carga Data Dimensional.kjb  C:/Users/niebl/OneDrive/Escritorio/Semestre/Inteligecia de Negocio/Proyecto Fase 2/BIProyecto/ETL/Transformacion Sucursal.ktr]  Iniciado despacho de la transformaci?n [Transformacion Sucursal]
2024-07-19 21:47:08.183 INFO  <init of Salida Tabla.0 (Thread-1280)> [C:\Users\niebl\OneDrive\Escritorio\Semestre\Inteligecia de Negocio\Proyecto Fase 2\BIProyecto\ETL\Trabajo Carga Data Dimensional.kjb  C:/Users/niebl/OneDrive/Escritorio/Semestre/Inteligecia de Negocio/Proyecto Fase 2/BIProyecto/ETL/Transformacion Sucursal.ktr]  Connected to database [Postgres] (commit=1000)
2024-07-19 21:47:08.201 INFO  <Transformacion Sucursal - Entrada Tabla Pais> [C:\Users\niebl\OneDrive\Escritorio\Semestre\Inteligecia de Negocio\Proyecto Fase 2\BIProyecto\ETL\Trabajo Carga Data Dimensional.kjb  C:/Users/niebl/OneDrive/Escritorio/Semestre/Inteligecia de Negocio/Proyecto Fase 2/BIProyecto/ETL/Transformacion Sucursal.ktr]  Finished reading query, closing connection
2024-07-19 21:47:08.201 INFO  <Transformacion Sucursal - Entrada Tabla Sucursal> [C:\Users\niebl\OneDrive\Escritorio\Semestre\Inteligecia de Negocio\Proyecto Fase 2\BIProyecto\ETL\Trabajo Carga Data Dimensional.kjb  C:/Users/niebl/OneDrive/Escritorio/Semestre/Inteligecia de Negocio/Proyecto Fase 2/BIProyecto/ETL/Transformacion Sucursal.ktr]  Finished reading query, closing connection
2024-07-19 21:47:08.201 INFO  <Transformacion Sucursal - Entrada Tabla Ciudad> [C:\Users\niebl\OneDrive\Escritorio\Semestre\Inteligecia de Negocio\Proyecto Fase 2\BIProyecto\ETL\Trabajo Carga Data Dimensional.kjb  C:/Users/niebl/OneDrive/Escritorio/Semestre/Inteligecia de Negocio/Proyecto Fase 2/BIProyecto/ETL/Transformacion Sucursal.ktr]  Finished reading query, closing connection
2024-07-19 21:47:08.202 INFO  <Transformacion Sucursal - Entrada Tabla Pais> [C:\Users\niebl\OneDrive\Escritorio\Semestre\Inteligecia de Negocio\Proyecto Fase 2\BIProyecto\ETL\Trabajo Carga Data Dimensional.kjb  C:/Users/niebl/OneDrive/Escritorio/Semestre/Inteligecia de Negocio/Proyecto Fase 2/BIProyecto/ETL/Transformacion Sucursal.ktr]  Procesamiento finalizado (I=30, O=0, R=0, W=30, U=0, E=0)
2024-07-19 21:47:08.202 INFO  <Transformacion Sucursal - Entrada Tabla Ciudad> [C:\Users\niebl\OneDrive\Escritorio\Semestre\Inteligecia de Negocio\Proyecto Fase 2\BIProyecto\ETL\Trabajo Carga Data Dimensional.kjb  C:/Users/niebl/OneDrive/Escritorio/Semestre/Inteligecia de Negocio/Proyecto Fase 2/BIProyecto/ETL/Transformacion Sucursal.ktr]  Procesamiento finalizado (I=30, O=0, R=0, W=30, U=0, E=0)
2024-07-19 21:47:08.203 INFO  <Transformacion Sucursal - Entrada Tabla Sucursal> [C:\Users\niebl\OneDrive\Escritorio\Semestre\Inteligecia de Negocio\Proyecto Fase 2\BIProyecto\ETL\Trabajo Carga Data Dimensional.kjb  C:/Users/niebl/OneDrive/Escritorio/Semestre/Inteligecia de Negocio/Proyecto Fase 2/BIProyecto/ETL/Transformacion Sucursal.ktr]  Procesamiento finalizado (I=30, O=0, R=0, W=30, U=0, E=0)
2024-07-19 21:47:08.507 INFO  <Transformacion Sucursal - Unión Sucursal-Pais> [C:\Users\niebl\OneDrive\Escritorio\Semestre\Inteligecia de Negocio\Proyecto Fase 2\BIProyecto\ETL\Trabajo Carga Data Dimensional.kjb  C:/Users/niebl/OneDrive/Escritorio/Semestre/Inteligecia de Negocio/Proyecto Fase 2/BIProyecto/ETL/Transformacion Sucursal.ktr]  Procesamiento finalizado (I=0, O=0, R=60, W=30, U=0, E=0)
2024-07-19 21:47:08.831 INFO  <Transformacion Sucursal - Unión Sucursal-Pais-Ciudad> [C:\Users\niebl\OneDrive\Escritorio\Semestre\Inteligecia de Negocio\Proyecto Fase 2\BIProyecto\ETL\Trabajo Carga Data Dimensional.kjb  C:/Users/niebl/OneDrive/Escritorio/Semestre/Inteligecia de Negocio/Proyecto Fase 2/BIProyecto/ETL/Transformacion Sucursal.ktr]  Procesamiento finalizado (I=0, O=0, R=60, W=30, U=0, E=0)
2024-07-19 21:47:08.847 INFO  <Transformacion Sucursal - Generate random value sk_dim_sucursal> [C:\Users\niebl\OneDrive\Escritorio\Semestre\Inteligecia de Negocio\Proyecto Fase 2\BIProyecto\ETL\Trabajo Carga Data Dimensional.kjb  C:/Users/niebl/OneDrive/Escritorio/Semestre/Inteligecia de Negocio/Proyecto Fase 2/BIProyecto/ETL/Transformacion Sucursal.ktr]  Procesamiento finalizado (I=0, O=0, R=30, W=30, U=0, E=0)
2024-07-19 21:47:08.856 INFO  <Transformacion Sucursal - Salida Tabla> [C:\Users\niebl\OneDrive\Escritorio\Semestre\Inteligecia de Negocio\Proyecto Fase 2\BIProyecto\ETL\Trabajo Carga Data Dimensional.kjb  C:/Users/niebl/OneDrive/Escritorio/Semestre/Inteligecia de Negocio/Proyecto Fase 2/BIProyecto/ETL/Transformacion Sucursal.ktr]  Procesamiento finalizado (I=0, O=30, R=30, W=30, U=0, E=0)
2024-07-19 21:47:08.857 INFO  <Thread-1273> [C:\Users\niebl\OneDrive\Escritorio\Semestre\Inteligecia de Negocio\Proyecto Fase 2\BIProyecto\ETL\Trabajo Carga Data Dimensional.kjb]  Starting entry [Transformation Producto]
2024-07-19 21:47:08.877 INFO  <Thread-1273> [C:\Users\niebl\OneDrive\Escritorio\Semestre\Inteligecia de Negocio\Proyecto Fase 2\BIProyecto\ETL\Trabajo Carga Data Dimensional.kjb]  Using run configuration [Pentaho local]
2024-07-19 21:47:08.878 INFO  <Thread-1273> [C:\Users\niebl\OneDrive\Escritorio\Semestre\Inteligecia de Negocio\Proyecto Fase 2\BIProyecto\ETL\Trabajo Carga Data Dimensional.kjb  C:/Users/niebl/OneDrive/Escritorio/Semestre/Inteligecia de Negocio/Proyecto Fase 2/BIProyecto/ETL/Transformacion Producto.ktr]  Iniciado despacho de la transformaci?n [Transformacion Producto]
2024-07-19 21:47:08.973 INFO  <init of Salida Tabla.0 (Thread-1294)> [C:\Users\niebl\OneDrive\Escritorio\Semestre\Inteligecia de Negocio\Proyecto Fase 2\BIProyecto\ETL\Trabajo Carga Data Dimensional.kjb  C:/Users/niebl/OneDrive/Escritorio/Semestre/Inteligecia de Negocio/Proyecto Fase 2/BIProyecto/ETL/Transformacion Producto.ktr]  Connected to database [Postgres] (commit=1000)
2024-07-19 21:47:08.985 INFO  <Transformacion Producto - Entrada Tabla Tipo Producto> [C:\Users\niebl\OneDrive\Escritorio\Semestre\Inteligecia de Negocio\Proyecto Fase 2\BIProyecto\ETL\Trabajo Carga Data Dimensional.kjb  C:/Users/niebl/OneDrive/Escritorio/Semestre/Inteligecia de Negocio/Proyecto Fase 2/BIProyecto/ETL/Transformacion Producto.ktr]  Finished reading query, closing connection
2024-07-19 21:47:08.985 INFO  <Transformacion Producto - Entrada Tabla Producto> [C:\Users\niebl\OneDrive\Escritorio\Semestre\Inteligecia de Negocio\Proyecto Fase 2\BIProyecto\ETL\Trabajo Carga Data Dimensional.kjb  C:/Users/niebl/OneDrive/Escritorio/Semestre/Inteligecia de Negocio/Proyecto Fase 2/BIProyecto/ETL/Transformacion Producto.ktr]  Finished reading query, closing connection
2024-07-19 21:47:08.986 INFO  <Transformacion Producto - Entrada Tabla Tipo Producto> [C:\Users\niebl\OneDrive\Escritorio\Semestre\Inteligecia de Negocio\Proyecto Fase 2\BIProyecto\ETL\Trabajo Carga Data Dimensional.kjb  C:/Users/niebl/OneDrive/Escritorio/Semestre/Inteligecia de Negocio/Proyecto Fase 2/BIProyecto/ETL/Transformacion Producto.ktr]  Procesamiento finalizado (I=10, O=0, R=0, W=10, U=0, E=0)
2024-07-19 21:47:08.986 INFO  <Transformacion Producto - Entrada Tabla Producto> [C:\Users\niebl\OneDrive\Escritorio\Semestre\Inteligecia de Negocio\Proyecto Fase 2\BIProyecto\ETL\Trabajo Carga Data Dimensional.kjb  C:/Users/niebl/OneDrive/Escritorio/Semestre/Inteligecia de Negocio/Proyecto Fase 2/BIProyecto/ETL/Transformacion Producto.ktr]  Procesamiento finalizado (I=30, O=0, R=0, W=30, U=0, E=0)
2024-07-19 21:47:08.990 INFO  <Transformacion Producto - Ordenar filas> [C:\Users\niebl\OneDrive\Escritorio\Semestre\Inteligecia de Negocio\Proyecto Fase 2\BIProyecto\ETL\Trabajo Carga Data Dimensional.kjb  C:/Users/niebl/OneDrive/Escritorio/Semestre/Inteligecia de Negocio/Proyecto Fase 2/BIProyecto/ETL/Transformacion Producto.ktr]  Procesamiento finalizado (I=0, O=0, R=10, W=10, U=0, E=0)
2024-07-19 21:47:08.990 INFO  <Transformacion Producto - Ordenar filas 2> [C:\Users\niebl\OneDrive\Escritorio\Semestre\Inteligecia de Negocio\Proyecto Fase 2\BIProyecto\ETL\Trabajo Carga Data Dimensional.kjb  C:/Users/niebl/OneDrive/Escritorio/Semestre/Inteligecia de Negocio/Proyecto Fase 2/BIProyecto/ETL/Transformacion Producto.ktr]  Procesamiento finalizado (I=0, O=0, R=30, W=30, U=0, E=0)
2024-07-19 21:47:09.302 INFO  <Transformacion Producto - Unión por clave> [C:\Users\niebl\OneDrive\Escritorio\Semestre\Inteligecia de Negocio\Proyecto Fase 2\BIProyecto\ETL\Trabajo Carga Data Dimensional.kjb  C:/Users/niebl/OneDrive/Escritorio/Semestre/Inteligecia de Negocio/Proyecto Fase 2/BIProyecto/ETL/Transformacion Producto.ktr]  Procesamiento finalizado (I=0, O=0, R=40, W=30, U=0, E=0)
2024-07-19 21:47:09.306 INFO  <Transformacion Producto - Generate random value sk_dim_producto> [C:\Users\niebl\OneDrive\Escritorio\Semestre\Inteligecia de Negocio\Proyecto Fase 2\BIProyecto\ETL\Trabajo Carga Data Dimensional.kjb  C:/Users/niebl/OneDrive/Escritorio/Semestre/Inteligecia de Negocio/Proyecto Fase 2/BIProyecto/ETL/Transformacion Producto.ktr]  Procesamiento finalizado (I=0, O=0, R=30, W=30, U=0, E=0)
2024-07-19 21:47:09.323 INFO  <Transformacion Producto - Strings cut> [C:\Users\niebl\OneDrive\Escritorio\Semestre\Inteligecia de Negocio\Proyecto Fase 2\BIProyecto\ETL\Trabajo Carga Data Dimensional.kjb  C:/Users/niebl/OneDrive/Escritorio/Semestre/Inteligecia de Negocio/Proyecto Fase 2/BIProyecto/ETL/Transformacion Producto.ktr]  Procesamiento finalizado (I=0, O=0, R=30, W=30, U=0, E=0)
2024-07-19 21:47:09.340 INFO  <Transformacion Producto - Salida Tabla> [C:\Users\niebl\OneDrive\Escritorio\Semestre\Inteligecia de Negocio\Proyecto Fase 2\BIProyecto\ETL\Trabajo Carga Data Dimensional.kjb  C:/Users/niebl/OneDrive/Escritorio/Semestre/Inteligecia de Negocio/Proyecto Fase 2/BIProyecto/ETL/Transformacion Producto.ktr]  Procesamiento finalizado (I=0, O=30, R=30, W=30, U=0, E=0)
2024-07-19 21:47:09.343 INFO  <Thread-1273> [C:\Users\niebl\OneDrive\Escritorio\Semestre\Inteligecia de Negocio\Proyecto Fase 2\BIProyecto\ETL\Trabajo Carga Data Dimensional.kjb]  Starting entry [Transformation Cliente]
2024-07-19 21:47:09.356 INFO  <Thread-1273> [C:\Users\niebl\OneDrive\Escritorio\Semestre\Inteligecia de Negocio\Proyecto Fase 2\BIProyecto\ETL\Trabajo Carga Data Dimensional.kjb]  Using run configuration [Pentaho local]
2024-07-19 21:47:09.357 INFO  <Thread-1273> [C:\Users\niebl\OneDrive\Escritorio\Semestre\Inteligecia de Negocio\Proyecto Fase 2\BIProyecto\ETL\Trabajo Carga Data Dimensional.kjb  C:/Users/niebl/OneDrive/Escritorio/Semestre/Inteligecia de Negocio/Proyecto Fase 2/BIProyecto/ETL/Transformacion Cliente.ktr]  Iniciado despacho de la transformaci?n [Transformacion Cliente]
2024-07-19 21:47:09.438 INFO  <init of Salida Tabla.0 (Thread-1306)> [C:\Users\niebl\OneDrive\Escritorio\Semestre\Inteligecia de Negocio\Proyecto Fase 2\BIProyecto\ETL\Trabajo Carga Data Dimensional.kjb  C:/Users/niebl/OneDrive/Escritorio/Semestre/Inteligecia de Negocio/Proyecto Fase 2/BIProyecto/ETL/Transformacion Cliente.ktr]  Connected to database [Postgres] (commit=1000)
2024-07-19 21:47:09.449 INFO  <Transformacion Cliente - Entrada Tabla> [C:\Users\niebl\OneDrive\Escritorio\Semestre\Inteligecia de Negocio\Proyecto Fase 2\BIProyecto\ETL\Trabajo Carga Data Dimensional.kjb  C:/Users/niebl/OneDrive/Escritorio/Semestre/Inteligecia de Negocio/Proyecto Fase 2/BIProyecto/ETL/Transformacion Cliente.ktr]  Finished reading query, closing connection
2024-07-19 21:47:09.450 INFO  <Transformacion Cliente - Entrada Tabla> [C:\Users\niebl\OneDrive\Escritorio\Semestre\Inteligecia de Negocio\Proyecto Fase 2\BIProyecto\ETL\Trabajo Carga Data Dimensional.kjb  C:/Users/niebl/OneDrive/Escritorio/Semestre/Inteligecia de Negocio/Proyecto Fase 2/BIProyecto/ETL/Transformacion Cliente.ktr]  Procesamiento finalizado (I=300, O=0, R=0, W=300, U=0, E=0)
2024-07-19 21:47:09.454 INFO  <Transformacion Cliente - Generate random value sk_dim_cliente> [C:\Users\niebl\OneDrive\Escritorio\Semestre\Inteligecia de Negocio\Proyecto Fase 2\BIProyecto\ETL\Trabajo Carga Data Dimensional.kjb  C:/Users/niebl/OneDrive/Escritorio/Semestre/Inteligecia de Negocio/Proyecto Fase 2/BIProyecto/ETL/Transformacion Cliente.ktr]  Procesamiento finalizado (I=0, O=0, R=300, W=300, U=0, E=0)
2024-07-19 21:47:09.500 INFO  <Transformacion Cliente - Salida Tabla> [C:\Users\niebl\OneDrive\Escritorio\Semestre\Inteligecia de Negocio\Proyecto Fase 2\BIProyecto\ETL\Trabajo Carga Data Dimensional.kjb  C:/Users/niebl/OneDrive/Escritorio/Semestre/Inteligecia de Negocio/Proyecto Fase 2/BIProyecto/ETL/Transformacion Cliente.ktr]  Procesamiento finalizado (I=0, O=300, R=300, W=300, U=0, E=0)
2024-07-19 21:47:09.502 INFO  <Thread-1273> [C:\Users\niebl\OneDrive\Escritorio\Semestre\Inteligecia de Negocio\Proyecto Fase 2\BIProyecto\ETL\Trabajo Carga Data Dimensional.kjb]  Starting entry [Transformation Evaluacion servicio]
2024-07-19 21:47:09.516 INFO  <Thread-1273> [C:\Users\niebl\OneDrive\Escritorio\Semestre\Inteligecia de Negocio\Proyecto Fase 2\BIProyecto\ETL\Trabajo Carga Data Dimensional.kjb]  Using run configuration [Pentaho local]
2024-07-19 21:47:09.516 INFO  <Thread-1273> [C:\Users\niebl\OneDrive\Escritorio\Semestre\Inteligecia de Negocio\Proyecto Fase 2\BIProyecto\ETL\Trabajo Carga Data Dimensional.kjb  C:/Users/niebl/OneDrive/Escritorio/Semestre/Inteligecia de Negocio/Proyecto Fase 2/BIProyecto/ETL/Transformacion Evaluacion Servicio.ktr]  Iniciado despacho de la transformaci?n [Transformacion Evaluacion Servicio]
2024-07-19 21:47:09.596 INFO  <init of Salida Tabla dim_evaluacion_servicio.0 (Thread-1312)> [C:\Users\niebl\OneDrive\Escritorio\Semestre\Inteligecia de Negocio\Proyecto Fase 2\BIProyecto\ETL\Trabajo Carga Data Dimensional.kjb  C:/Users/niebl/OneDrive/Escritorio/Semestre/Inteligecia de Negocio/Proyecto Fase 2/BIProyecto/ETL/Transformacion Evaluacion Servicio.ktr]  Connected to database [Postgres] (commit=1000)
2024-07-19 21:47:09.606 INFO  <Transformacion Evaluacion Servicio - Entrada Tabla Evaluacion_Servicio> [C:\Users\niebl\OneDrive\Escritorio\Semestre\Inteligecia de Negocio\Proyecto Fase 2\BIProyecto\ETL\Trabajo Carga Data Dimensional.kjb  C:/Users/niebl/OneDrive/Escritorio/Semestre/Inteligecia de Negocio/Proyecto Fase 2/BIProyecto/ETL/Transformacion Evaluacion Servicio.ktr]  Finished reading query, closing connection
2024-07-19 21:47:09.607 INFO  <Transformacion Evaluacion Servicio - Entrada Tabla Evaluacion_Servicio> [C:\Users\niebl\OneDrive\Escritorio\Semestre\Inteligecia de Negocio\Proyecto Fase 2\BIProyecto\ETL\Trabajo Carga Data Dimensional.kjb  C:/Users/niebl/OneDrive/Escritorio/Semestre/Inteligecia de Negocio/Proyecto Fase 2/BIProyecto/ETL/Transformacion Evaluacion Servicio.ktr]  Procesamiento finalizado (I=6, O=0, R=0, W=6, U=0, E=0)
2024-07-19 21:47:09.613 INFO  <Transformacion Evaluacion Servicio - Generate random value sk_dim_evaluacion_servicio> [C:\Users\niebl\OneDrive\Escritorio\Semestre\Inteligecia de Negocio\Proyecto Fase 2\BIProyecto\ETL\Trabajo Carga Data Dimensional.kjb  C:/Users/niebl/OneDrive/Escritorio/Semestre/Inteligecia de Negocio/Proyecto Fase 2/BIProyecto/ETL/Transformacion Evaluacion Servicio.ktr]  Procesamiento finalizado (I=0, O=0, R=6, W=6, U=0, E=0)
2024-07-19 21:47:09.628 INFO  <Transformacion Evaluacion Servicio - Salida Tabla dim_evaluacion_servicio> [C:\Users\niebl\OneDrive\Escritorio\Semestre\Inteligecia de Negocio\Proyecto Fase 2\BIProyecto\ETL\Trabajo Carga Data Dimensional.kjb  C:/Users/niebl/OneDrive/Escritorio/Semestre/Inteligecia de Negocio/Proyecto Fase 2/BIProyecto/ETL/Transformacion Evaluacion Servicio.ktr]  Procesamiento finalizado (I=0, O=6, R=6, W=6, U=0, E=0)
2024-07-19 21:47:09.629 INFO  <Thread-1273> [C:\Users\niebl\OneDrive\Escritorio\Semestre\Inteligecia de Negocio\Proyecto Fase 2\BIProyecto\ETL\Trabajo Carga Data Dimensional.kjb]  Starting entry [Transformation Contrato]
2024-07-19 21:47:09.642 INFO  <Thread-1273> [C:\Users\niebl\OneDrive\Escritorio\Semestre\Inteligecia de Negocio\Proyecto Fase 2\BIProyecto\ETL\Trabajo Carga Data Dimensional.kjb]  Using run configuration [Pentaho local]
2024-07-19 21:47:09.643 INFO  <Thread-1273> [C:\Users\niebl\OneDrive\Escritorio\Semestre\Inteligecia de Negocio\Proyecto Fase 2\BIProyecto\ETL\Trabajo Carga Data Dimensional.kjb  C:/Users/niebl/OneDrive/Escritorio/Semestre/Inteligecia de Negocio/Proyecto Fase 2/BIProyecto/ETL/Transformacion_Contrato.ktr]  Iniciado despacho de la transformaci?n [Transformacion_Contrato]
2024-07-19 21:47:09.718 INFO  <init of Salida Tabla.0 (Thread-1318)> [C:\Users\niebl\OneDrive\Escritorio\Semestre\Inteligecia de Negocio\Proyecto Fase 2\BIProyecto\ETL\Trabajo Carga Data Dimensional.kjb  C:/Users/niebl/OneDrive/Escritorio/Semestre/Inteligecia de Negocio/Proyecto Fase 2/BIProyecto/ETL/Transformacion_Contrato.ktr]  Connected to database [PostgresConexion] (commit=1000)
2024-07-19 21:47:09.734 INFO  <Transformacion_Contrato - Entrada Tabla> [C:\Users\niebl\OneDrive\Escritorio\Semestre\Inteligecia de Negocio\Proyecto Fase 2\BIProyecto\ETL\Trabajo Carga Data Dimensional.kjb  C:/Users/niebl/OneDrive/Escritorio/Semestre/Inteligecia de Negocio/Proyecto Fase 2/BIProyecto/ETL/Transformacion_Contrato.ktr]  Finished reading query, closing connection
2024-07-19 21:47:09.735 INFO  <Transformacion_Contrato - Entrada Tabla> [C:\Users\niebl\OneDrive\Escritorio\Semestre\Inteligecia de Negocio\Proyecto Fase 2\BIProyecto\ETL\Trabajo Carga Data Dimensional.kjb  C:/Users/niebl/OneDrive/Escritorio/Semestre/Inteligecia de Negocio/Proyecto Fase 2/BIProyecto/ETL/Transformacion_Contrato.ktr]  Procesamiento finalizado (I=1000, O=0, R=0, W=1000, U=0, E=0)
2024-07-19 21:47:09.738 INFO  <Transformacion_Contrato - Generate random value sk_dim_contrato> [C:\Users\niebl\OneDrive\Escritorio\Semestre\Inteligecia de Negocio\Proyecto Fase 2\BIProyecto\ETL\Trabajo Carga Data Dimensional.kjb  C:/Users/niebl/OneDrive/Escritorio/Semestre/Inteligecia de Negocio/Proyecto Fase 2/BIProyecto/ETL/Transformacion_Contrato.ktr]  Procesamiento finalizado (I=0, O=0, R=1000, W=1000, U=0, E=0)
2024-07-19 21:47:09.867 INFO  <Transformacion_Contrato - Salida Tabla> [C:\Users\niebl\OneDrive\Escritorio\Semestre\Inteligecia de Negocio\Proyecto Fase 2\BIProyecto\ETL\Trabajo Carga Data Dimensional.kjb  C:/Users/niebl/OneDrive/Escritorio/Semestre/Inteligecia de Negocio/Proyecto Fase 2/BIProyecto/ETL/Transformacion_Contrato.ktr]  Procesamiento finalizado (I=0, O=1000, R=1000, W=1000, U=0, E=0)
2024-07-19 21:47:09.869 INFO  <Thread-1273> [C:\Users\niebl\OneDrive\Escritorio\Semestre\Inteligecia de Negocio\Proyecto Fase 2\BIProyecto\ETL\Trabajo Carga Data Dimensional.kjb]  Starting entry [Transformation Estado Contrato]
2024-07-19 21:47:09.890 INFO  <Thread-1273> [C:\Users\niebl\OneDrive\Escritorio\Semestre\Inteligecia de Negocio\Proyecto Fase 2\BIProyecto\ETL\Trabajo Carga Data Dimensional.kjb]  Using run configuration [Pentaho local]
2024-07-19 21:47:09.891 INFO  <Thread-1273> [C:\Users\niebl\OneDrive\Escritorio\Semestre\Inteligecia de Negocio\Proyecto Fase 2\BIProyecto\ETL\Trabajo Carga Data Dimensional.kjb  C:/Users/niebl/OneDrive/Escritorio/Semestre/Inteligecia de Negocio/Proyecto Fase 2/BIProyecto/ETL/Transformacion Estado Contrato.ktr]  Iniciado despacho de la transformaci?n [Transformacion Estado Contrato]
2024-07-19 21:47:09.980 INFO  <init of Salida Tabla dim_estado_contrato.0 (Thread-1327)> [C:\Users\niebl\OneDrive\Escritorio\Semestre\Inteligecia de Negocio\Proyecto Fase 2\BIProyecto\ETL\Trabajo Carga Data Dimensional.kjb  C:/Users/niebl/OneDrive/Escritorio/Semestre/Inteligecia de Negocio/Proyecto Fase 2/BIProyecto/ETL/Transformacion Estado Contrato.ktr]  Connected to database [Postgres] (commit=1000)
2024-07-19 21:47:09.997 INFO  <Transformacion Estado Contrato - Entrada Tabla Estado Contrato> [C:\Users\niebl\OneDrive\Escritorio\Semestre\Inteligecia de Negocio\Proyecto Fase 2\BIProyecto\ETL\Trabajo Carga Data Dimensional.kjb  C:/Users/niebl/OneDrive/Escritorio/Semestre/Inteligecia de Negocio/Proyecto Fase 2/BIProyecto/ETL/Transformacion Estado Contrato.ktr]  Finished reading query, closing connection
2024-07-19 21:47:09.999 INFO  <Transformacion Estado Contrato - Entrada Tabla Estado Contrato> [C:\Users\niebl\OneDrive\Escritorio\Semestre\Inteligecia de Negocio\Proyecto Fase 2\BIProyecto\ETL\Trabajo Carga Data Dimensional.kjb  C:/Users/niebl/OneDrive/Escritorio/Semestre/Inteligecia de Negocio/Proyecto Fase 2/BIProyecto/ETL/Transformacion Estado Contrato.ktr]  Procesamiento finalizado (I=1000, O=0, R=0, W=1000, U=0, E=0)
2024-07-19 21:47:10.010 INFO  <Transformacion Estado Contrato - Seleccionar Estado Contrato> [C:\Users\niebl\OneDrive\Escritorio\Semestre\Inteligecia de Negocio\Proyecto Fase 2\BIProyecto\ETL\Trabajo Carga Data Dimensional.kjb  C:/Users/niebl/OneDrive/Escritorio/Semestre/Inteligecia de Negocio/Proyecto Fase 2/BIProyecto/ETL/Transformacion Estado Contrato.ktr]  Procesamiento finalizado (I=0, O=0, R=1000, W=1000, U=0, E=0)
2024-07-19 21:47:10.013 INFO  <Transformacion Estado Contrato - Agrupar> [C:\Users\niebl\OneDrive\Escritorio\Semestre\Inteligecia de Negocio\Proyecto Fase 2\BIProyecto\ETL\Trabajo Carga Data Dimensional.kjb  C:/Users/niebl/OneDrive/Escritorio/Semestre/Inteligecia de Negocio/Proyecto Fase 2/BIProyecto/ETL/Transformacion Estado Contrato.ktr]  Procesamiento finalizado (I=0, O=0, R=1000, W=8, U=0, E=0)
2024-07-19 21:47:10.017 INFO  <Transformacion Estado Contrato - Generate random value cod_estado> [C:\Users\niebl\OneDrive\Escritorio\Semestre\Inteligecia de Negocio\Proyecto Fase 2\BIProyecto\ETL\Trabajo Carga Data Dimensional.kjb  C:/Users/niebl/OneDrive/Escritorio/Semestre/Inteligecia de Negocio/Proyecto Fase 2/BIProyecto/ETL/Transformacion Estado Contrato.ktr]  Procesamiento finalizado (I=0, O=0, R=8, W=8, U=0, E=0)
2024-07-19 21:47:10.023 INFO  <Transformacion Estado Contrato - Generate random value sk_dim_estado_contrato> [C:\Users\niebl\OneDrive\Escritorio\Semestre\Inteligecia de Negocio\Proyecto Fase 2\BIProyecto\ETL\Trabajo Carga Data Dimensional.kjb  C:/Users/niebl/OneDrive/Escritorio/Semestre/Inteligecia de Negocio/Proyecto Fase 2/BIProyecto/ETL/Transformacion Estado Contrato.ktr]  Procesamiento finalizado (I=0, O=0, R=8, W=8, U=0, E=0)
2024-07-19 21:47:10.041 INFO  <Transformacion Estado Contrato - Salida Tabla dim_estado_contrato> [C:\Users\niebl\OneDrive\Escritorio\Semestre\Inteligecia de Negocio\Proyecto Fase 2\BIProyecto\ETL\Trabajo Carga Data Dimensional.kjb  C:/Users/niebl/OneDrive/Escritorio/Semestre/Inteligecia de Negocio/Proyecto Fase 2/BIProyecto/ETL/Transformacion Estado Contrato.ktr]  Procesamiento finalizado (I=0, O=8, R=8, W=8, U=0, E=0)
2024-07-19 21:47:10.043 INFO  <Thread-1273> [C:\Users\niebl\OneDrive\Escritorio\Semestre\Inteligecia de Negocio\Proyecto Fase 2\BIProyecto\ETL\Trabajo Carga Data Dimensional.kjb]  Starting entry [Transformation Siniestro]
2024-07-19 21:47:10.056 INFO  <Thread-1273> [C:\Users\niebl\OneDrive\Escritorio\Semestre\Inteligecia de Negocio\Proyecto Fase 2\BIProyecto\ETL\Trabajo Carga Data Dimensional.kjb]  Using run configuration [Pentaho local]
2024-07-19 21:47:10.057 INFO  <Thread-1273> [C:\Users\niebl\OneDrive\Escritorio\Semestre\Inteligecia de Negocio\Proyecto Fase 2\BIProyecto\ETL\Trabajo Carga Data Dimensional.kjb  C:/Users/niebl/OneDrive/Escritorio/Semestre/Inteligecia de Negocio/Proyecto Fase 2/BIProyecto/ETL/Transformacion siniestro.ktr]  Iniciado despacho de la transformaci?n [Transformacion siniestro]
2024-07-19 21:47:10.135 INFO  <init of Salida Tabla dim_siniestro.0 (Thread-1336)> [C:\Users\niebl\OneDrive\Escritorio\Semestre\Inteligecia de Negocio\Proyecto Fase 2\BIProyecto\ETL\Trabajo Carga Data Dimensional.kjb  C:/Users/niebl/OneDrive/Escritorio/Semestre/Inteligecia de Negocio/Proyecto Fase 2/BIProyecto/ETL/Transformacion siniestro.ktr]  Connected to database [Postgres] (commit=1000)
2024-07-19 21:47:10.153 INFO  <Transformacion siniestro - Entrada Tabla Siniestro> [C:\Users\niebl\OneDrive\Escritorio\Semestre\Inteligecia de Negocio\Proyecto Fase 2\BIProyecto\ETL\Trabajo Carga Data Dimensional.kjb  C:/Users/niebl/OneDrive/Escritorio/Semestre/Inteligecia de Negocio/Proyecto Fase 2/BIProyecto/ETL/Transformacion siniestro.ktr]  Finished reading query, closing connection
2024-07-19 21:47:10.154 INFO  <Transformacion siniestro - Entrada Tabla Siniestro> [C:\Users\niebl\OneDrive\Escritorio\Semestre\Inteligecia de Negocio\Proyecto Fase 2\BIProyecto\ETL\Trabajo Carga Data Dimensional.kjb  C:/Users/niebl/OneDrive/Escritorio/Semestre/Inteligecia de Negocio/Proyecto Fase 2/BIProyecto/ETL/Transformacion siniestro.ktr]  Procesamiento finalizado (I=1000, O=0, R=0, W=1000, U=0, E=0)
2024-07-19 21:47:10.167 INFO  <Transformacion siniestro - Generate random value sk_dim_siniestro> [C:\Users\niebl\OneDrive\Escritorio\Semestre\Inteligecia de Negocio\Proyecto Fase 2\BIProyecto\ETL\Trabajo Carga Data Dimensional.kjb  C:/Users/niebl/OneDrive/Escritorio/Semestre/Inteligecia de Negocio/Proyecto Fase 2/BIProyecto/ETL/Transformacion siniestro.ktr]  Procesamiento finalizado (I=0, O=0, R=1000, W=1000, U=0, E=0)
2024-07-19 21:47:10.199 INFO  <Transformacion siniestro - Salida Tabla dim_siniestro> [C:\Users\niebl\OneDrive\Escritorio\Semestre\Inteligecia de Negocio\Proyecto Fase 2\BIProyecto\ETL\Trabajo Carga Data Dimensional.kjb  C:/Users/niebl/OneDrive/Escritorio/Semestre/Inteligecia de Negocio/Proyecto Fase 2/BIProyecto/ETL/Transformacion siniestro.ktr]  Procesamiento finalizado (I=0, O=1000, R=1000, W=1000, U=0, E=0)
2024-07-19 21:47:10.200 INFO  <Thread-1273> [C:\Users\niebl\OneDrive\Escritorio\Semestre\Inteligecia de Negocio\Proyecto Fase 2\BIProyecto\ETL\Trabajo Carga Data Dimensional.kjb]  Starting entry [Success]
2024-07-19 21:47:10.201 INFO  <Thread-1273> [C:\Users\niebl\OneDrive\Escritorio\Semestre\Inteligecia de Negocio\Proyecto Fase 2\BIProyecto\ETL\Trabajo Carga Data Dimensional.kjb]  Finished job entry [Success] (result=[true])
2024-07-19 21:47:10.201 INFO  <Thread-1273> [C:\Users\niebl\OneDrive\Escritorio\Semestre\Inteligecia de Negocio\Proyecto Fase 2\BIProyecto\ETL\Trabajo Carga Data Dimensional.kjb]  Finished job entry [Transformation Siniestro] (result=[true])
2024-07-19 21:47:10.201 INFO  <Thread-1273> [C:\Users\niebl\OneDrive\Escritorio\Semestre\Inteligecia de Negocio\Proyecto Fase 2\BIProyecto\ETL\Trabajo Carga Data Dimensional.kjb]  Finished job entry [Transformation Estado Contrato] (result=[true])
2024-07-19 21:47:10.201 INFO  <Thread-1273> [C:\Users\niebl\OneDrive\Escritorio\Semestre\Inteligecia de Negocio\Proyecto Fase 2\BIProyecto\ETL\Trabajo Carga Data Dimensional.kjb]  Finished job entry [Transformation Contrato] (result=[true])
2024-07-19 21:47:10.201 INFO  <Thread-1273> [C:\Users\niebl\OneDrive\Escritorio\Semestre\Inteligecia de Negocio\Proyecto Fase 2\BIProyecto\ETL\Trabajo Carga Data Dimensional.kjb]  Finished job entry [Transformation Evaluacion servicio] (result=[true])
2024-07-19 21:47:10.201 INFO  <Thread-1273> [C:\Users\niebl\OneDrive\Escritorio\Semestre\Inteligecia de Negocio\Proyecto Fase 2\BIProyecto\ETL\Trabajo Carga Data Dimensional.kjb]  Finished job entry [Transformation Cliente] (result=[true])
2024-07-19 21:47:10.201 INFO  <Thread-1273> [C:\Users\niebl\OneDrive\Escritorio\Semestre\Inteligecia de Negocio\Proyecto Fase 2\BIProyecto\ETL\Trabajo Carga Data Dimensional.kjb]  Finished job entry [Transformation Producto] (result=[true])
2024-07-19 21:47:10.202 INFO  <Thread-1273> [C:\Users\niebl\OneDrive\Escritorio\Semestre\Inteligecia de Negocio\Proyecto Fase 2\BIProyecto\ETL\Trabajo Carga Data Dimensional.kjb]  Finished job entry [Transformation Sucursal] (result=[true])
2024-07-19 21:47:10.202 WARN  <Thread-1273> [C:\Users\niebl\OneDrive\Escritorio\Semestre\Inteligecia de Negocio\Proyecto Fase 2\BIProyecto\ETL\Trabajo Carga Data Dimensional.kjb]  Job execution finished
