2024-07-24 00:00:13.894 INFO  <Thread-748> [C:\Users\niebl\Transformacion Fact_Registro_Siniestro.ktr]  Iniciado despacho de la transformaci?n [Transformacion Fact_Registro_Siniestro]
2024-07-24 00:00:14.281 INFO  <Transformacion Fact_Registro_Siniestro - Entrada Tabla Fact_Registro_Siniestro> [C:\Users\niebl\Transformacion Fact_Registro_Siniestro.ktr]  Finished reading query, closing connection
2024-07-24 00:00:14.282 INFO  <Transformacion Fact_Registro_Siniestro - Entrada Tabla Fact_Registro_Siniestro> [C:\Users\niebl\Transformacion Fact_Registro_Siniestro.ktr]  Procesamiento finalizado (I=1000, O=0, R=0, W=1000, U=0, E=0)
2024-07-24 00:00:14.308 INFO  <Transformacion Fact_Registro_Siniestro - Ordenar filas siniestro> [C:\Users\niebl\Transformacion Fact_Registro_Siniestro.ktr]  Procesamiento finalizado (I=0, O=0, R=1000, W=1000, U=0, E=0)
2024-07-24 00:00:59.326 INFO  <ModalContext> [C:\Users\niebl\Transformacion Fact_Registro_Siniestro.ktr : Transformacion Fact_Registro_Siniestro.ktr]  Iniciado despacho de la transformaci?n [C:\Users\niebl\Transformacion Fact_Registro_Siniestro.ktr : Transformacion Fact_Registro_Siniestro]
2024-07-24 00:00:59.469 INFO  <C:\Users\niebl\Transformacion Fact_Registro_Siniestro.ktr : Transformacion Fact_Registro_Siniestro - Entrada Tabla dim_siniestro> [C:\Users\niebl\Transformacion Fact_Registro_Siniestro.ktr : Transformacion Fact_Registro_Siniestro.ktr]  Finished reading query, closing connection
2024-07-24 00:00:59.470 INFO  <C:\Users\niebl\Transformacion Fact_Registro_Siniestro.ktr : Transformacion Fact_Registro_Siniestro - Entrada Tabla dim_siniestro> [C:\Users\niebl\Transformacion Fact_Registro_Siniestro.ktr : Transformacion Fact_Registro_Siniestro.ktr]  Procesamiento finalizado (I=1000, O=0, R=0, W=1000, U=0, E=0)
2024-07-24 00:00:59.486 INFO  <C:\Users\niebl\Transformacion Fact_Registro_Siniestro.ktr : Transformacion Fact_Registro_Siniestro - dummy> [C:\Users\niebl\Transformacion Fact_Registro_Siniestro.ktr : Transformacion Fact_Registro_Siniestro.ktr]  Procesamiento finalizado (I=0, O=0, R=1000, W=1000, U=0, E=0)
2024-07-24 00:02:40.204 INFO  <Thread-768> [C:\Users\niebl\Transformacion Fact_Registro_Siniestro.ktr]  Iniciado despacho de la transformaci?n [Transformacion Fact_Registro_Siniestro]
2024-07-24 00:02:40.372 INFO  <Transformacion Fact_Registro_Siniestro - Entrada Tabla dim_siniestro> [C:\Users\niebl\Transformacion Fact_Registro_Siniestro.ktr]  Finished reading query, closing connection
2024-07-24 00:02:40.373 INFO  <Transformacion Fact_Registro_Siniestro - Entrada Tabla dim_siniestro> [C:\Users\niebl\Transformacion Fact_Registro_Siniestro.ktr]  Procesamiento finalizado (I=1000, O=0, R=0, W=1000, U=0, E=0)
2024-07-24 00:02:40.375 INFO  <Transformacion Fact_Registro_Siniestro - Entrada Tabla Fact_Registro_Siniestro> [C:\Users\niebl\Transformacion Fact_Registro_Siniestro.ktr]  Finished reading query, closing connection
2024-07-24 00:02:40.376 INFO  <Transformacion Fact_Registro_Siniestro - Entrada Tabla Fact_Registro_Siniestro> [C:\Users\niebl\Transformacion Fact_Registro_Siniestro.ktr]  Procesamiento finalizado (I=1000, O=0, R=0, W=1000, U=0, E=0)
2024-07-24 00:02:40.401 INFO  <Transformacion Fact_Registro_Siniestro - Ordenar filas siniestro> [C:\Users\niebl\Transformacion Fact_Registro_Siniestro.ktr]  Procesamiento finalizado (I=0, O=0, R=1000, W=1000, U=0, E=0)
2024-07-24 00:02:40.401 INFO  <Transformacion Fact_Registro_Siniestro - Ordenar filas nro_siniestro> [C:\Users\niebl\Transformacion Fact_Registro_Siniestro.ktr]  Procesamiento finalizado (I=0, O=0, R=1000, W=1000, U=0, E=0)
2024-07-24 00:02:40.772 INFO  <Transformacion Fact_Registro_Siniestro - Unión por clave sinistro> [C:\Users\niebl\Transformacion Fact_Registro_Siniestro.ktr]  Procesamiento finalizado (I=0, O=0, R=2000, W=1000, U=0, E=0)
2024-07-24 00:05:37.238 INFO  <Thread-799> [C:\Users\niebl\Transformacion Fact_Registro_Siniestro.ktr]  Iniciado despacho de la transformaci?n [Transformacion Fact_Registro_Siniestro]
2024-07-24 00:05:37.366 INFO  <Transformacion Fact_Registro_Siniestro - Entrada Tabla dim_siniestro> [C:\Users\niebl\Transformacion Fact_Registro_Siniestro.ktr]  Finished reading query, closing connection
2024-07-24 00:05:37.366 INFO  <Transformacion Fact_Registro_Siniestro - Entrada Tabla dim_contrato> [C:\Users\niebl\Transformacion Fact_Registro_Siniestro.ktr]  Finished reading query, closing connection
2024-07-24 00:05:37.367 INFO  <Transformacion Fact_Registro_Siniestro - Entrada Tabla dim_contrato> [C:\Users\niebl\Transformacion Fact_Registro_Siniestro.ktr]  Procesamiento finalizado (I=1000, O=0, R=0, W=1000, U=0, E=0)
2024-07-24 00:05:37.371 INFO  <Transformacion Fact_Registro_Siniestro - Ordenar filas nro_siniestro> [C:\Users\niebl\Transformacion Fact_Registro_Siniestro.ktr]  Procesamiento finalizado (I=0, O=0, R=1000, W=1000, U=0, E=0)
2024-07-24 00:05:37.371 INFO  <Transformacion Fact_Registro_Siniestro - Entrada Tabla Fact_Registro_Siniestro> [C:\Users\niebl\Transformacion Fact_Registro_Siniestro.ktr]  Finished reading query, closing connection
2024-07-24 00:05:37.371 INFO  <Transformacion Fact_Registro_Siniestro - Ordenar filas nro_contrato> [C:\Users\niebl\Transformacion Fact_Registro_Siniestro.ktr]  Procesamiento finalizado (I=0, O=0, R=1000, W=1000, U=0, E=0)
2024-07-24 00:05:37.373 INFO  <Transformacion Fact_Registro_Siniestro - Entrada Tabla dim_siniestro> [C:\Users\niebl\Transformacion Fact_Registro_Siniestro.ktr]  Procesamiento finalizado (I=1000, O=0, R=0, W=1000, U=0, E=0)
2024-07-24 00:05:37.373 INFO  <Transformacion Fact_Registro_Siniestro - Entrada Tabla Fact_Registro_Siniestro> [C:\Users\niebl\Transformacion Fact_Registro_Siniestro.ktr]  Procesamiento finalizado (I=1000, O=0, R=0, W=1000, U=0, E=0)
2024-07-24 00:05:37.377 INFO  <Transformacion Fact_Registro_Siniestro - Ordenar filas siniestro> [C:\Users\niebl\Transformacion Fact_Registro_Siniestro.ktr]  Procesamiento finalizado (I=0, O=0, R=1000, W=1000, U=0, E=0)
2024-07-24 00:05:37.740 INFO  <Transformacion Fact_Registro_Siniestro - Unión por clave sinistro> [C:\Users\niebl\Transformacion Fact_Registro_Siniestro.ktr]  Procesamiento finalizado (I=0, O=0, R=2000, W=1000, U=0, E=0)
2024-07-24 00:05:37.771 INFO  <Transformacion Fact_Registro_Siniestro - Ordenar filas contrato> [C:\Users\niebl\Transformacion Fact_Registro_Siniestro.ktr]  Procesamiento finalizado (I=0, O=0, R=1000, W=1000, U=0, E=0)
2024-07-24 00:05:38.141 INFO  <Transformacion Fact_Registro_Siniestro - Unión por clave contrato> [C:\Users\niebl\Transformacion Fact_Registro_Siniestro.ktr]  Procesamiento finalizado (I=0, O=0, R=2000, W=1000, U=0, E=0)
2024-07-24 00:14:45.016 INFO  <ModalContext> [C:\Users\niebl\Transformacion Fact_Registro_Siniestro.ktr : Transformacion Fact_Registro_Siniestro.ktr]  Iniciado despacho de la transformaci?n [C:\Users\niebl\Transformacion Fact_Registro_Siniestro.ktr : Transformacion Fact_Registro_Siniestro]
2024-07-24 00:14:45.135 INFO  <C:\Users\niebl\Transformacion Fact_Registro_Siniestro.ktr : Transformacion Fact_Registro_Siniestro - Entrada Tabla cliente> [C:\Users\niebl\Transformacion Fact_Registro_Siniestro.ktr : Transformacion Fact_Registro_Siniestro.ktr]  Finished reading query, closing connection
2024-07-24 00:14:45.135 INFO  <C:\Users\niebl\Transformacion Fact_Registro_Siniestro.ktr : Transformacion Fact_Registro_Siniestro - Entrada Tabla cliente> [C:\Users\niebl\Transformacion Fact_Registro_Siniestro.ktr : Transformacion Fact_Registro_Siniestro.ktr]  Procesamiento finalizado (I=300, O=0, R=0, W=300, U=0, E=0)
2024-07-24 00:14:45.167 INFO  <C:\Users\niebl\Transformacion Fact_Registro_Siniestro.ktr : Transformacion Fact_Registro_Siniestro - dummy> [C:\Users\niebl\Transformacion Fact_Registro_Siniestro.ktr : Transformacion Fact_Registro_Siniestro.ktr]  Procesamiento finalizado (I=0, O=0, R=300, W=300, U=0, E=0)
2024-07-24 00:16:05.329 INFO  <ModalContext> [C:\Users\niebl\Transformacion Fact_Registro_Siniestro.ktr : Transformacion Fact_Registro_Siniestro.ktr]  Iniciado despacho de la transformaci?n [C:\Users\niebl\Transformacion Fact_Registro_Siniestro.ktr : Transformacion Fact_Registro_Siniestro]
2024-07-24 00:16:05.417 INFO  <C:\Users\niebl\Transformacion Fact_Registro_Siniestro.ktr : Transformacion Fact_Registro_Siniestro - Entrada Tabla dim_cliente> [C:\Users\niebl\Transformacion Fact_Registro_Siniestro.ktr : Transformacion Fact_Registro_Siniestro.ktr]  Finished reading query, closing connection
2024-07-24 00:16:05.417 INFO  <C:\Users\niebl\Transformacion Fact_Registro_Siniestro.ktr : Transformacion Fact_Registro_Siniestro - Entrada Tabla dim_cliente> [C:\Users\niebl\Transformacion Fact_Registro_Siniestro.ktr : Transformacion Fact_Registro_Siniestro.ktr]  Procesamiento finalizado (I=300, O=0, R=0, W=300, U=0, E=0)
2024-07-24 00:16:05.448 INFO  <C:\Users\niebl\Transformacion Fact_Registro_Siniestro.ktr : Transformacion Fact_Registro_Siniestro - dummy> [C:\Users\niebl\Transformacion Fact_Registro_Siniestro.ktr : Transformacion Fact_Registro_Siniestro.ktr]  Procesamiento finalizado (I=0, O=0, R=300, W=300, U=0, E=0)
2024-07-24 00:17:15.899 INFO  <Thread-852> [C:\Users\niebl\Transformacion Fact_Registro_Siniestro.ktr]  Iniciado despacho de la transformaci?n [Transformacion Fact_Registro_Siniestro]
2024-07-24 00:17:16.041 INFO  <Transformacion Fact_Registro_Siniestro - Entrada Tabla cliente> [C:\Users\niebl\Transformacion Fact_Registro_Siniestro.ktr]  Finished reading query, closing connection
2024-07-24 00:17:16.042 INFO  <Transformacion Fact_Registro_Siniestro - Entrada Tabla cliente> [C:\Users\niebl\Transformacion Fact_Registro_Siniestro.ktr]  Procesamiento finalizado (I=300, O=0, R=0, W=300, U=0, E=0)
2024-07-24 00:17:16.046 INFO  <Transformacion Fact_Registro_Siniestro - Entrada Tabla dim_siniestro> [C:\Users\niebl\Transformacion Fact_Registro_Siniestro.ktr]  Finished reading query, closing connection
2024-07-24 00:17:16.048 INFO  <Transformacion Fact_Registro_Siniestro - Entrada Tabla dim_contrato> [C:\Users\niebl\Transformacion Fact_Registro_Siniestro.ktr]  Finished reading query, closing connection
2024-07-24 00:17:16.049 INFO  <Transformacion Fact_Registro_Siniestro - Entrada Tabla dim_siniestro> [C:\Users\niebl\Transformacion Fact_Registro_Siniestro.ktr]  Procesamiento finalizado (I=1000, O=0, R=0, W=1000, U=0, E=0)
2024-07-24 00:17:16.049 INFO  <Transformacion Fact_Registro_Siniestro - Entrada Tabla dim_contrato> [C:\Users\niebl\Transformacion Fact_Registro_Siniestro.ktr]  Procesamiento finalizado (I=1000, O=0, R=0, W=1000, U=0, E=0)
2024-07-24 00:17:16.050 INFO  <Transformacion Fact_Registro_Siniestro - Entrada Tabla Fact_Registro_Siniestro> [C:\Users\niebl\Transformacion Fact_Registro_Siniestro.ktr]  Finished reading query, closing connection
2024-07-24 00:17:16.050 INFO  <Transformacion Fact_Registro_Siniestro - Ordenar filas codigo cliente> [C:\Users\niebl\Transformacion Fact_Registro_Siniestro.ktr]  Procesamiento finalizado (I=0, O=0, R=300, W=300, U=0, E=0)
2024-07-24 00:17:16.052 INFO  <Transformacion Fact_Registro_Siniestro - Ordenar filas nro_siniestro> [C:\Users\niebl\Transformacion Fact_Registro_Siniestro.ktr]  Procesamiento finalizado (I=0, O=0, R=1000, W=1000, U=0, E=0)
2024-07-24 00:17:16.053 INFO  <Transformacion Fact_Registro_Siniestro - Entrada Tabla Fact_Registro_Siniestro> [C:\Users\niebl\Transformacion Fact_Registro_Siniestro.ktr]  Procesamiento finalizado (I=1000, O=0, R=0, W=1000, U=0, E=0)
2024-07-24 00:17:16.060 INFO  <Transformacion Fact_Registro_Siniestro - Entrada Tabla dim_cliente> [C:\Users\niebl\Transformacion Fact_Registro_Siniestro.ktr]  Finished reading query, closing connection
2024-07-24 00:17:16.061 INFO  <Transformacion Fact_Registro_Siniestro - Entrada Tabla dim_cliente> [C:\Users\niebl\Transformacion Fact_Registro_Siniestro.ktr]  Procesamiento finalizado (I=300, O=0, R=0, W=300, U=0, E=0)
2024-07-24 00:17:16.062 INFO  <Transformacion Fact_Registro_Siniestro - Ordenar filas nro_contrato> [C:\Users\niebl\Transformacion Fact_Registro_Siniestro.ktr]  Procesamiento finalizado (I=0, O=0, R=1000, W=1000, U=0, E=0)
2024-07-24 00:17:16.077 INFO  <Transformacion Fact_Registro_Siniestro - Ordenar filas siniestro> [C:\Users\niebl\Transformacion Fact_Registro_Siniestro.ktr]  Procesamiento finalizado (I=0, O=0, R=1000, W=1000, U=0, E=0)
2024-07-24 00:17:16.092 INFO  <Transformacion Fact_Registro_Siniestro - Ordenar filas codigo cliente 2> [C:\Users\niebl\Transformacion Fact_Registro_Siniestro.ktr]  Procesamiento finalizado (I=0, O=0, R=300, W=300, U=0, E=0)
2024-07-24 00:17:16.435 INFO  <Transformacion Fact_Registro_Siniestro - Unión por clave sinistro> [C:\Users\niebl\Transformacion Fact_Registro_Siniestro.ktr]  Procesamiento finalizado (I=0, O=0, R=2000, W=1000, U=0, E=0)
2024-07-24 00:17:16.467 INFO  <Transformacion Fact_Registro_Siniestro - Ordenar filas contrato> [C:\Users\niebl\Transformacion Fact_Registro_Siniestro.ktr]  Procesamiento finalizado (I=0, O=0, R=1000, W=1000, U=0, E=0)
2024-07-24 00:17:16.839 INFO  <Transformacion Fact_Registro_Siniestro - Unión por clave contrato> [C:\Users\niebl\Transformacion Fact_Registro_Siniestro.ktr]  Procesamiento finalizado (I=0, O=0, R=2000, W=1000, U=0, E=0)
2024-07-24 00:18:11.507 INFO  <Thread-885> [C:\Users\niebl\Transformacion Fact_Registro_Siniestro.ktr]  Iniciado despacho de la transformaci?n [Transformacion Fact_Registro_Siniestro]
2024-07-24 00:18:11.658 INFO  <Transformacion Fact_Registro_Siniestro - Entrada Tabla cliente> [C:\Users\niebl\Transformacion Fact_Registro_Siniestro.ktr]  Finished reading query, closing connection
2024-07-24 00:18:11.659 INFO  <Transformacion Fact_Registro_Siniestro - Entrada Tabla dim_siniestro> [C:\Users\niebl\Transformacion Fact_Registro_Siniestro.ktr]  Finished reading query, closing connection
2024-07-24 00:18:11.660 INFO  <Transformacion Fact_Registro_Siniestro - Entrada Tabla dim_cliente> [C:\Users\niebl\Transformacion Fact_Registro_Siniestro.ktr]  Finished reading query, closing connection
2024-07-24 00:18:11.660 INFO  <Transformacion Fact_Registro_Siniestro - Entrada Tabla cliente> [C:\Users\niebl\Transformacion Fact_Registro_Siniestro.ktr]  Procesamiento finalizado (I=300, O=0, R=0, W=300, U=0, E=0)
2024-07-24 00:18:11.661 INFO  <Transformacion Fact_Registro_Siniestro - Entrada Tabla dim_contrato> [C:\Users\niebl\Transformacion Fact_Registro_Siniestro.ktr]  Finished reading query, closing connection
2024-07-24 00:18:11.661 INFO  <Transformacion Fact_Registro_Siniestro - Entrada Tabla dim_siniestro> [C:\Users\niebl\Transformacion Fact_Registro_Siniestro.ktr]  Procesamiento finalizado (I=1000, O=0, R=0, W=1000, U=0, E=0)
2024-07-24 00:18:11.662 INFO  <Transformacion Fact_Registro_Siniestro - Entrada Tabla dim_cliente> [C:\Users\niebl\Transformacion Fact_Registro_Siniestro.ktr]  Procesamiento finalizado (I=300, O=0, R=0, W=300, U=0, E=0)
2024-07-24 00:18:11.663 INFO  <Transformacion Fact_Registro_Siniestro - Entrada Tabla dim_contrato> [C:\Users\niebl\Transformacion Fact_Registro_Siniestro.ktr]  Procesamiento finalizado (I=1000, O=0, R=0, W=1000, U=0, E=0)
2024-07-24 00:18:11.664 INFO  <Transformacion Fact_Registro_Siniestro - Entrada Tabla Fact_Registro_Siniestro> [C:\Users\niebl\Transformacion Fact_Registro_Siniestro.ktr]  Finished reading query, closing connection
2024-07-24 00:18:11.665 INFO  <Transformacion Fact_Registro_Siniestro - Entrada Tabla Fact_Registro_Siniestro> [C:\Users\niebl\Transformacion Fact_Registro_Siniestro.ktr]  Procesamiento finalizado (I=1000, O=0, R=0, W=1000, U=0, E=0)
2024-07-24 00:18:11.666 INFO  <Transformacion Fact_Registro_Siniestro - Ordenar filas nro_contrato> [C:\Users\niebl\Transformacion Fact_Registro_Siniestro.ktr]  Procesamiento finalizado (I=0, O=0, R=1000, W=1000, U=0, E=0)
2024-07-24 00:18:11.666 INFO  <Transformacion Fact_Registro_Siniestro - Ordenar filas codigo cliente> [C:\Users\niebl\Transformacion Fact_Registro_Siniestro.ktr]  Procesamiento finalizado (I=0, O=0, R=300, W=300, U=0, E=0)
2024-07-24 00:18:11.666 INFO  <Transformacion Fact_Registro_Siniestro - Ordenar filas codigo cliente 2> [C:\Users\niebl\Transformacion Fact_Registro_Siniestro.ktr]  Procesamiento finalizado (I=0, O=0, R=300, W=300, U=0, E=0)
2024-07-24 00:18:11.667 INFO  <Transformacion Fact_Registro_Siniestro - Ordenar filas nro_siniestro> [C:\Users\niebl\Transformacion Fact_Registro_Siniestro.ktr]  Procesamiento finalizado (I=0, O=0, R=1000, W=1000, U=0, E=0)
2024-07-24 00:18:11.696 INFO  <Transformacion Fact_Registro_Siniestro - Ordenar filas siniestro> [C:\Users\niebl\Transformacion Fact_Registro_Siniestro.ktr]  Procesamiento finalizado (I=0, O=0, R=1000, W=1000, U=0, E=0)
2024-07-24 00:18:11.996 INFO  <Transformacion Fact_Registro_Siniestro - Unión por clave codigo cliente> [C:\Users\niebl\Transformacion Fact_Registro_Siniestro.ktr]  Procesamiento finalizado (I=0, O=0, R=600, W=300, U=0, E=0)
2024-07-24 00:18:12.043 INFO  <Transformacion Fact_Registro_Siniestro - Unión por clave sinistro> [C:\Users\niebl\Transformacion Fact_Registro_Siniestro.ktr]  Procesamiento finalizado (I=0, O=0, R=2000, W=1000, U=0, E=0)
2024-07-24 00:18:12.076 INFO  <Transformacion Fact_Registro_Siniestro - Ordenar filas contrato> [C:\Users\niebl\Transformacion Fact_Registro_Siniestro.ktr]  Procesamiento finalizado (I=0, O=0, R=1000, W=1000, U=0, E=0)
2024-07-24 00:18:12.450 INFO  <Transformacion Fact_Registro_Siniestro - Unión por clave contrato> [C:\Users\niebl\Transformacion Fact_Registro_Siniestro.ktr]  Procesamiento finalizado (I=0, O=0, R=2000, W=1000, U=0, E=0)
2024-07-24 00:20:41.524 INFO  <Thread-925> [C:\Users\niebl\Transformacion Fact_Registro_Siniestro.ktr]  Iniciado despacho de la transformaci?n [Transformacion Fact_Registro_Siniestro]
2024-07-24 00:20:41.914 INFO  <Transformacion Fact_Registro_Siniestro - Entrada Tabla cliente> [C:\Users\niebl\Transformacion Fact_Registro_Siniestro.ktr]  Finished reading query, closing connection
2024-07-24 00:20:41.915 INFO  <Transformacion Fact_Registro_Siniestro - Entrada Tabla cliente> [C:\Users\niebl\Transformacion Fact_Registro_Siniestro.ktr]  Procesamiento finalizado (I=300, O=0, R=0, W=300, U=0, E=0)
2024-07-24 00:20:41.918 INFO  <Transformacion Fact_Registro_Siniestro - Entrada Tabla dim_cliente> [C:\Users\niebl\Transformacion Fact_Registro_Siniestro.ktr]  Finished reading query, closing connection
2024-07-24 00:20:41.918 INFO  <Transformacion Fact_Registro_Siniestro - Ordenar filas codigo cliente> [C:\Users\niebl\Transformacion Fact_Registro_Siniestro.ktr]  Procesamiento finalizado (I=0, O=0, R=300, W=300, U=0, E=0)
2024-07-24 00:20:41.919 INFO  <Transformacion Fact_Registro_Siniestro - Entrada Tabla dim_siniestro> [C:\Users\niebl\Transformacion Fact_Registro_Siniestro.ktr]  Finished reading query, closing connection
2024-07-24 00:20:41.920 INFO  <Transformacion Fact_Registro_Siniestro - Entrada Tabla dim_cliente> [C:\Users\niebl\Transformacion Fact_Registro_Siniestro.ktr]  Procesamiento finalizado (I=300, O=0, R=0, W=300, U=0, E=0)
2024-07-24 00:20:41.921 INFO  <Transformacion Fact_Registro_Siniestro - Entrada Tabla Fact_Registro_Siniestro> [C:\Users\niebl\Transformacion Fact_Registro_Siniestro.ktr]  Finished reading query, closing connection
2024-07-24 00:20:41.922 INFO  <Transformacion Fact_Registro_Siniestro - Entrada Tabla dim_siniestro> [C:\Users\niebl\Transformacion Fact_Registro_Siniestro.ktr]  Procesamiento finalizado (I=1000, O=0, R=0, W=1000, U=0, E=0)
2024-07-24 00:20:41.923 INFO  <Transformacion Fact_Registro_Siniestro - Ordenar filas codigo cliente 2> [C:\Users\niebl\Transformacion Fact_Registro_Siniestro.ktr]  Procesamiento finalizado (I=0, O=0, R=300, W=300, U=0, E=0)
2024-07-24 00:20:41.923 INFO  <Transformacion Fact_Registro_Siniestro - Entrada Tabla Fact_Registro_Siniestro> [C:\Users\niebl\Transformacion Fact_Registro_Siniestro.ktr]  Procesamiento finalizado (I=1000, O=0, R=0, W=1000, U=0, E=0)
2024-07-24 00:20:41.924 INFO  <Transformacion Fact_Registro_Siniestro - Entrada Tabla dim_contrato> [C:\Users\niebl\Transformacion Fact_Registro_Siniestro.ktr]  Finished reading query, closing connection
2024-07-24 00:20:41.925 INFO  <Transformacion Fact_Registro_Siniestro - Entrada Tabla dim_contrato> [C:\Users\niebl\Transformacion Fact_Registro_Siniestro.ktr]  Procesamiento finalizado (I=1000, O=0, R=0, W=1000, U=0, E=0)
2024-07-24 00:20:41.932 INFO  <Transformacion Fact_Registro_Siniestro - Ordenar filas nro_siniestro> [C:\Users\niebl\Transformacion Fact_Registro_Siniestro.ktr]  Procesamiento finalizado (I=0, O=0, R=1000, W=1000, U=0, E=0)
2024-07-24 00:20:41.948 INFO  <Transformacion Fact_Registro_Siniestro - Ordenar filas nro_contrato> [C:\Users\niebl\Transformacion Fact_Registro_Siniestro.ktr]  Procesamiento finalizado (I=0, O=0, R=1000, W=1000, U=0, E=0)
2024-07-24 00:20:41.949 INFO  <Transformacion Fact_Registro_Siniestro - Ordenar filas siniestro> [C:\Users\niebl\Transformacion Fact_Registro_Siniestro.ktr]  Procesamiento finalizado (I=0, O=0, R=1000, W=1000, U=0, E=0)
2024-07-24 00:20:41.957 INFO  <Transformacion Fact_Registro_Siniestro - Entrada Tabla dim sucursal> [C:\Users\niebl\Transformacion Fact_Registro_Siniestro.ktr]  Finished reading query, closing connection
2024-07-24 00:20:41.958 INFO  <Transformacion Fact_Registro_Siniestro - Entrada Tabla dim sucursal> [C:\Users\niebl\Transformacion Fact_Registro_Siniestro.ktr]  Procesamiento finalizado (I=30, O=0, R=0, W=30, U=0, E=0)
2024-07-24 00:20:41.978 INFO  <Transformacion Fact_Registro_Siniestro - Ordenar filas sucursal 2> [C:\Users\niebl\Transformacion Fact_Registro_Siniestro.ktr]  Procesamiento finalizado (I=0, O=0, R=30, W=30, U=0, E=0)
2024-07-24 00:20:42.270 INFO  <Transformacion Fact_Registro_Siniestro - Unión por clave codigo cliente> [C:\Users\niebl\Transformacion Fact_Registro_Siniestro.ktr]  Procesamiento finalizado (I=0, O=0, R=600, W=300, U=0, E=0)
2024-07-24 00:20:42.301 INFO  <Transformacion Fact_Registro_Siniestro - Unión por clave sinistro> [C:\Users\niebl\Transformacion Fact_Registro_Siniestro.ktr]  Procesamiento finalizado (I=0, O=0, R=2000, W=1000, U=0, E=0)
2024-07-24 00:20:42.301 INFO  <Transformacion Fact_Registro_Siniestro - Ordenar filas sucursal> [C:\Users\niebl\Transformacion Fact_Registro_Siniestro.ktr]  Procesamiento finalizado (I=0, O=0, R=300, W=300, U=0, E=0)
2024-07-24 00:20:42.333 INFO  <Transformacion Fact_Registro_Siniestro - Ordenar filas contrato> [C:\Users\niebl\Transformacion Fact_Registro_Siniestro.ktr]  Procesamiento finalizado (I=0, O=0, R=1000, W=1000, U=0, E=0)
2024-07-24 00:20:42.709 INFO  <Transformacion Fact_Registro_Siniestro - Unión por clave contrato> [C:\Users\niebl\Transformacion Fact_Registro_Siniestro.ktr]  Procesamiento finalizado (I=0, O=0, R=2000, W=1000, U=0, E=0)
2024-07-24 00:21:30.031 INFO  <Thread-964> [C:\Users\niebl\Transformacion Fact_Registro_Siniestro.ktr]  Iniciado despacho de la transformaci?n [Transformacion Fact_Registro_Siniestro]
2024-07-24 00:21:30.213 INFO  <Transformacion Fact_Registro_Siniestro - Entrada Tabla dim_cliente> [C:\Users\niebl\Transformacion Fact_Registro_Siniestro.ktr]  Finished reading query, closing connection
2024-07-24 00:21:30.214 INFO  <Transformacion Fact_Registro_Siniestro - Entrada Tabla dim_siniestro> [C:\Users\niebl\Transformacion Fact_Registro_Siniestro.ktr]  Finished reading query, closing connection
2024-07-24 00:21:30.214 INFO  <Transformacion Fact_Registro_Siniestro - Entrada Tabla dim_cliente> [C:\Users\niebl\Transformacion Fact_Registro_Siniestro.ktr]  Procesamiento finalizado (I=300, O=0, R=0, W=300, U=0, E=0)
2024-07-24 00:21:30.215 INFO  <Transformacion Fact_Registro_Siniestro - Entrada Tabla dim_siniestro> [C:\Users\niebl\Transformacion Fact_Registro_Siniestro.ktr]  Procesamiento finalizado (I=1000, O=0, R=0, W=1000, U=0, E=0)
2024-07-24 00:21:30.218 INFO  <Transformacion Fact_Registro_Siniestro - Entrada Tabla dim sucursal> [C:\Users\niebl\Transformacion Fact_Registro_Siniestro.ktr]  Finished reading query, closing connection
2024-07-24 00:21:30.220 INFO  <Transformacion Fact_Registro_Siniestro - Entrada Tabla dim sucursal> [C:\Users\niebl\Transformacion Fact_Registro_Siniestro.ktr]  Procesamiento finalizado (I=30, O=0, R=0, W=30, U=0, E=0)
2024-07-24 00:21:30.220 INFO  <Transformacion Fact_Registro_Siniestro - Entrada Tabla cliente> [C:\Users\niebl\Transformacion Fact_Registro_Siniestro.ktr]  Finished reading query, closing connection
2024-07-24 00:21:30.221 INFO  <Transformacion Fact_Registro_Siniestro - Ordenar filas codigo cliente 2> [C:\Users\niebl\Transformacion Fact_Registro_Siniestro.ktr]  Procesamiento finalizado (I=0, O=0, R=300, W=300, U=0, E=0)
2024-07-24 00:21:30.222 INFO  <Transformacion Fact_Registro_Siniestro - Entrada Tabla cliente> [C:\Users\niebl\Transformacion Fact_Registro_Siniestro.ktr]  Procesamiento finalizado (I=300, O=0, R=0, W=300, U=0, E=0)
2024-07-24 00:21:30.223 INFO  <Transformacion Fact_Registro_Siniestro - Ordenar filas nro_siniestro> [C:\Users\niebl\Transformacion Fact_Registro_Siniestro.ktr]  Procesamiento finalizado (I=0, O=0, R=1000, W=1000, U=0, E=0)
2024-07-24 00:21:30.223 INFO  <Transformacion Fact_Registro_Siniestro - Entrada Tabla dim_contrato> [C:\Users\niebl\Transformacion Fact_Registro_Siniestro.ktr]  Finished reading query, closing connection
2024-07-24 00:21:30.224 INFO  <Transformacion Fact_Registro_Siniestro - Entrada Tabla Fact_Registro_Siniestro> [C:\Users\niebl\Transformacion Fact_Registro_Siniestro.ktr]  Finished reading query, closing connection
2024-07-24 00:21:30.225 INFO  <Transformacion Fact_Registro_Siniestro - Entrada Tabla dim_contrato> [C:\Users\niebl\Transformacion Fact_Registro_Siniestro.ktr]  Procesamiento finalizado (I=1000, O=0, R=0, W=1000, U=0, E=0)
2024-07-24 00:21:30.225 INFO  <Transformacion Fact_Registro_Siniestro - Entrada Tabla Fact_Registro_Siniestro> [C:\Users\niebl\Transformacion Fact_Registro_Siniestro.ktr]  Procesamiento finalizado (I=1000, O=0, R=0, W=1000, U=0, E=0)
2024-07-24 00:21:30.250 INFO  <Transformacion Fact_Registro_Siniestro - Ordenar filas sucursal 2> [C:\Users\niebl\Transformacion Fact_Registro_Siniestro.ktr]  Procesamiento finalizado (I=0, O=0, R=30, W=30, U=0, E=0)
2024-07-24 00:21:30.250 INFO  <Transformacion Fact_Registro_Siniestro - Ordenar filas codigo cliente> [C:\Users\niebl\Transformacion Fact_Registro_Siniestro.ktr]  Procesamiento finalizado (I=0, O=0, R=300, W=300, U=0, E=0)
2024-07-24 00:21:30.251 INFO  <Transformacion Fact_Registro_Siniestro - Ordenar filas nro_contrato> [C:\Users\niebl\Transformacion Fact_Registro_Siniestro.ktr]  Procesamiento finalizado (I=0, O=0, R=1000, W=1000, U=0, E=0)
2024-07-24 00:21:30.251 INFO  <Transformacion Fact_Registro_Siniestro - Ordenar filas siniestro> [C:\Users\niebl\Transformacion Fact_Registro_Siniestro.ktr]  Procesamiento finalizado (I=0, O=0, R=1000, W=1000, U=0, E=0)
2024-07-24 00:21:30.578 INFO  <Transformacion Fact_Registro_Siniestro - Unión por clave sinistro> [C:\Users\niebl\Transformacion Fact_Registro_Siniestro.ktr]  Procesamiento finalizado (I=0, O=0, R=2000, W=1000, U=0, E=0)
2024-07-24 00:21:30.578 INFO  <Transformacion Fact_Registro_Siniestro - Unión por clave codigo cliente> [C:\Users\niebl\Transformacion Fact_Registro_Siniestro.ktr]  Procesamiento finalizado (I=0, O=0, R=600, W=300, U=0, E=0)
2024-07-24 00:21:30.594 INFO  <Transformacion Fact_Registro_Siniestro - Ordenar filas sucursal> [C:\Users\niebl\Transformacion Fact_Registro_Siniestro.ktr]  Procesamiento finalizado (I=0, O=0, R=300, W=300, U=0, E=0)
2024-07-24 00:21:30.611 INFO  <Transformacion Fact_Registro_Siniestro - Ordenar filas contrato> [C:\Users\niebl\Transformacion Fact_Registro_Siniestro.ktr]  Procesamiento finalizado (I=0, O=0, R=1000, W=1000, U=0, E=0)
2024-07-24 00:21:30.964 INFO  <Transformacion Fact_Registro_Siniestro - Unión por clave sucursal> [C:\Users\niebl\Transformacion Fact_Registro_Siniestro.ktr]  Procesamiento finalizado (I=0, O=0, R=330, W=300, U=0, E=0)
2024-07-24 00:21:30.980 INFO  <Transformacion Fact_Registro_Siniestro - Unión por clave contrato> [C:\Users\niebl\Transformacion Fact_Registro_Siniestro.ktr]  Procesamiento finalizado (I=0, O=0, R=2000, W=1000, U=0, E=0)
2024-07-24 00:24:03.946 INFO  <Thread-1009> [C:\Users\niebl\Transformacion Fact_Registro_Siniestro.ktr]  Iniciado despacho de la transformaci?n [Transformacion Fact_Registro_Siniestro]
2024-07-24 00:24:04.241 INFO  <Transformacion Fact_Registro_Siniestro - Entrada Tabla dim sucursal> [C:\Users\niebl\Transformacion Fact_Registro_Siniestro.ktr]  Finished reading query, closing connection
2024-07-24 00:24:04.246 INFO  <Transformacion Fact_Registro_Siniestro - Entrada Tabla dim sucursal> [C:\Users\niebl\Transformacion Fact_Registro_Siniestro.ktr]  Procesamiento finalizado (I=30, O=0, R=0, W=30, U=0, E=0)
2024-07-24 00:24:04.247 INFO  <Transformacion Fact_Registro_Siniestro - Entrada Tabla cliente> [C:\Users\niebl\Transformacion Fact_Registro_Siniestro.ktr]  Finished reading query, closing connection
2024-07-24 00:24:04.247 INFO  <Transformacion Fact_Registro_Siniestro - Entrada Tabla dim_contrato> [C:\Users\niebl\Transformacion Fact_Registro_Siniestro.ktr]  Finished reading query, closing connection
2024-07-24 00:24:04.248 INFO  <Transformacion Fact_Registro_Siniestro - Entrada Tabla dim_contrato> [C:\Users\niebl\Transformacion Fact_Registro_Siniestro.ktr]  Procesamiento finalizado (I=1000, O=0, R=0, W=1000, U=0, E=0)
2024-07-24 00:24:04.249 INFO  <Transformacion Fact_Registro_Siniestro - Entrada Tabla dim_siniestro> [C:\Users\niebl\Transformacion Fact_Registro_Siniestro.ktr]  Finished reading query, closing connection
2024-07-24 00:24:04.250 INFO  <Transformacion Fact_Registro_Siniestro - Entrada Tabla cliente> [C:\Users\niebl\Transformacion Fact_Registro_Siniestro.ktr]  Procesamiento finalizado (I=300, O=0, R=0, W=300, U=0, E=0)
2024-07-24 00:24:04.250 INFO  <Transformacion Fact_Registro_Siniestro - Entrada Tabla Registro Contrato> [C:\Users\niebl\Transformacion Fact_Registro_Siniestro.ktr]  Finished reading query, closing connection
2024-07-24 00:24:04.251 INFO  <Transformacion Fact_Registro_Siniestro - Entrada Tabla dim_siniestro> [C:\Users\niebl\Transformacion Fact_Registro_Siniestro.ktr]  Procesamiento finalizado (I=1000, O=0, R=0, W=1000, U=0, E=0)
2024-07-24 00:24:04.253 INFO  <Transformacion Fact_Registro_Siniestro - Entrada Tabla Registro Contrato> [C:\Users\niebl\Transformacion Fact_Registro_Siniestro.ktr]  Procesamiento finalizado (I=1000, O=0, R=0, W=1000, U=0, E=0)
2024-07-24 00:24:04.255 INFO  <Transformacion Fact_Registro_Siniestro - Ordenar filas nro_siniestro> [C:\Users\niebl\Transformacion Fact_Registro_Siniestro.ktr]  Procesamiento finalizado (I=0, O=0, R=1000, W=1000, U=0, E=0)
2024-07-24 00:24:04.255 INFO  <Transformacion Fact_Registro_Siniestro - Entrada Tabla Fact_Registro_Siniestro> [C:\Users\niebl\Transformacion Fact_Registro_Siniestro.ktr]  Finished reading query, closing connection
2024-07-24 00:24:04.256 INFO  <Transformacion Fact_Registro_Siniestro - Entrada Tabla Fact_Registro_Siniestro> [C:\Users\niebl\Transformacion Fact_Registro_Siniestro.ktr]  Procesamiento finalizado (I=1000, O=0, R=0, W=1000, U=0, E=0)
2024-07-24 00:24:04.262 INFO  <Transformacion Fact_Registro_Siniestro - Ordenar filas sucursal 2> [C:\Users\niebl\Transformacion Fact_Registro_Siniestro.ktr]  Procesamiento finalizado (I=0, O=0, R=30, W=30, U=0, E=0)
2024-07-24 00:24:04.263 INFO  <Transformacion Fact_Registro_Siniestro - Entrada Tabla dim_cliente> [C:\Users\niebl\Transformacion Fact_Registro_Siniestro.ktr]  Finished reading query, closing connection
2024-07-24 00:24:04.263 INFO  <Transformacion Fact_Registro_Siniestro - Ordenar filas nro_contrato> [C:\Users\niebl\Transformacion Fact_Registro_Siniestro.ktr]  Procesamiento finalizado (I=0, O=0, R=1000, W=1000, U=0, E=0)
2024-07-24 00:24:04.263 INFO  <Transformacion Fact_Registro_Siniestro - Entrada Tabla dim_cliente> [C:\Users\niebl\Transformacion Fact_Registro_Siniestro.ktr]  Procesamiento finalizado (I=300, O=0, R=0, W=300, U=0, E=0)
2024-07-24 00:24:04.279 INFO  <Transformacion Fact_Registro_Siniestro - Ordenar filas codigo cliente> [C:\Users\niebl\Transformacion Fact_Registro_Siniestro.ktr]  Procesamiento finalizado (I=0, O=0, R=300, W=300, U=0, E=0)
2024-07-24 00:24:04.279 INFO  <Transformacion Fact_Registro_Siniestro - Ordenar filas siniestro> [C:\Users\niebl\Transformacion Fact_Registro_Siniestro.ktr]  Procesamiento finalizado (I=0, O=0, R=1000, W=1000, U=0, E=0)
2024-07-24 00:24:04.295 INFO  <Transformacion Fact_Registro_Siniestro - Ordenar filas codigo cliente 2> [C:\Users\niebl\Transformacion Fact_Registro_Siniestro.ktr]  Procesamiento finalizado (I=0, O=0, R=300, W=300, U=0, E=0)
2024-07-24 00:24:04.632 INFO  <Transformacion Fact_Registro_Siniestro - Unión por clave sinistro> [C:\Users\niebl\Transformacion Fact_Registro_Siniestro.ktr]  Procesamiento finalizado (I=0, O=0, R=2000, W=1000, U=0, E=0)
2024-07-24 00:24:04.649 INFO  <Transformacion Fact_Registro_Siniestro - Unión por clave codigo cliente> [C:\Users\niebl\Transformacion Fact_Registro_Siniestro.ktr]  Procesamiento finalizado (I=0, O=0, R=600, W=300, U=0, E=0)
2024-07-24 00:24:04.665 INFO  <Transformacion Fact_Registro_Siniestro - Ordenar filas contrato> [C:\Users\niebl\Transformacion Fact_Registro_Siniestro.ktr]  Procesamiento finalizado (I=0, O=0, R=1000, W=1000, U=0, E=0)
2024-07-24 00:24:04.683 INFO  <Transformacion Fact_Registro_Siniestro - Ordenar filas sucursal> [C:\Users\niebl\Transformacion Fact_Registro_Siniestro.ktr]  Procesamiento finalizado (I=0, O=0, R=300, W=300, U=0, E=0)
2024-07-24 00:24:05.043 INFO  <Transformacion Fact_Registro_Siniestro - Unión por clave contrato> [C:\Users\niebl\Transformacion Fact_Registro_Siniestro.ktr]  Procesamiento finalizado (I=0, O=0, R=2000, W=1000, U=0, E=0)
2024-07-24 00:24:05.059 INFO  <Transformacion Fact_Registro_Siniestro - Unión por clave sucursal> [C:\Users\niebl\Transformacion Fact_Registro_Siniestro.ktr]  Procesamiento finalizado (I=0, O=0, R=330, W=300, U=0, E=0)
2024-07-24 00:26:00.569 INFO  <Thread-1061> [C:\Users\niebl\Transformacion Fact_Registro_Siniestro.ktr]  Iniciado despacho de la transformaci?n [Transformacion Fact_Registro_Siniestro]
2024-07-24 00:26:00.879 INFO  <Transformacion Fact_Registro_Siniestro - Entrada Tabla dim_cliente> [C:\Users\niebl\Transformacion Fact_Registro_Siniestro.ktr]  Finished reading query, closing connection
2024-07-24 00:26:00.881 INFO  <Transformacion Fact_Registro_Siniestro - Entrada Tabla dim_cliente> [C:\Users\niebl\Transformacion Fact_Registro_Siniestro.ktr]  Procesamiento finalizado (I=300, O=0, R=0, W=300, U=0, E=0)
2024-07-24 00:26:00.882 INFO  <Transformacion Fact_Registro_Siniestro - Entrada Tabla Registro Contrato> [C:\Users\niebl\Transformacion Fact_Registro_Siniestro.ktr]  Finished reading query, closing connection
2024-07-24 00:26:00.883 INFO  <Transformacion Fact_Registro_Siniestro - Entrada Tabla Registro Contrato> [C:\Users\niebl\Transformacion Fact_Registro_Siniestro.ktr]  Procesamiento finalizado (I=1000, O=0, R=0, W=1000, U=0, E=0)
2024-07-24 00:26:00.884 INFO  <Transformacion Fact_Registro_Siniestro - Entrada Tabla dim_contrato> [C:\Users\niebl\Transformacion Fact_Registro_Siniestro.ktr]  Finished reading query, closing connection
2024-07-24 00:26:00.886 INFO  <Transformacion Fact_Registro_Siniestro - Entrada Tabla dim_contrato> [C:\Users\niebl\Transformacion Fact_Registro_Siniestro.ktr]  Procesamiento finalizado (I=1000, O=0, R=0, W=1000, U=0, E=0)
2024-07-24 00:26:00.886 INFO  <Transformacion Fact_Registro_Siniestro - Entrada Tabla Fact_Registro_Siniestro> [C:\Users\niebl\Transformacion Fact_Registro_Siniestro.ktr]  Finished reading query, closing connection
2024-07-24 00:26:00.887 INFO  <Transformacion Fact_Registro_Siniestro - Ordenar filas codigo cliente 2> [C:\Users\niebl\Transformacion Fact_Registro_Siniestro.ktr]  Procesamiento finalizado (I=0, O=0, R=300, W=300, U=0, E=0)
2024-07-24 00:26:00.888 INFO  <Transformacion Fact_Registro_Siniestro - Entrada Tabla Fact_Registro_Siniestro> [C:\Users\niebl\Transformacion Fact_Registro_Siniestro.ktr]  Procesamiento finalizado (I=1000, O=0, R=0, W=1000, U=0, E=0)
2024-07-24 00:26:00.889 INFO  <Transformacion Fact_Registro_Siniestro - Ordenar filas cliente> [C:\Users\niebl\Transformacion Fact_Registro_Siniestro.ktr]  Procesamiento finalizado (I=0, O=0, R=1000, W=1000, U=0, E=0)
2024-07-24 00:26:00.889 INFO  <Transformacion Fact_Registro_Siniestro - Entrada Tabla dim_siniestro> [C:\Users\niebl\Transformacion Fact_Registro_Siniestro.ktr]  Finished reading query, closing connection
2024-07-24 00:26:00.890 INFO  <Transformacion Fact_Registro_Siniestro - Entrada Tabla dim_siniestro> [C:\Users\niebl\Transformacion Fact_Registro_Siniestro.ktr]  Procesamiento finalizado (I=1000, O=0, R=0, W=1000, U=0, E=0)
2024-07-24 00:26:00.891 INFO  <Transformacion Fact_Registro_Siniestro - Ordenar filas nro_contrato> [C:\Users\niebl\Transformacion Fact_Registro_Siniestro.ktr]  Procesamiento finalizado (I=0, O=0, R=1000, W=1000, U=0, E=0)
2024-07-24 00:26:00.895 INFO  <Transformacion Fact_Registro_Siniestro - Entrada Tabla cliente> [C:\Users\niebl\Transformacion Fact_Registro_Siniestro.ktr]  Finished reading query, closing connection
2024-07-24 00:26:00.896 INFO  <Transformacion Fact_Registro_Siniestro - Entrada Tabla cliente> [C:\Users\niebl\Transformacion Fact_Registro_Siniestro.ktr]  Procesamiento finalizado (I=300, O=0, R=0, W=300, U=0, E=0)
2024-07-24 00:26:00.907 INFO  <Transformacion Fact_Registro_Siniestro - Entrada Tabla dim sucursal> [C:\Users\niebl\Transformacion Fact_Registro_Siniestro.ktr]  Finished reading query, closing connection
2024-07-24 00:26:00.908 INFO  <Transformacion Fact_Registro_Siniestro - Entrada Tabla dim sucursal> [C:\Users\niebl\Transformacion Fact_Registro_Siniestro.ktr]  Procesamiento finalizado (I=30, O=0, R=0, W=30, U=0, E=0)
2024-07-24 00:26:00.916 INFO  <Transformacion Fact_Registro_Siniestro - Ordenar filas codigo cliente> [C:\Users\niebl\Transformacion Fact_Registro_Siniestro.ktr]  Procesamiento finalizado (I=0, O=0, R=300, W=300, U=0, E=0)
2024-07-24 00:26:00.916 INFO  <Transformacion Fact_Registro_Siniestro - Ordenar filas nro_siniestro> [C:\Users\niebl\Transformacion Fact_Registro_Siniestro.ktr]  Procesamiento finalizado (I=0, O=0, R=1000, W=1000, U=0, E=0)
2024-07-24 00:26:00.917 INFO  <Transformacion Fact_Registro_Siniestro - Ordenar filas siniestro> [C:\Users\niebl\Transformacion Fact_Registro_Siniestro.ktr]  Procesamiento finalizado (I=0, O=0, R=1000, W=1000, U=0, E=0)
2024-07-24 00:26:00.931 INFO  <Transformacion Fact_Registro_Siniestro - Ordenar filas sucursal 2> [C:\Users\niebl\Transformacion Fact_Registro_Siniestro.ktr]  Procesamiento finalizado (I=0, O=0, R=30, W=30, U=0, E=0)
2024-07-24 00:26:01.241 INFO  <Transformacion Fact_Registro_Siniestro - Unión por clave sinistro> [C:\Users\niebl\Transformacion Fact_Registro_Siniestro.ktr]  Procesamiento finalizado (I=0, O=0, R=2000, W=1000, U=0, E=0)
2024-07-24 00:26:01.241 INFO  <Transformacion Fact_Registro_Siniestro - Unión por clave codigo cliente> [C:\Users\niebl\Transformacion Fact_Registro_Siniestro.ktr]  Procesamiento finalizado (I=0, O=0, R=600, W=300, U=0, E=0)
2024-07-24 00:26:01.271 INFO  <Transformacion Fact_Registro_Siniestro - Ordenar filas sucursal> [C:\Users\niebl\Transformacion Fact_Registro_Siniestro.ktr]  Procesamiento finalizado (I=0, O=0, R=300, W=300, U=0, E=0)
2024-07-24 00:26:01.272 INFO  <Transformacion Fact_Registro_Siniestro - Ordenar filas contrato> [C:\Users\niebl\Transformacion Fact_Registro_Siniestro.ktr]  Procesamiento finalizado (I=0, O=0, R=1000, W=1000, U=0, E=0)
2024-07-24 00:26:01.618 INFO  <Transformacion Fact_Registro_Siniestro - Unión por clave contrato> [C:\Users\niebl\Transformacion Fact_Registro_Siniestro.ktr]  Procesamiento finalizado (I=0, O=0, R=2000, W=1000, U=0, E=0)
2024-07-24 00:26:01.634 INFO  <Transformacion Fact_Registro_Siniestro - Unión por clave sucursal> [C:\Users\niebl\Transformacion Fact_Registro_Siniestro.ktr]  Procesamiento finalizado (I=0, O=0, R=330, W=300, U=0, E=0)
2024-07-24 00:26:01.666 INFO  <Transformacion Fact_Registro_Siniestro - Ordenar filas cliente 2> [C:\Users\niebl\Transformacion Fact_Registro_Siniestro.ktr]  Procesamiento finalizado (I=0, O=0, R=300, W=300, U=0, E=0)
2024-07-24 00:26:02.041 INFO  <Transformacion Fact_Registro_Siniestro - Unión por clave cliente> [C:\Users\niebl\Transformacion Fact_Registro_Siniestro.ktr]  Procesamiento finalizado (I=0, O=0, R=1300, W=44, U=0, E=0)
2024-07-24 00:27:27.246 INFO  <ModalContext> [C:\Users\niebl\Transformacion Fact_Registro_Siniestro.ktr : Transformacion Fact_Registro_Siniestro.ktr]  Iniciado despacho de la transformaci?n [C:\Users\niebl\Transformacion Fact_Registro_Siniestro.ktr : Transformacion Fact_Registro_Siniestro]
2024-07-24 00:27:27.425 INFO  <C:\Users\niebl\Transformacion Fact_Registro_Siniestro.ktr : Transformacion Fact_Registro_Siniestro - Entrada Tabla dim_producto> [C:\Users\niebl\Transformacion Fact_Registro_Siniestro.ktr : Transformacion Fact_Registro_Siniestro.ktr]  Finished reading query, closing connection
2024-07-24 00:27:27.426 INFO  <C:\Users\niebl\Transformacion Fact_Registro_Siniestro.ktr : Transformacion Fact_Registro_Siniestro - Entrada Tabla dim_producto> [C:\Users\niebl\Transformacion Fact_Registro_Siniestro.ktr : Transformacion Fact_Registro_Siniestro.ktr]  Procesamiento finalizado (I=30, O=0, R=0, W=30, U=0, E=0)
2024-07-24 00:27:27.444 INFO  <C:\Users\niebl\Transformacion Fact_Registro_Siniestro.ktr : Transformacion Fact_Registro_Siniestro - dummy> [C:\Users\niebl\Transformacion Fact_Registro_Siniestro.ktr : Transformacion Fact_Registro_Siniestro.ktr]  Procesamiento finalizado (I=0, O=0, R=30, W=30, U=0, E=0)
2024-07-24 00:29:39.046 INFO  <Thread-1126> [C:\Users\niebl\Transformacion Fact_Registro_Siniestro.ktr]  Iniciado despacho de la transformaci?n [Transformacion Fact_Registro_Siniestro]
2024-07-24 00:29:39.336 INFO  <Transformacion Fact_Registro_Siniestro - Entrada Tabla dim_cliente> [C:\Users\niebl\Transformacion Fact_Registro_Siniestro.ktr]  Finished reading query, closing connection
2024-07-24 00:29:39.339 INFO  <Transformacion Fact_Registro_Siniestro - Entrada Tabla dim_cliente> [C:\Users\niebl\Transformacion Fact_Registro_Siniestro.ktr]  Procesamiento finalizado (I=300, O=0, R=0, W=300, U=0, E=0)
2024-07-24 00:29:39.341 INFO  <Transformacion Fact_Registro_Siniestro - Entrada Tabla Registro Contrato> [C:\Users\niebl\Transformacion Fact_Registro_Siniestro.ktr]  Finished reading query, closing connection
2024-07-24 00:29:39.343 INFO  <Transformacion Fact_Registro_Siniestro - Entrada Tabla Registro Contrato> [C:\Users\niebl\Transformacion Fact_Registro_Siniestro.ktr]  Procesamiento finalizado (I=1000, O=0, R=0, W=1000, U=0, E=0)
2024-07-24 00:29:39.346 INFO  <Transformacion Fact_Registro_Siniestro - Entrada Tabla dim sucursal> [C:\Users\niebl\Transformacion Fact_Registro_Siniestro.ktr]  Finished reading query, closing connection
2024-07-24 00:29:39.346 INFO  <Transformacion Fact_Registro_Siniestro - Entrada Tabla dim sucursal> [C:\Users\niebl\Transformacion Fact_Registro_Siniestro.ktr]  Procesamiento finalizado (I=30, O=0, R=0, W=30, U=0, E=0)
2024-07-24 00:29:39.349 INFO  <Transformacion Fact_Registro_Siniestro - Entrada Tabla cliente> [C:\Users\niebl\Transformacion Fact_Registro_Siniestro.ktr]  Finished reading query, closing connection
2024-07-24 00:29:39.350 INFO  <Transformacion Fact_Registro_Siniestro - Entrada Tabla cliente> [C:\Users\niebl\Transformacion Fact_Registro_Siniestro.ktr]  Procesamiento finalizado (I=300, O=0, R=0, W=300, U=0, E=0)
2024-07-24 00:29:39.353 INFO  <Transformacion Fact_Registro_Siniestro - Entrada Tabla dim_producto> [C:\Users\niebl\Transformacion Fact_Registro_Siniestro.ktr]  Finished reading query, closing connection
2024-07-24 00:29:39.354 INFO  <Transformacion Fact_Registro_Siniestro - Entrada Tabla dim_producto> [C:\Users\niebl\Transformacion Fact_Registro_Siniestro.ktr]  Procesamiento finalizado (I=30, O=0, R=0, W=30, U=0, E=0)
2024-07-24 00:29:39.360 INFO  <Transformacion Fact_Registro_Siniestro - Entrada Tabla dim_siniestro> [C:\Users\niebl\Transformacion Fact_Registro_Siniestro.ktr]  Finished reading query, closing connection
2024-07-24 00:29:39.363 INFO  <Transformacion Fact_Registro_Siniestro - Entrada Tabla Fact_Registro_Siniestro> [C:\Users\niebl\Transformacion Fact_Registro_Siniestro.ktr]  Finished reading query, closing connection
2024-07-24 00:29:39.364 INFO  <Transformacion Fact_Registro_Siniestro - Entrada Tabla dim_siniestro> [C:\Users\niebl\Transformacion Fact_Registro_Siniestro.ktr]  Procesamiento finalizado (I=1000, O=0, R=0, W=1000, U=0, E=0)
2024-07-24 00:29:39.365 INFO  <Transformacion Fact_Registro_Siniestro - Entrada Tabla Fact_Registro_Siniestro> [C:\Users\niebl\Transformacion Fact_Registro_Siniestro.ktr]  Procesamiento finalizado (I=1000, O=0, R=0, W=1000, U=0, E=0)
2024-07-24 00:29:39.365 INFO  <Transformacion Fact_Registro_Siniestro - Ordenar filas nro_siniestro> [C:\Users\niebl\Transformacion Fact_Registro_Siniestro.ktr]  Procesamiento finalizado (I=0, O=0, R=1000, W=1000, U=0, E=0)
2024-07-24 00:29:39.365 INFO  <Transformacion Fact_Registro_Siniestro - Ordenar filas codigo cliente 2> [C:\Users\niebl\Transformacion Fact_Registro_Siniestro.ktr]  Procesamiento finalizado (I=0, O=0, R=300, W=300, U=0, E=0)
2024-07-24 00:29:39.367 INFO  <Transformacion Fact_Registro_Siniestro - Entrada Tabla dim_contrato> [C:\Users\niebl\Transformacion Fact_Registro_Siniestro.ktr]  Finished reading query, closing connection
2024-07-24 00:29:39.369 INFO  <Transformacion Fact_Registro_Siniestro - Entrada Tabla dim_contrato> [C:\Users\niebl\Transformacion Fact_Registro_Siniestro.ktr]  Procesamiento finalizado (I=1000, O=0, R=0, W=1000, U=0, E=0)
2024-07-24 00:29:39.369 INFO  <Transformacion Fact_Registro_Siniestro - Ordenar filas sucursal 2> [C:\Users\niebl\Transformacion Fact_Registro_Siniestro.ktr]  Procesamiento finalizado (I=0, O=0, R=30, W=30, U=0, E=0)
2024-07-24 00:29:39.370 INFO  <Transformacion Fact_Registro_Siniestro - Ordenar filas cliente> [C:\Users\niebl\Transformacion Fact_Registro_Siniestro.ktr]  Procesamiento finalizado (I=0, O=0, R=1000, W=1000, U=0, E=0)
2024-07-24 00:29:39.380 INFO  <Transformacion Fact_Registro_Siniestro - Ordenar filas producto 2> [C:\Users\niebl\Transformacion Fact_Registro_Siniestro.ktr]  Procesamiento finalizado (I=0, O=0, R=30, W=30, U=0, E=0)
2024-07-24 00:29:39.380 INFO  <Transformacion Fact_Registro_Siniestro - Ordenar filas codigo cliente> [C:\Users\niebl\Transformacion Fact_Registro_Siniestro.ktr]  Procesamiento finalizado (I=0, O=0, R=300, W=300, U=0, E=0)
2024-07-24 00:29:39.397 INFO  <Transformacion Fact_Registro_Siniestro - Ordenar filas nro_contrato> [C:\Users\niebl\Transformacion Fact_Registro_Siniestro.ktr]  Procesamiento finalizado (I=0, O=0, R=1000, W=1000, U=0, E=0)
2024-07-24 00:29:39.397 INFO  <Transformacion Fact_Registro_Siniestro - Ordenar filas siniestro> [C:\Users\niebl\Transformacion Fact_Registro_Siniestro.ktr]  Procesamiento finalizado (I=0, O=0, R=1000, W=1000, U=0, E=0)
2024-07-24 00:29:39.719 INFO  <Transformacion Fact_Registro_Siniestro - Unión por clave codigo cliente> [C:\Users\niebl\Transformacion Fact_Registro_Siniestro.ktr]  Procesamiento finalizado (I=0, O=0, R=600, W=300, U=0, E=0)
2024-07-24 00:29:39.750 INFO  <Transformacion Fact_Registro_Siniestro - Unión por clave sinistro> [C:\Users\niebl\Transformacion Fact_Registro_Siniestro.ktr]  Procesamiento finalizado (I=0, O=0, R=2000, W=1000, U=0, E=0)
2024-07-24 00:29:39.751 INFO  <Transformacion Fact_Registro_Siniestro - Ordenar filas sucursal> [C:\Users\niebl\Transformacion Fact_Registro_Siniestro.ktr]  Procesamiento finalizado (I=0, O=0, R=300, W=300, U=0, E=0)
2024-07-24 00:29:39.783 INFO  <Transformacion Fact_Registro_Siniestro - Ordenar filas contrato> [C:\Users\niebl\Transformacion Fact_Registro_Siniestro.ktr]  Procesamiento finalizado (I=0, O=0, R=1000, W=1000, U=0, E=0)
2024-07-24 00:29:40.138 INFO  <Transformacion Fact_Registro_Siniestro - Unión por clave sucursal> [C:\Users\niebl\Transformacion Fact_Registro_Siniestro.ktr]  Procesamiento finalizado (I=0, O=0, R=330, W=300, U=0, E=0)
2024-07-24 00:29:40.153 INFO  <Transformacion Fact_Registro_Siniestro - Unión por clave contrato> [C:\Users\niebl\Transformacion Fact_Registro_Siniestro.ktr]  Procesamiento finalizado (I=0, O=0, R=2000, W=1000, U=0, E=0)
2024-07-24 00:29:40.159 INFO  <Transformacion Fact_Registro_Siniestro - Ordenar filas cliente 2> [C:\Users\niebl\Transformacion Fact_Registro_Siniestro.ktr]  Procesamiento finalizado (I=0, O=0, R=300, W=300, U=0, E=0)
2024-07-24 00:29:40.523 INFO  <Transformacion Fact_Registro_Siniestro - Unión por clave cliente> [C:\Users\niebl\Transformacion Fact_Registro_Siniestro.ktr]  Procesamiento finalizado (I=0, O=0, R=1300, W=44, U=0, E=0)
2024-07-24 00:29:40.555 INFO  <Transformacion Fact_Registro_Siniestro - Ordenar filas producto> [C:\Users\niebl\Transformacion Fact_Registro_Siniestro.ktr]  Procesamiento finalizado (I=0, O=0, R=44, W=44, U=0, E=0)
2024-07-24 00:29:40.930 INFO  <Transformacion Fact_Registro_Siniestro - Unión por clave producto> [C:\Users\niebl\Transformacion Fact_Registro_Siniestro.ktr]  Procesamiento finalizado (I=0, O=0, R=74, W=44, U=0, E=0)
2024-07-24 00:33:01.968 INFO  <Thread-1193> [C:\Users\niebl\Transformacion Fact_Registro_Siniestro.ktr]  Iniciado despacho de la transformaci?n [Transformacion Fact_Registro_Siniestro]
2024-07-24 00:33:02.189 INFO  <Transformacion Fact_Registro_Siniestro - Entrada Tabla cliente> [C:\Users\niebl\Transformacion Fact_Registro_Siniestro.ktr]  Finished reading query, closing connection
2024-07-24 00:33:02.190 INFO  <Transformacion Fact_Registro_Siniestro - Entrada Tabla cliente> [C:\Users\niebl\Transformacion Fact_Registro_Siniestro.ktr]  Procesamiento finalizado (I=300, O=0, R=0, W=300, U=0, E=0)
2024-07-24 00:33:02.191 INFO  <Transformacion Fact_Registro_Siniestro - Entrada Tabla Registro Contrato> [C:\Users\niebl\Transformacion Fact_Registro_Siniestro.ktr]  Finished reading query, closing connection
2024-07-24 00:33:02.192 INFO  <Transformacion Fact_Registro_Siniestro - Entrada Tabla Registro Contrato> [C:\Users\niebl\Transformacion Fact_Registro_Siniestro.ktr]  Procesamiento finalizado (I=1000, O=0, R=0, W=1000, U=0, E=0)
2024-07-24 00:33:02.195 INFO  <Transformacion Fact_Registro_Siniestro - Entrada Tabla dim_producto> [C:\Users\niebl\Transformacion Fact_Registro_Siniestro.ktr]  Finished reading query, closing connection
2024-07-24 00:33:02.197 INFO  <Transformacion Fact_Registro_Siniestro - Entrada Tabla dim_cliente> [C:\Users\niebl\Transformacion Fact_Registro_Siniestro.ktr]  Finished reading query, closing connection
2024-07-24 00:33:02.197 INFO  <Transformacion Fact_Registro_Siniestro - Entrada Tabla dim_producto> [C:\Users\niebl\Transformacion Fact_Registro_Siniestro.ktr]  Procesamiento finalizado (I=30, O=0, R=0, W=30, U=0, E=0)
2024-07-24 00:33:02.197 INFO  <Transformacion Fact_Registro_Siniestro - Entrada Tabla dim sucursal> [C:\Users\niebl\Transformacion Fact_Registro_Siniestro.ktr]  Finished reading query, closing connection
2024-07-24 00:33:02.198 INFO  <Transformacion Fact_Registro_Siniestro - Entrada Tabla dim_cliente> [C:\Users\niebl\Transformacion Fact_Registro_Siniestro.ktr]  Procesamiento finalizado (I=300, O=0, R=0, W=300, U=0, E=0)
2024-07-24 00:33:02.198 INFO  <Transformacion Fact_Registro_Siniestro - Entrada Tabla dim sucursal> [C:\Users\niebl\Transformacion Fact_Registro_Siniestro.ktr]  Procesamiento finalizado (I=30, O=0, R=0, W=30, U=0, E=0)
2024-07-24 00:33:02.203 INFO  <Transformacion Fact_Registro_Siniestro - Ordenar filas codigo cliente 2> [C:\Users\niebl\Transformacion Fact_Registro_Siniestro.ktr]  Procesamiento finalizado (I=0, O=0, R=300, W=300, U=0, E=0)
2024-07-24 00:33:02.203 INFO  <Transformacion Fact_Registro_Siniestro - Ordenar filas codigo cliente> [C:\Users\niebl\Transformacion Fact_Registro_Siniestro.ktr]  Procesamiento finalizado (I=0, O=0, R=300, W=300, U=0, E=0)
2024-07-24 00:33:02.205 INFO  <Transformacion Fact_Registro_Siniestro - Ordenar filas sucursal 2> [C:\Users\niebl\Transformacion Fact_Registro_Siniestro.ktr]  Procesamiento finalizado (I=0, O=0, R=30, W=30, U=0, E=0)
2024-07-24 00:33:02.205 INFO  <Transformacion Fact_Registro_Siniestro - Ordenar filas producto 2> [C:\Users\niebl\Transformacion Fact_Registro_Siniestro.ktr]  Procesamiento finalizado (I=0, O=0, R=30, W=30, U=0, E=0)
2024-07-24 00:33:02.207 INFO  <Transformacion Fact_Registro_Siniestro - Ordenar filas cliente> [C:\Users\niebl\Transformacion Fact_Registro_Siniestro.ktr]  Procesamiento finalizado (I=0, O=0, R=1000, W=1000, U=0, E=0)
2024-07-24 00:33:02.208 INFO  <Transformacion Fact_Registro_Siniestro - Entrada Tabla Fact_Registro_Siniestro> [C:\Users\niebl\Transformacion Fact_Registro_Siniestro.ktr]  Finished reading query, closing connection
2024-07-24 00:33:02.210 INFO  <Transformacion Fact_Registro_Siniestro - Entrada Tabla Fact_Registro_Siniestro> [C:\Users\niebl\Transformacion Fact_Registro_Siniestro.ktr]  Procesamiento finalizado (I=1000, O=0, R=0, W=1000, U=0, E=0)
2024-07-24 00:33:02.213 INFO  <Transformacion Fact_Registro_Siniestro - Entrada Tabla dim_contrato> [C:\Users\niebl\Transformacion Fact_Registro_Siniestro.ktr]  Finished reading query, closing connection
2024-07-24 00:33:02.214 INFO  <Transformacion Fact_Registro_Siniestro - Ordenar filas siniestro> [C:\Users\niebl\Transformacion Fact_Registro_Siniestro.ktr]  Procesamiento finalizado (I=0, O=0, R=1000, W=1000, U=0, E=0)
2024-07-24 00:33:02.214 INFO  <Transformacion Fact_Registro_Siniestro - Entrada Tabla dim_contrato> [C:\Users\niebl\Transformacion Fact_Registro_Siniestro.ktr]  Procesamiento finalizado (I=1000, O=0, R=0, W=1000, U=0, E=0)
2024-07-24 00:33:02.216 INFO  <Transformacion Fact_Registro_Siniestro - Entrada Tabla dim_siniestro> [C:\Users\niebl\Transformacion Fact_Registro_Siniestro.ktr]  Finished reading query, closing connection
2024-07-24 00:33:02.217 INFO  <Transformacion Fact_Registro_Siniestro - Entrada Tabla dim_siniestro> [C:\Users\niebl\Transformacion Fact_Registro_Siniestro.ktr]  Procesamiento finalizado (I=1000, O=0, R=0, W=1000, U=0, E=0)
2024-07-24 00:33:02.220 INFO  <Transformacion Fact_Registro_Siniestro - Ordenar filas nro_contrato> [C:\Users\niebl\Transformacion Fact_Registro_Siniestro.ktr]  Procesamiento finalizado (I=0, O=0, R=1000, W=1000, U=0, E=0)
2024-07-24 00:33:02.223 INFO  <Transformacion Fact_Registro_Siniestro - Ordenar filas nro_siniestro> [C:\Users\niebl\Transformacion Fact_Registro_Siniestro.ktr]  Procesamiento finalizado (I=0, O=0, R=1000, W=1000, U=0, E=0)
2024-07-24 00:33:02.531 INFO  <Transformacion Fact_Registro_Siniestro - Unión por clave codigo cliente> [C:\Users\niebl\Transformacion Fact_Registro_Siniestro.ktr]  Procesamiento finalizado (I=0, O=0, R=600, W=300, U=0, E=0)
2024-07-24 00:33:02.561 INFO  <Transformacion Fact_Registro_Siniestro - Unión por clave sinistro> [C:\Users\niebl\Transformacion Fact_Registro_Siniestro.ktr]  Procesamiento finalizado (I=0, O=0, R=2000, W=1000, U=0, E=0)
2024-07-24 00:33:02.561 INFO  <Transformacion Fact_Registro_Siniestro - Ordenar filas sucursal> [C:\Users\niebl\Transformacion Fact_Registro_Siniestro.ktr]  Procesamiento finalizado (I=0, O=0, R=300, W=300, U=0, E=0)
2024-07-24 00:33:02.579 INFO  <Transformacion Fact_Registro_Siniestro - Ordenar filas contrato> [C:\Users\niebl\Transformacion Fact_Registro_Siniestro.ktr]  Procesamiento finalizado (I=0, O=0, R=1000, W=1000, U=0, E=0)
2024-07-24 00:33:02.889 INFO  <Transformacion Fact_Registro_Siniestro - Unión por clave sucursal> [C:\Users\niebl\Transformacion Fact_Registro_Siniestro.ktr]  Procesamiento finalizado (I=0, O=0, R=330, W=300, U=0, E=0)
2024-07-24 00:33:02.920 INFO  <Transformacion Fact_Registro_Siniestro - Unión por clave contrato> [C:\Users\niebl\Transformacion Fact_Registro_Siniestro.ktr]  Procesamiento finalizado (I=0, O=0, R=2000, W=1000, U=0, E=0)
2024-07-24 00:33:02.920 INFO  <Transformacion Fact_Registro_Siniestro - Ordenar filas cliente 2> [C:\Users\niebl\Transformacion Fact_Registro_Siniestro.ktr]  Procesamiento finalizado (I=0, O=0, R=300, W=300, U=0, E=0)
2024-07-24 00:33:02.939 INFO  <Transformacion Fact_Registro_Siniestro - Ordenar filas contrato 2> [C:\Users\niebl\Transformacion Fact_Registro_Siniestro.ktr]  Procesamiento finalizado (I=0, O=0, R=1000, W=1000, U=0, E=0)
2024-07-24 00:33:03.281 INFO  <Transformacion Fact_Registro_Siniestro - Unión por clave cliente> [C:\Users\niebl\Transformacion Fact_Registro_Siniestro.ktr]  Procesamiento finalizado (I=0, O=0, R=1300, W=44, U=0, E=0)
2024-07-24 00:33:03.312 INFO  <Transformacion Fact_Registro_Siniestro - Ordenar filas producto> [C:\Users\niebl\Transformacion Fact_Registro_Siniestro.ktr]  Procesamiento finalizado (I=0, O=0, R=44, W=44, U=0, E=0)
2024-07-24 00:33:03.699 INFO  <Transformacion Fact_Registro_Siniestro - Unión por clave producto> [C:\Users\niebl\Transformacion Fact_Registro_Siniestro.ktr]  Procesamiento finalizado (I=0, O=0, R=74, W=44, U=0, E=0)
2024-07-24 00:33:03.715 INFO  <Transformacion Fact_Registro_Siniestro - Ordenar filas contrato 3> [C:\Users\niebl\Transformacion Fact_Registro_Siniestro.ktr]  Procesamiento finalizado (I=0, O=0, R=44, W=44, U=0, E=0)
2024-07-24 00:33:04.090 INFO  <Transformacion Fact_Registro_Siniestro - Unión por clave contrato 2> [C:\Users\niebl\Transformacion Fact_Registro_Siniestro.ktr]  Procesamiento finalizado (I=0, O=0, R=1044, W=44, U=0, E=0)
2024-07-24 00:36:53.720 INFO  <Thread-1269> [C:\Users\niebl\Transformacion Fact_Registro_Siniestro.ktr]  Iniciado despacho de la transformaci?n [Transformacion Fact_Registro_Siniestro]
2024-07-24 00:36:53.960 INFO  <Transformacion Fact_Registro_Siniestro - Entrada Tabla cliente> [C:\Users\niebl\Transformacion Fact_Registro_Siniestro.ktr]  Finished reading query, closing connection
2024-07-24 00:36:53.966 INFO  <Transformacion Fact_Registro_Siniestro - Entrada Tabla cliente> [C:\Users\niebl\Transformacion Fact_Registro_Siniestro.ktr]  Procesamiento finalizado (I=300, O=0, R=0, W=300, U=0, E=0)
2024-07-24 00:36:53.971 INFO  <Transformacion Fact_Registro_Siniestro - Entrada Tabla Fact_Registro_Siniestro> [C:\Users\niebl\Transformacion Fact_Registro_Siniestro.ktr]  Finished reading query, closing connection
2024-07-24 00:36:53.972 INFO  <Transformacion Fact_Registro_Siniestro - Entrada Tabla dim_cliente> [C:\Users\niebl\Transformacion Fact_Registro_Siniestro.ktr]  Finished reading query, closing connection
2024-07-24 00:36:53.973 INFO  <Transformacion Fact_Registro_Siniestro - Entrada Tabla Fact_Registro_Siniestro> [C:\Users\niebl\Transformacion Fact_Registro_Siniestro.ktr]  Procesamiento finalizado (I=1000, O=0, R=0, W=1000, U=0, E=0)
2024-07-24 00:36:53.975 INFO  <Transformacion Fact_Registro_Siniestro - Ordenar filas codigo cliente> [C:\Users\niebl\Transformacion Fact_Registro_Siniestro.ktr]  Procesamiento finalizado (I=0, O=0, R=300, W=300, U=0, E=0)
2024-07-24 00:36:53.976 INFO  <Transformacion Fact_Registro_Siniestro - Entrada Tabla dim_contrato> [C:\Users\niebl\Transformacion Fact_Registro_Siniestro.ktr]  Finished reading query, closing connection
2024-07-24 00:36:53.976 INFO  <Transformacion Fact_Registro_Siniestro - Entrada Tabla dim_cliente> [C:\Users\niebl\Transformacion Fact_Registro_Siniestro.ktr]  Procesamiento finalizado (I=300, O=0, R=0, W=300, U=0, E=0)
2024-07-24 00:36:53.977 INFO  <Transformacion Fact_Registro_Siniestro - Entrada Tabla dim_siniestro> [C:\Users\niebl\Transformacion Fact_Registro_Siniestro.ktr]  Finished reading query, closing connection
2024-07-24 00:36:53.978 INFO  <Transformacion Fact_Registro_Siniestro - Entrada Tabla dim_contrato> [C:\Users\niebl\Transformacion Fact_Registro_Siniestro.ktr]  Procesamiento finalizado (I=1000, O=0, R=0, W=1000, U=0, E=0)
2024-07-24 00:36:53.979 INFO  <Transformacion Fact_Registro_Siniestro - Entrada Tabla dim_siniestro> [C:\Users\niebl\Transformacion Fact_Registro_Siniestro.ktr]  Procesamiento finalizado (I=1000, O=0, R=0, W=1000, U=0, E=0)
2024-07-24 00:36:53.984 INFO  <Transformacion Fact_Registro_Siniestro - Entrada Tabla dim sucursal> [C:\Users\niebl\Transformacion Fact_Registro_Siniestro.ktr]  Finished reading query, closing connection
2024-07-24 00:36:53.985 INFO  <Transformacion Fact_Registro_Siniestro - Entrada Tabla dim sucursal> [C:\Users\niebl\Transformacion Fact_Registro_Siniestro.ktr]  Procesamiento finalizado (I=30, O=0, R=0, W=30, U=0, E=0)
2024-07-24 00:36:53.988 INFO  <Transformacion Fact_Registro_Siniestro - Entrada Tabla Registro Contrato> [C:\Users\niebl\Transformacion Fact_Registro_Siniestro.ktr]  Finished reading query, closing connection
2024-07-24 00:36:53.988 INFO  <Transformacion Fact_Registro_Siniestro - Entrada Tabla Registro Contrato> [C:\Users\niebl\Transformacion Fact_Registro_Siniestro.ktr]  Procesamiento finalizado (I=1000, O=0, R=0, W=1000, U=0, E=0)
2024-07-24 00:36:53.989 INFO  <Transformacion Fact_Registro_Siniestro - Ordenar filas siniestro> [C:\Users\niebl\Transformacion Fact_Registro_Siniestro.ktr]  Procesamiento finalizado (I=0, O=0, R=1000, W=1000, U=0, E=0)
2024-07-24 00:36:53.991 INFO  <Transformacion Fact_Registro_Siniestro - Ordenar filas nro_contrato> [C:\Users\niebl\Transformacion Fact_Registro_Siniestro.ktr]  Procesamiento finalizado (I=0, O=0, R=1000, W=1000, U=0, E=0)
2024-07-24 00:36:53.992 INFO  <Transformacion Fact_Registro_Siniestro - Ordenar filas sucursal 2> [C:\Users\niebl\Transformacion Fact_Registro_Siniestro.ktr]  Procesamiento finalizado (I=0, O=0, R=30, W=30, U=0, E=0)
2024-07-24 00:36:53.992 INFO  <Transformacion Fact_Registro_Siniestro - Ordenar filas codigo cliente 2> [C:\Users\niebl\Transformacion Fact_Registro_Siniestro.ktr]  Procesamiento finalizado (I=0, O=0, R=300, W=300, U=0, E=0)
2024-07-24 00:36:53.996 INFO  <Transformacion Fact_Registro_Siniestro - Entrada Tabla dim_producto> [C:\Users\niebl\Transformacion Fact_Registro_Siniestro.ktr]  Finished reading query, closing connection
2024-07-24 00:36:53.997 INFO  <Transformacion Fact_Registro_Siniestro - Entrada Tabla dim_producto> [C:\Users\niebl\Transformacion Fact_Registro_Siniestro.ktr]  Procesamiento finalizado (I=30, O=0, R=0, W=30, U=0, E=0)
2024-07-24 00:36:53.990 INFO  <Transformacion Fact_Registro_Siniestro - Ordenar filas nro_siniestro> [C:\Users\niebl\Transformacion Fact_Registro_Siniestro.ktr]  Procesamiento finalizado (I=0, O=0, R=1000, W=1000, U=0, E=0)
2024-07-24 00:36:54.001 INFO  <Transformacion Fact_Registro_Siniestro - Ordenar filas cliente> [C:\Users\niebl\Transformacion Fact_Registro_Siniestro.ktr]  Procesamiento finalizado (I=0, O=0, R=1000, W=1000, U=0, E=0)
2024-07-24 00:36:54.006 INFO  <Transformacion Fact_Registro_Siniestro - Ordenar filas producto 2> [C:\Users\niebl\Transformacion Fact_Registro_Siniestro.ktr]  Procesamiento finalizado (I=0, O=0, R=30, W=30, U=0, E=0)
2024-07-24 00:36:54.050 INFO  <Transformacion Fact_Registro_Siniestro - Entrada Tabla fechas> [C:\Users\niebl\Transformacion Fact_Registro_Siniestro.ktr]  Finished reading query, closing connection
2024-07-24 00:36:54.051 INFO  <Transformacion Fact_Registro_Siniestro - Entrada Tabla fechas> [C:\Users\niebl\Transformacion Fact_Registro_Siniestro.ktr]  Procesamiento finalizado (I=14976, O=0, R=0, W=14976, U=0, E=0)
2024-07-24 00:36:54.336 INFO  <Transformacion Fact_Registro_Siniestro - Unión por clave sinistro> [C:\Users\niebl\Transformacion Fact_Registro_Siniestro.ktr]  Procesamiento finalizado (I=0, O=0, R=2000, W=1000, U=0, E=0)
2024-07-24 00:36:54.336 INFO  <Transformacion Fact_Registro_Siniestro - Unión por clave codigo cliente> [C:\Users\niebl\Transformacion Fact_Registro_Siniestro.ktr]  Procesamiento finalizado (I=0, O=0, R=600, W=300, U=0, E=0)
2024-07-24 00:36:54.369 INFO  <Transformacion Fact_Registro_Siniestro - Ordenar filas sucursal> [C:\Users\niebl\Transformacion Fact_Registro_Siniestro.ktr]  Procesamiento finalizado (I=0, O=0, R=300, W=300, U=0, E=0)
2024-07-24 00:36:54.369 INFO  <Transformacion Fact_Registro_Siniestro - Ordenar filas contrato> [C:\Users\niebl\Transformacion Fact_Registro_Siniestro.ktr]  Procesamiento finalizado (I=0, O=0, R=1000, W=1000, U=0, E=0)
2024-07-24 00:36:54.725 INFO  <Transformacion Fact_Registro_Siniestro - Unión por clave contrato> [C:\Users\niebl\Transformacion Fact_Registro_Siniestro.ktr]  Procesamiento finalizado (I=0, O=0, R=2000, W=1000, U=0, E=0)
2024-07-24 00:36:54.725 INFO  <Transformacion Fact_Registro_Siniestro - Unión por clave sucursal> [C:\Users\niebl\Transformacion Fact_Registro_Siniestro.ktr]  Procesamiento finalizado (I=0, O=0, R=330, W=300, U=0, E=0)
2024-07-24 00:36:54.758 INFO  <Transformacion Fact_Registro_Siniestro - Ordenar filas cliente 2> [C:\Users\niebl\Transformacion Fact_Registro_Siniestro.ktr]  Procesamiento finalizado (I=0, O=0, R=300, W=300, U=0, E=0)
2024-07-24 00:36:54.759 INFO  <Transformacion Fact_Registro_Siniestro - Ordenar filas contrato 2> [C:\Users\niebl\Transformacion Fact_Registro_Siniestro.ktr]  Procesamiento finalizado (I=0, O=0, R=1000, W=1000, U=0, E=0)
2024-07-24 00:36:55.122 INFO  <Transformacion Fact_Registro_Siniestro - Unión por clave cliente> [C:\Users\niebl\Transformacion Fact_Registro_Siniestro.ktr]  Procesamiento finalizado (I=0, O=0, R=1300, W=44, U=0, E=0)
2024-07-24 00:36:55.154 INFO  <Transformacion Fact_Registro_Siniestro - Ordenar filas producto> [C:\Users\niebl\Transformacion Fact_Registro_Siniestro.ktr]  Procesamiento finalizado (I=0, O=0, R=44, W=44, U=0, E=0)
2024-07-24 00:36:55.509 INFO  <Transformacion Fact_Registro_Siniestro - Unión por clave producto> [C:\Users\niebl\Transformacion Fact_Registro_Siniestro.ktr]  Procesamiento finalizado (I=0, O=0, R=74, W=44, U=0, E=0)
2024-07-24 00:36:55.540 INFO  <Transformacion Fact_Registro_Siniestro - Ordenar filas contrato 3> [C:\Users\niebl\Transformacion Fact_Registro_Siniestro.ktr]  Procesamiento finalizado (I=0, O=0, R=44, W=44, U=0, E=0)
2024-07-24 00:36:55.908 INFO  <Transformacion Fact_Registro_Siniestro - Unión por clave contrato 2> [C:\Users\niebl\Transformacion Fact_Registro_Siniestro.ktr]  Procesamiento finalizado (I=0, O=0, R=1044, W=44, U=0, E=0)
2024-07-24 00:36:55.940 INFO  <Transformacion Fact_Registro_Siniestro - Ordenar filas fecha_siniestro> [C:\Users\niebl\Transformacion Fact_Registro_Siniestro.ktr]  Procesamiento finalizado (I=0, O=0, R=44, W=44, U=0, E=0)
2024-07-24 00:36:55.941 INFO  <Transformacion Fact_Registro_Siniestro - Ordenar filas fecha completa> [C:\Users\niebl\Transformacion Fact_Registro_Siniestro.ktr]  Procesamiento finalizado (I=0, O=0, R=14976, W=14976, U=0, E=0)
2024-07-24 00:36:56.316 INFO  <Transformacion Fact_Registro_Siniestro - Unión por clave fecha_siniestro> [C:\Users\niebl\Transformacion Fact_Registro_Siniestro.ktr]  Procesamiento finalizado (I=0, O=0, R=15020, W=44, U=0, E=0)
2024-07-24 00:39:07.470 INFO  <Thread-1353> [C:\Users\niebl\Transformacion Fact_Registro_Siniestro.ktr]  Iniciado despacho de la transformaci?n [Transformacion Fact_Registro_Siniestro]
2024-07-24 00:39:07.743 INFO  <Transformacion Fact_Registro_Siniestro - Entrada Tabla dim_producto> [C:\Users\niebl\Transformacion Fact_Registro_Siniestro.ktr]  Finished reading query, closing connection
2024-07-24 00:39:07.745 INFO  <Transformacion Fact_Registro_Siniestro - Entrada Tabla dim_producto> [C:\Users\niebl\Transformacion Fact_Registro_Siniestro.ktr]  Procesamiento finalizado (I=30, O=0, R=0, W=30, U=0, E=0)
2024-07-24 00:39:07.753 INFO  <Transformacion Fact_Registro_Siniestro - Entrada Tabla dim sucursal> [C:\Users\niebl\Transformacion Fact_Registro_Siniestro.ktr]  Finished reading query, closing connection
2024-07-24 00:39:07.754 INFO  <Transformacion Fact_Registro_Siniestro - Entrada Tabla dim sucursal> [C:\Users\niebl\Transformacion Fact_Registro_Siniestro.ktr]  Procesamiento finalizado (I=30, O=0, R=0, W=30, U=0, E=0)
2024-07-24 00:39:07.757 INFO  <Transformacion Fact_Registro_Siniestro - Ordenar filas sucursal 2> [C:\Users\niebl\Transformacion Fact_Registro_Siniestro.ktr]  Procesamiento finalizado (I=0, O=0, R=30, W=30, U=0, E=0)
2024-07-24 00:39:07.757 INFO  <Transformacion Fact_Registro_Siniestro - Entrada Tabla Registro Contrato> [C:\Users\niebl\Transformacion Fact_Registro_Siniestro.ktr]  Finished reading query, closing connection
2024-07-24 00:39:07.758 INFO  <Transformacion Fact_Registro_Siniestro - Ordenar filas producto 2> [C:\Users\niebl\Transformacion Fact_Registro_Siniestro.ktr]  Procesamiento finalizado (I=0, O=0, R=30, W=30, U=0, E=0)
2024-07-24 00:39:07.758 INFO  <Transformacion Fact_Registro_Siniestro - Entrada Tabla cliente> [C:\Users\niebl\Transformacion Fact_Registro_Siniestro.ktr]  Finished reading query, closing connection
2024-07-24 00:39:07.758 INFO  <Transformacion Fact_Registro_Siniestro - Entrada Tabla Registro Contrato> [C:\Users\niebl\Transformacion Fact_Registro_Siniestro.ktr]  Procesamiento finalizado (I=1000, O=0, R=0, W=1000, U=0, E=0)
2024-07-24 00:39:07.759 INFO  <Transformacion Fact_Registro_Siniestro - Entrada Tabla dim_contrato> [C:\Users\niebl\Transformacion Fact_Registro_Siniestro.ktr]  Finished reading query, closing connection
2024-07-24 00:39:07.760 INFO  <Transformacion Fact_Registro_Siniestro - Entrada Tabla cliente> [C:\Users\niebl\Transformacion Fact_Registro_Siniestro.ktr]  Procesamiento finalizado (I=300, O=0, R=0, W=300, U=0, E=0)
2024-07-24 00:39:07.761 INFO  <Transformacion Fact_Registro_Siniestro - Entrada Tabla dim_cliente> [C:\Users\niebl\Transformacion Fact_Registro_Siniestro.ktr]  Finished reading query, closing connection
2024-07-24 00:39:07.762 INFO  <Transformacion Fact_Registro_Siniestro - Entrada Tabla dim_contrato> [C:\Users\niebl\Transformacion Fact_Registro_Siniestro.ktr]  Procesamiento finalizado (I=1000, O=0, R=0, W=1000, U=0, E=0)
2024-07-24 00:39:07.762 INFO  <Transformacion Fact_Registro_Siniestro - Entrada Tabla dim_cliente> [C:\Users\niebl\Transformacion Fact_Registro_Siniestro.ktr]  Procesamiento finalizado (I=300, O=0, R=0, W=300, U=0, E=0)
2024-07-24 00:39:07.764 INFO  <Transformacion Fact_Registro_Siniestro - Entrada Tabla dim_siniestro> [C:\Users\niebl\Transformacion Fact_Registro_Siniestro.ktr]  Finished reading query, closing connection
2024-07-24 00:39:07.765 INFO  <Transformacion Fact_Registro_Siniestro - Ordenar filas cliente> [C:\Users\niebl\Transformacion Fact_Registro_Siniestro.ktr]  Procesamiento finalizado (I=0, O=0, R=1000, W=1000, U=0, E=0)
2024-07-24 00:39:07.766 INFO  <Transformacion Fact_Registro_Siniestro - Entrada Tabla dim_siniestro> [C:\Users\niebl\Transformacion Fact_Registro_Siniestro.ktr]  Procesamiento finalizado (I=1000, O=0, R=0, W=1000, U=0, E=0)
2024-07-24 00:39:07.771 INFO  <Transformacion Fact_Registro_Siniestro - Ordenar filas codigo cliente 2> [C:\Users\niebl\Transformacion Fact_Registro_Siniestro.ktr]  Procesamiento finalizado (I=0, O=0, R=300, W=300, U=0, E=0)
2024-07-24 00:39:07.772 INFO  <Transformacion Fact_Registro_Siniestro - Ordenar filas nro_contrato> [C:\Users\niebl\Transformacion Fact_Registro_Siniestro.ktr]  Procesamiento finalizado (I=0, O=0, R=1000, W=1000, U=0, E=0)
2024-07-24 00:39:07.773 INFO  <Transformacion Fact_Registro_Siniestro - Ordenar filas codigo cliente> [C:\Users\niebl\Transformacion Fact_Registro_Siniestro.ktr]  Procesamiento finalizado (I=0, O=0, R=300, W=300, U=0, E=0)
2024-07-24 00:39:07.774 INFO  <Transformacion Fact_Registro_Siniestro - Ordenar filas nro_siniestro> [C:\Users\niebl\Transformacion Fact_Registro_Siniestro.ktr]  Procesamiento finalizado (I=0, O=0, R=1000, W=1000, U=0, E=0)
2024-07-24 00:39:07.786 INFO  <Transformacion Fact_Registro_Siniestro - Entrada Tabla Fact_Registro_Siniestro> [C:\Users\niebl\Transformacion Fact_Registro_Siniestro.ktr]  Finished reading query, closing connection
2024-07-24 00:39:07.787 INFO  <Transformacion Fact_Registro_Siniestro - Entrada Tabla Fact_Registro_Siniestro> [C:\Users\niebl\Transformacion Fact_Registro_Siniestro.ktr]  Procesamiento finalizado (I=1000, O=0, R=0, W=1000, U=0, E=0)
2024-07-24 00:39:07.792 INFO  <Transformacion Fact_Registro_Siniestro - Ordenar filas siniestro> [C:\Users\niebl\Transformacion Fact_Registro_Siniestro.ktr]  Procesamiento finalizado (I=0, O=0, R=1000, W=1000, U=0, E=0)
2024-07-24 00:39:07.838 INFO  <Transformacion Fact_Registro_Siniestro - Entrada Tabla fechas> [C:\Users\niebl\Transformacion Fact_Registro_Siniestro.ktr]  Finished reading query, closing connection
2024-07-24 00:39:07.839 INFO  <Transformacion Fact_Registro_Siniestro - Entrada Tabla fechas> [C:\Users\niebl\Transformacion Fact_Registro_Siniestro.ktr]  Procesamiento finalizado (I=14976, O=0, R=0, W=29952, U=0, E=0)
2024-07-24 00:39:08.085 INFO  <Transformacion Fact_Registro_Siniestro - Unión por clave codigo cliente> [C:\Users\niebl\Transformacion Fact_Registro_Siniestro.ktr]  Procesamiento finalizado (I=0, O=0, R=600, W=300, U=0, E=0)
2024-07-24 00:39:08.100 INFO  <Transformacion Fact_Registro_Siniestro - Unión por clave sinistro> [C:\Users\niebl\Transformacion Fact_Registro_Siniestro.ktr]  Procesamiento finalizado (I=0, O=0, R=2000, W=1000, U=0, E=0)
2024-07-24 00:39:08.116 INFO  <Transformacion Fact_Registro_Siniestro - Ordenar filas sucursal> [C:\Users\niebl\Transformacion Fact_Registro_Siniestro.ktr]  Procesamiento finalizado (I=0, O=0, R=300, W=300, U=0, E=0)
2024-07-24 00:39:08.133 INFO  <Transformacion Fact_Registro_Siniestro - Ordenar filas contrato> [C:\Users\niebl\Transformacion Fact_Registro_Siniestro.ktr]  Procesamiento finalizado (I=0, O=0, R=1000, W=1000, U=0, E=0)
2024-07-24 00:39:08.448 INFO  <Transformacion Fact_Registro_Siniestro - Unión por clave sucursal> [C:\Users\niebl\Transformacion Fact_Registro_Siniestro.ktr]  Procesamiento finalizado (I=0, O=0, R=330, W=300, U=0, E=0)
2024-07-24 00:39:08.464 INFO  <Transformacion Fact_Registro_Siniestro - Unión por clave contrato> [C:\Users\niebl\Transformacion Fact_Registro_Siniestro.ktr]  Procesamiento finalizado (I=0, O=0, R=2000, W=1000, U=0, E=0)
2024-07-24 00:39:08.479 INFO  <Transformacion Fact_Registro_Siniestro - Ordenar filas cliente 2> [C:\Users\niebl\Transformacion Fact_Registro_Siniestro.ktr]  Procesamiento finalizado (I=0, O=0, R=300, W=300, U=0, E=0)
2024-07-24 00:39:08.497 INFO  <Transformacion Fact_Registro_Siniestro - Ordenar filas contrato 2> [C:\Users\niebl\Transformacion Fact_Registro_Siniestro.ktr]  Procesamiento finalizado (I=0, O=0, R=1000, W=1000, U=0, E=0)
2024-07-24 00:39:08.838 INFO  <Transformacion Fact_Registro_Siniestro - Unión por clave cliente> [C:\Users\niebl\Transformacion Fact_Registro_Siniestro.ktr]  Procesamiento finalizado (I=0, O=0, R=1300, W=44, U=0, E=0)
2024-07-24 00:39:08.868 INFO  <Transformacion Fact_Registro_Siniestro - Ordenar filas producto> [C:\Users\niebl\Transformacion Fact_Registro_Siniestro.ktr]  Procesamiento finalizado (I=0, O=0, R=44, W=44, U=0, E=0)
2024-07-24 00:39:09.209 INFO  <Transformacion Fact_Registro_Siniestro - Unión por clave producto> [C:\Users\niebl\Transformacion Fact_Registro_Siniestro.ktr]  Procesamiento finalizado (I=0, O=0, R=74, W=44, U=0, E=0)
2024-07-24 00:39:09.211 INFO  <Transformacion Fact_Registro_Siniestro - Ordenar filas contrato 3> [C:\Users\niebl\Transformacion Fact_Registro_Siniestro.ktr]  Procesamiento finalizado (I=0, O=0, R=44, W=44, U=0, E=0)
2024-07-24 00:39:09.516 INFO  <Transformacion Fact_Registro_Siniestro - Unión por clave contrato 2> [C:\Users\niebl\Transformacion Fact_Registro_Siniestro.ktr]  Procesamiento finalizado (I=0, O=0, R=1044, W=44, U=0, E=0)
2024-07-24 00:39:09.527 INFO  <Transformacion Fact_Registro_Siniestro - Ordenar filas fecha_siniestro> [C:\Users\niebl\Transformacion Fact_Registro_Siniestro.ktr]  Procesamiento finalizado (I=0, O=0, R=44, W=44, U=0, E=0)
2024-07-24 00:39:09.535 INFO  <Transformacion Fact_Registro_Siniestro - Ordenar filas fecha completa> [C:\Users\niebl\Transformacion Fact_Registro_Siniestro.ktr]  Procesamiento finalizado (I=0, O=0, R=14976, W=14976, U=0, E=0)
2024-07-24 00:39:09.842 INFO  <Transformacion Fact_Registro_Siniestro - Unión por clave fecha_siniestro> [C:\Users\niebl\Transformacion Fact_Registro_Siniestro.ktr]  Procesamiento finalizado (I=0, O=0, R=15020, W=44, U=0, E=0)
2024-07-24 00:39:09.873 INFO  <Transformacion Fact_Registro_Siniestro - Ordenar filas fecha_respuesta> [C:\Users\niebl\Transformacion Fact_Registro_Siniestro.ktr]  Procesamiento finalizado (I=0, O=0, R=44, W=44, U=0, E=0)
2024-07-24 00:39:09.882 INFO  <Transformacion Fact_Registro_Siniestro - Ordenar filas fecha completa 2> [C:\Users\niebl\Transformacion Fact_Registro_Siniestro.ktr]  Procesamiento finalizado (I=0, O=0, R=14976, W=14976, U=0, E=0)
2024-07-24 00:39:10.248 INFO  <Transformacion Fact_Registro_Siniestro - Unión por clave fecha respuesta> [C:\Users\niebl\Transformacion Fact_Registro_Siniestro.ktr]  Procesamiento finalizado (I=0, O=0, R=15020, W=44, U=0, E=0)
2024-07-24 00:42:04.883 INFO  <Thread-1434> [C:\Users\niebl\Transformacion Fact_Registro_Siniestro.ktr]  Iniciado despacho de la transformaci?n [Transformacion Fact_Registro_Siniestro]
2024-07-24 00:42:05.133 INFO  <init of Salida Tabla Fact_Registro_Siniestro.0 (Thread-1472)> [C:\Users\niebl\Transformacion Fact_Registro_Siniestro.ktr]  Connected to database [Postgres] (commit=1000)
2024-07-24 00:42:05.171 INFO  <Transformacion Fact_Registro_Siniestro - Entrada Tabla cliente> [C:\Users\niebl\Transformacion Fact_Registro_Siniestro.ktr]  Finished reading query, closing connection
2024-07-24 00:42:05.172 INFO  <Transformacion Fact_Registro_Siniestro - Entrada Tabla dim_producto> [C:\Users\niebl\Transformacion Fact_Registro_Siniestro.ktr]  Finished reading query, closing connection
2024-07-24 00:42:05.172 INFO  <Transformacion Fact_Registro_Siniestro - Entrada Tabla cliente> [C:\Users\niebl\Transformacion Fact_Registro_Siniestro.ktr]  Procesamiento finalizado (I=300, O=0, R=0, W=300, U=0, E=0)
2024-07-24 00:42:05.172 INFO  <Transformacion Fact_Registro_Siniestro - Entrada Tabla dim sucursal> [C:\Users\niebl\Transformacion Fact_Registro_Siniestro.ktr]  Finished reading query, closing connection
2024-07-24 00:42:05.176 INFO  <Transformacion Fact_Registro_Siniestro - Entrada Tabla dim sucursal> [C:\Users\niebl\Transformacion Fact_Registro_Siniestro.ktr]  Procesamiento finalizado (I=30, O=0, R=0, W=30, U=0, E=0)
2024-07-24 00:42:05.177 INFO  <Transformacion Fact_Registro_Siniestro - Entrada Tabla Fact_Registro_Siniestro> [C:\Users\niebl\Transformacion Fact_Registro_Siniestro.ktr]  Finished reading query, closing connection
2024-07-24 00:42:05.177 INFO  <Transformacion Fact_Registro_Siniestro - Entrada Tabla dim_producto> [C:\Users\niebl\Transformacion Fact_Registro_Siniestro.ktr]  Procesamiento finalizado (I=30, O=0, R=0, W=30, U=0, E=0)
2024-07-24 00:42:05.177 INFO  <Transformacion Fact_Registro_Siniestro - Entrada Tabla Fact_Registro_Siniestro> [C:\Users\niebl\Transformacion Fact_Registro_Siniestro.ktr]  Procesamiento finalizado (I=1000, O=0, R=0, W=1000, U=0, E=0)
2024-07-24 00:42:05.188 INFO  <Transformacion Fact_Registro_Siniestro - Ordenar filas producto 2> [C:\Users\niebl\Transformacion Fact_Registro_Siniestro.ktr]  Procesamiento finalizado (I=0, O=0, R=30, W=30, U=0, E=0)
2024-07-24 00:42:05.189 INFO  <Transformacion Fact_Registro_Siniestro - Ordenar filas codigo cliente> [C:\Users\niebl\Transformacion Fact_Registro_Siniestro.ktr]  Procesamiento finalizado (I=0, O=0, R=300, W=300, U=0, E=0)
2024-07-24 00:42:05.189 INFO  <Transformacion Fact_Registro_Siniestro - Entrada Tabla dim_cliente> [C:\Users\niebl\Transformacion Fact_Registro_Siniestro.ktr]  Finished reading query, closing connection
2024-07-24 00:42:05.190 INFO  <Transformacion Fact_Registro_Siniestro - Entrada Tabla dim_cliente> [C:\Users\niebl\Transformacion Fact_Registro_Siniestro.ktr]  Procesamiento finalizado (I=300, O=0, R=0, W=300, U=0, E=0)
2024-07-24 00:42:05.192 INFO  <Transformacion Fact_Registro_Siniestro - Ordenar filas siniestro> [C:\Users\niebl\Transformacion Fact_Registro_Siniestro.ktr]  Procesamiento finalizado (I=0, O=0, R=1000, W=1000, U=0, E=0)
2024-07-24 00:42:05.195 INFO  <Transformacion Fact_Registro_Siniestro - Ordenar filas codigo cliente 2> [C:\Users\niebl\Transformacion Fact_Registro_Siniestro.ktr]  Procesamiento finalizado (I=0, O=0, R=300, W=300, U=0, E=0)
2024-07-24 00:42:05.196 INFO  <Transformacion Fact_Registro_Siniestro - Entrada Tabla dim_siniestro> [C:\Users\niebl\Transformacion Fact_Registro_Siniestro.ktr]  Finished reading query, closing connection
2024-07-24 00:42:05.196 INFO  <Transformacion Fact_Registro_Siniestro - Ordenar filas sucursal 2> [C:\Users\niebl\Transformacion Fact_Registro_Siniestro.ktr]  Procesamiento finalizado (I=0, O=0, R=30, W=30, U=0, E=0)
2024-07-24 00:42:05.196 INFO  <Transformacion Fact_Registro_Siniestro - Entrada Tabla Registro Contrato> [C:\Users\niebl\Transformacion Fact_Registro_Siniestro.ktr]  Finished reading query, closing connection
2024-07-24 00:42:05.198 INFO  <Transformacion Fact_Registro_Siniestro - Entrada Tabla Registro Contrato> [C:\Users\niebl\Transformacion Fact_Registro_Siniestro.ktr]  Procesamiento finalizado (I=1000, O=0, R=0, W=1000, U=0, E=0)
2024-07-24 00:42:05.201 INFO  <Transformacion Fact_Registro_Siniestro - Entrada Tabla dim_siniestro> [C:\Users\niebl\Transformacion Fact_Registro_Siniestro.ktr]  Procesamiento finalizado (I=1000, O=0, R=0, W=1000, U=0, E=0)
2024-07-24 00:42:05.203 INFO  <Transformacion Fact_Registro_Siniestro - Ordenar filas nro_siniestro> [C:\Users\niebl\Transformacion Fact_Registro_Siniestro.ktr]  Procesamiento finalizado (I=0, O=0, R=1000, W=1000, U=0, E=0)
2024-07-24 00:42:05.203 INFO  <Transformacion Fact_Registro_Siniestro - Ordenar filas cliente> [C:\Users\niebl\Transformacion Fact_Registro_Siniestro.ktr]  Procesamiento finalizado (I=0, O=0, R=1000, W=1000, U=0, E=0)
2024-07-24 00:42:05.219 INFO  <Transformacion Fact_Registro_Siniestro - Entrada Tabla dim_contrato> [C:\Users\niebl\Transformacion Fact_Registro_Siniestro.ktr]  Finished reading query, closing connection
2024-07-24 00:42:05.220 INFO  <Transformacion Fact_Registro_Siniestro - Entrada Tabla dim_contrato> [C:\Users\niebl\Transformacion Fact_Registro_Siniestro.ktr]  Procesamiento finalizado (I=1000, O=0, R=0, W=1000, U=0, E=0)
2024-07-24 00:42:05.226 INFO  <Transformacion Fact_Registro_Siniestro - Ordenar filas nro_contrato> [C:\Users\niebl\Transformacion Fact_Registro_Siniestro.ktr]  Procesamiento finalizado (I=0, O=0, R=1000, W=1000, U=0, E=0)
2024-07-24 00:42:05.259 INFO  <Transformacion Fact_Registro_Siniestro - Entrada Tabla fechas> [C:\Users\niebl\Transformacion Fact_Registro_Siniestro.ktr]  Finished reading query, closing connection
2024-07-24 00:42:05.260 INFO  <Transformacion Fact_Registro_Siniestro - Entrada Tabla fechas> [C:\Users\niebl\Transformacion Fact_Registro_Siniestro.ktr]  Procesamiento finalizado (I=14976, O=0, R=0, W=29952, U=0, E=0)
2024-07-24 00:42:05.529 INFO  <Transformacion Fact_Registro_Siniestro - Unión por clave codigo cliente> [C:\Users\niebl\Transformacion Fact_Registro_Siniestro.ktr]  Procesamiento finalizado (I=0, O=0, R=600, W=300, U=0, E=0)
2024-07-24 00:42:05.560 INFO  <Transformacion Fact_Registro_Siniestro - Unión por clave sinistro> [C:\Users\niebl\Transformacion Fact_Registro_Siniestro.ktr]  Procesamiento finalizado (I=0, O=0, R=2000, W=1000, U=0, E=0)
2024-07-24 00:42:05.560 INFO  <Transformacion Fact_Registro_Siniestro - Ordenar filas sucursal> [C:\Users\niebl\Transformacion Fact_Registro_Siniestro.ktr]  Procesamiento finalizado (I=0, O=0, R=300, W=300, U=0, E=0)
2024-07-24 00:42:05.579 INFO  <Transformacion Fact_Registro_Siniestro - Ordenar filas contrato> [C:\Users\niebl\Transformacion Fact_Registro_Siniestro.ktr]  Procesamiento finalizado (I=0, O=0, R=1000, W=1000, U=0, E=0)
2024-07-24 00:42:05.891 INFO  <Transformacion Fact_Registro_Siniestro - Unión por clave sucursal> [C:\Users\niebl\Transformacion Fact_Registro_Siniestro.ktr]  Procesamiento finalizado (I=0, O=0, R=330, W=300, U=0, E=0)
2024-07-24 00:42:05.908 INFO  <Transformacion Fact_Registro_Siniestro - Unión por clave contrato> [C:\Users\niebl\Transformacion Fact_Registro_Siniestro.ktr]  Procesamiento finalizado (I=0, O=0, R=2000, W=1000, U=0, E=0)
2024-07-24 00:42:05.922 INFO  <Transformacion Fact_Registro_Siniestro - Ordenar filas cliente 2> [C:\Users\niebl\Transformacion Fact_Registro_Siniestro.ktr]  Procesamiento finalizado (I=0, O=0, R=300, W=300, U=0, E=0)
2024-07-24 00:42:05.940 INFO  <Transformacion Fact_Registro_Siniestro - Ordenar filas contrato 2> [C:\Users\niebl\Transformacion Fact_Registro_Siniestro.ktr]  Procesamiento finalizado (I=0, O=0, R=1000, W=1000, U=0, E=0)
2024-07-24 00:42:06.296 INFO  <Transformacion Fact_Registro_Siniestro - Unión por clave cliente> [C:\Users\niebl\Transformacion Fact_Registro_Siniestro.ktr]  Procesamiento finalizado (I=0, O=0, R=1300, W=44, U=0, E=0)
2024-07-24 00:42:06.313 INFO  <Transformacion Fact_Registro_Siniestro - Ordenar filas producto> [C:\Users\niebl\Transformacion Fact_Registro_Siniestro.ktr]  Procesamiento finalizado (I=0, O=0, R=44, W=44, U=0, E=0)
2024-07-24 00:42:06.670 INFO  <Transformacion Fact_Registro_Siniestro - Unión por clave producto> [C:\Users\niebl\Transformacion Fact_Registro_Siniestro.ktr]  Procesamiento finalizado (I=0, O=0, R=74, W=44, U=0, E=0)
2024-07-24 00:42:06.686 INFO  <Transformacion Fact_Registro_Siniestro - Ordenar filas contrato 3> [C:\Users\niebl\Transformacion Fact_Registro_Siniestro.ktr]  Procesamiento finalizado (I=0, O=0, R=44, W=44, U=0, E=0)
2024-07-24 00:42:07.042 INFO  <Transformacion Fact_Registro_Siniestro - Unión por clave contrato 2> [C:\Users\niebl\Transformacion Fact_Registro_Siniestro.ktr]  Procesamiento finalizado (I=0, O=0, R=1044, W=44, U=0, E=0)
2024-07-24 00:42:07.073 INFO  <Transformacion Fact_Registro_Siniestro - Ordenar filas fecha_siniestro> [C:\Users\niebl\Transformacion Fact_Registro_Siniestro.ktr]  Procesamiento finalizado (I=0, O=0, R=44, W=44, U=0, E=0)
2024-07-24 00:42:07.081 INFO  <Transformacion Fact_Registro_Siniestro - Ordenar filas fecha completa> [C:\Users\niebl\Transformacion Fact_Registro_Siniestro.ktr]  Procesamiento finalizado (I=0, O=0, R=14976, W=14976, U=0, E=0)
2024-07-24 00:42:07.434 INFO  <Transformacion Fact_Registro_Siniestro - Unión por clave fecha_siniestro> [C:\Users\niebl\Transformacion Fact_Registro_Siniestro.ktr]  Procesamiento finalizado (I=0, O=0, R=15020, W=44, U=0, E=0)
2024-07-24 00:42:07.466 INFO  <Transformacion Fact_Registro_Siniestro - Ordenar filas fecha_respuesta> [C:\Users\niebl\Transformacion Fact_Registro_Siniestro.ktr]  Procesamiento finalizado (I=0, O=0, R=44, W=44, U=0, E=0)
2024-07-24 00:42:07.472 INFO  <Transformacion Fact_Registro_Siniestro - Ordenar filas fecha completa 2> [C:\Users\niebl\Transformacion Fact_Registro_Siniestro.ktr]  Procesamiento finalizado (I=0, O=0, R=14976, W=14976, U=0, E=0)
2024-07-24 00:42:07.826 INFO  <Transformacion Fact_Registro_Siniestro - Unión por clave fecha respuesta> [C:\Users\niebl\Transformacion Fact_Registro_Siniestro.ktr]  Procesamiento finalizado (I=0, O=0, R=15020, W=44, U=0, E=0)
2024-07-24 00:42:07.857 INFO  <Transformacion Fact_Registro_Siniestro - Añadir secuencia cantidad> [C:\Users\niebl\Transformacion Fact_Registro_Siniestro.ktr]  Procesamiento finalizado (I=0, O=0, R=44, W=44, U=0, E=0)
2024-07-24 00:42:07.889 ERROR <Transformacion Fact_Registro_Siniestro - Salida Tabla Fact_Registro_Siniestro> [C:\Users\niebl\Transformacion Fact_Registro_Siniestro.ktr]  Unexpected batch update error committing the database connection.
2024-07-24 00:42:07.889 ERROR <Transformacion Fact_Registro_Siniestro - Salida Tabla Fact_Registro_Siniestro> [C:\Users\niebl\Transformacion Fact_Registro_Siniestro.ktr]  org.pentaho.di.core.exception.KettleDatabaseBatchException: 
Error updating batch
Batch entry 0 INSERT INTO seguro_dw_g26473471.fact_registro_siniestro (sk_dim_fecha_siniestro, sk_dim_fecha_respuesta, cantidad, sk_dim_cliente, sk_dim_sucursal, sk_dim_contrato, sk_dim_producto, sk_dim_siniestro, monto_reconocido, monto_solicitado, id_rechazo) VALUES ( '2013-08-07 00:00:00-04',  '2013-08-09 00:00:00-04',  1,  1706460181,  2113565149,  114881691,  -1608697213,  895897512,  '730328'::numeric,  '792355'::numeric,  'TRUE') was aborted: ERROR: la sintaxis de entrada no es válida para tipo integer: «2013-08-07 00:00:00-04»
  Where: portal sin nombre, parámetro 1 = '...'  Call getNextException to see other errors in the batch.

	at org.pentaho.di.core.database.Database.createKettleDatabaseBatchException(Database.java:1440)
	at org.pentaho.di.core.database.Database.emptyAndCommit(Database.java:1429)
	at org.pentaho.di.trans.steps.tableoutput.TableOutput.dispose(TableOutput.java:590)
	at org.pentaho.di.trans.step.RunThread.run(RunThread.java:97)
	at java.lang.Thread.run(Thread.java:748)
Caused by: java.sql.BatchUpdateException: Batch entry 0 INSERT INTO seguro_dw_g26473471.fact_registro_siniestro (sk_dim_fecha_siniestro, sk_dim_fecha_respuesta, cantidad, sk_dim_cliente, sk_dim_sucursal, sk_dim_contrato, sk_dim_producto, sk_dim_siniestro, monto_reconocido, monto_solicitado, id_rechazo) VALUES ( '2013-08-07 00:00:00-04',  '2013-08-09 00:00:00-04',  1,  1706460181,  2113565149,  114881691,  -1608697213,  895897512,  '730328'::numeric,  '792355'::numeric,  'TRUE') was aborted: ERROR: la sintaxis de entrada no es válida para tipo integer: «2013-08-07 00:00:00-04»
  Where: portal sin nombre, parámetro 1 = '...'  Call getNextException to see other errors in the batch.
	at org.postgresql.jdbc.BatchResultHandler.handleError(BatchResultHandler.java:169)
	at org.postgresql.core.v3.QueryExecutorImpl.processResults(QueryExecutorImpl.java:2285)
	at org.postgresql.core.v3.QueryExecutorImpl.execute(QueryExecutorImpl.java:520)
	at org.postgresql.jdbc.PgStatement.internalExecuteBatch(PgStatement.java:878)
	at org.postgresql.jdbc.PgStatement.executeBatch(PgStatement.java:901)
	at org.postgresql.jdbc.PgPreparedStatement.executeBatch(PgPreparedStatement.java:1644)
	at org.pentaho.di.core.database.Database.emptyAndCommit(Database.java:1416)
	... 3 more
Caused by: org.postgresql.util.PSQLException: ERROR: la sintaxis de entrada no es válida para tipo integer: «2013-08-07 00:00:00-04»
  Where: portal sin nombre, parámetro 1 = '...'
	at org.postgresql.core.v3.QueryExecutorImpl.receiveErrorResponse(QueryExecutorImpl.java:2552)
	at org.postgresql.core.v3.QueryExecutorImpl.processResults(QueryExecutorImpl.java:2284)
	... 8 more

2024-07-24 00:42:07.889 INFO  <Transformacion Fact_Registro_Siniestro - Salida Tabla Fact_Registro_Siniestro> [C:\Users\niebl\Transformacion Fact_Registro_Siniestro.ktr]  Procesamiento finalizado (I=0, O=0, R=44, W=0, U=0, E=1)
2024-07-24 00:42:07.889 ERROR <Transformacion Fact_Registro_Siniestro - Salida Tabla Fact_Registro_Siniestro> [C:\Users\niebl\Transformacion Fact_Registro_Siniestro.ktr]  Errores detectados!
2024-07-24 00:42:07.889 ERROR <Transformacion Fact_Registro_Siniestro - Salida Tabla Fact_Registro_Siniestro> [C:\Users\niebl\Transformacion Fact_Registro_Siniestro.ktr]  Errores detectados!
2024-07-24 00:42:07.904 ERROR <Transformacion Fact_Registro_Siniestro - Salida Tabla Fact_Registro_Siniestro> [C:\Users\niebl\Transformacion Fact_Registro_Siniestro.ktr]  Errores detectados!
2024-07-24 00:42:07.998 WARN  <Transformacion Fact_Registro_Siniestro - Salida Tabla Fact_Registro_Siniestro> [C:\Users\niebl\Transformacion Fact_Registro_Siniestro.ktr]  Transformaci?n detectada 
2024-07-24 00:42:07.998 WARN  <Transformacion Fact_Registro_Siniestro - Salida Tabla Fact_Registro_Siniestro> [C:\Users\niebl\Transformacion Fact_Registro_Siniestro.ktr]  Transformaci?n est? matando los otros pasos!
2024-07-24 00:43:16.395 INFO  <Thread-1514> [C:\Users\niebl\Transformacion Fact_Registro_Siniestro.ktr]  Iniciado despacho de la transformaci?n [Transformacion Fact_Registro_Siniestro]
2024-07-24 00:43:16.644 INFO  <Transformacion Fact_Registro_Siniestro - Entrada Tabla dim_cliente> [C:\Users\niebl\Transformacion Fact_Registro_Siniestro.ktr]  Finished reading query, closing connection
2024-07-24 00:43:16.644 INFO  <Transformacion Fact_Registro_Siniestro - Entrada Tabla cliente> [C:\Users\niebl\Transformacion Fact_Registro_Siniestro.ktr]  Finished reading query, closing connection
2024-07-24 00:43:16.645 INFO  <Transformacion Fact_Registro_Siniestro - Entrada Tabla dim_cliente> [C:\Users\niebl\Transformacion Fact_Registro_Siniestro.ktr]  Procesamiento finalizado (I=300, O=0, R=0, W=300, U=0, E=0)
2024-07-24 00:43:16.646 INFO  <Transformacion Fact_Registro_Siniestro - Entrada Tabla cliente> [C:\Users\niebl\Transformacion Fact_Registro_Siniestro.ktr]  Procesamiento finalizado (I=300, O=0, R=0, W=300, U=0, E=0)
2024-07-24 00:43:16.648 INFO  <Transformacion Fact_Registro_Siniestro - Ordenar filas codigo cliente 2> [C:\Users\niebl\Transformacion Fact_Registro_Siniestro.ktr]  Procesamiento finalizado (I=0, O=0, R=300, W=300, U=0, E=0)
2024-07-24 00:43:16.651 INFO  <Transformacion Fact_Registro_Siniestro - Entrada Tabla dim_producto> [C:\Users\niebl\Transformacion Fact_Registro_Siniestro.ktr]  Finished reading query, closing connection
2024-07-24 00:43:16.653 INFO  <Transformacion Fact_Registro_Siniestro - Entrada Tabla Registro Contrato> [C:\Users\niebl\Transformacion Fact_Registro_Siniestro.ktr]  Finished reading query, closing connection
2024-07-24 00:43:16.669 INFO  <Transformacion Fact_Registro_Siniestro - Entrada Tabla dim_producto> [C:\Users\niebl\Transformacion Fact_Registro_Siniestro.ktr]  Procesamiento finalizado (I=30, O=0, R=0, W=30, U=0, E=0)
2024-07-24 00:43:16.670 INFO  <Transformacion Fact_Registro_Siniestro - Ordenar filas codigo cliente> [C:\Users\niebl\Transformacion Fact_Registro_Siniestro.ktr]  Procesamiento finalizado (I=0, O=0, R=300, W=300, U=0, E=0)
2024-07-24 00:43:16.670 INFO  <Transformacion Fact_Registro_Siniestro - Entrada Tabla dim sucursal> [C:\Users\niebl\Transformacion Fact_Registro_Siniestro.ktr]  Finished reading query, closing connection
2024-07-24 00:43:16.671 INFO  <Transformacion Fact_Registro_Siniestro - Entrada Tabla Registro Contrato> [C:\Users\niebl\Transformacion Fact_Registro_Siniestro.ktr]  Procesamiento finalizado (I=1000, O=0, R=0, W=1000, U=0, E=0)
2024-07-24 00:43:16.673 INFO  <Transformacion Fact_Registro_Siniestro - Entrada Tabla dim_siniestro> [C:\Users\niebl\Transformacion Fact_Registro_Siniestro.ktr]  Finished reading query, closing connection
2024-07-24 00:43:16.674 INFO  <Transformacion Fact_Registro_Siniestro - Entrada Tabla dim sucursal> [C:\Users\niebl\Transformacion Fact_Registro_Siniestro.ktr]  Procesamiento finalizado (I=30, O=0, R=0, W=30, U=0, E=0)
2024-07-24 00:43:16.675 INFO  <Transformacion Fact_Registro_Siniestro - Entrada Tabla dim_contrato> [C:\Users\niebl\Transformacion Fact_Registro_Siniestro.ktr]  Finished reading query, closing connection
2024-07-24 00:43:16.675 INFO  <Transformacion Fact_Registro_Siniestro - Entrada Tabla dim_siniestro> [C:\Users\niebl\Transformacion Fact_Registro_Siniestro.ktr]  Procesamiento finalizado (I=1000, O=0, R=0, W=1000, U=0, E=0)
2024-07-24 00:43:16.676 INFO  <Transformacion Fact_Registro_Siniestro - Entrada Tabla Fact_Registro_Siniestro> [C:\Users\niebl\Transformacion Fact_Registro_Siniestro.ktr]  Finished reading query, closing connection
2024-07-24 00:43:16.679 INFO  <Transformacion Fact_Registro_Siniestro - Ordenar filas cliente> [C:\Users\niebl\Transformacion Fact_Registro_Siniestro.ktr]  Procesamiento finalizado (I=0, O=0, R=1000, W=1000, U=0, E=0)
2024-07-24 00:43:16.679 INFO  <Transformacion Fact_Registro_Siniestro - Ordenar filas producto 2> [C:\Users\niebl\Transformacion Fact_Registro_Siniestro.ktr]  Procesamiento finalizado (I=0, O=0, R=30, W=30, U=0, E=0)
2024-07-24 00:43:16.680 INFO  <Transformacion Fact_Registro_Siniestro - Ordenar filas nro_siniestro> [C:\Users\niebl\Transformacion Fact_Registro_Siniestro.ktr]  Procesamiento finalizado (I=0, O=0, R=1000, W=1000, U=0, E=0)
2024-07-24 00:43:16.680 INFO  <Transformacion Fact_Registro_Siniestro - Entrada Tabla Fact_Registro_Siniestro> [C:\Users\niebl\Transformacion Fact_Registro_Siniestro.ktr]  Procesamiento finalizado (I=1000, O=0, R=0, W=1000, U=0, E=0)
2024-07-24 00:43:16.681 INFO  <Transformacion Fact_Registro_Siniestro - Ordenar filas sucursal 2> [C:\Users\niebl\Transformacion Fact_Registro_Siniestro.ktr]  Procesamiento finalizado (I=0, O=0, R=30, W=30, U=0, E=0)
2024-07-24 00:43:16.685 INFO  <Transformacion Fact_Registro_Siniestro - Ordenar filas siniestro> [C:\Users\niebl\Transformacion Fact_Registro_Siniestro.ktr]  Procesamiento finalizado (I=0, O=0, R=1000, W=1000, U=0, E=0)
2024-07-24 00:43:16.685 INFO  <Transformacion Fact_Registro_Siniestro - Ordenar filas nro_contrato> [C:\Users\niebl\Transformacion Fact_Registro_Siniestro.ktr]  Procesamiento finalizado (I=0, O=0, R=1000, W=1000, U=0, E=0)
2024-07-24 00:43:16.686 INFO  <Transformacion Fact_Registro_Siniestro - Entrada Tabla dim_contrato> [C:\Users\niebl\Transformacion Fact_Registro_Siniestro.ktr]  Procesamiento finalizado (I=1000, O=0, R=0, W=1000, U=0, E=0)
2024-07-24 00:43:16.745 INFO  <Transformacion Fact_Registro_Siniestro - Entrada Tabla fechas> [C:\Users\niebl\Transformacion Fact_Registro_Siniestro.ktr]  Finished reading query, closing connection
2024-07-24 00:43:16.746 INFO  <Transformacion Fact_Registro_Siniestro - Entrada Tabla fechas> [C:\Users\niebl\Transformacion Fact_Registro_Siniestro.ktr]  Procesamiento finalizado (I=14976, O=0, R=0, W=29952, U=0, E=0)
2024-07-24 00:43:16.979 INFO  <Transformacion Fact_Registro_Siniestro - Unión por clave codigo cliente> [C:\Users\niebl\Transformacion Fact_Registro_Siniestro.ktr]  Procesamiento finalizado (I=0, O=0, R=600, W=300, U=0, E=0)
2024-07-24 00:43:16.994 INFO  <Transformacion Fact_Registro_Siniestro - Unión por clave sinistro> [C:\Users\niebl\Transformacion Fact_Registro_Siniestro.ktr]  Procesamiento finalizado (I=0, O=0, R=2000, W=1000, U=0, E=0)
2024-07-24 00:43:17.010 INFO  <Transformacion Fact_Registro_Siniestro - Ordenar filas sucursal> [C:\Users\niebl\Transformacion Fact_Registro_Siniestro.ktr]  Procesamiento finalizado (I=0, O=0, R=300, W=300, U=0, E=0)
2024-07-24 00:43:17.026 INFO  <Transformacion Fact_Registro_Siniestro - Ordenar filas contrato> [C:\Users\niebl\Transformacion Fact_Registro_Siniestro.ktr]  Procesamiento finalizado (I=0, O=0, R=1000, W=1000, U=0, E=0)
2024-07-24 00:43:17.342 INFO  <Transformacion Fact_Registro_Siniestro - Unión por clave sucursal> [C:\Users\niebl\Transformacion Fact_Registro_Siniestro.ktr]  Procesamiento finalizado (I=0, O=0, R=330, W=300, U=0, E=0)
2024-07-24 00:43:17.357 INFO  <Transformacion Fact_Registro_Siniestro - Unión por clave contrato> [C:\Users\niebl\Transformacion Fact_Registro_Siniestro.ktr]  Procesamiento finalizado (I=0, O=0, R=2000, W=1000, U=0, E=0)
2024-07-24 00:43:17.372 INFO  <Transformacion Fact_Registro_Siniestro - Ordenar filas cliente 2> [C:\Users\niebl\Transformacion Fact_Registro_Siniestro.ktr]  Procesamiento finalizado (I=0, O=0, R=300, W=300, U=0, E=0)
2024-07-24 00:43:17.389 INFO  <Transformacion Fact_Registro_Siniestro - Ordenar filas contrato 2> [C:\Users\niebl\Transformacion Fact_Registro_Siniestro.ktr]  Procesamiento finalizado (I=0, O=0, R=1000, W=1000, U=0, E=0)
2024-07-24 00:43:17.745 INFO  <Transformacion Fact_Registro_Siniestro - Unión por clave cliente> [C:\Users\niebl\Transformacion Fact_Registro_Siniestro.ktr]  Procesamiento finalizado (I=0, O=0, R=1300, W=44, U=0, E=0)
2024-07-24 00:43:17.760 INFO  <Transformacion Fact_Registro_Siniestro - Ordenar filas producto> [C:\Users\niebl\Transformacion Fact_Registro_Siniestro.ktr]  Procesamiento finalizado (I=0, O=0, R=44, W=44, U=0, E=0)
2024-07-24 00:43:18.101 INFO  <Transformacion Fact_Registro_Siniestro - Unión por clave producto> [C:\Users\niebl\Transformacion Fact_Registro_Siniestro.ktr]  Procesamiento finalizado (I=0, O=0, R=74, W=44, U=0, E=0)
2024-07-24 00:43:18.133 INFO  <Transformacion Fact_Registro_Siniestro - Ordenar filas contrato 3> [C:\Users\niebl\Transformacion Fact_Registro_Siniestro.ktr]  Procesamiento finalizado (I=0, O=0, R=44, W=44, U=0, E=0)
2024-07-24 00:43:18.474 INFO  <Transformacion Fact_Registro_Siniestro - Unión por clave contrato 2> [C:\Users\niebl\Transformacion Fact_Registro_Siniestro.ktr]  Procesamiento finalizado (I=0, O=0, R=1044, W=44, U=0, E=0)
2024-07-24 00:43:18.504 INFO  <Transformacion Fact_Registro_Siniestro - Ordenar filas fecha_siniestro> [C:\Users\niebl\Transformacion Fact_Registro_Siniestro.ktr]  Procesamiento finalizado (I=0, O=0, R=44, W=44, U=0, E=0)
2024-07-24 00:43:18.512 INFO  <Transformacion Fact_Registro_Siniestro - Ordenar filas fecha completa> [C:\Users\niebl\Transformacion Fact_Registro_Siniestro.ktr]  Procesamiento finalizado (I=0, O=0, R=14976, W=14976, U=0, E=0)
2024-07-24 00:43:18.847 INFO  <Transformacion Fact_Registro_Siniestro - Unión por clave fecha_siniestro> [C:\Users\niebl\Transformacion Fact_Registro_Siniestro.ktr]  Procesamiento finalizado (I=0, O=0, R=15020, W=44, U=0, E=0)
2024-07-24 00:43:18.863 INFO  <Transformacion Fact_Registro_Siniestro - Ordenar filas fecha_respuesta> [C:\Users\niebl\Transformacion Fact_Registro_Siniestro.ktr]  Procesamiento finalizado (I=0, O=0, R=44, W=44, U=0, E=0)
2024-07-24 00:43:18.870 INFO  <Transformacion Fact_Registro_Siniestro - Ordenar filas fecha completa 2> [C:\Users\niebl\Transformacion Fact_Registro_Siniestro.ktr]  Procesamiento finalizado (I=0, O=0, R=14976, W=14976, U=0, E=0)
2024-07-24 00:43:19.207 INFO  <Transformacion Fact_Registro_Siniestro - Unión por clave fecha respuesta> [C:\Users\niebl\Transformacion Fact_Registro_Siniestro.ktr]  Procesamiento finalizado (I=0, O=0, R=15020, W=44, U=0, E=0)
2024-07-24 00:43:19.237 INFO  <Transformacion Fact_Registro_Siniestro - Añadir secuencia cantidad> [C:\Users\niebl\Transformacion Fact_Registro_Siniestro.ktr]  Procesamiento finalizado (I=0, O=0, R=44, W=44, U=0, E=0)
2024-07-24 00:44:36.997 INFO  <Thread-1591> [C:\Users\niebl\Transformacion Fact_Registro_Siniestro.ktr]  Iniciado despacho de la transformaci?n [Transformacion Fact_Registro_Siniestro]
2024-07-24 00:44:37.224 INFO  <init of Salida Tabla Fact_Registro_Siniestro.0 (Thread-1629)> [C:\Users\niebl\Transformacion Fact_Registro_Siniestro.ktr]  Connected to database [Postgres] (commit=1000)
2024-07-24 00:44:37.275 INFO  <Transformacion Fact_Registro_Siniestro - Entrada Tabla cliente> [C:\Users\niebl\Transformacion Fact_Registro_Siniestro.ktr]  Finished reading query, closing connection
2024-07-24 00:44:37.276 INFO  <Transformacion Fact_Registro_Siniestro - Entrada Tabla dim sucursal> [C:\Users\niebl\Transformacion Fact_Registro_Siniestro.ktr]  Finished reading query, closing connection
2024-07-24 00:44:37.277 INFO  <Transformacion Fact_Registro_Siniestro - Entrada Tabla cliente> [C:\Users\niebl\Transformacion Fact_Registro_Siniestro.ktr]  Procesamiento finalizado (I=300, O=0, R=0, W=300, U=0, E=0)
2024-07-24 00:44:37.278 INFO  <Transformacion Fact_Registro_Siniestro - Entrada Tabla dim sucursal> [C:\Users\niebl\Transformacion Fact_Registro_Siniestro.ktr]  Procesamiento finalizado (I=30, O=0, R=0, W=30, U=0, E=0)
2024-07-24 00:44:37.282 INFO  <Transformacion Fact_Registro_Siniestro - Ordenar filas sucursal 2> [C:\Users\niebl\Transformacion Fact_Registro_Siniestro.ktr]  Procesamiento finalizado (I=0, O=0, R=30, W=30, U=0, E=0)
2024-07-24 00:44:37.284 INFO  <Transformacion Fact_Registro_Siniestro - Entrada Tabla dim_siniestro> [C:\Users\niebl\Transformacion Fact_Registro_Siniestro.ktr]  Finished reading query, closing connection
2024-07-24 00:44:37.285 INFO  <Transformacion Fact_Registro_Siniestro - Ordenar filas codigo cliente> [C:\Users\niebl\Transformacion Fact_Registro_Siniestro.ktr]  Procesamiento finalizado (I=0, O=0, R=300, W=300, U=0, E=0)
2024-07-24 00:44:37.285 INFO  <Transformacion Fact_Registro_Siniestro - Entrada Tabla dim_siniestro> [C:\Users\niebl\Transformacion Fact_Registro_Siniestro.ktr]  Procesamiento finalizado (I=1000, O=0, R=0, W=1000, U=0, E=0)
2024-07-24 00:44:37.288 INFO  <Transformacion Fact_Registro_Siniestro - Entrada Tabla dim_producto> [C:\Users\niebl\Transformacion Fact_Registro_Siniestro.ktr]  Finished reading query, closing connection
2024-07-24 00:44:37.289 INFO  <Transformacion Fact_Registro_Siniestro - Entrada Tabla dim_producto> [C:\Users\niebl\Transformacion Fact_Registro_Siniestro.ktr]  Procesamiento finalizado (I=30, O=0, R=0, W=30, U=0, E=0)
2024-07-24 00:44:37.291 INFO  <Transformacion Fact_Registro_Siniestro - Entrada Tabla dim_contrato> [C:\Users\niebl\Transformacion Fact_Registro_Siniestro.ktr]  Finished reading query, closing connection
2024-07-24 00:44:37.292 INFO  <Transformacion Fact_Registro_Siniestro - Entrada Tabla dim_cliente> [C:\Users\niebl\Transformacion Fact_Registro_Siniestro.ktr]  Finished reading query, closing connection
2024-07-24 00:44:37.293 INFO  <Transformacion Fact_Registro_Siniestro - Entrada Tabla dim_contrato> [C:\Users\niebl\Transformacion Fact_Registro_Siniestro.ktr]  Procesamiento finalizado (I=1000, O=0, R=0, W=1000, U=0, E=0)
2024-07-24 00:44:37.293 INFO  <Transformacion Fact_Registro_Siniestro - Entrada Tabla dim_cliente> [C:\Users\niebl\Transformacion Fact_Registro_Siniestro.ktr]  Procesamiento finalizado (I=300, O=0, R=0, W=300, U=0, E=0)
2024-07-24 00:44:37.296 INFO  <Transformacion Fact_Registro_Siniestro - Ordenar filas nro_contrato> [C:\Users\niebl\Transformacion Fact_Registro_Siniestro.ktr]  Procesamiento finalizado (I=0, O=0, R=1000, W=1000, U=0, E=0)
2024-07-24 00:44:37.296 INFO  <Transformacion Fact_Registro_Siniestro - Entrada Tabla Registro Contrato> [C:\Users\niebl\Transformacion Fact_Registro_Siniestro.ktr]  Finished reading query, closing connection
2024-07-24 00:44:37.298 INFO  <Transformacion Fact_Registro_Siniestro - Entrada Tabla Registro Contrato> [C:\Users\niebl\Transformacion Fact_Registro_Siniestro.ktr]  Procesamiento finalizado (I=1000, O=0, R=0, W=1000, U=0, E=0)
2024-07-24 00:44:37.299 INFO  <Transformacion Fact_Registro_Siniestro - Ordenar filas codigo cliente 2> [C:\Users\niebl\Transformacion Fact_Registro_Siniestro.ktr]  Procesamiento finalizado (I=0, O=0, R=300, W=300, U=0, E=0)
2024-07-24 00:44:37.299 INFO  <Transformacion Fact_Registro_Siniestro - Ordenar filas producto 2> [C:\Users\niebl\Transformacion Fact_Registro_Siniestro.ktr]  Procesamiento finalizado (I=0, O=0, R=30, W=30, U=0, E=0)
2024-07-24 00:44:37.301 INFO  <Transformacion Fact_Registro_Siniestro - Ordenar filas nro_siniestro> [C:\Users\niebl\Transformacion Fact_Registro_Siniestro.ktr]  Procesamiento finalizado (I=0, O=0, R=1000, W=1000, U=0, E=0)
2024-07-24 00:44:37.303 INFO  <Transformacion Fact_Registro_Siniestro - Ordenar filas cliente> [C:\Users\niebl\Transformacion Fact_Registro_Siniestro.ktr]  Procesamiento finalizado (I=0, O=0, R=1000, W=1000, U=0, E=0)
2024-07-24 00:44:37.307 INFO  <Transformacion Fact_Registro_Siniestro - Entrada Tabla Fact_Registro_Siniestro> [C:\Users\niebl\Transformacion Fact_Registro_Siniestro.ktr]  Finished reading query, closing connection
2024-07-24 00:44:37.308 INFO  <Transformacion Fact_Registro_Siniestro - Entrada Tabla Fact_Registro_Siniestro> [C:\Users\niebl\Transformacion Fact_Registro_Siniestro.ktr]  Procesamiento finalizado (I=1000, O=0, R=0, W=1000, U=0, E=0)
2024-07-24 00:44:37.315 INFO  <Transformacion Fact_Registro_Siniestro - Ordenar filas siniestro> [C:\Users\niebl\Transformacion Fact_Registro_Siniestro.ktr]  Procesamiento finalizado (I=0, O=0, R=1000, W=1000, U=0, E=0)
2024-07-24 00:44:37.364 INFO  <Transformacion Fact_Registro_Siniestro - Entrada Tabla fechas> [C:\Users\niebl\Transformacion Fact_Registro_Siniestro.ktr]  Finished reading query, closing connection
2024-07-24 00:44:37.365 INFO  <Transformacion Fact_Registro_Siniestro - Entrada Tabla fechas> [C:\Users\niebl\Transformacion Fact_Registro_Siniestro.ktr]  Procesamiento finalizado (I=14976, O=0, R=0, W=29952, U=0, E=0)
2024-07-24 00:44:37.613 INFO  <Transformacion Fact_Registro_Siniestro - Unión por clave codigo cliente> [C:\Users\niebl\Transformacion Fact_Registro_Siniestro.ktr]  Procesamiento finalizado (I=0, O=0, R=600, W=300, U=0, E=0)
2024-07-24 00:44:37.629 INFO  <Transformacion Fact_Registro_Siniestro - Unión por clave sinistro> [C:\Users\niebl\Transformacion Fact_Registro_Siniestro.ktr]  Procesamiento finalizado (I=0, O=0, R=2000, W=1000, U=0, E=0)
2024-07-24 00:44:37.646 INFO  <Transformacion Fact_Registro_Siniestro - Ordenar filas sucursal> [C:\Users\niebl\Transformacion Fact_Registro_Siniestro.ktr]  Procesamiento finalizado (I=0, O=0, R=300, W=300, U=0, E=0)
2024-07-24 00:44:37.662 INFO  <Transformacion Fact_Registro_Siniestro - Ordenar filas contrato> [C:\Users\niebl\Transformacion Fact_Registro_Siniestro.ktr]  Procesamiento finalizado (I=0, O=0, R=1000, W=1000, U=0, E=0)
2024-07-24 00:44:37.972 INFO  <Transformacion Fact_Registro_Siniestro - Unión por clave sucursal> [C:\Users\niebl\Transformacion Fact_Registro_Siniestro.ktr]  Procesamiento finalizado (I=0, O=0, R=330, W=300, U=0, E=0)
2024-07-24 00:44:37.988 INFO  <Transformacion Fact_Registro_Siniestro - Unión por clave contrato> [C:\Users\niebl\Transformacion Fact_Registro_Siniestro.ktr]  Procesamiento finalizado (I=0, O=0, R=2000, W=1000, U=0, E=0)
2024-07-24 00:44:38.003 INFO  <Transformacion Fact_Registro_Siniestro - Ordenar filas cliente 2> [C:\Users\niebl\Transformacion Fact_Registro_Siniestro.ktr]  Procesamiento finalizado (I=0, O=0, R=300, W=300, U=0, E=0)
2024-07-24 00:44:38.020 INFO  <Transformacion Fact_Registro_Siniestro - Ordenar filas contrato 2> [C:\Users\niebl\Transformacion Fact_Registro_Siniestro.ktr]  Procesamiento finalizado (I=0, O=0, R=1000, W=1000, U=0, E=0)
2024-07-24 00:44:38.378 INFO  <Transformacion Fact_Registro_Siniestro - Unión por clave cliente> [C:\Users\niebl\Transformacion Fact_Registro_Siniestro.ktr]  Procesamiento finalizado (I=0, O=0, R=1300, W=44, U=0, E=0)
2024-07-24 00:44:38.394 INFO  <Transformacion Fact_Registro_Siniestro - Ordenar filas producto> [C:\Users\niebl\Transformacion Fact_Registro_Siniestro.ktr]  Procesamiento finalizado (I=0, O=0, R=44, W=44, U=0, E=0)
2024-07-24 00:44:38.725 INFO  <Transformacion Fact_Registro_Siniestro - Unión por clave producto> [C:\Users\niebl\Transformacion Fact_Registro_Siniestro.ktr]  Procesamiento finalizado (I=0, O=0, R=74, W=44, U=0, E=0)
2024-07-24 00:44:38.741 INFO  <Transformacion Fact_Registro_Siniestro - Ordenar filas contrato 3> [C:\Users\niebl\Transformacion Fact_Registro_Siniestro.ktr]  Procesamiento finalizado (I=0, O=0, R=44, W=44, U=0, E=0)
2024-07-24 00:44:39.102 INFO  <Transformacion Fact_Registro_Siniestro - Unión por clave contrato 2> [C:\Users\niebl\Transformacion Fact_Registro_Siniestro.ktr]  Procesamiento finalizado (I=0, O=0, R=1044, W=44, U=0, E=0)
2024-07-24 00:44:39.134 INFO  <Transformacion Fact_Registro_Siniestro - Ordenar filas fecha_siniestro> [C:\Users\niebl\Transformacion Fact_Registro_Siniestro.ktr]  Procesamiento finalizado (I=0, O=0, R=44, W=44, U=0, E=0)
2024-07-24 00:44:39.141 INFO  <Transformacion Fact_Registro_Siniestro - Ordenar filas fecha completa> [C:\Users\niebl\Transformacion Fact_Registro_Siniestro.ktr]  Procesamiento finalizado (I=0, O=0, R=14976, W=14976, U=0, E=0)
2024-07-24 00:44:39.494 INFO  <Transformacion Fact_Registro_Siniestro - Unión por clave fecha_siniestro> [C:\Users\niebl\Transformacion Fact_Registro_Siniestro.ktr]  Procesamiento finalizado (I=0, O=0, R=15020, W=44, U=0, E=0)
2024-07-24 00:44:39.525 INFO  <Transformacion Fact_Registro_Siniestro - Ordenar filas fecha_respuesta> [C:\Users\niebl\Transformacion Fact_Registro_Siniestro.ktr]  Procesamiento finalizado (I=0, O=0, R=44, W=44, U=0, E=0)
2024-07-24 00:44:39.532 INFO  <Transformacion Fact_Registro_Siniestro - Ordenar filas fecha completa 2> [C:\Users\niebl\Transformacion Fact_Registro_Siniestro.ktr]  Procesamiento finalizado (I=0, O=0, R=14976, W=14976, U=0, E=0)
2024-07-24 00:44:39.868 INFO  <Transformacion Fact_Registro_Siniestro - Unión por clave fecha respuesta> [C:\Users\niebl\Transformacion Fact_Registro_Siniestro.ktr]  Procesamiento finalizado (I=0, O=0, R=15020, W=44, U=0, E=0)
2024-07-24 00:44:39.899 INFO  <Transformacion Fact_Registro_Siniestro - Añadir secuencia cantidad> [C:\Users\niebl\Transformacion Fact_Registro_Siniestro.ktr]  Procesamiento finalizado (I=0, O=0, R=44, W=44, U=0, E=0)
2024-07-24 00:44:39.934 ERROR <Transformacion Fact_Registro_Siniestro - Salida Tabla Fact_Registro_Siniestro> [C:\Users\niebl\Transformacion Fact_Registro_Siniestro.ktr]  Unexpected batch update error committing the database connection.
2024-07-24 00:44:39.934 ERROR <Transformacion Fact_Registro_Siniestro - Salida Tabla Fact_Registro_Siniestro> [C:\Users\niebl\Transformacion Fact_Registro_Siniestro.ktr]  org.pentaho.di.core.exception.KettleDatabaseBatchException: 
Error updating batch
Batch entry 0 INSERT INTO seguro_dw_g26473471.fact_registro_siniestro (sk_dim_fecha_siniestro, sk_dim_fecha_respuesta, cantidad, sk_dim_cliente, sk_dim_sucursal, sk_dim_contrato, sk_dim_producto, sk_dim_siniestro, monto_reconocido, monto_solicitado, id_rechazo) VALUES ( '2013-08-07 00:00:00-04',  '2013-08-09 00:00:00-04',  1,  1706460181,  2113565149,  114881691,  -1608697213,  895897512,  '730328'::numeric,  '792355'::numeric,  'TRUE') was aborted: ERROR: la sintaxis de entrada no es válida para tipo integer: «2013-08-07 00:00:00-04»
  Where: portal sin nombre, parámetro 1 = '...'  Call getNextException to see other errors in the batch.

	at org.pentaho.di.core.database.Database.createKettleDatabaseBatchException(Database.java:1440)
	at org.pentaho.di.core.database.Database.emptyAndCommit(Database.java:1429)
	at org.pentaho.di.trans.steps.tableoutput.TableOutput.dispose(TableOutput.java:590)
	at org.pentaho.di.trans.step.RunThread.run(RunThread.java:97)
	at java.lang.Thread.run(Thread.java:748)
Caused by: java.sql.BatchUpdateException: Batch entry 0 INSERT INTO seguro_dw_g26473471.fact_registro_siniestro (sk_dim_fecha_siniestro, sk_dim_fecha_respuesta, cantidad, sk_dim_cliente, sk_dim_sucursal, sk_dim_contrato, sk_dim_producto, sk_dim_siniestro, monto_reconocido, monto_solicitado, id_rechazo) VALUES ( '2013-08-07 00:00:00-04',  '2013-08-09 00:00:00-04',  1,  1706460181,  2113565149,  114881691,  -1608697213,  895897512,  '730328'::numeric,  '792355'::numeric,  'TRUE') was aborted: ERROR: la sintaxis de entrada no es válida para tipo integer: «2013-08-07 00:00:00-04»
  Where: portal sin nombre, parámetro 1 = '...'  Call getNextException to see other errors in the batch.
	at org.postgresql.jdbc.BatchResultHandler.handleError(BatchResultHandler.java:169)
	at org.postgresql.core.v3.QueryExecutorImpl.processResults(QueryExecutorImpl.java:2285)
	at org.postgresql.core.v3.QueryExecutorImpl.execute(QueryExecutorImpl.java:520)
	at org.postgresql.jdbc.PgStatement.internalExecuteBatch(PgStatement.java:878)
	at org.postgresql.jdbc.PgStatement.executeBatch(PgStatement.java:901)
	at org.postgresql.jdbc.PgPreparedStatement.executeBatch(PgPreparedStatement.java:1644)
	at org.pentaho.di.core.database.Database.emptyAndCommit(Database.java:1416)
	... 3 more
Caused by: org.postgresql.util.PSQLException: ERROR: la sintaxis de entrada no es válida para tipo integer: «2013-08-07 00:00:00-04»
  Where: portal sin nombre, parámetro 1 = '...'
	at org.postgresql.core.v3.QueryExecutorImpl.receiveErrorResponse(QueryExecutorImpl.java:2552)
	at org.postgresql.core.v3.QueryExecutorImpl.processResults(QueryExecutorImpl.java:2284)
	... 8 more

2024-07-24 00:44:39.936 INFO  <Transformacion Fact_Registro_Siniestro - Salida Tabla Fact_Registro_Siniestro> [C:\Users\niebl\Transformacion Fact_Registro_Siniestro.ktr]  Procesamiento finalizado (I=0, O=0, R=44, W=0, U=0, E=1)
2024-07-24 00:44:39.937 ERROR <Transformacion Fact_Registro_Siniestro - Salida Tabla Fact_Registro_Siniestro> [C:\Users\niebl\Transformacion Fact_Registro_Siniestro.ktr]  Errores detectados!
2024-07-24 00:44:39.938 ERROR <Transformacion Fact_Registro_Siniestro - Salida Tabla Fact_Registro_Siniestro> [C:\Users\niebl\Transformacion Fact_Registro_Siniestro.ktr]  Errores detectados!
2024-07-24 00:44:39.951 ERROR <Transformacion Fact_Registro_Siniestro - Salida Tabla Fact_Registro_Siniestro> [C:\Users\niebl\Transformacion Fact_Registro_Siniestro.ktr]  Errores detectados!
2024-07-24 00:44:40.050 WARN  <Transformacion Fact_Registro_Siniestro - Salida Tabla Fact_Registro_Siniestro> [C:\Users\niebl\Transformacion Fact_Registro_Siniestro.ktr]  Transformaci?n detectada 
2024-07-24 00:44:40.050 WARN  <Transformacion Fact_Registro_Siniestro - Salida Tabla Fact_Registro_Siniestro> [C:\Users\niebl\Transformacion Fact_Registro_Siniestro.ktr]  Transformaci?n est? matando los otros pasos!
2024-07-24 00:46:31.245 INFO  <Thread-1671> [C:\Users\niebl\Transformacion Fact_Registro_Siniestro.ktr]  Iniciado despacho de la transformaci?n [Transformacion Fact_Registro_Siniestro]
2024-07-24 00:46:31.463 INFO  <init of Salida Tabla Fact_Registro_Siniestro.0 (Thread-1709)> [C:\Users\niebl\Transformacion Fact_Registro_Siniestro.ktr]  Connected to database [Postgres] (commit=1000)
2024-07-24 00:46:31.569 INFO  <Transformacion Fact_Registro_Siniestro - Entrada Tabla dim_producto> [C:\Users\niebl\Transformacion Fact_Registro_Siniestro.ktr]  Finished reading query, closing connection
2024-07-24 00:46:31.570 INFO  <Transformacion Fact_Registro_Siniestro - Entrada Tabla dim sucursal> [C:\Users\niebl\Transformacion Fact_Registro_Siniestro.ktr]  Finished reading query, closing connection
2024-07-24 00:46:31.570 INFO  <Transformacion Fact_Registro_Siniestro - Entrada Tabla cliente> [C:\Users\niebl\Transformacion Fact_Registro_Siniestro.ktr]  Finished reading query, closing connection
2024-07-24 00:46:31.571 INFO  <Transformacion Fact_Registro_Siniestro - Entrada Tabla dim_cliente> [C:\Users\niebl\Transformacion Fact_Registro_Siniestro.ktr]  Finished reading query, closing connection
2024-07-24 00:46:31.573 INFO  <Transformacion Fact_Registro_Siniestro - Entrada Tabla cliente> [C:\Users\niebl\Transformacion Fact_Registro_Siniestro.ktr]  Procesamiento finalizado (I=300, O=0, R=0, W=300, U=0, E=0)
2024-07-24 00:46:31.573 INFO  <Transformacion Fact_Registro_Siniestro - Entrada Tabla dim_cliente> [C:\Users\niebl\Transformacion Fact_Registro_Siniestro.ktr]  Procesamiento finalizado (I=300, O=0, R=0, W=300, U=0, E=0)
2024-07-24 00:46:31.573 INFO  <Transformacion Fact_Registro_Siniestro - Entrada Tabla dim sucursal> [C:\Users\niebl\Transformacion Fact_Registro_Siniestro.ktr]  Procesamiento finalizado (I=30, O=0, R=0, W=30, U=0, E=0)
2024-07-24 00:46:31.583 INFO  <Transformacion Fact_Registro_Siniestro - Entrada Tabla dim_siniestro> [C:\Users\niebl\Transformacion Fact_Registro_Siniestro.ktr]  Finished reading query, closing connection
2024-07-24 00:46:31.586 INFO  <Transformacion Fact_Registro_Siniestro - Ordenar filas sucursal 2> [C:\Users\niebl\Transformacion Fact_Registro_Siniestro.ktr]  Procesamiento finalizado (I=0, O=0, R=30, W=30, U=0, E=0)
2024-07-24 00:46:31.590 INFO  <Transformacion Fact_Registro_Siniestro - Ordenar filas producto 2> [C:\Users\niebl\Transformacion Fact_Registro_Siniestro.ktr]  Procesamiento finalizado (I=0, O=0, R=30, W=30, U=0, E=0)
2024-07-24 00:46:31.590 INFO  <Transformacion Fact_Registro_Siniestro - Entrada Tabla dim_producto> [C:\Users\niebl\Transformacion Fact_Registro_Siniestro.ktr]  Procesamiento finalizado (I=30, O=0, R=0, W=30, U=0, E=0)
2024-07-24 00:46:31.590 INFO  <Transformacion Fact_Registro_Siniestro - Entrada Tabla Fact_Registro_Siniestro> [C:\Users\niebl\Transformacion Fact_Registro_Siniestro.ktr]  Finished reading query, closing connection
2024-07-24 00:46:31.590 INFO  <Transformacion Fact_Registro_Siniestro - Entrada Tabla dim_siniestro> [C:\Users\niebl\Transformacion Fact_Registro_Siniestro.ktr]  Procesamiento finalizado (I=1000, O=0, R=0, W=1000, U=0, E=0)
2024-07-24 00:46:31.591 INFO  <Transformacion Fact_Registro_Siniestro - Ordenar filas codigo cliente> [C:\Users\niebl\Transformacion Fact_Registro_Siniestro.ktr]  Procesamiento finalizado (I=0, O=0, R=300, W=300, U=0, E=0)
2024-07-24 00:46:31.591 INFO  <Transformacion Fact_Registro_Siniestro - Ordenar filas codigo cliente 2> [C:\Users\niebl\Transformacion Fact_Registro_Siniestro.ktr]  Procesamiento finalizado (I=0, O=0, R=300, W=300, U=0, E=0)
2024-07-24 00:46:31.591 INFO  <Transformacion Fact_Registro_Siniestro - Entrada Tabla Fact_Registro_Siniestro> [C:\Users\niebl\Transformacion Fact_Registro_Siniestro.ktr]  Procesamiento finalizado (I=1000, O=0, R=0, W=1000, U=0, E=0)
2024-07-24 00:46:31.594 INFO  <Transformacion Fact_Registro_Siniestro - Ordenar filas nro_siniestro> [C:\Users\niebl\Transformacion Fact_Registro_Siniestro.ktr]  Procesamiento finalizado (I=0, O=0, R=1000, W=1000, U=0, E=0)
2024-07-24 00:46:31.596 INFO  <Transformacion Fact_Registro_Siniestro - Ordenar filas siniestro> [C:\Users\niebl\Transformacion Fact_Registro_Siniestro.ktr]  Procesamiento finalizado (I=0, O=0, R=1000, W=1000, U=0, E=0)
2024-07-24 00:46:31.598 INFO  <Transformacion Fact_Registro_Siniestro - Entrada Tabla dim_contrato> [C:\Users\niebl\Transformacion Fact_Registro_Siniestro.ktr]  Finished reading query, closing connection
2024-07-24 00:46:31.599 INFO  <Transformacion Fact_Registro_Siniestro - Entrada Tabla dim_contrato> [C:\Users\niebl\Transformacion Fact_Registro_Siniestro.ktr]  Procesamiento finalizado (I=1000, O=0, R=0, W=1000, U=0, E=0)
2024-07-24 00:46:31.605 INFO  <Transformacion Fact_Registro_Siniestro - Ordenar filas nro_contrato> [C:\Users\niebl\Transformacion Fact_Registro_Siniestro.ktr]  Procesamiento finalizado (I=0, O=0, R=1000, W=1000, U=0, E=0)
2024-07-24 00:46:31.611 INFO  <Transformacion Fact_Registro_Siniestro - Entrada Tabla Registro Contrato> [C:\Users\niebl\Transformacion Fact_Registro_Siniestro.ktr]  Finished reading query, closing connection
2024-07-24 00:46:31.613 INFO  <Transformacion Fact_Registro_Siniestro - Entrada Tabla Registro Contrato> [C:\Users\niebl\Transformacion Fact_Registro_Siniestro.ktr]  Procesamiento finalizado (I=1000, O=0, R=0, W=1000, U=0, E=0)
2024-07-24 00:46:31.621 INFO  <Transformacion Fact_Registro_Siniestro - Ordenar filas cliente> [C:\Users\niebl\Transformacion Fact_Registro_Siniestro.ktr]  Procesamiento finalizado (I=0, O=0, R=1000, W=1000, U=0, E=0)
2024-07-24 00:46:31.668 INFO  <Transformacion Fact_Registro_Siniestro - Entrada Tabla fechas> [C:\Users\niebl\Transformacion Fact_Registro_Siniestro.ktr]  Finished reading query, closing connection
2024-07-24 00:46:31.670 INFO  <Transformacion Fact_Registro_Siniestro - Entrada Tabla fechas> [C:\Users\niebl\Transformacion Fact_Registro_Siniestro.ktr]  Procesamiento finalizado (I=14976, O=0, R=0, W=29952, U=0, E=0)
2024-07-24 00:46:31.909 INFO  <Transformacion Fact_Registro_Siniestro - Unión por clave sinistro> [C:\Users\niebl\Transformacion Fact_Registro_Siniestro.ktr]  Procesamiento finalizado (I=0, O=0, R=2000, W=1000, U=0, E=0)
2024-07-24 00:46:31.909 INFO  <Transformacion Fact_Registro_Siniestro - Unión por clave codigo cliente> [C:\Users\niebl\Transformacion Fact_Registro_Siniestro.ktr]  Procesamiento finalizado (I=0, O=0, R=600, W=300, U=0, E=0)
2024-07-24 00:46:31.940 INFO  <Transformacion Fact_Registro_Siniestro - Ordenar filas sucursal> [C:\Users\niebl\Transformacion Fact_Registro_Siniestro.ktr]  Procesamiento finalizado (I=0, O=0, R=300, W=300, U=0, E=0)
2024-07-24 00:46:31.941 INFO  <Transformacion Fact_Registro_Siniestro - Ordenar filas contrato> [C:\Users\niebl\Transformacion Fact_Registro_Siniestro.ktr]  Procesamiento finalizado (I=0, O=0, R=1000, W=1000, U=0, E=0)
2024-07-24 00:46:32.281 INFO  <Transformacion Fact_Registro_Siniestro - Unión por clave contrato> [C:\Users\niebl\Transformacion Fact_Registro_Siniestro.ktr]  Procesamiento finalizado (I=0, O=0, R=2000, W=1000, U=0, E=0)
2024-07-24 00:46:32.281 INFO  <Transformacion Fact_Registro_Siniestro - Unión por clave sucursal> [C:\Users\niebl\Transformacion Fact_Registro_Siniestro.ktr]  Procesamiento finalizado (I=0, O=0, R=330, W=300, U=0, E=0)
2024-07-24 00:46:32.312 INFO  <Transformacion Fact_Registro_Siniestro - Ordenar filas cliente 2> [C:\Users\niebl\Transformacion Fact_Registro_Siniestro.ktr]  Procesamiento finalizado (I=0, O=0, R=300, W=300, U=0, E=0)
2024-07-24 00:46:32.313 INFO  <Transformacion Fact_Registro_Siniestro - Ordenar filas contrato 2> [C:\Users\niebl\Transformacion Fact_Registro_Siniestro.ktr]  Procesamiento finalizado (I=0, O=0, R=1000, W=1000, U=0, E=0)
2024-07-24 00:46:32.662 INFO  <Transformacion Fact_Registro_Siniestro - Unión por clave cliente> [C:\Users\niebl\Transformacion Fact_Registro_Siniestro.ktr]  Procesamiento finalizado (I=0, O=0, R=1300, W=44, U=0, E=0)
2024-07-24 00:46:32.678 INFO  <Transformacion Fact_Registro_Siniestro - Ordenar filas producto> [C:\Users\niebl\Transformacion Fact_Registro_Siniestro.ktr]  Procesamiento finalizado (I=0, O=0, R=44, W=44, U=0, E=0)
2024-07-24 00:46:33.039 INFO  <Transformacion Fact_Registro_Siniestro - Unión por clave producto> [C:\Users\niebl\Transformacion Fact_Registro_Siniestro.ktr]  Procesamiento finalizado (I=0, O=0, R=74, W=44, U=0, E=0)
2024-07-24 00:46:33.069 INFO  <Transformacion Fact_Registro_Siniestro - Ordenar filas contrato 3> [C:\Users\niebl\Transformacion Fact_Registro_Siniestro.ktr]  Procesamiento finalizado (I=0, O=0, R=44, W=44, U=0, E=0)
2024-07-24 00:46:33.443 INFO  <Transformacion Fact_Registro_Siniestro - Unión por clave contrato 2> [C:\Users\niebl\Transformacion Fact_Registro_Siniestro.ktr]  Procesamiento finalizado (I=0, O=0, R=1044, W=44, U=0, E=0)
2024-07-24 00:46:33.474 INFO  <Transformacion Fact_Registro_Siniestro - Ordenar filas fecha_siniestro> [C:\Users\niebl\Transformacion Fact_Registro_Siniestro.ktr]  Procesamiento finalizado (I=0, O=0, R=44, W=44, U=0, E=0)
2024-07-24 00:46:33.481 INFO  <Transformacion Fact_Registro_Siniestro - Ordenar filas fecha completa> [C:\Users\niebl\Transformacion Fact_Registro_Siniestro.ktr]  Procesamiento finalizado (I=0, O=0, R=14976, W=14976, U=0, E=0)
2024-07-24 00:46:33.831 INFO  <Transformacion Fact_Registro_Siniestro - Unión por clave fecha_siniestro> [C:\Users\niebl\Transformacion Fact_Registro_Siniestro.ktr]  Procesamiento finalizado (I=0, O=0, R=15020, W=44, U=0, E=0)
2024-07-24 00:46:33.846 INFO  <Transformacion Fact_Registro_Siniestro - Ordenar filas fecha_respuesta> [C:\Users\niebl\Transformacion Fact_Registro_Siniestro.ktr]  Procesamiento finalizado (I=0, O=0, R=44, W=44, U=0, E=0)
2024-07-24 00:46:33.853 INFO  <Transformacion Fact_Registro_Siniestro - Ordenar filas fecha completa 2> [C:\Users\niebl\Transformacion Fact_Registro_Siniestro.ktr]  Procesamiento finalizado (I=0, O=0, R=14976, W=14976, U=0, E=0)
2024-07-24 00:46:34.203 INFO  <Transformacion Fact_Registro_Siniestro - Unión por clave fecha respuesta> [C:\Users\niebl\Transformacion Fact_Registro_Siniestro.ktr]  Procesamiento finalizado (I=0, O=0, R=15020, W=44, U=0, E=0)
2024-07-24 00:46:34.234 INFO  <Transformacion Fact_Registro_Siniestro - Añadir secuencia cantidad> [C:\Users\niebl\Transformacion Fact_Registro_Siniestro.ktr]  Procesamiento finalizado (I=0, O=0, R=44, W=44, U=0, E=0)
2024-07-24 00:46:34.299 ERROR <Transformacion Fact_Registro_Siniestro - Salida Tabla Fact_Registro_Siniestro> [C:\Users\niebl\Transformacion Fact_Registro_Siniestro.ktr]  Unexpected batch update error committing the database connection.
2024-07-24 00:46:34.300 ERROR <Transformacion Fact_Registro_Siniestro - Salida Tabla Fact_Registro_Siniestro> [C:\Users\niebl\Transformacion Fact_Registro_Siniestro.ktr]  org.pentaho.di.core.exception.KettleDatabaseBatchException: 
Error updating batch
Batch entry 0 INSERT INTO seguro_dw_g26473471.fact_registro_siniestro (cantidad, sk_dim_cliente, sk_dim_sucursal, sk_dim_contrato, sk_dim_producto, sk_dim_siniestro, monto_reconocido, monto_solicitado, id_rechazo, sk_dim_fecha_siniestro, sk_dim_fecha_respuesta) VALUES ( 1,  1706460181,  2113565149,  114881691,  -1608697213,  895897512,  '730328'::numeric,  '792355'::numeric,  'TRUE',  4968,  4970) was aborted: ERROR: el valor es demasiado largo para el tipo character(2)  Call getNextException to see other errors in the batch.

	at org.pentaho.di.core.database.Database.createKettleDatabaseBatchException(Database.java:1440)
	at org.pentaho.di.core.database.Database.emptyAndCommit(Database.java:1429)
	at org.pentaho.di.trans.steps.tableoutput.TableOutput.dispose(TableOutput.java:590)
	at org.pentaho.di.trans.step.RunThread.run(RunThread.java:97)
	at java.lang.Thread.run(Thread.java:748)
Caused by: java.sql.BatchUpdateException: Batch entry 0 INSERT INTO seguro_dw_g26473471.fact_registro_siniestro (cantidad, sk_dim_cliente, sk_dim_sucursal, sk_dim_contrato, sk_dim_producto, sk_dim_siniestro, monto_reconocido, monto_solicitado, id_rechazo, sk_dim_fecha_siniestro, sk_dim_fecha_respuesta) VALUES ( 1,  1706460181,  2113565149,  114881691,  -1608697213,  895897512,  '730328'::numeric,  '792355'::numeric,  'TRUE',  4968,  4970) was aborted: ERROR: el valor es demasiado largo para el tipo character(2)  Call getNextException to see other errors in the batch.
	at org.postgresql.jdbc.BatchResultHandler.handleError(BatchResultHandler.java:169)
	at org.postgresql.core.v3.QueryExecutorImpl.processResults(QueryExecutorImpl.java:2285)
	at org.postgresql.core.v3.QueryExecutorImpl.execute(QueryExecutorImpl.java:520)
	at org.postgresql.jdbc.PgStatement.internalExecuteBatch(PgStatement.java:878)
	at org.postgresql.jdbc.PgStatement.executeBatch(PgStatement.java:901)
	at org.postgresql.jdbc.PgPreparedStatement.executeBatch(PgPreparedStatement.java:1644)
	at org.pentaho.di.core.database.Database.emptyAndCommit(Database.java:1416)
	... 3 more
Caused by: org.postgresql.util.PSQLException: ERROR: el valor es demasiado largo para el tipo character(2)
	at org.postgresql.core.v3.QueryExecutorImpl.receiveErrorResponse(QueryExecutorImpl.java:2552)
	at org.postgresql.core.v3.QueryExecutorImpl.processResults(QueryExecutorImpl.java:2284)
	... 8 more

2024-07-24 00:46:34.301 INFO  <Transformacion Fact_Registro_Siniestro - Salida Tabla Fact_Registro_Siniestro> [C:\Users\niebl\Transformacion Fact_Registro_Siniestro.ktr]  Procesamiento finalizado (I=0, O=0, R=44, W=0, U=0, E=1)
2024-07-24 00:46:34.301 ERROR <Transformacion Fact_Registro_Siniestro - Salida Tabla Fact_Registro_Siniestro> [C:\Users\niebl\Transformacion Fact_Registro_Siniestro.ktr]  Errores detectados!
2024-07-24 00:46:34.303 ERROR <Transformacion Fact_Registro_Siniestro - Salida Tabla Fact_Registro_Siniestro> [C:\Users\niebl\Transformacion Fact_Registro_Siniestro.ktr]  Errores detectados!
2024-07-24 00:46:34.316 ERROR <Transformacion Fact_Registro_Siniestro - Salida Tabla Fact_Registro_Siniestro> [C:\Users\niebl\Transformacion Fact_Registro_Siniestro.ktr]  Errores detectados!
2024-07-24 00:46:34.416 WARN  <Transformacion Fact_Registro_Siniestro - Salida Tabla Fact_Registro_Siniestro> [C:\Users\niebl\Transformacion Fact_Registro_Siniestro.ktr]  Transformaci?n detectada 
2024-07-24 00:46:34.416 WARN  <Transformacion Fact_Registro_Siniestro - Salida Tabla Fact_Registro_Siniestro> [C:\Users\niebl\Transformacion Fact_Registro_Siniestro.ktr]  Transformaci?n est? matando los otros pasos!
2024-07-24 00:50:16.120 INFO  <Thread-1756> [C:\Users\niebl\Transformacion Fact_Registro_Siniestro.ktr]  Iniciado despacho de la transformaci?n [Transformacion Fact_Registro_Siniestro]
2024-07-24 00:50:16.390 INFO  <Transformacion Fact_Registro_Siniestro - Entrada Tabla cliente> [C:\Users\niebl\Transformacion Fact_Registro_Siniestro.ktr]  Finished reading query, closing connection
2024-07-24 00:50:16.392 INFO  <Transformacion Fact_Registro_Siniestro - Entrada Tabla cliente> [C:\Users\niebl\Transformacion Fact_Registro_Siniestro.ktr]  Procesamiento finalizado (I=300, O=0, R=0, W=300, U=0, E=0)
2024-07-24 00:50:16.399 INFO  <Transformacion Fact_Registro_Siniestro - Entrada Tabla Registro Contrato> [C:\Users\niebl\Transformacion Fact_Registro_Siniestro.ktr]  Finished reading query, closing connection
2024-07-24 00:50:16.400 INFO  <Transformacion Fact_Registro_Siniestro - Entrada Tabla Registro Contrato> [C:\Users\niebl\Transformacion Fact_Registro_Siniestro.ktr]  Procesamiento finalizado (I=1000, O=0, R=0, W=1000, U=0, E=0)
2024-07-24 00:50:16.400 INFO  <Transformacion Fact_Registro_Siniestro - Entrada Tabla dim_cliente> [C:\Users\niebl\Transformacion Fact_Registro_Siniestro.ktr]  Finished reading query, closing connection
2024-07-24 00:50:16.401 INFO  <Transformacion Fact_Registro_Siniestro - Entrada Tabla dim_cliente> [C:\Users\niebl\Transformacion Fact_Registro_Siniestro.ktr]  Procesamiento finalizado (I=300, O=0, R=0, W=300, U=0, E=0)
2024-07-24 00:50:16.402 INFO  <Transformacion Fact_Registro_Siniestro - Entrada Tabla Fact_Registro_Siniestro> [C:\Users\niebl\Transformacion Fact_Registro_Siniestro.ktr]  Finished reading query, closing connection
2024-07-24 00:50:16.403 INFO  <Transformacion Fact_Registro_Siniestro - Entrada Tabla Fact_Registro_Siniestro> [C:\Users\niebl\Transformacion Fact_Registro_Siniestro.ktr]  Procesamiento finalizado (I=1000, O=0, R=0, W=1000, U=0, E=0)
2024-07-24 00:50:16.405 INFO  <Transformacion Fact_Registro_Siniestro - Entrada Tabla dim_siniestro> [C:\Users\niebl\Transformacion Fact_Registro_Siniestro.ktr]  Finished reading query, closing connection
2024-07-24 00:50:16.406 INFO  <Transformacion Fact_Registro_Siniestro - Ordenar filas codigo cliente> [C:\Users\niebl\Transformacion Fact_Registro_Siniestro.ktr]  Procesamiento finalizado (I=0, O=0, R=300, W=300, U=0, E=0)
2024-07-24 00:50:16.406 INFO  <Transformacion Fact_Registro_Siniestro - Entrada Tabla dim_siniestro> [C:\Users\niebl\Transformacion Fact_Registro_Siniestro.ktr]  Procesamiento finalizado (I=1000, O=0, R=0, W=1000, U=0, E=0)
2024-07-24 00:50:16.408 INFO  <Transformacion Fact_Registro_Siniestro - Ordenar filas codigo cliente 2> [C:\Users\niebl\Transformacion Fact_Registro_Siniestro.ktr]  Procesamiento finalizado (I=0, O=0, R=300, W=300, U=0, E=0)
2024-07-24 00:50:16.408 INFO  <Transformacion Fact_Registro_Siniestro - Ordenar filas cliente> [C:\Users\niebl\Transformacion Fact_Registro_Siniestro.ktr]  Procesamiento finalizado (I=0, O=0, R=1000, W=1000, U=0, E=0)
2024-07-24 00:50:16.411 INFO  <Transformacion Fact_Registro_Siniestro - Ordenar filas siniestro> [C:\Users\niebl\Transformacion Fact_Registro_Siniestro.ktr]  Procesamiento finalizado (I=0, O=0, R=1000, W=1000, U=0, E=0)
2024-07-24 00:50:16.415 INFO  <Transformacion Fact_Registro_Siniestro - Ordenar filas nro_siniestro> [C:\Users\niebl\Transformacion Fact_Registro_Siniestro.ktr]  Procesamiento finalizado (I=0, O=0, R=1000, W=1000, U=0, E=0)
2024-07-24 00:50:16.416 INFO  <Transformacion Fact_Registro_Siniestro - Entrada Tabla dim sucursal> [C:\Users\niebl\Transformacion Fact_Registro_Siniestro.ktr]  Finished reading query, closing connection
2024-07-24 00:50:16.417 INFO  <Transformacion Fact_Registro_Siniestro - Entrada Tabla dim sucursal> [C:\Users\niebl\Transformacion Fact_Registro_Siniestro.ktr]  Procesamiento finalizado (I=30, O=0, R=0, W=30, U=0, E=0)
2024-07-24 00:50:16.423 INFO  <Transformacion Fact_Registro_Siniestro - Entrada Tabla dim_producto> [C:\Users\niebl\Transformacion Fact_Registro_Siniestro.ktr]  Finished reading query, closing connection
2024-07-24 00:50:16.424 INFO  <Transformacion Fact_Registro_Siniestro - Ordenar filas sucursal 2> [C:\Users\niebl\Transformacion Fact_Registro_Siniestro.ktr]  Procesamiento finalizado (I=0, O=0, R=30, W=30, U=0, E=0)
2024-07-24 00:50:16.425 INFO  <Transformacion Fact_Registro_Siniestro - Entrada Tabla dim_producto> [C:\Users\niebl\Transformacion Fact_Registro_Siniestro.ktr]  Procesamiento finalizado (I=30, O=0, R=0, W=30, U=0, E=0)
2024-07-24 00:50:16.426 INFO  <Transformacion Fact_Registro_Siniestro - Entrada Tabla dim_contrato> [C:\Users\niebl\Transformacion Fact_Registro_Siniestro.ktr]  Finished reading query, closing connection
2024-07-24 00:50:16.427 INFO  <Transformacion Fact_Registro_Siniestro - Ordenar filas producto 2> [C:\Users\niebl\Transformacion Fact_Registro_Siniestro.ktr]  Procesamiento finalizado (I=0, O=0, R=30, W=30, U=0, E=0)
2024-07-24 00:50:16.428 INFO  <Transformacion Fact_Registro_Siniestro - Entrada Tabla dim_contrato> [C:\Users\niebl\Transformacion Fact_Registro_Siniestro.ktr]  Procesamiento finalizado (I=1000, O=0, R=0, W=1000, U=0, E=0)
2024-07-24 00:50:16.433 INFO  <Transformacion Fact_Registro_Siniestro - Ordenar filas nro_contrato> [C:\Users\niebl\Transformacion Fact_Registro_Siniestro.ktr]  Procesamiento finalizado (I=0, O=0, R=1000, W=1000, U=0, E=0)
2024-07-24 00:50:16.473 INFO  <Transformacion Fact_Registro_Siniestro - Entrada Tabla fechas> [C:\Users\niebl\Transformacion Fact_Registro_Siniestro.ktr]  Finished reading query, closing connection
2024-07-24 00:50:16.475 INFO  <Transformacion Fact_Registro_Siniestro - Entrada Tabla fechas> [C:\Users\niebl\Transformacion Fact_Registro_Siniestro.ktr]  Procesamiento finalizado (I=14976, O=0, R=0, W=29952, U=0, E=0)
2024-07-24 00:50:16.728 INFO  <Transformacion Fact_Registro_Siniestro - Unión por clave sinistro> [C:\Users\niebl\Transformacion Fact_Registro_Siniestro.ktr]  Procesamiento finalizado (I=0, O=0, R=2000, W=1000, U=0, E=0)
2024-07-24 00:50:16.728 INFO  <Transformacion Fact_Registro_Siniestro - Unión por clave codigo cliente> [C:\Users\niebl\Transformacion Fact_Registro_Siniestro.ktr]  Procesamiento finalizado (I=0, O=0, R=600, W=300, U=0, E=0)
2024-07-24 00:50:16.760 INFO  <Transformacion Fact_Registro_Siniestro - Ordenar filas sucursal> [C:\Users\niebl\Transformacion Fact_Registro_Siniestro.ktr]  Procesamiento finalizado (I=0, O=0, R=300, W=300, U=0, E=0)
2024-07-24 00:50:16.761 INFO  <Transformacion Fact_Registro_Siniestro - Ordenar filas contrato> [C:\Users\niebl\Transformacion Fact_Registro_Siniestro.ktr]  Procesamiento finalizado (I=0, O=0, R=1000, W=1000, U=0, E=0)
2024-07-24 00:50:17.104 INFO  <Transformacion Fact_Registro_Siniestro - Unión por clave contrato> [C:\Users\niebl\Transformacion Fact_Registro_Siniestro.ktr]  Procesamiento finalizado (I=0, O=0, R=2000, W=1000, U=0, E=0)
2024-07-24 00:50:17.104 INFO  <Transformacion Fact_Registro_Siniestro - Unión por clave sucursal> [C:\Users\niebl\Transformacion Fact_Registro_Siniestro.ktr]  Procesamiento finalizado (I=0, O=0, R=330, W=300, U=0, E=0)
2024-07-24 00:50:17.135 INFO  <Transformacion Fact_Registro_Siniestro - Ordenar filas cliente 2> [C:\Users\niebl\Transformacion Fact_Registro_Siniestro.ktr]  Procesamiento finalizado (I=0, O=0, R=300, W=300, U=0, E=0)
2024-07-24 00:50:17.136 INFO  <Transformacion Fact_Registro_Siniestro - Ordenar filas contrato 2> [C:\Users\niebl\Transformacion Fact_Registro_Siniestro.ktr]  Procesamiento finalizado (I=0, O=0, R=1000, W=1000, U=0, E=0)
2024-07-24 00:50:17.444 INFO  <Transformacion Fact_Registro_Siniestro - Unión por clave cliente> [C:\Users\niebl\Transformacion Fact_Registro_Siniestro.ktr]  Procesamiento finalizado (I=0, O=0, R=1300, W=44, U=0, E=0)
2024-07-24 00:50:17.448 INFO  <Transformacion Fact_Registro_Siniestro - Ordenar filas producto> [C:\Users\niebl\Transformacion Fact_Registro_Siniestro.ktr]  Procesamiento finalizado (I=0, O=0, R=44, W=44, U=0, E=0)
2024-07-24 00:50:17.752 INFO  <Transformacion Fact_Registro_Siniestro - Unión por clave producto> [C:\Users\niebl\Transformacion Fact_Registro_Siniestro.ktr]  Procesamiento finalizado (I=0, O=0, R=74, W=44, U=0, E=0)
2024-07-24 00:50:17.755 INFO  <Transformacion Fact_Registro_Siniestro - Ordenar filas contrato 3> [C:\Users\niebl\Transformacion Fact_Registro_Siniestro.ktr]  Procesamiento finalizado (I=0, O=0, R=44, W=44, U=0, E=0)
2024-07-24 00:50:18.061 INFO  <Transformacion Fact_Registro_Siniestro - Unión por clave contrato 2> [C:\Users\niebl\Transformacion Fact_Registro_Siniestro.ktr]  Procesamiento finalizado (I=0, O=0, R=1044, W=44, U=0, E=0)
2024-07-24 00:50:18.070 INFO  <Transformacion Fact_Registro_Siniestro - Ordenar filas fecha_siniestro> [C:\Users\niebl\Transformacion Fact_Registro_Siniestro.ktr]  Procesamiento finalizado (I=0, O=0, R=44, W=44, U=0, E=0)
2024-07-24 00:50:18.077 INFO  <Transformacion Fact_Registro_Siniestro - Ordenar filas fecha completa> [C:\Users\niebl\Transformacion Fact_Registro_Siniestro.ktr]  Procesamiento finalizado (I=0, O=0, R=14976, W=14976, U=0, E=0)
2024-07-24 00:50:18.382 INFO  <Transformacion Fact_Registro_Siniestro - Unión por clave fecha_siniestro> [C:\Users\niebl\Transformacion Fact_Registro_Siniestro.ktr]  Procesamiento finalizado (I=0, O=0, R=15020, W=44, U=0, E=0)
2024-07-24 00:50:18.385 INFO  <Transformacion Fact_Registro_Siniestro - Ordenar filas fecha_respuesta> [C:\Users\niebl\Transformacion Fact_Registro_Siniestro.ktr]  Procesamiento finalizado (I=0, O=0, R=44, W=44, U=0, E=0)
2024-07-24 00:50:18.391 INFO  <Transformacion Fact_Registro_Siniestro - Ordenar filas fecha completa 2> [C:\Users\niebl\Transformacion Fact_Registro_Siniestro.ktr]  Procesamiento finalizado (I=0, O=0, R=14976, W=14976, U=0, E=0)
2024-07-24 00:50:18.757 INFO  <Transformacion Fact_Registro_Siniestro - Unión por clave fecha respuesta> [C:\Users\niebl\Transformacion Fact_Registro_Siniestro.ktr]  Procesamiento finalizado (I=0, O=0, R=15020, W=44, U=0, E=0)
2024-07-24 00:50:18.773 INFO  <Transformacion Fact_Registro_Siniestro - Añadir secuencia cantidad> [C:\Users\niebl\Transformacion Fact_Registro_Siniestro.ktr]  Procesamiento finalizado (I=0, O=0, R=44, W=44, U=0, E=0)
2024-07-24 00:50:18.805 INFO  <Transformacion Fact_Registro_Siniestro - Mapeo de valores> [C:\Users\niebl\Transformacion Fact_Registro_Siniestro.ktr]  Procesamiento finalizado (I=0, O=0, R=44, W=44, U=0, E=0)
2024-07-24 00:50:44.915 INFO  <Thread-1836> [C:\Users\niebl\Transformacion Fact_Registro_Siniestro.ktr]  Iniciado despacho de la transformaci?n [Transformacion Fact_Registro_Siniestro]
2024-07-24 00:50:45.137 INFO  <init of Salida Tabla Fact_Registro_Siniestro.0 (Thread-1875)> [C:\Users\niebl\Transformacion Fact_Registro_Siniestro.ktr]  Connected to database [Postgres] (commit=1000)
2024-07-24 00:50:45.169 INFO  <Transformacion Fact_Registro_Siniestro - Entrada Tabla dim_producto> [C:\Users\niebl\Transformacion Fact_Registro_Siniestro.ktr]  Finished reading query, closing connection
2024-07-24 00:50:45.171 INFO  <Transformacion Fact_Registro_Siniestro - Entrada Tabla dim sucursal> [C:\Users\niebl\Transformacion Fact_Registro_Siniestro.ktr]  Finished reading query, closing connection
2024-07-24 00:50:45.171 INFO  <Transformacion Fact_Registro_Siniestro - Entrada Tabla dim_cliente> [C:\Users\niebl\Transformacion Fact_Registro_Siniestro.ktr]  Finished reading query, closing connection
2024-07-24 00:50:45.173 INFO  <Transformacion Fact_Registro_Siniestro - Entrada Tabla dim_cliente> [C:\Users\niebl\Transformacion Fact_Registro_Siniestro.ktr]  Procesamiento finalizado (I=300, O=0, R=0, W=300, U=0, E=0)
2024-07-24 00:50:45.174 INFO  <Transformacion Fact_Registro_Siniestro - Entrada Tabla dim sucursal> [C:\Users\niebl\Transformacion Fact_Registro_Siniestro.ktr]  Procesamiento finalizado (I=30, O=0, R=0, W=30, U=0, E=0)
2024-07-24 00:50:45.175 INFO  <Transformacion Fact_Registro_Siniestro - Entrada Tabla dim_producto> [C:\Users\niebl\Transformacion Fact_Registro_Siniestro.ktr]  Procesamiento finalizado (I=30, O=0, R=0, W=30, U=0, E=0)
2024-07-24 00:50:45.181 INFO  <Transformacion Fact_Registro_Siniestro - Entrada Tabla dim_contrato> [C:\Users\niebl\Transformacion Fact_Registro_Siniestro.ktr]  Finished reading query, closing connection
2024-07-24 00:50:45.182 INFO  <Transformacion Fact_Registro_Siniestro - Entrada Tabla dim_contrato> [C:\Users\niebl\Transformacion Fact_Registro_Siniestro.ktr]  Procesamiento finalizado (I=1000, O=0, R=0, W=1000, U=0, E=0)
2024-07-24 00:50:45.186 INFO  <Transformacion Fact_Registro_Siniestro - Ordenar filas sucursal 2> [C:\Users\niebl\Transformacion Fact_Registro_Siniestro.ktr]  Procesamiento finalizado (I=0, O=0, R=30, W=30, U=0, E=0)
2024-07-24 00:50:45.189 INFO  <Transformacion Fact_Registro_Siniestro - Entrada Tabla dim_siniestro> [C:\Users\niebl\Transformacion Fact_Registro_Siniestro.ktr]  Finished reading query, closing connection
2024-07-24 00:50:45.190 INFO  <Transformacion Fact_Registro_Siniestro - Entrada Tabla dim_siniestro> [C:\Users\niebl\Transformacion Fact_Registro_Siniestro.ktr]  Procesamiento finalizado (I=1000, O=0, R=0, W=1000, U=0, E=0)
2024-07-24 00:50:45.192 INFO  <Transformacion Fact_Registro_Siniestro - Entrada Tabla Registro Contrato> [C:\Users\niebl\Transformacion Fact_Registro_Siniestro.ktr]  Finished reading query, closing connection
2024-07-24 00:50:45.193 INFO  <Transformacion Fact_Registro_Siniestro - Entrada Tabla cliente> [C:\Users\niebl\Transformacion Fact_Registro_Siniestro.ktr]  Finished reading query, closing connection
2024-07-24 00:50:45.193 INFO  <Transformacion Fact_Registro_Siniestro - Entrada Tabla Registro Contrato> [C:\Users\niebl\Transformacion Fact_Registro_Siniestro.ktr]  Procesamiento finalizado (I=1000, O=0, R=0, W=1000, U=0, E=0)
2024-07-24 00:50:45.194 INFO  <Transformacion Fact_Registro_Siniestro - Entrada Tabla cliente> [C:\Users\niebl\Transformacion Fact_Registro_Siniestro.ktr]  Procesamiento finalizado (I=300, O=0, R=0, W=300, U=0, E=0)
2024-07-24 00:50:45.197 INFO  <Transformacion Fact_Registro_Siniestro - Ordenar filas nro_siniestro> [C:\Users\niebl\Transformacion Fact_Registro_Siniestro.ktr]  Procesamiento finalizado (I=0, O=0, R=1000, W=1000, U=0, E=0)
2024-07-24 00:50:45.202 INFO  <Transformacion Fact_Registro_Siniestro - Ordenar filas producto 2> [C:\Users\niebl\Transformacion Fact_Registro_Siniestro.ktr]  Procesamiento finalizado (I=0, O=0, R=30, W=30, U=0, E=0)
2024-07-24 00:50:45.204 INFO  <Transformacion Fact_Registro_Siniestro - Ordenar filas codigo cliente 2> [C:\Users\niebl\Transformacion Fact_Registro_Siniestro.ktr]  Procesamiento finalizado (I=0, O=0, R=300, W=300, U=0, E=0)
2024-07-24 00:50:45.256 INFO  <Transformacion Fact_Registro_Siniestro - Ordenar filas codigo cliente> [C:\Users\niebl\Transformacion Fact_Registro_Siniestro.ktr]  Procesamiento finalizado (I=0, O=0, R=300, W=300, U=0, E=0)
2024-07-24 00:50:45.260 INFO  <Transformacion Fact_Registro_Siniestro - Entrada Tabla Fact_Registro_Siniestro> [C:\Users\niebl\Transformacion Fact_Registro_Siniestro.ktr]  Finished reading query, closing connection
2024-07-24 00:50:45.262 INFO  <Transformacion Fact_Registro_Siniestro - Ordenar filas nro_contrato> [C:\Users\niebl\Transformacion Fact_Registro_Siniestro.ktr]  Procesamiento finalizado (I=0, O=0, R=1000, W=1000, U=0, E=0)
2024-07-24 00:50:45.263 INFO  <Transformacion Fact_Registro_Siniestro - Ordenar filas cliente> [C:\Users\niebl\Transformacion Fact_Registro_Siniestro.ktr]  Procesamiento finalizado (I=0, O=0, R=1000, W=1000, U=0, E=0)
2024-07-24 00:50:45.264 INFO  <Transformacion Fact_Registro_Siniestro - Entrada Tabla Fact_Registro_Siniestro> [C:\Users\niebl\Transformacion Fact_Registro_Siniestro.ktr]  Procesamiento finalizado (I=1000, O=0, R=0, W=1000, U=0, E=0)
2024-07-24 00:50:45.270 INFO  <Transformacion Fact_Registro_Siniestro - Ordenar filas siniestro> [C:\Users\niebl\Transformacion Fact_Registro_Siniestro.ktr]  Procesamiento finalizado (I=0, O=0, R=1000, W=1000, U=0, E=0)
2024-07-24 00:50:45.311 INFO  <Transformacion Fact_Registro_Siniestro - Entrada Tabla fechas> [C:\Users\niebl\Transformacion Fact_Registro_Siniestro.ktr]  Finished reading query, closing connection
2024-07-24 00:50:45.311 INFO  <Transformacion Fact_Registro_Siniestro - Entrada Tabla fechas> [C:\Users\niebl\Transformacion Fact_Registro_Siniestro.ktr]  Procesamiento finalizado (I=14976, O=0, R=0, W=29952, U=0, E=0)
2024-07-24 00:50:45.577 INFO  <Transformacion Fact_Registro_Siniestro - Unión por clave codigo cliente> [C:\Users\niebl\Transformacion Fact_Registro_Siniestro.ktr]  Procesamiento finalizado (I=0, O=0, R=600, W=300, U=0, E=0)
2024-07-24 00:50:45.577 INFO  <Transformacion Fact_Registro_Siniestro - Unión por clave sinistro> [C:\Users\niebl\Transformacion Fact_Registro_Siniestro.ktr]  Procesamiento finalizado (I=0, O=0, R=2000, W=1000, U=0, E=0)
2024-07-24 00:50:45.607 INFO  <Transformacion Fact_Registro_Siniestro - Ordenar filas sucursal> [C:\Users\niebl\Transformacion Fact_Registro_Siniestro.ktr]  Procesamiento finalizado (I=0, O=0, R=300, W=300, U=0, E=0)
2024-07-24 00:50:45.608 INFO  <Transformacion Fact_Registro_Siniestro - Ordenar filas contrato> [C:\Users\niebl\Transformacion Fact_Registro_Siniestro.ktr]  Procesamiento finalizado (I=0, O=0, R=1000, W=1000, U=0, E=0)
2024-07-24 00:50:45.936 INFO  <Transformacion Fact_Registro_Siniestro - Unión por clave sucursal> [C:\Users\niebl\Transformacion Fact_Registro_Siniestro.ktr]  Procesamiento finalizado (I=0, O=0, R=330, W=300, U=0, E=0)
2024-07-24 00:50:45.951 INFO  <Transformacion Fact_Registro_Siniestro - Unión por clave contrato> [C:\Users\niebl\Transformacion Fact_Registro_Siniestro.ktr]  Procesamiento finalizado (I=0, O=0, R=2000, W=1000, U=0, E=0)
2024-07-24 00:50:45.967 INFO  <Transformacion Fact_Registro_Siniestro - Ordenar filas cliente 2> [C:\Users\niebl\Transformacion Fact_Registro_Siniestro.ktr]  Procesamiento finalizado (I=0, O=0, R=300, W=300, U=0, E=0)
2024-07-24 00:50:45.984 INFO  <Transformacion Fact_Registro_Siniestro - Ordenar filas contrato 2> [C:\Users\niebl\Transformacion Fact_Registro_Siniestro.ktr]  Procesamiento finalizado (I=0, O=0, R=1000, W=1000, U=0, E=0)
2024-07-24 00:50:46.311 INFO  <Transformacion Fact_Registro_Siniestro - Unión por clave cliente> [C:\Users\niebl\Transformacion Fact_Registro_Siniestro.ktr]  Procesamiento finalizado (I=0, O=0, R=1300, W=44, U=0, E=0)
2024-07-24 00:50:46.342 INFO  <Transformacion Fact_Registro_Siniestro - Ordenar filas producto> [C:\Users\niebl\Transformacion Fact_Registro_Siniestro.ktr]  Procesamiento finalizado (I=0, O=0, R=44, W=44, U=0, E=0)
2024-07-24 00:50:46.715 INFO  <Transformacion Fact_Registro_Siniestro - Unión por clave producto> [C:\Users\niebl\Transformacion Fact_Registro_Siniestro.ktr]  Procesamiento finalizado (I=0, O=0, R=74, W=44, U=0, E=0)
2024-07-24 00:50:46.745 INFO  <Transformacion Fact_Registro_Siniestro - Ordenar filas contrato 3> [C:\Users\niebl\Transformacion Fact_Registro_Siniestro.ktr]  Procesamiento finalizado (I=0, O=0, R=44, W=44, U=0, E=0)
2024-07-24 00:50:47.105 INFO  <Transformacion Fact_Registro_Siniestro - Unión por clave contrato 2> [C:\Users\niebl\Transformacion Fact_Registro_Siniestro.ktr]  Procesamiento finalizado (I=0, O=0, R=1044, W=44, U=0, E=0)
2024-07-24 00:50:47.137 INFO  <Transformacion Fact_Registro_Siniestro - Ordenar filas fecha_siniestro> [C:\Users\niebl\Transformacion Fact_Registro_Siniestro.ktr]  Procesamiento finalizado (I=0, O=0, R=44, W=44, U=0, E=0)
2024-07-24 00:50:47.144 INFO  <Transformacion Fact_Registro_Siniestro - Ordenar filas fecha completa> [C:\Users\niebl\Transformacion Fact_Registro_Siniestro.ktr]  Procesamiento finalizado (I=0, O=0, R=14976, W=14976, U=0, E=0)
2024-07-24 00:50:47.493 INFO  <Transformacion Fact_Registro_Siniestro - Unión por clave fecha_siniestro> [C:\Users\niebl\Transformacion Fact_Registro_Siniestro.ktr]  Procesamiento finalizado (I=0, O=0, R=15020, W=44, U=0, E=0)
2024-07-24 00:50:47.508 INFO  <Transformacion Fact_Registro_Siniestro - Ordenar filas fecha_respuesta> [C:\Users\niebl\Transformacion Fact_Registro_Siniestro.ktr]  Procesamiento finalizado (I=0, O=0, R=44, W=44, U=0, E=0)
2024-07-24 00:50:47.515 INFO  <Transformacion Fact_Registro_Siniestro - Ordenar filas fecha completa 2> [C:\Users\niebl\Transformacion Fact_Registro_Siniestro.ktr]  Procesamiento finalizado (I=0, O=0, R=14976, W=14976, U=0, E=0)
2024-07-24 00:50:47.867 INFO  <Transformacion Fact_Registro_Siniestro - Unión por clave fecha respuesta> [C:\Users\niebl\Transformacion Fact_Registro_Siniestro.ktr]  Procesamiento finalizado (I=0, O=0, R=15020, W=44, U=0, E=0)
2024-07-24 00:50:47.882 INFO  <Transformacion Fact_Registro_Siniestro - Añadir secuencia cantidad> [C:\Users\niebl\Transformacion Fact_Registro_Siniestro.ktr]  Procesamiento finalizado (I=0, O=0, R=44, W=44, U=0, E=0)
2024-07-24 00:50:47.913 INFO  <Transformacion Fact_Registro_Siniestro - Mapeo de valores> [C:\Users\niebl\Transformacion Fact_Registro_Siniestro.ktr]  Procesamiento finalizado (I=0, O=0, R=44, W=44, U=0, E=0)
2024-07-24 00:50:47.933 ERROR <Transformacion Fact_Registro_Siniestro - Salida Tabla Fact_Registro_Siniestro> [C:\Users\niebl\Transformacion Fact_Registro_Siniestro.ktr]  Unexpected batch update error committing the database connection.
2024-07-24 00:50:47.934 ERROR <Transformacion Fact_Registro_Siniestro - Salida Tabla Fact_Registro_Siniestro> [C:\Users\niebl\Transformacion Fact_Registro_Siniestro.ktr]  org.pentaho.di.core.exception.KettleDatabaseBatchException: 
Error updating batch
Batch entry 0 INSERT INTO seguro_dw_g26473471.fact_registro_siniestro (cantidad, sk_dim_cliente, sk_dim_sucursal, sk_dim_contrato, sk_dim_producto, sk_dim_siniestro, monto_reconocido, monto_solicitado, id_rechazo, sk_dim_fecha_siniestro, sk_dim_fecha_respuesta) VALUES ( 1,  1706460181,  2113565149,  114881691,  -1608697213,  895897512,  '730328'::numeric,  '792355'::numeric,  'TRUE',  4968,  4970) was aborted: ERROR: el valor es demasiado largo para el tipo character(2)  Call getNextException to see other errors in the batch.

	at org.pentaho.di.core.database.Database.createKettleDatabaseBatchException(Database.java:1440)
	at org.pentaho.di.core.database.Database.emptyAndCommit(Database.java:1429)
	at org.pentaho.di.trans.steps.tableoutput.TableOutput.dispose(TableOutput.java:590)
	at org.pentaho.di.trans.step.RunThread.run(RunThread.java:97)
	at java.lang.Thread.run(Thread.java:748)
Caused by: java.sql.BatchUpdateException: Batch entry 0 INSERT INTO seguro_dw_g26473471.fact_registro_siniestro (cantidad, sk_dim_cliente, sk_dim_sucursal, sk_dim_contrato, sk_dim_producto, sk_dim_siniestro, monto_reconocido, monto_solicitado, id_rechazo, sk_dim_fecha_siniestro, sk_dim_fecha_respuesta) VALUES ( 1,  1706460181,  2113565149,  114881691,  -1608697213,  895897512,  '730328'::numeric,  '792355'::numeric,  'TRUE',  4968,  4970) was aborted: ERROR: el valor es demasiado largo para el tipo character(2)  Call getNextException to see other errors in the batch.
	at org.postgresql.jdbc.BatchResultHandler.handleError(BatchResultHandler.java:169)
	at org.postgresql.core.v3.QueryExecutorImpl.processResults(QueryExecutorImpl.java:2285)
	at org.postgresql.core.v3.QueryExecutorImpl.execute(QueryExecutorImpl.java:520)
	at org.postgresql.jdbc.PgStatement.internalExecuteBatch(PgStatement.java:878)
	at org.postgresql.jdbc.PgStatement.executeBatch(PgStatement.java:901)
	at org.postgresql.jdbc.PgPreparedStatement.executeBatch(PgPreparedStatement.java:1644)
	at org.pentaho.di.core.database.Database.emptyAndCommit(Database.java:1416)
	... 3 more
Caused by: org.postgresql.util.PSQLException: ERROR: el valor es demasiado largo para el tipo character(2)
	at org.postgresql.core.v3.QueryExecutorImpl.receiveErrorResponse(QueryExecutorImpl.java:2552)
	at org.postgresql.core.v3.QueryExecutorImpl.processResults(QueryExecutorImpl.java:2284)
	... 8 more

2024-07-24 00:50:47.934 INFO  <Transformacion Fact_Registro_Siniestro - Salida Tabla Fact_Registro_Siniestro> [C:\Users\niebl\Transformacion Fact_Registro_Siniestro.ktr]  Procesamiento finalizado (I=0, O=0, R=44, W=0, U=0, E=1)
2024-07-24 00:50:47.935 ERROR <Transformacion Fact_Registro_Siniestro - Salida Tabla Fact_Registro_Siniestro> [C:\Users\niebl\Transformacion Fact_Registro_Siniestro.ktr]  Errores detectados!
2024-07-24 00:50:47.936 ERROR <Transformacion Fact_Registro_Siniestro - Salida Tabla Fact_Registro_Siniestro> [C:\Users\niebl\Transformacion Fact_Registro_Siniestro.ktr]  Errores detectados!
2024-07-24 00:50:47.950 ERROR <Transformacion Fact_Registro_Siniestro - Salida Tabla Fact_Registro_Siniestro> [C:\Users\niebl\Transformacion Fact_Registro_Siniestro.ktr]  Errores detectados!
2024-07-24 00:50:48.051 WARN  <Transformacion Fact_Registro_Siniestro - Salida Tabla Fact_Registro_Siniestro> [C:\Users\niebl\Transformacion Fact_Registro_Siniestro.ktr]  Transformaci?n detectada 
2024-07-24 00:50:48.051 WARN  <Transformacion Fact_Registro_Siniestro - Salida Tabla Fact_Registro_Siniestro> [C:\Users\niebl\Transformacion Fact_Registro_Siniestro.ktr]  Transformaci?n est? matando los otros pasos!
2024-07-24 00:54:25.571 INFO  <Thread-1929> [C:\Users\niebl\Transformacion Fact_Registro_Siniestro.ktr]  Iniciado despacho de la transformaci?n [Transformacion Fact_Registro_Siniestro]
2024-07-24 00:54:25.790 INFO  <init of Salida Tabla Fact_Registro_Siniestro.0 (Thread-1964)> [C:\Users\niebl\Transformacion Fact_Registro_Siniestro.ktr]  Connected to database [Postgres] (commit=1000)
2024-07-24 00:54:25.864 INFO  <Transformacion Fact_Registro_Siniestro - Entrada Tabla dim_cliente> [C:\Users\niebl\Transformacion Fact_Registro_Siniestro.ktr]  Finished reading query, closing connection
2024-07-24 00:54:25.866 INFO  <Transformacion Fact_Registro_Siniestro - Entrada Tabla Fact_Registro_Siniestro> [C:\Users\niebl\Transformacion Fact_Registro_Siniestro.ktr]  Finished reading query, closing connection
2024-07-24 00:54:25.872 INFO  <Transformacion Fact_Registro_Siniestro - Entrada Tabla Fact_Registro_Siniestro> [C:\Users\niebl\Transformacion Fact_Registro_Siniestro.ktr]  Procesamiento finalizado (I=1000, O=0, R=0, W=1000, U=0, E=0)
2024-07-24 00:54:25.873 INFO  <Transformacion Fact_Registro_Siniestro - Entrada Tabla cliente> [C:\Users\niebl\Transformacion Fact_Registro_Siniestro.ktr]  Finished reading query, closing connection
2024-07-24 00:54:25.874 INFO  <Transformacion Fact_Registro_Siniestro - Entrada Tabla Registro Contrato> [C:\Users\niebl\Transformacion Fact_Registro_Siniestro.ktr]  Finished reading query, closing connection
2024-07-24 00:54:25.874 INFO  <Transformacion Fact_Registro_Siniestro - Entrada Tabla dim_cliente> [C:\Users\niebl\Transformacion Fact_Registro_Siniestro.ktr]  Procesamiento finalizado (I=300, O=0, R=0, W=300, U=0, E=0)
2024-07-24 00:54:25.874 INFO  <Transformacion Fact_Registro_Siniestro - Entrada Tabla dim sucursal> [C:\Users\niebl\Transformacion Fact_Registro_Siniestro.ktr]  Finished reading query, closing connection
2024-07-24 00:54:25.875 INFO  <Transformacion Fact_Registro_Siniestro - Ordenar filas siniestro> [C:\Users\niebl\Transformacion Fact_Registro_Siniestro.ktr]  Procesamiento finalizado (I=0, O=0, R=1000, W=1000, U=0, E=0)
2024-07-24 00:54:25.875 INFO  <Transformacion Fact_Registro_Siniestro - Ordenar filas codigo cliente 2> [C:\Users\niebl\Transformacion Fact_Registro_Siniestro.ktr]  Procesamiento finalizado (I=0, O=0, R=300, W=300, U=0, E=0)
2024-07-24 00:54:25.876 INFO  <Transformacion Fact_Registro_Siniestro - Entrada Tabla Registro Contrato> [C:\Users\niebl\Transformacion Fact_Registro_Siniestro.ktr]  Procesamiento finalizado (I=1000, O=0, R=0, W=1000, U=0, E=0)
2024-07-24 00:54:25.876 INFO  <Transformacion Fact_Registro_Siniestro - Entrada Tabla dim sucursal> [C:\Users\niebl\Transformacion Fact_Registro_Siniestro.ktr]  Procesamiento finalizado (I=30, O=0, R=0, W=30, U=0, E=0)
2024-07-24 00:54:25.876 INFO  <Transformacion Fact_Registro_Siniestro - Entrada Tabla cliente> [C:\Users\niebl\Transformacion Fact_Registro_Siniestro.ktr]  Procesamiento finalizado (I=300, O=0, R=0, W=300, U=0, E=0)
2024-07-24 00:54:25.879 INFO  <Transformacion Fact_Registro_Siniestro - Ordenar filas codigo cliente> [C:\Users\niebl\Transformacion Fact_Registro_Siniestro.ktr]  Procesamiento finalizado (I=0, O=0, R=300, W=300, U=0, E=0)
2024-07-24 00:54:25.883 INFO  <Transformacion Fact_Registro_Siniestro - Entrada Tabla dim_contrato> [C:\Users\niebl\Transformacion Fact_Registro_Siniestro.ktr]  Finished reading query, closing connection
2024-07-24 00:54:25.884 INFO  <Transformacion Fact_Registro_Siniestro - Entrada Tabla dim_contrato> [C:\Users\niebl\Transformacion Fact_Registro_Siniestro.ktr]  Procesamiento finalizado (I=1000, O=0, R=0, W=1000, U=0, E=0)
2024-07-24 00:54:25.887 INFO  <Transformacion Fact_Registro_Siniestro - Ordenar filas sucursal 2> [C:\Users\niebl\Transformacion Fact_Registro_Siniestro.ktr]  Procesamiento finalizado (I=0, O=0, R=30, W=30, U=0, E=0)
2024-07-24 00:54:25.892 INFO  <Transformacion Fact_Registro_Siniestro - Ordenar filas cliente> [C:\Users\niebl\Transformacion Fact_Registro_Siniestro.ktr]  Procesamiento finalizado (I=0, O=0, R=1000, W=1000, U=0, E=0)
2024-07-24 00:54:25.900 INFO  <Transformacion Fact_Registro_Siniestro - Entrada Tabla dim_siniestro> [C:\Users\niebl\Transformacion Fact_Registro_Siniestro.ktr]  Finished reading query, closing connection
2024-07-24 00:54:25.901 INFO  <Transformacion Fact_Registro_Siniestro - Entrada Tabla dim_siniestro> [C:\Users\niebl\Transformacion Fact_Registro_Siniestro.ktr]  Procesamiento finalizado (I=1000, O=0, R=0, W=1000, U=0, E=0)
2024-07-24 00:54:25.903 INFO  <Transformacion Fact_Registro_Siniestro - Ordenar filas nro_contrato> [C:\Users\niebl\Transformacion Fact_Registro_Siniestro.ktr]  Procesamiento finalizado (I=0, O=0, R=1000, W=1000, U=0, E=0)
2024-07-24 00:54:25.920 INFO  <Transformacion Fact_Registro_Siniestro - Entrada Tabla dim_producto> [C:\Users\niebl\Transformacion Fact_Registro_Siniestro.ktr]  Finished reading query, closing connection
2024-07-24 00:54:25.922 INFO  <Transformacion Fact_Registro_Siniestro - Ordenar filas nro_siniestro> [C:\Users\niebl\Transformacion Fact_Registro_Siniestro.ktr]  Procesamiento finalizado (I=0, O=0, R=1000, W=1000, U=0, E=0)
2024-07-24 00:54:25.923 INFO  <Transformacion Fact_Registro_Siniestro - Entrada Tabla dim_producto> [C:\Users\niebl\Transformacion Fact_Registro_Siniestro.ktr]  Procesamiento finalizado (I=30, O=0, R=0, W=30, U=0, E=0)
2024-07-24 00:54:25.925 INFO  <Transformacion Fact_Registro_Siniestro - Ordenar filas producto 2> [C:\Users\niebl\Transformacion Fact_Registro_Siniestro.ktr]  Procesamiento finalizado (I=0, O=0, R=30, W=30, U=0, E=0)
2024-07-24 00:54:25.981 INFO  <Transformacion Fact_Registro_Siniestro - Entrada Tabla fechas> [C:\Users\niebl\Transformacion Fact_Registro_Siniestro.ktr]  Finished reading query, closing connection
2024-07-24 00:54:25.982 INFO  <Transformacion Fact_Registro_Siniestro - Entrada Tabla fechas> [C:\Users\niebl\Transformacion Fact_Registro_Siniestro.ktr]  Procesamiento finalizado (I=14976, O=0, R=0, W=29952, U=0, E=0)
2024-07-24 00:54:26.195 INFO  <Transformacion Fact_Registro_Siniestro - Unión por clave codigo cliente> [C:\Users\niebl\Transformacion Fact_Registro_Siniestro.ktr]  Procesamiento finalizado (I=0, O=0, R=600, W=300, U=0, E=0)
2024-07-24 00:54:26.227 INFO  <Transformacion Fact_Registro_Siniestro - Ordenar filas sucursal> [C:\Users\niebl\Transformacion Fact_Registro_Siniestro.ktr]  Procesamiento finalizado (I=0, O=0, R=300, W=300, U=0, E=0)
2024-07-24 00:54:26.242 INFO  <Transformacion Fact_Registro_Siniestro - Unión por clave sinistro> [C:\Users\niebl\Transformacion Fact_Registro_Siniestro.ktr]  Procesamiento finalizado (I=0, O=0, R=2000, W=1000, U=0, E=0)
2024-07-24 00:54:26.258 INFO  <Transformacion Fact_Registro_Siniestro - Ordenar filas contrato> [C:\Users\niebl\Transformacion Fact_Registro_Siniestro.ktr]  Procesamiento finalizado (I=0, O=0, R=1000, W=1000, U=0, E=0)
2024-07-24 00:54:26.568 INFO  <Transformacion Fact_Registro_Siniestro - Unión por clave sucursal> [C:\Users\niebl\Transformacion Fact_Registro_Siniestro.ktr]  Procesamiento finalizado (I=0, O=0, R=330, W=300, U=0, E=0)
2024-07-24 00:54:26.601 INFO  <Transformacion Fact_Registro_Siniestro - Ordenar filas cliente 2> [C:\Users\niebl\Transformacion Fact_Registro_Siniestro.ktr]  Procesamiento finalizado (I=0, O=0, R=300, W=300, U=0, E=0)
2024-07-24 00:54:26.616 INFO  <Transformacion Fact_Registro_Siniestro - Unión por clave contrato> [C:\Users\niebl\Transformacion Fact_Registro_Siniestro.ktr]  Procesamiento finalizado (I=0, O=0, R=2000, W=1000, U=0, E=0)
2024-07-24 00:54:26.621 INFO  <Transformacion Fact_Registro_Siniestro - Ordenar filas contrato 2> [C:\Users\niebl\Transformacion Fact_Registro_Siniestro.ktr]  Procesamiento finalizado (I=0, O=0, R=1000, W=1000, U=0, E=0)
2024-07-24 00:54:26.967 INFO  <Transformacion Fact_Registro_Siniestro - Unión por clave cliente> [C:\Users\niebl\Transformacion Fact_Registro_Siniestro.ktr]  Procesamiento finalizado (I=0, O=0, R=1300, W=44, U=0, E=0)
2024-07-24 00:54:26.999 INFO  <Transformacion Fact_Registro_Siniestro - Ordenar filas producto> [C:\Users\niebl\Transformacion Fact_Registro_Siniestro.ktr]  Procesamiento finalizado (I=0, O=0, R=44, W=44, U=0, E=0)
2024-07-24 00:54:27.379 INFO  <Transformacion Fact_Registro_Siniestro - Unión por clave producto> [C:\Users\niebl\Transformacion Fact_Registro_Siniestro.ktr]  Procesamiento finalizado (I=0, O=0, R=74, W=44, U=0, E=0)
2024-07-24 00:54:27.395 INFO  <Transformacion Fact_Registro_Siniestro - Ordenar filas contrato 3> [C:\Users\niebl\Transformacion Fact_Registro_Siniestro.ktr]  Procesamiento finalizado (I=0, O=0, R=44, W=44, U=0, E=0)
2024-07-24 00:54:27.776 INFO  <Transformacion Fact_Registro_Siniestro - Unión por clave contrato 2> [C:\Users\niebl\Transformacion Fact_Registro_Siniestro.ktr]  Procesamiento finalizado (I=0, O=0, R=1044, W=44, U=0, E=0)
2024-07-24 00:54:27.792 INFO  <Transformacion Fact_Registro_Siniestro - Ordenar filas fecha_siniestro> [C:\Users\niebl\Transformacion Fact_Registro_Siniestro.ktr]  Procesamiento finalizado (I=0, O=0, R=44, W=44, U=0, E=0)
2024-07-24 00:54:27.799 INFO  <Transformacion Fact_Registro_Siniestro - Ordenar filas fecha completa> [C:\Users\niebl\Transformacion Fact_Registro_Siniestro.ktr]  Procesamiento finalizado (I=0, O=0, R=14976, W=14976, U=0, E=0)
2024-07-24 00:54:28.183 INFO  <Transformacion Fact_Registro_Siniestro - Unión por clave fecha_siniestro> [C:\Users\niebl\Transformacion Fact_Registro_Siniestro.ktr]  Procesamiento finalizado (I=0, O=0, R=15020, W=44, U=0, E=0)
2024-07-24 00:54:28.199 INFO  <Transformacion Fact_Registro_Siniestro - Ordenar filas fecha_respuesta> [C:\Users\niebl\Transformacion Fact_Registro_Siniestro.ktr]  Procesamiento finalizado (I=0, O=0, R=44, W=44, U=0, E=0)
2024-07-24 00:54:28.206 INFO  <Transformacion Fact_Registro_Siniestro - Ordenar filas fecha completa 2> [C:\Users\niebl\Transformacion Fact_Registro_Siniestro.ktr]  Procesamiento finalizado (I=0, O=0, R=14976, W=14976, U=0, E=0)
2024-07-24 00:54:28.209 ERROR <Transformacion Fact_Registro_Siniestro - Formula> [C:\Users\niebl\Transformacion Fact_Registro_Siniestro.ktr]  Error desconocido
2024-07-24 00:54:28.209 ERROR <Transformacion Fact_Registro_Siniestro - Formula> [C:\Users\niebl\Transformacion Fact_Registro_Siniestro.ktr]  org.pentaho.di.core.exception.KettleValueException: 
org.pentaho.reporting.libraries.formula.parser.FormulaParseException: Lexical error at line 1, column 17.  Encountered: "\'" (39), after : ""
Lexical error at line 1, column 17.  Encountered: "\'" (39), after : ""

	at org.pentaho.di.trans.steps.formula.Formula.calcFields(Formula.java:204)
	at org.pentaho.di.trans.steps.formula.Formula.processRow(Formula.java:104)
	at org.pentaho.di.trans.step.RunThread.run(RunThread.java:62)
	at java.lang.Thread.run(Thread.java:748)
Caused by: org.pentaho.reporting.libraries.formula.parser.FormulaParseException: Lexical error at line 1, column 17.  Encountered: "\'" (39), after : ""
	at org.pentaho.reporting.libraries.formula.parser.FormulaParser.parse(FormulaParser.java:67)
	at org.pentaho.reporting.libraries.formula.Formula.<init>(Formula.java:53)
	at org.pentaho.di.trans.steps.formula.FormulaData.createFormula(FormulaData.java:60)
	at org.pentaho.di.trans.steps.formula.Formula.calcFields(Formula.java:134)
	... 3 more

2024-07-24 00:54:28.209 INFO  <Transformacion Fact_Registro_Siniestro - Formula> [C:\Users\niebl\Transformacion Fact_Registro_Siniestro.ktr]  Procesamiento finalizado (I=0, O=0, R=1, W=0, U=0, E=1)
2024-07-24 00:54:28.209 WARN  <Transformacion Fact_Registro_Siniestro - Formula> [C:\Users\niebl\Transformacion Fact_Registro_Siniestro.ktr]  Transformaci?n detectada 
2024-07-24 00:54:28.209 WARN  <Transformacion Fact_Registro_Siniestro - Formula> [C:\Users\niebl\Transformacion Fact_Registro_Siniestro.ktr]  Transformaci?n est? matando los otros pasos!
2024-07-24 00:54:28.210 INFO  <Transformacion Fact_Registro_Siniestro - Añadir secuencia cantidad> [C:\Users\niebl\Transformacion Fact_Registro_Siniestro.ktr]  Procesamiento finalizado (I=0, O=0, R=6, W=6, U=0, E=0)
2024-07-24 00:54:28.335 INFO  <Transformacion Fact_Registro_Siniestro - Unión por clave fecha respuesta> [C:\Users\niebl\Transformacion Fact_Registro_Siniestro.ktr]  Procesamiento finalizado (I=0, O=0, R=8976, W=43, U=0, E=0)
2024-07-24 00:54:29.429 ERROR <Transformacion Fact_Registro_Siniestro - Añadir secuencia cantidad> [C:\Users\niebl\Transformacion Fact_Registro_Siniestro.ktr]  Errores detectados!
2024-07-24 00:54:29.429 ERROR <Transformacion Fact_Registro_Siniestro - Añadir secuencia cantidad> [C:\Users\niebl\Transformacion Fact_Registro_Siniestro.ktr]  Errores detectados!
2024-07-24 00:54:29.429 ERROR <Transformacion Fact_Registro_Siniestro - Añadir secuencia cantidad> [C:\Users\niebl\Transformacion Fact_Registro_Siniestro.ktr]  Errores detectados!
2024-07-24 00:55:46.260 INFO  <Thread-2011> [C:\Users\niebl\Transformacion Fact_Registro_Siniestro.ktr]  Iniciado despacho de la transformaci?n [Transformacion Fact_Registro_Siniestro]
2024-07-24 00:55:46.504 INFO  <init of Salida Tabla Fact_Registro_Siniestro.0 (Thread-2046)> [C:\Users\niebl\Transformacion Fact_Registro_Siniestro.ktr]  Connected to database [Postgres] (commit=1000)
2024-07-24 00:55:46.549 INFO  <Transformacion Fact_Registro_Siniestro - Entrada Tabla dim_producto> [C:\Users\niebl\Transformacion Fact_Registro_Siniestro.ktr]  Finished reading query, closing connection
2024-07-24 00:55:46.550 INFO  <Transformacion Fact_Registro_Siniestro - Entrada Tabla cliente> [C:\Users\niebl\Transformacion Fact_Registro_Siniestro.ktr]  Finished reading query, closing connection
2024-07-24 00:55:46.550 INFO  <Transformacion Fact_Registro_Siniestro - Entrada Tabla dim_cliente> [C:\Users\niebl\Transformacion Fact_Registro_Siniestro.ktr]  Finished reading query, closing connection
2024-07-24 00:55:46.550 INFO  <Transformacion Fact_Registro_Siniestro - Entrada Tabla dim sucursal> [C:\Users\niebl\Transformacion Fact_Registro_Siniestro.ktr]  Finished reading query, closing connection
2024-07-24 00:55:46.552 INFO  <Transformacion Fact_Registro_Siniestro - Entrada Tabla dim_producto> [C:\Users\niebl\Transformacion Fact_Registro_Siniestro.ktr]  Procesamiento finalizado (I=30, O=0, R=0, W=30, U=0, E=0)
2024-07-24 00:55:46.554 INFO  <Transformacion Fact_Registro_Siniestro - Entrada Tabla cliente> [C:\Users\niebl\Transformacion Fact_Registro_Siniestro.ktr]  Procesamiento finalizado (I=300, O=0, R=0, W=300, U=0, E=0)
2024-07-24 00:55:46.555 INFO  <Transformacion Fact_Registro_Siniestro - Ordenar filas producto 2> [C:\Users\niebl\Transformacion Fact_Registro_Siniestro.ktr]  Procesamiento finalizado (I=0, O=0, R=30, W=30, U=0, E=0)
2024-07-24 00:55:46.555 INFO  <Transformacion Fact_Registro_Siniestro - Entrada Tabla dim sucursal> [C:\Users\niebl\Transformacion Fact_Registro_Siniestro.ktr]  Procesamiento finalizado (I=30, O=0, R=0, W=30, U=0, E=0)
2024-07-24 00:55:46.556 INFO  <Transformacion Fact_Registro_Siniestro - Entrada Tabla dim_cliente> [C:\Users\niebl\Transformacion Fact_Registro_Siniestro.ktr]  Procesamiento finalizado (I=300, O=0, R=0, W=300, U=0, E=0)
2024-07-24 00:55:46.556 INFO  <Transformacion Fact_Registro_Siniestro - Entrada Tabla dim_siniestro> [C:\Users\niebl\Transformacion Fact_Registro_Siniestro.ktr]  Finished reading query, closing connection
2024-07-24 00:55:46.563 INFO  <Transformacion Fact_Registro_Siniestro - Ordenar filas sucursal 2> [C:\Users\niebl\Transformacion Fact_Registro_Siniestro.ktr]  Procesamiento finalizado (I=0, O=0, R=30, W=30, U=0, E=0)
2024-07-24 00:55:46.563 INFO  <Transformacion Fact_Registro_Siniestro - Ordenar filas codigo cliente> [C:\Users\niebl\Transformacion Fact_Registro_Siniestro.ktr]  Procesamiento finalizado (I=0, O=0, R=300, W=300, U=0, E=0)
2024-07-24 00:55:46.564 INFO  <Transformacion Fact_Registro_Siniestro - Ordenar filas codigo cliente 2> [C:\Users\niebl\Transformacion Fact_Registro_Siniestro.ktr]  Procesamiento finalizado (I=0, O=0, R=300, W=300, U=0, E=0)
2024-07-24 00:55:46.565 INFO  <Transformacion Fact_Registro_Siniestro - Entrada Tabla dim_siniestro> [C:\Users\niebl\Transformacion Fact_Registro_Siniestro.ktr]  Procesamiento finalizado (I=1000, O=0, R=0, W=1000, U=0, E=0)
2024-07-24 00:55:46.573 INFO  <Transformacion Fact_Registro_Siniestro - Entrada Tabla Fact_Registro_Siniestro> [C:\Users\niebl\Transformacion Fact_Registro_Siniestro.ktr]  Finished reading query, closing connection
2024-07-24 00:55:46.575 INFO  <Transformacion Fact_Registro_Siniestro - Entrada Tabla Fact_Registro_Siniestro> [C:\Users\niebl\Transformacion Fact_Registro_Siniestro.ktr]  Procesamiento finalizado (I=1000, O=0, R=0, W=1000, U=0, E=0)
2024-07-24 00:55:46.575 INFO  <Transformacion Fact_Registro_Siniestro - Entrada Tabla Registro Contrato> [C:\Users\niebl\Transformacion Fact_Registro_Siniestro.ktr]  Finished reading query, closing connection
2024-07-24 00:55:46.579 INFO  <Transformacion Fact_Registro_Siniestro - Ordenar filas nro_siniestro> [C:\Users\niebl\Transformacion Fact_Registro_Siniestro.ktr]  Procesamiento finalizado (I=0, O=0, R=1000, W=1000, U=0, E=0)
2024-07-24 00:55:46.581 INFO  <Transformacion Fact_Registro_Siniestro - Ordenar filas siniestro> [C:\Users\niebl\Transformacion Fact_Registro_Siniestro.ktr]  Procesamiento finalizado (I=0, O=0, R=1000, W=1000, U=0, E=0)
2024-07-24 00:55:46.581 INFO  <Transformacion Fact_Registro_Siniestro - Entrada Tabla dim_contrato> [C:\Users\niebl\Transformacion Fact_Registro_Siniestro.ktr]  Finished reading query, closing connection
2024-07-24 00:55:46.582 INFO  <Transformacion Fact_Registro_Siniestro - Entrada Tabla Registro Contrato> [C:\Users\niebl\Transformacion Fact_Registro_Siniestro.ktr]  Procesamiento finalizado (I=1000, O=0, R=0, W=1000, U=0, E=0)
2024-07-24 00:55:46.583 INFO  <Transformacion Fact_Registro_Siniestro - Ordenar filas cliente> [C:\Users\niebl\Transformacion Fact_Registro_Siniestro.ktr]  Procesamiento finalizado (I=0, O=0, R=1000, W=1000, U=0, E=0)
2024-07-24 00:55:46.586 INFO  <Transformacion Fact_Registro_Siniestro - Entrada Tabla dim_contrato> [C:\Users\niebl\Transformacion Fact_Registro_Siniestro.ktr]  Procesamiento finalizado (I=1000, O=0, R=0, W=1000, U=0, E=0)
2024-07-24 00:55:46.589 INFO  <Transformacion Fact_Registro_Siniestro - Ordenar filas nro_contrato> [C:\Users\niebl\Transformacion Fact_Registro_Siniestro.ktr]  Procesamiento finalizado (I=0, O=0, R=1000, W=1000, U=0, E=0)
2024-07-24 00:55:46.685 INFO  <Transformacion Fact_Registro_Siniestro - Entrada Tabla fechas> [C:\Users\niebl\Transformacion Fact_Registro_Siniestro.ktr]  Finished reading query, closing connection
2024-07-24 00:55:46.687 INFO  <Transformacion Fact_Registro_Siniestro - Entrada Tabla fechas> [C:\Users\niebl\Transformacion Fact_Registro_Siniestro.ktr]  Procesamiento finalizado (I=14976, O=0, R=0, W=29952, U=0, E=0)
2024-07-24 00:55:46.887 INFO  <Transformacion Fact_Registro_Siniestro - Unión por clave codigo cliente> [C:\Users\niebl\Transformacion Fact_Registro_Siniestro.ktr]  Procesamiento finalizado (I=0, O=0, R=600, W=300, U=0, E=0)
2024-07-24 00:55:46.909 INFO  <Transformacion Fact_Registro_Siniestro - Ordenar filas sucursal> [C:\Users\niebl\Transformacion Fact_Registro_Siniestro.ktr]  Procesamiento finalizado (I=0, O=0, R=300, W=300, U=0, E=0)
2024-07-24 00:55:46.956 INFO  <Transformacion Fact_Registro_Siniestro - Unión por clave sinistro> [C:\Users\niebl\Transformacion Fact_Registro_Siniestro.ktr]  Procesamiento finalizado (I=0, O=0, R=2000, W=1000, U=0, E=0)
2024-07-24 00:55:46.973 INFO  <Transformacion Fact_Registro_Siniestro - Ordenar filas contrato> [C:\Users\niebl\Transformacion Fact_Registro_Siniestro.ktr]  Procesamiento finalizado (I=0, O=0, R=1000, W=1000, U=0, E=0)
2024-07-24 00:55:47.238 INFO  <Transformacion Fact_Registro_Siniestro - Unión por clave sucursal> [C:\Users\niebl\Transformacion Fact_Registro_Siniestro.ktr]  Procesamiento finalizado (I=0, O=0, R=330, W=300, U=0, E=0)
2024-07-24 00:55:47.269 INFO  <Transformacion Fact_Registro_Siniestro - Ordenar filas cliente 2> [C:\Users\niebl\Transformacion Fact_Registro_Siniestro.ktr]  Procesamiento finalizado (I=0, O=0, R=300, W=300, U=0, E=0)
2024-07-24 00:55:47.317 INFO  <Transformacion Fact_Registro_Siniestro - Unión por clave contrato> [C:\Users\niebl\Transformacion Fact_Registro_Siniestro.ktr]  Procesamiento finalizado (I=0, O=0, R=2000, W=1000, U=0, E=0)
2024-07-24 00:55:47.348 INFO  <Transformacion Fact_Registro_Siniestro - Ordenar filas contrato 2> [C:\Users\niebl\Transformacion Fact_Registro_Siniestro.ktr]  Procesamiento finalizado (I=0, O=0, R=1000, W=1000, U=0, E=0)
2024-07-24 00:55:47.634 INFO  <Transformacion Fact_Registro_Siniestro - Unión por clave cliente> [C:\Users\niebl\Transformacion Fact_Registro_Siniestro.ktr]  Procesamiento finalizado (I=0, O=0, R=1300, W=44, U=0, E=0)
2024-07-24 00:55:47.650 INFO  <Transformacion Fact_Registro_Siniestro - Ordenar filas producto> [C:\Users\niebl\Transformacion Fact_Registro_Siniestro.ktr]  Procesamiento finalizado (I=0, O=0, R=44, W=44, U=0, E=0)
2024-07-24 00:55:48.029 INFO  <Transformacion Fact_Registro_Siniestro - Unión por clave producto> [C:\Users\niebl\Transformacion Fact_Registro_Siniestro.ktr]  Procesamiento finalizado (I=0, O=0, R=74, W=44, U=0, E=0)
2024-07-24 00:55:48.045 INFO  <Transformacion Fact_Registro_Siniestro - Ordenar filas contrato 3> [C:\Users\niebl\Transformacion Fact_Registro_Siniestro.ktr]  Procesamiento finalizado (I=0, O=0, R=44, W=44, U=0, E=0)
2024-07-24 00:55:48.425 INFO  <Transformacion Fact_Registro_Siniestro - Unión por clave contrato 2> [C:\Users\niebl\Transformacion Fact_Registro_Siniestro.ktr]  Procesamiento finalizado (I=0, O=0, R=1044, W=44, U=0, E=0)
2024-07-24 00:55:48.441 INFO  <Transformacion Fact_Registro_Siniestro - Ordenar filas fecha_siniestro> [C:\Users\niebl\Transformacion Fact_Registro_Siniestro.ktr]  Procesamiento finalizado (I=0, O=0, R=44, W=44, U=0, E=0)
2024-07-24 00:55:48.451 INFO  <Transformacion Fact_Registro_Siniestro - Ordenar filas fecha completa> [C:\Users\niebl\Transformacion Fact_Registro_Siniestro.ktr]  Procesamiento finalizado (I=0, O=0, R=14976, W=14976, U=0, E=0)
2024-07-24 00:55:48.825 INFO  <Transformacion Fact_Registro_Siniestro - Unión por clave fecha_siniestro> [C:\Users\niebl\Transformacion Fact_Registro_Siniestro.ktr]  Procesamiento finalizado (I=0, O=0, R=15020, W=44, U=0, E=0)
2024-07-24 00:55:48.857 INFO  <Transformacion Fact_Registro_Siniestro - Ordenar filas fecha_respuesta> [C:\Users\niebl\Transformacion Fact_Registro_Siniestro.ktr]  Procesamiento finalizado (I=0, O=0, R=44, W=44, U=0, E=0)
2024-07-24 00:55:48.863 INFO  <Transformacion Fact_Registro_Siniestro - Ordenar filas fecha completa 2> [C:\Users\niebl\Transformacion Fact_Registro_Siniestro.ktr]  Procesamiento finalizado (I=0, O=0, R=14976, W=14976, U=0, E=0)
2024-07-24 00:55:49.224 INFO  <Transformacion Fact_Registro_Siniestro - Unión por clave fecha respuesta> [C:\Users\niebl\Transformacion Fact_Registro_Siniestro.ktr]  Procesamiento finalizado (I=0, O=0, R=15020, W=44, U=0, E=0)
2024-07-24 00:55:49.255 INFO  <Transformacion Fact_Registro_Siniestro - Añadir secuencia cantidad> [C:\Users\niebl\Transformacion Fact_Registro_Siniestro.ktr]  Procesamiento finalizado (I=0, O=0, R=44, W=44, U=0, E=0)
2024-07-24 00:55:49.271 INFO  <Transformacion Fact_Registro_Siniestro - Formula> [C:\Users\niebl\Transformacion Fact_Registro_Siniestro.ktr]  Procesamiento finalizado (I=0, O=0, R=44, W=44, U=0, E=0)
2024-07-24 00:56:22.501 INFO  <Thread-2094> [C:\Users\niebl\Transformacion Fact_Registro_Siniestro.ktr]  Iniciado despacho de la transformaci?n [Transformacion Fact_Registro_Siniestro]
2024-07-24 00:56:22.751 INFO  <init of Salida Tabla Fact_Registro_Siniestro.0 (Thread-2133)> [C:\Users\niebl\Transformacion Fact_Registro_Siniestro.ktr]  Connected to database [Postgres] (commit=1000)
2024-07-24 00:56:22.805 INFO  <Transformacion Fact_Registro_Siniestro - Entrada Tabla cliente> [C:\Users\niebl\Transformacion Fact_Registro_Siniestro.ktr]  Finished reading query, closing connection
2024-07-24 00:56:22.811 INFO  <Transformacion Fact_Registro_Siniestro - Entrada Tabla dim_producto> [C:\Users\niebl\Transformacion Fact_Registro_Siniestro.ktr]  Finished reading query, closing connection
2024-07-24 00:56:22.813 INFO  <Transformacion Fact_Registro_Siniestro - Entrada Tabla dim_contrato> [C:\Users\niebl\Transformacion Fact_Registro_Siniestro.ktr]  Finished reading query, closing connection
2024-07-24 00:56:22.813 INFO  <Transformacion Fact_Registro_Siniestro - Entrada Tabla dim sucursal> [C:\Users\niebl\Transformacion Fact_Registro_Siniestro.ktr]  Finished reading query, closing connection
2024-07-24 00:56:22.814 INFO  <Transformacion Fact_Registro_Siniestro - Entrada Tabla cliente> [C:\Users\niebl\Transformacion Fact_Registro_Siniestro.ktr]  Procesamiento finalizado (I=300, O=0, R=0, W=300, U=0, E=0)
2024-07-24 00:56:22.814 INFO  <Transformacion Fact_Registro_Siniestro - Entrada Tabla dim_producto> [C:\Users\niebl\Transformacion Fact_Registro_Siniestro.ktr]  Procesamiento finalizado (I=30, O=0, R=0, W=30, U=0, E=0)
2024-07-24 00:56:22.815 INFO  <Transformacion Fact_Registro_Siniestro - Entrada Tabla dim_contrato> [C:\Users\niebl\Transformacion Fact_Registro_Siniestro.ktr]  Procesamiento finalizado (I=1000, O=0, R=0, W=1000, U=0, E=0)
2024-07-24 00:56:22.815 INFO  <Transformacion Fact_Registro_Siniestro - Ordenar filas sucursal 2> [C:\Users\niebl\Transformacion Fact_Registro_Siniestro.ktr]  Procesamiento finalizado (I=0, O=0, R=30, W=30, U=0, E=0)
2024-07-24 00:56:22.817 INFO  <Transformacion Fact_Registro_Siniestro - Entrada Tabla dim sucursal> [C:\Users\niebl\Transformacion Fact_Registro_Siniestro.ktr]  Procesamiento finalizado (I=30, O=0, R=0, W=30, U=0, E=0)
2024-07-24 00:56:22.817 INFO  <Transformacion Fact_Registro_Siniestro - Entrada Tabla dim_siniestro> [C:\Users\niebl\Transformacion Fact_Registro_Siniestro.ktr]  Finished reading query, closing connection
2024-07-24 00:56:22.819 INFO  <Transformacion Fact_Registro_Siniestro - Entrada Tabla dim_cliente> [C:\Users\niebl\Transformacion Fact_Registro_Siniestro.ktr]  Finished reading query, closing connection
2024-07-24 00:56:22.819 INFO  <Transformacion Fact_Registro_Siniestro - Entrada Tabla dim_siniestro> [C:\Users\niebl\Transformacion Fact_Registro_Siniestro.ktr]  Procesamiento finalizado (I=1000, O=0, R=0, W=1000, U=0, E=0)
2024-07-24 00:56:22.819 INFO  <Transformacion Fact_Registro_Siniestro - Entrada Tabla dim_cliente> [C:\Users\niebl\Transformacion Fact_Registro_Siniestro.ktr]  Procesamiento finalizado (I=300, O=0, R=0, W=300, U=0, E=0)
2024-07-24 00:56:22.826 INFO  <Transformacion Fact_Registro_Siniestro - Entrada Tabla Registro Contrato> [C:\Users\niebl\Transformacion Fact_Registro_Siniestro.ktr]  Finished reading query, closing connection
2024-07-24 00:56:22.826 INFO  <Transformacion Fact_Registro_Siniestro - Entrada Tabla Fact_Registro_Siniestro> [C:\Users\niebl\Transformacion Fact_Registro_Siniestro.ktr]  Finished reading query, closing connection
2024-07-24 00:56:22.827 INFO  <Transformacion Fact_Registro_Siniestro - Entrada Tabla Registro Contrato> [C:\Users\niebl\Transformacion Fact_Registro_Siniestro.ktr]  Procesamiento finalizado (I=1000, O=0, R=0, W=1000, U=0, E=0)
2024-07-24 00:56:22.827 INFO  <Transformacion Fact_Registro_Siniestro - Entrada Tabla Fact_Registro_Siniestro> [C:\Users\niebl\Transformacion Fact_Registro_Siniestro.ktr]  Procesamiento finalizado (I=1000, O=0, R=0, W=1000, U=0, E=0)
2024-07-24 00:56:22.829 INFO  <Transformacion Fact_Registro_Siniestro - Ordenar filas nro_contrato> [C:\Users\niebl\Transformacion Fact_Registro_Siniestro.ktr]  Procesamiento finalizado (I=0, O=0, R=1000, W=1000, U=0, E=0)
2024-07-24 00:56:22.829 INFO  <Transformacion Fact_Registro_Siniestro - Ordenar filas codigo cliente> [C:\Users\niebl\Transformacion Fact_Registro_Siniestro.ktr]  Procesamiento finalizado (I=0, O=0, R=300, W=300, U=0, E=0)
2024-07-24 00:56:22.830 INFO  <Transformacion Fact_Registro_Siniestro - Ordenar filas cliente> [C:\Users\niebl\Transformacion Fact_Registro_Siniestro.ktr]  Procesamiento finalizado (I=0, O=0, R=1000, W=1000, U=0, E=0)
2024-07-24 00:56:22.831 INFO  <Transformacion Fact_Registro_Siniestro - Ordenar filas producto 2> [C:\Users\niebl\Transformacion Fact_Registro_Siniestro.ktr]  Procesamiento finalizado (I=0, O=0, R=30, W=30, U=0, E=0)
2024-07-24 00:56:22.844 INFO  <Transformacion Fact_Registro_Siniestro - Ordenar filas codigo cliente 2> [C:\Users\niebl\Transformacion Fact_Registro_Siniestro.ktr]  Procesamiento finalizado (I=0, O=0, R=300, W=300, U=0, E=0)
2024-07-24 00:56:22.845 INFO  <Transformacion Fact_Registro_Siniestro - Ordenar filas nro_siniestro> [C:\Users\niebl\Transformacion Fact_Registro_Siniestro.ktr]  Procesamiento finalizado (I=0, O=0, R=1000, W=1000, U=0, E=0)
2024-07-24 00:56:22.847 INFO  <Transformacion Fact_Registro_Siniestro - Ordenar filas siniestro> [C:\Users\niebl\Transformacion Fact_Registro_Siniestro.ktr]  Procesamiento finalizado (I=0, O=0, R=1000, W=1000, U=0, E=0)
2024-07-24 00:56:22.894 INFO  <Transformacion Fact_Registro_Siniestro - Entrada Tabla fechas> [C:\Users\niebl\Transformacion Fact_Registro_Siniestro.ktr]  Finished reading query, closing connection
2024-07-24 00:56:22.896 INFO  <Transformacion Fact_Registro_Siniestro - Entrada Tabla fechas> [C:\Users\niebl\Transformacion Fact_Registro_Siniestro.ktr]  Procesamiento finalizado (I=14976, O=0, R=0, W=29952, U=0, E=0)
2024-07-24 00:56:23.175 INFO  <Transformacion Fact_Registro_Siniestro - Unión por clave codigo cliente> [C:\Users\niebl\Transformacion Fact_Registro_Siniestro.ktr]  Procesamiento finalizado (I=0, O=0, R=600, W=300, U=0, E=0)
2024-07-24 00:56:23.191 INFO  <Transformacion Fact_Registro_Siniestro - Unión por clave sinistro> [C:\Users\niebl\Transformacion Fact_Registro_Siniestro.ktr]  Procesamiento finalizado (I=0, O=0, R=2000, W=1000, U=0, E=0)
2024-07-24 00:56:23.207 INFO  <Transformacion Fact_Registro_Siniestro - Ordenar filas sucursal> [C:\Users\niebl\Transformacion Fact_Registro_Siniestro.ktr]  Procesamiento finalizado (I=0, O=0, R=300, W=300, U=0, E=0)
2024-07-24 00:56:23.223 INFO  <Transformacion Fact_Registro_Siniestro - Ordenar filas contrato> [C:\Users\niebl\Transformacion Fact_Registro_Siniestro.ktr]  Procesamiento finalizado (I=0, O=0, R=1000, W=1000, U=0, E=0)
2024-07-24 00:56:23.559 INFO  <Transformacion Fact_Registro_Siniestro - Unión por clave sucursal> [C:\Users\niebl\Transformacion Fact_Registro_Siniestro.ktr]  Procesamiento finalizado (I=0, O=0, R=330, W=300, U=0, E=0)
2024-07-24 00:56:23.575 INFO  <Transformacion Fact_Registro_Siniestro - Unión por clave contrato> [C:\Users\niebl\Transformacion Fact_Registro_Siniestro.ktr]  Procesamiento finalizado (I=0, O=0, R=2000, W=1000, U=0, E=0)
2024-07-24 00:56:23.591 INFO  <Transformacion Fact_Registro_Siniestro - Ordenar filas cliente 2> [C:\Users\niebl\Transformacion Fact_Registro_Siniestro.ktr]  Procesamiento finalizado (I=0, O=0, R=300, W=300, U=0, E=0)
2024-07-24 00:56:23.608 INFO  <Transformacion Fact_Registro_Siniestro - Ordenar filas contrato 2> [C:\Users\niebl\Transformacion Fact_Registro_Siniestro.ktr]  Procesamiento finalizado (I=0, O=0, R=1000, W=1000, U=0, E=0)
2024-07-24 00:56:23.949 INFO  <Transformacion Fact_Registro_Siniestro - Unión por clave cliente> [C:\Users\niebl\Transformacion Fact_Registro_Siniestro.ktr]  Procesamiento finalizado (I=0, O=0, R=1300, W=44, U=0, E=0)
2024-07-24 00:56:23.981 INFO  <Transformacion Fact_Registro_Siniestro - Ordenar filas producto> [C:\Users\niebl\Transformacion Fact_Registro_Siniestro.ktr]  Procesamiento finalizado (I=0, O=0, R=44, W=44, U=0, E=0)
2024-07-24 00:56:24.324 INFO  <Transformacion Fact_Registro_Siniestro - Unión por clave producto> [C:\Users\niebl\Transformacion Fact_Registro_Siniestro.ktr]  Procesamiento finalizado (I=0, O=0, R=74, W=44, U=0, E=0)
2024-07-24 00:56:24.355 INFO  <Transformacion Fact_Registro_Siniestro - Ordenar filas contrato 3> [C:\Users\niebl\Transformacion Fact_Registro_Siniestro.ktr]  Procesamiento finalizado (I=0, O=0, R=44, W=44, U=0, E=0)
2024-07-24 00:56:24.712 INFO  <Transformacion Fact_Registro_Siniestro - Unión por clave contrato 2> [C:\Users\niebl\Transformacion Fact_Registro_Siniestro.ktr]  Procesamiento finalizado (I=0, O=0, R=1044, W=44, U=0, E=0)
2024-07-24 00:56:24.729 INFO  <Transformacion Fact_Registro_Siniestro - Ordenar filas fecha_siniestro> [C:\Users\niebl\Transformacion Fact_Registro_Siniestro.ktr]  Procesamiento finalizado (I=0, O=0, R=44, W=44, U=0, E=0)
2024-07-24 00:56:24.736 INFO  <Transformacion Fact_Registro_Siniestro - Ordenar filas fecha completa> [C:\Users\niebl\Transformacion Fact_Registro_Siniestro.ktr]  Procesamiento finalizado (I=0, O=0, R=14976, W=14976, U=0, E=0)
2024-07-24 00:56:25.087 INFO  <Transformacion Fact_Registro_Siniestro - Unión por clave fecha_siniestro> [C:\Users\niebl\Transformacion Fact_Registro_Siniestro.ktr]  Procesamiento finalizado (I=0, O=0, R=15020, W=44, U=0, E=0)
2024-07-24 00:56:25.117 INFO  <Transformacion Fact_Registro_Siniestro - Ordenar filas fecha_respuesta> [C:\Users\niebl\Transformacion Fact_Registro_Siniestro.ktr]  Procesamiento finalizado (I=0, O=0, R=44, W=44, U=0, E=0)
2024-07-24 00:56:25.125 INFO  <Transformacion Fact_Registro_Siniestro - Ordenar filas fecha completa 2> [C:\Users\niebl\Transformacion Fact_Registro_Siniestro.ktr]  Procesamiento finalizado (I=0, O=0, R=14976, W=14976, U=0, E=0)
2024-07-24 00:56:25.492 INFO  <Transformacion Fact_Registro_Siniestro - Unión por clave fecha respuesta> [C:\Users\niebl\Transformacion Fact_Registro_Siniestro.ktr]  Procesamiento finalizado (I=0, O=0, R=15020, W=44, U=0, E=0)
2024-07-24 00:56:25.524 INFO  <Transformacion Fact_Registro_Siniestro - Añadir secuencia cantidad> [C:\Users\niebl\Transformacion Fact_Registro_Siniestro.ktr]  Procesamiento finalizado (I=0, O=0, R=44, W=44, U=0, E=0)
2024-07-24 00:56:25.540 INFO  <Transformacion Fact_Registro_Siniestro - Formula> [C:\Users\niebl\Transformacion Fact_Registro_Siniestro.ktr]  Procesamiento finalizado (I=0, O=0, R=44, W=44, U=0, E=0)
2024-07-24 00:56:25.634 INFO  <Transformacion Fact_Registro_Siniestro - Salida Tabla Fact_Registro_Siniestro> [C:\Users\niebl\Transformacion Fact_Registro_Siniestro.ktr]  Procesamiento finalizado (I=0, O=44, R=44, W=44, U=0, E=0)
2024-07-24 01:01:43.523 INFO  <Thread-2178> [C:\Users\niebl\Transformacion Fact_Registro_Siniestro.ktr]  Iniciado despacho de la transformaci?n [Transformacion Fact_Registro_Siniestro]
2024-07-24 01:01:43.764 INFO  <Transformacion Fact_Registro_Siniestro - Entrada Tabla dim_producto> [C:\Users\niebl\Transformacion Fact_Registro_Siniestro.ktr]  Finished reading query, closing connection
2024-07-24 01:01:43.773 INFO  <Transformacion Fact_Registro_Siniestro - Entrada Tabla dim_producto> [C:\Users\niebl\Transformacion Fact_Registro_Siniestro.ktr]  Procesamiento finalizado (I=30, O=0, R=0, W=30, U=0, E=0)
2024-07-24 01:01:43.777 INFO  <Transformacion Fact_Registro_Siniestro - Entrada Tabla Fact_Registro_Siniestro> [C:\Users\niebl\Transformacion Fact_Registro_Siniestro.ktr]  Finished reading query, closing connection
2024-07-24 01:01:43.779 INFO  <Transformacion Fact_Registro_Siniestro - Entrada Tabla Fact_Registro_Siniestro> [C:\Users\niebl\Transformacion Fact_Registro_Siniestro.ktr]  Procesamiento finalizado (I=1000, O=0, R=0, W=1000, U=0, E=0)
2024-07-24 01:01:43.781 INFO  <Transformacion Fact_Registro_Siniestro - Entrada Tabla cliente> [C:\Users\niebl\Transformacion Fact_Registro_Siniestro.ktr]  Finished reading query, closing connection
2024-07-24 01:01:43.784 INFO  <Transformacion Fact_Registro_Siniestro - Entrada Tabla cliente> [C:\Users\niebl\Transformacion Fact_Registro_Siniestro.ktr]  Procesamiento finalizado (I=300, O=0, R=0, W=300, U=0, E=0)
2024-07-24 01:01:43.784 INFO  <Transformacion Fact_Registro_Siniestro - Ordenar filas producto 2> [C:\Users\niebl\Transformacion Fact_Registro_Siniestro.ktr]  Procesamiento finalizado (I=0, O=0, R=30, W=30, U=0, E=0)
2024-07-24 01:01:43.785 INFO  <Transformacion Fact_Registro_Siniestro - Ordenar filas siniestro> [C:\Users\niebl\Transformacion Fact_Registro_Siniestro.ktr]  Procesamiento finalizado (I=0, O=0, R=1000, W=1000, U=0, E=0)
2024-07-24 01:01:43.790 INFO  <Transformacion Fact_Registro_Siniestro - Entrada Tabla dim_contrato> [C:\Users\niebl\Transformacion Fact_Registro_Siniestro.ktr]  Finished reading query, closing connection
2024-07-24 01:01:43.791 INFO  <Transformacion Fact_Registro_Siniestro - Entrada Tabla Registro Contrato> [C:\Users\niebl\Transformacion Fact_Registro_Siniestro.ktr]  Finished reading query, closing connection
2024-07-24 01:01:43.792 INFO  <Transformacion Fact_Registro_Siniestro - Entrada Tabla dim_contrato> [C:\Users\niebl\Transformacion Fact_Registro_Siniestro.ktr]  Procesamiento finalizado (I=1000, O=0, R=0, W=1000, U=0, E=0)
2024-07-24 01:01:43.793 INFO  <Transformacion Fact_Registro_Siniestro - Entrada Tabla Registro Contrato> [C:\Users\niebl\Transformacion Fact_Registro_Siniestro.ktr]  Procesamiento finalizado (I=1000, O=0, R=0, W=1000, U=0, E=0)
2024-07-24 01:01:43.797 INFO  <Transformacion Fact_Registro_Siniestro - Ordenar filas cliente> [C:\Users\niebl\Transformacion Fact_Registro_Siniestro.ktr]  Procesamiento finalizado (I=0, O=0, R=1000, W=1000, U=0, E=0)
2024-07-24 01:01:43.799 INFO  <Transformacion Fact_Registro_Siniestro - Ordenar filas nro_contrato> [C:\Users\niebl\Transformacion Fact_Registro_Siniestro.ktr]  Procesamiento finalizado (I=0, O=0, R=1000, W=1000, U=0, E=0)
2024-07-24 01:01:43.800 INFO  <Transformacion Fact_Registro_Siniestro - Ordenar filas codigo cliente> [C:\Users\niebl\Transformacion Fact_Registro_Siniestro.ktr]  Procesamiento finalizado (I=0, O=0, R=300, W=300, U=0, E=0)
2024-07-24 01:01:43.803 INFO  <Transformacion Fact_Registro_Siniestro - Entrada Tabla dim sucursal> [C:\Users\niebl\Transformacion Fact_Registro_Siniestro.ktr]  Finished reading query, closing connection
2024-07-24 01:01:43.804 INFO  <Transformacion Fact_Registro_Siniestro - Entrada Tabla dim sucursal> [C:\Users\niebl\Transformacion Fact_Registro_Siniestro.ktr]  Procesamiento finalizado (I=30, O=0, R=0, W=30, U=0, E=0)
2024-07-24 01:01:43.805 INFO  <Transformacion Fact_Registro_Siniestro - Entrada Tabla dim_cliente> [C:\Users\niebl\Transformacion Fact_Registro_Siniestro.ktr]  Finished reading query, closing connection
2024-07-24 01:01:43.806 INFO  <Transformacion Fact_Registro_Siniestro - Entrada Tabla dim_cliente> [C:\Users\niebl\Transformacion Fact_Registro_Siniestro.ktr]  Procesamiento finalizado (I=300, O=0, R=0, W=300, U=0, E=0)
2024-07-24 01:01:43.809 INFO  <Transformacion Fact_Registro_Siniestro - Ordenar filas sucursal 2> [C:\Users\niebl\Transformacion Fact_Registro_Siniestro.ktr]  Procesamiento finalizado (I=0, O=0, R=30, W=30, U=0, E=0)
2024-07-24 01:01:43.814 INFO  <Transformacion Fact_Registro_Siniestro - Ordenar filas codigo cliente 2> [C:\Users\niebl\Transformacion Fact_Registro_Siniestro.ktr]  Procesamiento finalizado (I=0, O=0, R=300, W=300, U=0, E=0)
2024-07-24 01:01:43.817 INFO  <Transformacion Fact_Registro_Siniestro - Entrada Tabla dim_siniestro> [C:\Users\niebl\Transformacion Fact_Registro_Siniestro.ktr]  Finished reading query, closing connection
2024-07-24 01:01:43.818 INFO  <Transformacion Fact_Registro_Siniestro - Entrada Tabla dim_siniestro> [C:\Users\niebl\Transformacion Fact_Registro_Siniestro.ktr]  Procesamiento finalizado (I=1000, O=0, R=0, W=1000, U=0, E=0)
2024-07-24 01:01:43.823 INFO  <Transformacion Fact_Registro_Siniestro - Ordenar filas nro_siniestro> [C:\Users\niebl\Transformacion Fact_Registro_Siniestro.ktr]  Procesamiento finalizado (I=0, O=0, R=1000, W=1000, U=0, E=0)
2024-07-24 01:01:43.863 INFO  <Transformacion Fact_Registro_Siniestro - Entrada Tabla fechas> [C:\Users\niebl\Transformacion Fact_Registro_Siniestro.ktr]  Finished reading query, closing connection
2024-07-24 01:01:43.864 INFO  <Transformacion Fact_Registro_Siniestro - Entrada Tabla fechas> [C:\Users\niebl\Transformacion Fact_Registro_Siniestro.ktr]  Procesamiento finalizado (I=14976, O=0, R=0, W=29952, U=0, E=0)
2024-07-24 01:01:44.130 INFO  <Transformacion Fact_Registro_Siniestro - Unión por clave codigo cliente> [C:\Users\niebl\Transformacion Fact_Registro_Siniestro.ktr]  Procesamiento finalizado (I=0, O=0, R=600, W=300, U=0, E=0)
2024-07-24 01:01:44.145 INFO  <Transformacion Fact_Registro_Siniestro - Unión por clave sinistro> [C:\Users\niebl\Transformacion Fact_Registro_Siniestro.ktr]  Procesamiento finalizado (I=0, O=0, R=2000, W=1000, U=0, E=0)
2024-07-24 01:01:44.161 INFO  <Transformacion Fact_Registro_Siniestro - Ordenar filas sucursal> [C:\Users\niebl\Transformacion Fact_Registro_Siniestro.ktr]  Procesamiento finalizado (I=0, O=0, R=300, W=300, U=0, E=0)
2024-07-24 01:01:44.176 INFO  <Transformacion Fact_Registro_Siniestro - Ordenar filas contrato> [C:\Users\niebl\Transformacion Fact_Registro_Siniestro.ktr]  Procesamiento finalizado (I=0, O=0, R=1000, W=1000, U=0, E=0)
2024-07-24 01:01:44.488 INFO  <Transformacion Fact_Registro_Siniestro - Unión por clave sucursal> [C:\Users\niebl\Transformacion Fact_Registro_Siniestro.ktr]  Procesamiento finalizado (I=0, O=0, R=330, W=300, U=0, E=0)
2024-07-24 01:01:44.504 INFO  <Transformacion Fact_Registro_Siniestro - Unión por clave contrato> [C:\Users\niebl\Transformacion Fact_Registro_Siniestro.ktr]  Procesamiento finalizado (I=0, O=0, R=2000, W=1000, U=0, E=0)
2024-07-24 01:01:44.519 INFO  <Transformacion Fact_Registro_Siniestro - Ordenar filas cliente 2> [C:\Users\niebl\Transformacion Fact_Registro_Siniestro.ktr]  Procesamiento finalizado (I=0, O=0, R=300, W=300, U=0, E=0)
2024-07-24 01:01:44.535 INFO  <Transformacion Fact_Registro_Siniestro - Ordenar filas contrato 2> [C:\Users\niebl\Transformacion Fact_Registro_Siniestro.ktr]  Procesamiento finalizado (I=0, O=0, R=1000, W=1000, U=0, E=0)
2024-07-24 01:01:44.877 INFO  <Transformacion Fact_Registro_Siniestro - Unión por clave cliente> [C:\Users\niebl\Transformacion Fact_Registro_Siniestro.ktr]  Procesamiento finalizado (I=0, O=0, R=1300, W=44, U=0, E=0)
2024-07-24 01:01:44.909 INFO  <Transformacion Fact_Registro_Siniestro - Ordenar filas producto> [C:\Users\niebl\Transformacion Fact_Registro_Siniestro.ktr]  Procesamiento finalizado (I=0, O=0, R=44, W=44, U=0, E=0)
2024-07-24 01:01:45.289 INFO  <Transformacion Fact_Registro_Siniestro - Unión por clave producto> [C:\Users\niebl\Transformacion Fact_Registro_Siniestro.ktr]  Procesamiento finalizado (I=0, O=0, R=74, W=44, U=0, E=0)
2024-07-24 01:01:45.303 INFO  <Transformacion Fact_Registro_Siniestro - Ordenar filas contrato 3> [C:\Users\niebl\Transformacion Fact_Registro_Siniestro.ktr]  Procesamiento finalizado (I=0, O=0, R=44, W=44, U=0, E=0)
2024-07-24 01:01:45.660 INFO  <Transformacion Fact_Registro_Siniestro - Unión por clave contrato 2> [C:\Users\niebl\Transformacion Fact_Registro_Siniestro.ktr]  Procesamiento finalizado (I=0, O=0, R=1044, W=44, U=0, E=0)
2024-07-24 01:01:45.691 INFO  <Transformacion Fact_Registro_Siniestro - Ordenar filas fecha_siniestro> [C:\Users\niebl\Transformacion Fact_Registro_Siniestro.ktr]  Procesamiento finalizado (I=0, O=0, R=44, W=44, U=0, E=0)
2024-07-24 01:01:45.699 INFO  <Transformacion Fact_Registro_Siniestro - Ordenar filas fecha completa> [C:\Users\niebl\Transformacion Fact_Registro_Siniestro.ktr]  Procesamiento finalizado (I=0, O=0, R=14976, W=14976, U=0, E=0)
2024-07-24 01:01:46.049 INFO  <Transformacion Fact_Registro_Siniestro - Unión por clave fecha_siniestro> [C:\Users\niebl\Transformacion Fact_Registro_Siniestro.ktr]  Procesamiento finalizado (I=0, O=0, R=15020, W=44, U=0, E=0)
2024-07-24 01:01:46.080 INFO  <Transformacion Fact_Registro_Siniestro - Ordenar filas fecha_respuesta> [C:\Users\niebl\Transformacion Fact_Registro_Siniestro.ktr]  Procesamiento finalizado (I=0, O=0, R=44, W=44, U=0, E=0)
2024-07-24 01:01:46.087 INFO  <Transformacion Fact_Registro_Siniestro - Ordenar filas fecha completa 2> [C:\Users\niebl\Transformacion Fact_Registro_Siniestro.ktr]  Procesamiento finalizado (I=0, O=0, R=14976, W=14976, U=0, E=0)
2024-07-24 01:01:46.089 ERROR <Transformacion Fact_Registro_Siniestro - Formula> [C:\Users\niebl\Transformacion Fact_Registro_Siniestro.ktr]  Error desconocido
2024-07-24 01:01:46.090 ERROR <Transformacion Fact_Registro_Siniestro - Formula> [C:\Users\niebl\Transformacion Fact_Registro_Siniestro.ktr]  org.pentaho.di.core.exception.KettleValueException: 
java.lang.NullPointerException
 at java.lang.Thread.run (Thread.java:748)
 at org.pentaho.di.trans.step.RunThread.run (RunThread.java:62)
 at org.pentaho.di.trans.steps.formula.Formula.processRow (Formula.java:104)
 at org.pentaho.di.trans.steps.formula.Formula.calcFields (Formula.java:134)
 at org.pentaho.di.trans.steps.formula.FormulaData.createFormula (FormulaData.java:60)
 at org.pentaho.reporting.libraries.formula.Formula.<init> (Formula.java:48)

	at org.pentaho.di.trans.steps.formula.Formula.calcFields(Formula.java:204)
	at org.pentaho.di.trans.steps.formula.Formula.processRow(Formula.java:104)
	at org.pentaho.di.trans.step.RunThread.run(RunThread.java:62)
	at java.lang.Thread.run(Thread.java:748)
Caused by: java.lang.NullPointerException
	at org.pentaho.reporting.libraries.formula.Formula.<init>(Formula.java:48)
	at org.pentaho.di.trans.steps.formula.FormulaData.createFormula(FormulaData.java:60)
	at org.pentaho.di.trans.steps.formula.Formula.calcFields(Formula.java:134)
	... 3 more

2024-07-24 01:01:46.090 INFO  <Transformacion Fact_Registro_Siniestro - Formula> [C:\Users\niebl\Transformacion Fact_Registro_Siniestro.ktr]  Procesamiento finalizado (I=0, O=0, R=1, W=0, U=0, E=1)
2024-07-24 01:01:46.090 WARN  <Transformacion Fact_Registro_Siniestro - Formula> [C:\Users\niebl\Transformacion Fact_Registro_Siniestro.ktr]  Transformaci?n detectada 
2024-07-24 01:01:46.090 WARN  <Transformacion Fact_Registro_Siniestro - Formula> [C:\Users\niebl\Transformacion Fact_Registro_Siniestro.ktr]  Transformaci?n est? matando los otros pasos!
2024-07-24 01:01:46.091 INFO  <Transformacion Fact_Registro_Siniestro - Añadir secuencia cantidad> [C:\Users\niebl\Transformacion Fact_Registro_Siniestro.ktr]  Procesamiento finalizado (I=0, O=0, R=5, W=5, U=0, E=0)
2024-07-24 01:01:46.190 INFO  <Transformacion Fact_Registro_Siniestro - Unión por clave fecha respuesta> [C:\Users\niebl\Transformacion Fact_Registro_Siniestro.ktr]  Procesamiento finalizado (I=0, O=0, R=8976, W=43, U=0, E=0)
2024-07-24 01:01:47.258 ERROR <Transformacion Fact_Registro_Siniestro - Añadir secuencia cantidad> [C:\Users\niebl\Transformacion Fact_Registro_Siniestro.ktr]  Errores detectados!
2024-07-24 01:01:47.259 ERROR <Transformacion Fact_Registro_Siniestro - Añadir secuencia cantidad> [C:\Users\niebl\Transformacion Fact_Registro_Siniestro.ktr]  Errores detectados!
2024-07-24 01:01:47.271 ERROR <Transformacion Fact_Registro_Siniestro - Añadir secuencia cantidad> [C:\Users\niebl\Transformacion Fact_Registro_Siniestro.ktr]  Errores detectados!
2024-07-24 01:03:29.767 INFO  <Thread-2258> [C:\Users\niebl\Transformacion Fact_Registro_Siniestro.ktr]  Iniciado despacho de la transformaci?n [Transformacion Fact_Registro_Siniestro]
2024-07-24 01:03:30.001 INFO  <init of Salida Tabla Fact_Registro_Siniestro.0 (Thread-2297)> [C:\Users\niebl\Transformacion Fact_Registro_Siniestro.ktr]  Connected to database [Postgres] (commit=1000)
2024-07-24 01:03:30.049 INFO  <Transformacion Fact_Registro_Siniestro - Entrada Tabla cliente> [C:\Users\niebl\Transformacion Fact_Registro_Siniestro.ktr]  Finished reading query, closing connection
2024-07-24 01:03:30.051 INFO  <Transformacion Fact_Registro_Siniestro - Entrada Tabla dim_siniestro> [C:\Users\niebl\Transformacion Fact_Registro_Siniestro.ktr]  Finished reading query, closing connection
2024-07-24 01:03:30.051 INFO  <Transformacion Fact_Registro_Siniestro - Entrada Tabla cliente> [C:\Users\niebl\Transformacion Fact_Registro_Siniestro.ktr]  Procesamiento finalizado (I=300, O=0, R=0, W=300, U=0, E=0)
2024-07-24 01:03:30.052 INFO  <Transformacion Fact_Registro_Siniestro - Entrada Tabla dim_siniestro> [C:\Users\niebl\Transformacion Fact_Registro_Siniestro.ktr]  Procesamiento finalizado (I=1000, O=0, R=0, W=1000, U=0, E=0)
2024-07-24 01:03:30.052 INFO  <Transformacion Fact_Registro_Siniestro - Entrada Tabla dim_producto> [C:\Users\niebl\Transformacion Fact_Registro_Siniestro.ktr]  Finished reading query, closing connection
2024-07-24 01:03:30.055 INFO  <Transformacion Fact_Registro_Siniestro - Entrada Tabla dim_contrato> [C:\Users\niebl\Transformacion Fact_Registro_Siniestro.ktr]  Finished reading query, closing connection
2024-07-24 01:03:30.056 INFO  <Transformacion Fact_Registro_Siniestro - Entrada Tabla dim_producto> [C:\Users\niebl\Transformacion Fact_Registro_Siniestro.ktr]  Procesamiento finalizado (I=30, O=0, R=0, W=30, U=0, E=0)
2024-07-24 01:03:30.056 INFO  <Transformacion Fact_Registro_Siniestro - Entrada Tabla dim_contrato> [C:\Users\niebl\Transformacion Fact_Registro_Siniestro.ktr]  Procesamiento finalizado (I=1000, O=0, R=0, W=1000, U=0, E=0)
2024-07-24 01:03:30.060 INFO  <Transformacion Fact_Registro_Siniestro - Entrada Tabla dim_cliente> [C:\Users\niebl\Transformacion Fact_Registro_Siniestro.ktr]  Finished reading query, closing connection
2024-07-24 01:03:30.060 INFO  <Transformacion Fact_Registro_Siniestro - Entrada Tabla dim_cliente> [C:\Users\niebl\Transformacion Fact_Registro_Siniestro.ktr]  Procesamiento finalizado (I=300, O=0, R=0, W=300, U=0, E=0)
2024-07-24 01:03:30.063 INFO  <Transformacion Fact_Registro_Siniestro - Ordenar filas producto 2> [C:\Users\niebl\Transformacion Fact_Registro_Siniestro.ktr]  Procesamiento finalizado (I=0, O=0, R=30, W=30, U=0, E=0)
2024-07-24 01:03:30.063 INFO  <Transformacion Fact_Registro_Siniestro - Ordenar filas codigo cliente> [C:\Users\niebl\Transformacion Fact_Registro_Siniestro.ktr]  Procesamiento finalizado (I=0, O=0, R=300, W=300, U=0, E=0)
2024-07-24 01:03:30.065 INFO  <Transformacion Fact_Registro_Siniestro - Entrada Tabla Fact_Registro_Siniestro> [C:\Users\niebl\Transformacion Fact_Registro_Siniestro.ktr]  Finished reading query, closing connection
2024-07-24 01:03:30.065 INFO  <Transformacion Fact_Registro_Siniestro - Ordenar filas nro_contrato> [C:\Users\niebl\Transformacion Fact_Registro_Siniestro.ktr]  Procesamiento finalizado (I=0, O=0, R=1000, W=1000, U=0, E=0)
2024-07-24 01:03:30.066 INFO  <Transformacion Fact_Registro_Siniestro - Entrada Tabla Fact_Registro_Siniestro> [C:\Users\niebl\Transformacion Fact_Registro_Siniestro.ktr]  Procesamiento finalizado (I=1000, O=0, R=0, W=1000, U=0, E=0)
2024-07-24 01:03:30.067 INFO  <Transformacion Fact_Registro_Siniestro - Entrada Tabla Registro Contrato> [C:\Users\niebl\Transformacion Fact_Registro_Siniestro.ktr]  Finished reading query, closing connection
2024-07-24 01:03:30.068 INFO  <Transformacion Fact_Registro_Siniestro - Entrada Tabla Registro Contrato> [C:\Users\niebl\Transformacion Fact_Registro_Siniestro.ktr]  Procesamiento finalizado (I=1000, O=0, R=0, W=1000, U=0, E=0)
2024-07-24 01:03:30.076 INFO  <Transformacion Fact_Registro_Siniestro - Ordenar filas siniestro> [C:\Users\niebl\Transformacion Fact_Registro_Siniestro.ktr]  Procesamiento finalizado (I=0, O=0, R=1000, W=1000, U=0, E=0)
2024-07-24 01:03:30.079 INFO  <Transformacion Fact_Registro_Siniestro - Ordenar filas cliente> [C:\Users\niebl\Transformacion Fact_Registro_Siniestro.ktr]  Procesamiento finalizado (I=0, O=0, R=1000, W=1000, U=0, E=0)
2024-07-24 01:03:30.079 INFO  <Transformacion Fact_Registro_Siniestro - Ordenar filas codigo cliente 2> [C:\Users\niebl\Transformacion Fact_Registro_Siniestro.ktr]  Procesamiento finalizado (I=0, O=0, R=300, W=300, U=0, E=0)
2024-07-24 01:03:30.080 INFO  <Transformacion Fact_Registro_Siniestro - Ordenar filas nro_siniestro> [C:\Users\niebl\Transformacion Fact_Registro_Siniestro.ktr]  Procesamiento finalizado (I=0, O=0, R=1000, W=1000, U=0, E=0)
2024-07-24 01:03:30.083 INFO  <Transformacion Fact_Registro_Siniestro - Entrada Tabla dim sucursal> [C:\Users\niebl\Transformacion Fact_Registro_Siniestro.ktr]  Finished reading query, closing connection
2024-07-24 01:03:30.084 INFO  <Transformacion Fact_Registro_Siniestro - Entrada Tabla dim sucursal> [C:\Users\niebl\Transformacion Fact_Registro_Siniestro.ktr]  Procesamiento finalizado (I=30, O=0, R=0, W=30, U=0, E=0)
2024-07-24 01:03:30.088 INFO  <Transformacion Fact_Registro_Siniestro - Ordenar filas sucursal 2> [C:\Users\niebl\Transformacion Fact_Registro_Siniestro.ktr]  Procesamiento finalizado (I=0, O=0, R=30, W=30, U=0, E=0)
2024-07-24 01:03:30.133 INFO  <Transformacion Fact_Registro_Siniestro - Entrada Tabla fechas> [C:\Users\niebl\Transformacion Fact_Registro_Siniestro.ktr]  Finished reading query, closing connection
2024-07-24 01:03:30.134 INFO  <Transformacion Fact_Registro_Siniestro - Entrada Tabla fechas> [C:\Users\niebl\Transformacion Fact_Registro_Siniestro.ktr]  Procesamiento finalizado (I=14976, O=0, R=0, W=29952, U=0, E=0)
2024-07-24 01:03:30.403 INFO  <Transformacion Fact_Registro_Siniestro - Unión por clave codigo cliente> [C:\Users\niebl\Transformacion Fact_Registro_Siniestro.ktr]  Procesamiento finalizado (I=0, O=0, R=600, W=300, U=0, E=0)
2024-07-24 01:03:30.403 INFO  <Transformacion Fact_Registro_Siniestro - Unión por clave sinistro> [C:\Users\niebl\Transformacion Fact_Registro_Siniestro.ktr]  Procesamiento finalizado (I=0, O=0, R=2000, W=1000, U=0, E=0)
2024-07-24 01:03:30.435 INFO  <Transformacion Fact_Registro_Siniestro - Ordenar filas sucursal> [C:\Users\niebl\Transformacion Fact_Registro_Siniestro.ktr]  Procesamiento finalizado (I=0, O=0, R=300, W=300, U=0, E=0)
2024-07-24 01:03:30.435 INFO  <Transformacion Fact_Registro_Siniestro - Ordenar filas contrato> [C:\Users\niebl\Transformacion Fact_Registro_Siniestro.ktr]  Procesamiento finalizado (I=0, O=0, R=1000, W=1000, U=0, E=0)
2024-07-24 01:03:30.784 INFO  <Transformacion Fact_Registro_Siniestro - Unión por clave contrato> [C:\Users\niebl\Transformacion Fact_Registro_Siniestro.ktr]  Procesamiento finalizado (I=0, O=0, R=2000, W=1000, U=0, E=0)
2024-07-24 01:03:30.784 INFO  <Transformacion Fact_Registro_Siniestro - Unión por clave sucursal> [C:\Users\niebl\Transformacion Fact_Registro_Siniestro.ktr]  Procesamiento finalizado (I=0, O=0, R=330, W=300, U=0, E=0)
2024-07-24 01:03:30.817 INFO  <Transformacion Fact_Registro_Siniestro - Ordenar filas cliente 2> [C:\Users\niebl\Transformacion Fact_Registro_Siniestro.ktr]  Procesamiento finalizado (I=0, O=0, R=300, W=300, U=0, E=0)
2024-07-24 01:03:30.818 INFO  <Transformacion Fact_Registro_Siniestro - Ordenar filas contrato 2> [C:\Users\niebl\Transformacion Fact_Registro_Siniestro.ktr]  Procesamiento finalizado (I=0, O=0, R=1000, W=1000, U=0, E=0)
2024-07-24 01:03:31.182 INFO  <Transformacion Fact_Registro_Siniestro - Unión por clave cliente> [C:\Users\niebl\Transformacion Fact_Registro_Siniestro.ktr]  Procesamiento finalizado (I=0, O=0, R=1300, W=44, U=0, E=0)
2024-07-24 01:03:31.198 INFO  <Transformacion Fact_Registro_Siniestro - Ordenar filas producto> [C:\Users\niebl\Transformacion Fact_Registro_Siniestro.ktr]  Procesamiento finalizado (I=0, O=0, R=44, W=44, U=0, E=0)
2024-07-24 01:03:31.577 INFO  <Transformacion Fact_Registro_Siniestro - Unión por clave producto> [C:\Users\niebl\Transformacion Fact_Registro_Siniestro.ktr]  Procesamiento finalizado (I=0, O=0, R=74, W=44, U=0, E=0)
2024-07-24 01:03:31.608 INFO  <Transformacion Fact_Registro_Siniestro - Ordenar filas contrato 3> [C:\Users\niebl\Transformacion Fact_Registro_Siniestro.ktr]  Procesamiento finalizado (I=0, O=0, R=44, W=44, U=0, E=0)
2024-07-24 01:03:31.981 INFO  <Transformacion Fact_Registro_Siniestro - Unión por clave contrato 2> [C:\Users\niebl\Transformacion Fact_Registro_Siniestro.ktr]  Procesamiento finalizado (I=0, O=0, R=1044, W=44, U=0, E=0)
2024-07-24 01:03:32.012 INFO  <Transformacion Fact_Registro_Siniestro - Ordenar filas fecha_siniestro> [C:\Users\niebl\Transformacion Fact_Registro_Siniestro.ktr]  Procesamiento finalizado (I=0, O=0, R=44, W=44, U=0, E=0)
2024-07-24 01:03:32.020 INFO  <Transformacion Fact_Registro_Siniestro - Ordenar filas fecha completa> [C:\Users\niebl\Transformacion Fact_Registro_Siniestro.ktr]  Procesamiento finalizado (I=0, O=0, R=14976, W=14976, U=0, E=0)
2024-07-24 01:03:32.372 INFO  <Transformacion Fact_Registro_Siniestro - Unión por clave fecha_siniestro> [C:\Users\niebl\Transformacion Fact_Registro_Siniestro.ktr]  Procesamiento finalizado (I=0, O=0, R=15020, W=44, U=0, E=0)
2024-07-24 01:03:32.387 INFO  <Transformacion Fact_Registro_Siniestro - Ordenar filas fecha_respuesta> [C:\Users\niebl\Transformacion Fact_Registro_Siniestro.ktr]  Procesamiento finalizado (I=0, O=0, R=44, W=44, U=0, E=0)
2024-07-24 01:03:32.395 INFO  <Transformacion Fact_Registro_Siniestro - Ordenar filas fecha completa 2> [C:\Users\niebl\Transformacion Fact_Registro_Siniestro.ktr]  Procesamiento finalizado (I=0, O=0, R=14976, W=14976, U=0, E=0)
2024-07-24 01:03:32.733 INFO  <Transformacion Fact_Registro_Siniestro - Unión por clave fecha respuesta> [C:\Users\niebl\Transformacion Fact_Registro_Siniestro.ktr]  Procesamiento finalizado (I=0, O=0, R=15020, W=44, U=0, E=0)
2024-07-24 01:03:32.764 INFO  <Transformacion Fact_Registro_Siniestro - Añadir secuencia cantidad> [C:\Users\niebl\Transformacion Fact_Registro_Siniestro.ktr]  Procesamiento finalizado (I=0, O=0, R=44, W=44, U=0, E=0)
2024-07-24 01:03:32.795 INFO  <Transformacion Fact_Registro_Siniestro - Formula> [C:\Users\niebl\Transformacion Fact_Registro_Siniestro.ktr]  Procesamiento finalizado (I=0, O=0, R=44, W=44, U=0, E=0)
2024-07-24 01:03:32.815 ERROR <Transformacion Fact_Registro_Siniestro - Salida Tabla Fact_Registro_Siniestro> [C:\Users\niebl\Transformacion Fact_Registro_Siniestro.ktr]  Unexpected batch update error committing the database connection.
2024-07-24 01:03:32.816 ERROR <Transformacion Fact_Registro_Siniestro - Salida Tabla Fact_Registro_Siniestro> [C:\Users\niebl\Transformacion Fact_Registro_Siniestro.ktr]  org.pentaho.di.core.exception.KettleDatabaseBatchException: 
Error updating batch
Batch entry 0 INSERT INTO seguro_dw_g26473471.fact_registro_siniestro (cantidad, sk_dim_cliente, sk_dim_sucursal, sk_dim_contrato, sk_dim_producto, sk_dim_siniestro, monto_reconocido, monto_solicitado, sk_dim_fecha_siniestro, sk_dim_fecha_respuesta, id_rechazo) VALUES ( 1,  1706460181,  2113565149,  114881691,  -1608697213,  895897512,  '730328'::numeric,  '792355'::numeric,  4968,  4970,  'T') was aborted: ERROR: llave duplicada viola restricción de unicidad «pk_fact_registro_siniestro»
  Detail: Ya existe la llave (sk_dim_fecha_siniestro, sk_dim_fecha_respuesta, sk_dim_cliente, sk_dim_sucursal, sk_dim_contrato, sk_dim_producto, sk_dim_siniestro)=(4968, 4970, 1706460181, 2113565149, 114881691, -1608697213, 895897512).  Call getNextException to see other errors in the batch.

	at org.pentaho.di.core.database.Database.createKettleDatabaseBatchException(Database.java:1440)
	at org.pentaho.di.core.database.Database.emptyAndCommit(Database.java:1429)
	at org.pentaho.di.trans.steps.tableoutput.TableOutput.dispose(TableOutput.java:590)
	at org.pentaho.di.trans.step.RunThread.run(RunThread.java:97)
	at java.lang.Thread.run(Thread.java:748)
Caused by: java.sql.BatchUpdateException: Batch entry 0 INSERT INTO seguro_dw_g26473471.fact_registro_siniestro (cantidad, sk_dim_cliente, sk_dim_sucursal, sk_dim_contrato, sk_dim_producto, sk_dim_siniestro, monto_reconocido, monto_solicitado, sk_dim_fecha_siniestro, sk_dim_fecha_respuesta, id_rechazo) VALUES ( 1,  1706460181,  2113565149,  114881691,  -1608697213,  895897512,  '730328'::numeric,  '792355'::numeric,  4968,  4970,  'T') was aborted: ERROR: llave duplicada viola restricción de unicidad «pk_fact_registro_siniestro»
  Detail: Ya existe la llave (sk_dim_fecha_siniestro, sk_dim_fecha_respuesta, sk_dim_cliente, sk_dim_sucursal, sk_dim_contrato, sk_dim_producto, sk_dim_siniestro)=(4968, 4970, 1706460181, 2113565149, 114881691, -1608697213, 895897512).  Call getNextException to see other errors in the batch.
	at org.postgresql.jdbc.BatchResultHandler.handleError(BatchResultHandler.java:169)
	at org.postgresql.core.v3.QueryExecutorImpl.processResults(QueryExecutorImpl.java:2285)
	at org.postgresql.core.v3.QueryExecutorImpl.execute(QueryExecutorImpl.java:520)
	at org.postgresql.jdbc.PgStatement.internalExecuteBatch(PgStatement.java:878)
	at org.postgresql.jdbc.PgStatement.executeBatch(PgStatement.java:901)
	at org.postgresql.jdbc.PgPreparedStatement.executeBatch(PgPreparedStatement.java:1644)
	at org.pentaho.di.core.database.Database.emptyAndCommit(Database.java:1416)
	... 3 more
Caused by: org.postgresql.util.PSQLException: ERROR: llave duplicada viola restricción de unicidad «pk_fact_registro_siniestro»
  Detail: Ya existe la llave (sk_dim_fecha_siniestro, sk_dim_fecha_respuesta, sk_dim_cliente, sk_dim_sucursal, sk_dim_contrato, sk_dim_producto, sk_dim_siniestro)=(4968, 4970, 1706460181, 2113565149, 114881691, -1608697213, 895897512).
	at org.postgresql.core.v3.QueryExecutorImpl.receiveErrorResponse(QueryExecutorImpl.java:2552)
	at org.postgresql.core.v3.QueryExecutorImpl.processResults(QueryExecutorImpl.java:2284)
	... 8 more

2024-07-24 01:03:32.816 INFO  <Transformacion Fact_Registro_Siniestro - Salida Tabla Fact_Registro_Siniestro> [C:\Users\niebl\Transformacion Fact_Registro_Siniestro.ktr]  Procesamiento finalizado (I=0, O=0, R=44, W=0, U=0, E=1)
2024-07-24 01:03:32.817 ERROR <Transformacion Fact_Registro_Siniestro - Salida Tabla Fact_Registro_Siniestro> [C:\Users\niebl\Transformacion Fact_Registro_Siniestro.ktr]  Errores detectados!
2024-07-24 01:03:32.818 ERROR <Transformacion Fact_Registro_Siniestro - Salida Tabla Fact_Registro_Siniestro> [C:\Users\niebl\Transformacion Fact_Registro_Siniestro.ktr]  Errores detectados!
2024-07-24 01:03:32.832 ERROR <Transformacion Fact_Registro_Siniestro - Salida Tabla Fact_Registro_Siniestro> [C:\Users\niebl\Transformacion Fact_Registro_Siniestro.ktr]  Errores detectados!
2024-07-24 01:03:32.933 WARN  <Transformacion Fact_Registro_Siniestro - Salida Tabla Fact_Registro_Siniestro> [C:\Users\niebl\Transformacion Fact_Registro_Siniestro.ktr]  Transformaci?n detectada 
2024-07-24 01:03:32.933 WARN  <Transformacion Fact_Registro_Siniestro - Salida Tabla Fact_Registro_Siniestro> [C:\Users\niebl\Transformacion Fact_Registro_Siniestro.ktr]  Transformaci?n est? matando los otros pasos!
2024-07-24 01:04:06.649 INFO  <Thread-2339> [C:\Users\niebl\Transformacion Fact_Registro_Siniestro.ktr]  Iniciado despacho de la transformaci?n [Transformacion Fact_Registro_Siniestro]
2024-07-24 01:04:06.875 INFO  <init of Salida Tabla Fact_Registro_Siniestro.0 (Thread-2378)> [C:\Users\niebl\Transformacion Fact_Registro_Siniestro.ktr]  Connected to database [Postgres] (commit=1000)
2024-07-24 01:04:06.902 INFO  <Transformacion Fact_Registro_Siniestro - Entrada Tabla dim_producto> [C:\Users\niebl\Transformacion Fact_Registro_Siniestro.ktr]  Finished reading query, closing connection
2024-07-24 01:04:06.903 INFO  <Transformacion Fact_Registro_Siniestro - Entrada Tabla dim_contrato> [C:\Users\niebl\Transformacion Fact_Registro_Siniestro.ktr]  Finished reading query, closing connection
2024-07-24 01:04:06.904 INFO  <Transformacion Fact_Registro_Siniestro - Entrada Tabla dim_producto> [C:\Users\niebl\Transformacion Fact_Registro_Siniestro.ktr]  Procesamiento finalizado (I=30, O=0, R=0, W=30, U=0, E=0)
2024-07-24 01:04:06.905 INFO  <Transformacion Fact_Registro_Siniestro - Entrada Tabla dim_contrato> [C:\Users\niebl\Transformacion Fact_Registro_Siniestro.ktr]  Procesamiento finalizado (I=1000, O=0, R=0, W=1000, U=0, E=0)
2024-07-24 01:04:06.909 INFO  <Transformacion Fact_Registro_Siniestro - Entrada Tabla cliente> [C:\Users\niebl\Transformacion Fact_Registro_Siniestro.ktr]  Finished reading query, closing connection
2024-07-24 01:04:06.910 INFO  <Transformacion Fact_Registro_Siniestro - Entrada Tabla dim_siniestro> [C:\Users\niebl\Transformacion Fact_Registro_Siniestro.ktr]  Finished reading query, closing connection
2024-07-24 01:04:06.911 INFO  <Transformacion Fact_Registro_Siniestro - Entrada Tabla cliente> [C:\Users\niebl\Transformacion Fact_Registro_Siniestro.ktr]  Procesamiento finalizado (I=300, O=0, R=0, W=300, U=0, E=0)
2024-07-24 01:04:06.912 INFO  <Transformacion Fact_Registro_Siniestro - Entrada Tabla dim_siniestro> [C:\Users\niebl\Transformacion Fact_Registro_Siniestro.ktr]  Procesamiento finalizado (I=1000, O=0, R=0, W=1000, U=0, E=0)
2024-07-24 01:04:06.914 INFO  <Transformacion Fact_Registro_Siniestro - Entrada Tabla dim_cliente> [C:\Users\niebl\Transformacion Fact_Registro_Siniestro.ktr]  Finished reading query, closing connection
2024-07-24 01:04:06.915 INFO  <Transformacion Fact_Registro_Siniestro - Entrada Tabla dim_cliente> [C:\Users\niebl\Transformacion Fact_Registro_Siniestro.ktr]  Procesamiento finalizado (I=300, O=0, R=0, W=300, U=0, E=0)
2024-07-24 01:04:06.921 INFO  <Transformacion Fact_Registro_Siniestro - Ordenar filas producto 2> [C:\Users\niebl\Transformacion Fact_Registro_Siniestro.ktr]  Procesamiento finalizado (I=0, O=0, R=30, W=30, U=0, E=0)
2024-07-24 01:04:06.922 INFO  <Transformacion Fact_Registro_Siniestro - Ordenar filas codigo cliente 2> [C:\Users\niebl\Transformacion Fact_Registro_Siniestro.ktr]  Procesamiento finalizado (I=0, O=0, R=300, W=300, U=0, E=0)
2024-07-24 01:04:06.922 INFO  <Transformacion Fact_Registro_Siniestro - Ordenar filas nro_siniestro> [C:\Users\niebl\Transformacion Fact_Registro_Siniestro.ktr]  Procesamiento finalizado (I=0, O=0, R=1000, W=1000, U=0, E=0)
2024-07-24 01:04:06.923 INFO  <Transformacion Fact_Registro_Siniestro - Ordenar filas codigo cliente> [C:\Users\niebl\Transformacion Fact_Registro_Siniestro.ktr]  Procesamiento finalizado (I=0, O=0, R=300, W=300, U=0, E=0)
2024-07-24 01:04:06.937 INFO  <Transformacion Fact_Registro_Siniestro - Ordenar filas nro_contrato> [C:\Users\niebl\Transformacion Fact_Registro_Siniestro.ktr]  Procesamiento finalizado (I=0, O=0, R=1000, W=1000, U=0, E=0)
2024-07-24 01:04:06.947 INFO  <Transformacion Fact_Registro_Siniestro - Entrada Tabla Fact_Registro_Siniestro> [C:\Users\niebl\Transformacion Fact_Registro_Siniestro.ktr]  Finished reading query, closing connection
2024-07-24 01:04:06.950 INFO  <Transformacion Fact_Registro_Siniestro - Entrada Tabla dim sucursal> [C:\Users\niebl\Transformacion Fact_Registro_Siniestro.ktr]  Finished reading query, closing connection
2024-07-24 01:04:06.951 INFO  <Transformacion Fact_Registro_Siniestro - Entrada Tabla Fact_Registro_Siniestro> [C:\Users\niebl\Transformacion Fact_Registro_Siniestro.ktr]  Procesamiento finalizado (I=1000, O=0, R=0, W=1000, U=0, E=0)
2024-07-24 01:04:06.951 INFO  <Transformacion Fact_Registro_Siniestro - Entrada Tabla dim sucursal> [C:\Users\niebl\Transformacion Fact_Registro_Siniestro.ktr]  Procesamiento finalizado (I=30, O=0, R=0, W=30, U=0, E=0)
2024-07-24 01:04:06.953 INFO  <Transformacion Fact_Registro_Siniestro - Ordenar filas siniestro> [C:\Users\niebl\Transformacion Fact_Registro_Siniestro.ktr]  Procesamiento finalizado (I=0, O=0, R=1000, W=1000, U=0, E=0)
2024-07-24 01:04:06.957 INFO  <Transformacion Fact_Registro_Siniestro - Ordenar filas sucursal 2> [C:\Users\niebl\Transformacion Fact_Registro_Siniestro.ktr]  Procesamiento finalizado (I=0, O=0, R=30, W=30, U=0, E=0)
2024-07-24 01:04:06.975 INFO  <Transformacion Fact_Registro_Siniestro - Entrada Tabla Registro Contrato> [C:\Users\niebl\Transformacion Fact_Registro_Siniestro.ktr]  Finished reading query, closing connection
2024-07-24 01:04:06.976 INFO  <Transformacion Fact_Registro_Siniestro - Entrada Tabla Registro Contrato> [C:\Users\niebl\Transformacion Fact_Registro_Siniestro.ktr]  Procesamiento finalizado (I=1000, O=0, R=0, W=1000, U=0, E=0)
2024-07-24 01:04:06.982 INFO  <Transformacion Fact_Registro_Siniestro - Ordenar filas cliente> [C:\Users\niebl\Transformacion Fact_Registro_Siniestro.ktr]  Procesamiento finalizado (I=0, O=0, R=1000, W=1000, U=0, E=0)
2024-07-24 01:04:06.994 INFO  <Transformacion Fact_Registro_Siniestro - Entrada Tabla fechas> [C:\Users\niebl\Transformacion Fact_Registro_Siniestro.ktr]  Finished reading query, closing connection
2024-07-24 01:04:06.995 INFO  <Transformacion Fact_Registro_Siniestro - Entrada Tabla fechas> [C:\Users\niebl\Transformacion Fact_Registro_Siniestro.ktr]  Procesamiento finalizado (I=14976, O=0, R=0, W=29952, U=0, E=0)
2024-07-24 01:04:07.235 INFO  <Transformacion Fact_Registro_Siniestro - Unión por clave codigo cliente> [C:\Users\niebl\Transformacion Fact_Registro_Siniestro.ktr]  Procesamiento finalizado (I=0, O=0, R=600, W=300, U=0, E=0)
2024-07-24 01:04:07.265 INFO  <Transformacion Fact_Registro_Siniestro - Unión por clave sinistro> [C:\Users\niebl\Transformacion Fact_Registro_Siniestro.ktr]  Procesamiento finalizado (I=0, O=0, R=2000, W=1000, U=0, E=0)
2024-07-24 01:04:07.265 INFO  <Transformacion Fact_Registro_Siniestro - Ordenar filas sucursal> [C:\Users\niebl\Transformacion Fact_Registro_Siniestro.ktr]  Procesamiento finalizado (I=0, O=0, R=300, W=300, U=0, E=0)
2024-07-24 01:04:07.284 INFO  <Transformacion Fact_Registro_Siniestro - Ordenar filas contrato> [C:\Users\niebl\Transformacion Fact_Registro_Siniestro.ktr]  Procesamiento finalizado (I=0, O=0, R=1000, W=1000, U=0, E=0)
2024-07-24 01:04:07.594 INFO  <Transformacion Fact_Registro_Siniestro - Unión por clave sucursal> [C:\Users\niebl\Transformacion Fact_Registro_Siniestro.ktr]  Procesamiento finalizado (I=0, O=0, R=330, W=300, U=0, E=0)
2024-07-24 01:04:07.609 INFO  <Transformacion Fact_Registro_Siniestro - Unión por clave contrato> [C:\Users\niebl\Transformacion Fact_Registro_Siniestro.ktr]  Procesamiento finalizado (I=0, O=0, R=2000, W=1000, U=0, E=0)
2024-07-24 01:04:07.625 INFO  <Transformacion Fact_Registro_Siniestro - Ordenar filas cliente 2> [C:\Users\niebl\Transformacion Fact_Registro_Siniestro.ktr]  Procesamiento finalizado (I=0, O=0, R=300, W=300, U=0, E=0)
2024-07-24 01:04:07.642 INFO  <Transformacion Fact_Registro_Siniestro - Ordenar filas contrato 2> [C:\Users\niebl\Transformacion Fact_Registro_Siniestro.ktr]  Procesamiento finalizado (I=0, O=0, R=1000, W=1000, U=0, E=0)
2024-07-24 01:04:07.981 INFO  <Transformacion Fact_Registro_Siniestro - Unión por clave cliente> [C:\Users\niebl\Transformacion Fact_Registro_Siniestro.ktr]  Procesamiento finalizado (I=0, O=0, R=1300, W=44, U=0, E=0)
2024-07-24 01:04:08.012 INFO  <Transformacion Fact_Registro_Siniestro - Ordenar filas producto> [C:\Users\niebl\Transformacion Fact_Registro_Siniestro.ktr]  Procesamiento finalizado (I=0, O=0, R=44, W=44, U=0, E=0)
2024-07-24 01:04:08.369 INFO  <Transformacion Fact_Registro_Siniestro - Unión por clave producto> [C:\Users\niebl\Transformacion Fact_Registro_Siniestro.ktr]  Procesamiento finalizado (I=0, O=0, R=74, W=44, U=0, E=0)
2024-07-24 01:04:08.400 INFO  <Transformacion Fact_Registro_Siniestro - Ordenar filas contrato 3> [C:\Users\niebl\Transformacion Fact_Registro_Siniestro.ktr]  Procesamiento finalizado (I=0, O=0, R=44, W=44, U=0, E=0)
2024-07-24 01:04:08.741 INFO  <Transformacion Fact_Registro_Siniestro - Unión por clave contrato 2> [C:\Users\niebl\Transformacion Fact_Registro_Siniestro.ktr]  Procesamiento finalizado (I=0, O=0, R=1044, W=44, U=0, E=0)
2024-07-24 01:04:08.757 INFO  <Transformacion Fact_Registro_Siniestro - Ordenar filas fecha_siniestro> [C:\Users\niebl\Transformacion Fact_Registro_Siniestro.ktr]  Procesamiento finalizado (I=0, O=0, R=44, W=44, U=0, E=0)
2024-07-24 01:04:08.764 INFO  <Transformacion Fact_Registro_Siniestro - Ordenar filas fecha completa> [C:\Users\niebl\Transformacion Fact_Registro_Siniestro.ktr]  Procesamiento finalizado (I=0, O=0, R=14976, W=14976, U=0, E=0)
2024-07-24 01:04:09.101 INFO  <Transformacion Fact_Registro_Siniestro - Unión por clave fecha_siniestro> [C:\Users\niebl\Transformacion Fact_Registro_Siniestro.ktr]  Procesamiento finalizado (I=0, O=0, R=15020, W=44, U=0, E=0)
2024-07-24 01:04:09.116 INFO  <Transformacion Fact_Registro_Siniestro - Ordenar filas fecha_respuesta> [C:\Users\niebl\Transformacion Fact_Registro_Siniestro.ktr]  Procesamiento finalizado (I=0, O=0, R=44, W=44, U=0, E=0)
2024-07-24 01:04:09.123 INFO  <Transformacion Fact_Registro_Siniestro - Ordenar filas fecha completa 2> [C:\Users\niebl\Transformacion Fact_Registro_Siniestro.ktr]  Procesamiento finalizado (I=0, O=0, R=14976, W=14976, U=0, E=0)
2024-07-24 01:04:09.491 INFO  <Transformacion Fact_Registro_Siniestro - Unión por clave fecha respuesta> [C:\Users\niebl\Transformacion Fact_Registro_Siniestro.ktr]  Procesamiento finalizado (I=0, O=0, R=15020, W=44, U=0, E=0)
2024-07-24 01:04:09.507 INFO  <Transformacion Fact_Registro_Siniestro - Añadir secuencia cantidad> [C:\Users\niebl\Transformacion Fact_Registro_Siniestro.ktr]  Procesamiento finalizado (I=0, O=0, R=44, W=44, U=0, E=0)
2024-07-24 01:04:09.538 INFO  <Transformacion Fact_Registro_Siniestro - Formula> [C:\Users\niebl\Transformacion Fact_Registro_Siniestro.ktr]  Procesamiento finalizado (I=0, O=0, R=44, W=44, U=0, E=0)
2024-07-24 01:04:09.573 ERROR <Transformacion Fact_Registro_Siniestro - Salida Tabla Fact_Registro_Siniestro> [C:\Users\niebl\Transformacion Fact_Registro_Siniestro.ktr]  Unexpected batch update error committing the database connection.
2024-07-24 01:04:09.574 ERROR <Transformacion Fact_Registro_Siniestro - Salida Tabla Fact_Registro_Siniestro> [C:\Users\niebl\Transformacion Fact_Registro_Siniestro.ktr]  org.pentaho.di.core.exception.KettleDatabaseBatchException: 
Error updating batch
Batch entry 0 INSERT INTO seguro_dw_g26473471.fact_registro_siniestro (cantidad, sk_dim_cliente, sk_dim_sucursal, sk_dim_contrato, sk_dim_producto, sk_dim_siniestro, monto_reconocido, monto_solicitado, sk_dim_fecha_siniestro, sk_dim_fecha_respuesta, id_rechazo) VALUES ( 1,  1706460181,  2113565149,  114881691,  -1608697213,  895897512,  '730328'::numeric,  '792355'::numeric,  4968,  4970,  'T') was aborted: ERROR: llave duplicada viola restricción de unicidad «pk_fact_registro_siniestro»
  Detail: Ya existe la llave (sk_dim_fecha_siniestro, sk_dim_fecha_respuesta, sk_dim_cliente, sk_dim_sucursal, sk_dim_contrato, sk_dim_producto, sk_dim_siniestro)=(4968, 4970, 1706460181, 2113565149, 114881691, -1608697213, 895897512).  Call getNextException to see other errors in the batch.

	at org.pentaho.di.core.database.Database.createKettleDatabaseBatchException(Database.java:1440)
	at org.pentaho.di.core.database.Database.emptyAndCommit(Database.java:1429)
	at org.pentaho.di.trans.steps.tableoutput.TableOutput.dispose(TableOutput.java:590)
	at org.pentaho.di.trans.step.RunThread.run(RunThread.java:97)
	at java.lang.Thread.run(Thread.java:748)
Caused by: java.sql.BatchUpdateException: Batch entry 0 INSERT INTO seguro_dw_g26473471.fact_registro_siniestro (cantidad, sk_dim_cliente, sk_dim_sucursal, sk_dim_contrato, sk_dim_producto, sk_dim_siniestro, monto_reconocido, monto_solicitado, sk_dim_fecha_siniestro, sk_dim_fecha_respuesta, id_rechazo) VALUES ( 1,  1706460181,  2113565149,  114881691,  -1608697213,  895897512,  '730328'::numeric,  '792355'::numeric,  4968,  4970,  'T') was aborted: ERROR: llave duplicada viola restricción de unicidad «pk_fact_registro_siniestro»
  Detail: Ya existe la llave (sk_dim_fecha_siniestro, sk_dim_fecha_respuesta, sk_dim_cliente, sk_dim_sucursal, sk_dim_contrato, sk_dim_producto, sk_dim_siniestro)=(4968, 4970, 1706460181, 2113565149, 114881691, -1608697213, 895897512).  Call getNextException to see other errors in the batch.
	at org.postgresql.jdbc.BatchResultHandler.handleError(BatchResultHandler.java:169)
	at org.postgresql.core.v3.QueryExecutorImpl.processResults(QueryExecutorImpl.java:2285)
	at org.postgresql.core.v3.QueryExecutorImpl.execute(QueryExecutorImpl.java:520)
	at org.postgresql.jdbc.PgStatement.internalExecuteBatch(PgStatement.java:878)
	at org.postgresql.jdbc.PgStatement.executeBatch(PgStatement.java:901)
	at org.postgresql.jdbc.PgPreparedStatement.executeBatch(PgPreparedStatement.java:1644)
	at org.pentaho.di.core.database.Database.emptyAndCommit(Database.java:1416)
	... 3 more
Caused by: org.postgresql.util.PSQLException: ERROR: llave duplicada viola restricción de unicidad «pk_fact_registro_siniestro»
  Detail: Ya existe la llave (sk_dim_fecha_siniestro, sk_dim_fecha_respuesta, sk_dim_cliente, sk_dim_sucursal, sk_dim_contrato, sk_dim_producto, sk_dim_siniestro)=(4968, 4970, 1706460181, 2113565149, 114881691, -1608697213, 895897512).
	at org.postgresql.core.v3.QueryExecutorImpl.receiveErrorResponse(QueryExecutorImpl.java:2552)
	at org.postgresql.core.v3.QueryExecutorImpl.processResults(QueryExecutorImpl.java:2284)
	... 8 more

2024-07-24 01:04:09.575 INFO  <Transformacion Fact_Registro_Siniestro - Salida Tabla Fact_Registro_Siniestro> [C:\Users\niebl\Transformacion Fact_Registro_Siniestro.ktr]  Procesamiento finalizado (I=0, O=0, R=44, W=0, U=0, E=1)
2024-07-24 01:04:09.575 ERROR <Transformacion Fact_Registro_Siniestro - Salida Tabla Fact_Registro_Siniestro> [C:\Users\niebl\Transformacion Fact_Registro_Siniestro.ktr]  Errores detectados!
2024-07-24 01:04:09.576 ERROR <Transformacion Fact_Registro_Siniestro - Salida Tabla Fact_Registro_Siniestro> [C:\Users\niebl\Transformacion Fact_Registro_Siniestro.ktr]  Errores detectados!
2024-07-24 01:04:09.588 ERROR <Transformacion Fact_Registro_Siniestro - Salida Tabla Fact_Registro_Siniestro> [C:\Users\niebl\Transformacion Fact_Registro_Siniestro.ktr]  Errores detectados!
2024-07-24 01:04:09.690 WARN  <Transformacion Fact_Registro_Siniestro - Salida Tabla Fact_Registro_Siniestro> [C:\Users\niebl\Transformacion Fact_Registro_Siniestro.ktr]  Transformaci?n detectada 
2024-07-24 01:04:09.690 WARN  <Transformacion Fact_Registro_Siniestro - Salida Tabla Fact_Registro_Siniestro> [C:\Users\niebl\Transformacion Fact_Registro_Siniestro.ktr]  Transformaci?n est? matando los otros pasos!
2024-07-24 01:05:10.970 INFO  <Thread-2422> [C:\Users\niebl\Transformacion Fact_Registro_Siniestro.ktr]  Iniciado despacho de la transformaci?n [Transformacion Fact_Registro_Siniestro]
2024-07-24 01:05:11.220 INFO  <init of Salida Tabla Fact_Registro_Siniestro.0 (Thread-2461)> [C:\Users\niebl\Transformacion Fact_Registro_Siniestro.ktr]  Connected to database [Postgres] (commit=1000)
2024-07-24 01:05:11.251 INFO  <Transformacion Fact_Registro_Siniestro - Entrada Tabla dim_cliente> [C:\Users\niebl\Transformacion Fact_Registro_Siniestro.ktr]  Finished reading query, closing connection
2024-07-24 01:05:11.252 INFO  <Transformacion Fact_Registro_Siniestro - Entrada Tabla dim_cliente> [C:\Users\niebl\Transformacion Fact_Registro_Siniestro.ktr]  Procesamiento finalizado (I=300, O=0, R=0, W=300, U=0, E=0)
2024-07-24 01:05:11.254 INFO  <Transformacion Fact_Registro_Siniestro - Entrada Tabla cliente> [C:\Users\niebl\Transformacion Fact_Registro_Siniestro.ktr]  Finished reading query, closing connection
2024-07-24 01:05:11.255 INFO  <Transformacion Fact_Registro_Siniestro - Entrada Tabla cliente> [C:\Users\niebl\Transformacion Fact_Registro_Siniestro.ktr]  Procesamiento finalizado (I=300, O=0, R=0, W=300, U=0, E=0)
2024-07-24 01:05:11.256 INFO  <Transformacion Fact_Registro_Siniestro - Entrada Tabla Registro Contrato> [C:\Users\niebl\Transformacion Fact_Registro_Siniestro.ktr]  Finished reading query, closing connection
2024-07-24 01:05:11.258 INFO  <Transformacion Fact_Registro_Siniestro - Entrada Tabla Registro Contrato> [C:\Users\niebl\Transformacion Fact_Registro_Siniestro.ktr]  Procesamiento finalizado (I=1000, O=0, R=0, W=1000, U=0, E=0)
2024-07-24 01:05:11.260 INFO  <Transformacion Fact_Registro_Siniestro - Entrada Tabla dim_producto> [C:\Users\niebl\Transformacion Fact_Registro_Siniestro.ktr]  Finished reading query, closing connection
2024-07-24 01:05:11.262 INFO  <Transformacion Fact_Registro_Siniestro - Entrada Tabla dim_producto> [C:\Users\niebl\Transformacion Fact_Registro_Siniestro.ktr]  Procesamiento finalizado (I=30, O=0, R=0, W=30, U=0, E=0)
2024-07-24 01:05:11.266 INFO  <Transformacion Fact_Registro_Siniestro - Ordenar filas cliente> [C:\Users\niebl\Transformacion Fact_Registro_Siniestro.ktr]  Procesamiento finalizado (I=0, O=0, R=1000, W=1000, U=0, E=0)
2024-07-24 01:05:11.267 INFO  <Transformacion Fact_Registro_Siniestro - Ordenar filas producto 2> [C:\Users\niebl\Transformacion Fact_Registro_Siniestro.ktr]  Procesamiento finalizado (I=0, O=0, R=30, W=30, U=0, E=0)
2024-07-24 01:05:11.268 INFO  <Transformacion Fact_Registro_Siniestro - Ordenar filas codigo cliente 2> [C:\Users\niebl\Transformacion Fact_Registro_Siniestro.ktr]  Procesamiento finalizado (I=0, O=0, R=300, W=300, U=0, E=0)
2024-07-24 01:05:11.272 INFO  <Transformacion Fact_Registro_Siniestro - Entrada Tabla Fact_Registro_Siniestro> [C:\Users\niebl\Transformacion Fact_Registro_Siniestro.ktr]  Finished reading query, closing connection
2024-07-24 01:05:11.273 INFO  <Transformacion Fact_Registro_Siniestro - Entrada Tabla Fact_Registro_Siniestro> [C:\Users\niebl\Transformacion Fact_Registro_Siniestro.ktr]  Procesamiento finalizado (I=1000, O=0, R=0, W=1000, U=0, E=0)
2024-07-24 01:05:11.277 INFO  <Transformacion Fact_Registro_Siniestro - Entrada Tabla dim_contrato> [C:\Users\niebl\Transformacion Fact_Registro_Siniestro.ktr]  Finished reading query, closing connection
2024-07-24 01:05:11.279 INFO  <Transformacion Fact_Registro_Siniestro - Ordenar filas codigo cliente> [C:\Users\niebl\Transformacion Fact_Registro_Siniestro.ktr]  Procesamiento finalizado (I=0, O=0, R=300, W=300, U=0, E=0)
2024-07-24 01:05:11.280 INFO  <Transformacion Fact_Registro_Siniestro - Ordenar filas siniestro> [C:\Users\niebl\Transformacion Fact_Registro_Siniestro.ktr]  Procesamiento finalizado (I=0, O=0, R=1000, W=1000, U=0, E=0)
2024-07-24 01:05:11.282 INFO  <Transformacion Fact_Registro_Siniestro - Entrada Tabla dim_contrato> [C:\Users\niebl\Transformacion Fact_Registro_Siniestro.ktr]  Procesamiento finalizado (I=1000, O=0, R=0, W=1000, U=0, E=0)
2024-07-24 01:05:11.284 INFO  <Transformacion Fact_Registro_Siniestro - Ordenar filas nro_contrato> [C:\Users\niebl\Transformacion Fact_Registro_Siniestro.ktr]  Procesamiento finalizado (I=0, O=0, R=1000, W=1000, U=0, E=0)
2024-07-24 01:05:11.286 INFO  <Transformacion Fact_Registro_Siniestro - Entrada Tabla dim_siniestro> [C:\Users\niebl\Transformacion Fact_Registro_Siniestro.ktr]  Finished reading query, closing connection
2024-07-24 01:05:11.287 INFO  <Transformacion Fact_Registro_Siniestro - Entrada Tabla dim_siniestro> [C:\Users\niebl\Transformacion Fact_Registro_Siniestro.ktr]  Procesamiento finalizado (I=1000, O=0, R=0, W=1000, U=0, E=0)
2024-07-24 01:05:11.290 INFO  <Transformacion Fact_Registro_Siniestro - Entrada Tabla dim sucursal> [C:\Users\niebl\Transformacion Fact_Registro_Siniestro.ktr]  Finished reading query, closing connection
2024-07-24 01:05:11.292 INFO  <Transformacion Fact_Registro_Siniestro - Ordenar filas nro_siniestro> [C:\Users\niebl\Transformacion Fact_Registro_Siniestro.ktr]  Procesamiento finalizado (I=0, O=0, R=1000, W=1000, U=0, E=0)
2024-07-24 01:05:11.294 INFO  <Transformacion Fact_Registro_Siniestro - Ordenar filas sucursal 2> [C:\Users\niebl\Transformacion Fact_Registro_Siniestro.ktr]  Procesamiento finalizado (I=0, O=0, R=30, W=30, U=0, E=0)
2024-07-24 01:05:11.296 INFO  <Transformacion Fact_Registro_Siniestro - Entrada Tabla dim sucursal> [C:\Users\niebl\Transformacion Fact_Registro_Siniestro.ktr]  Procesamiento finalizado (I=30, O=0, R=0, W=30, U=0, E=0)
2024-07-24 01:05:11.336 INFO  <Transformacion Fact_Registro_Siniestro - Entrada Tabla fechas> [C:\Users\niebl\Transformacion Fact_Registro_Siniestro.ktr]  Finished reading query, closing connection
2024-07-24 01:05:11.337 INFO  <Transformacion Fact_Registro_Siniestro - Entrada Tabla fechas> [C:\Users\niebl\Transformacion Fact_Registro_Siniestro.ktr]  Procesamiento finalizado (I=14976, O=0, R=0, W=29952, U=0, E=0)
2024-07-24 01:05:11.593 INFO  <Transformacion Fact_Registro_Siniestro - Unión por clave codigo cliente> [C:\Users\niebl\Transformacion Fact_Registro_Siniestro.ktr]  Procesamiento finalizado (I=0, O=0, R=600, W=300, U=0, E=0)
2024-07-24 01:05:11.609 INFO  <Transformacion Fact_Registro_Siniestro - Unión por clave sinistro> [C:\Users\niebl\Transformacion Fact_Registro_Siniestro.ktr]  Procesamiento finalizado (I=0, O=0, R=2000, W=1000, U=0, E=0)
2024-07-24 01:05:11.625 INFO  <Transformacion Fact_Registro_Siniestro - Ordenar filas sucursal> [C:\Users\niebl\Transformacion Fact_Registro_Siniestro.ktr]  Procesamiento finalizado (I=0, O=0, R=300, W=300, U=0, E=0)
2024-07-24 01:05:11.642 INFO  <Transformacion Fact_Registro_Siniestro - Ordenar filas contrato> [C:\Users\niebl\Transformacion Fact_Registro_Siniestro.ktr]  Procesamiento finalizado (I=0, O=0, R=1000, W=1000, U=0, E=0)
2024-07-24 01:05:11.951 INFO  <Transformacion Fact_Registro_Siniestro - Unión por clave sucursal> [C:\Users\niebl\Transformacion Fact_Registro_Siniestro.ktr]  Procesamiento finalizado (I=0, O=0, R=330, W=300, U=0, E=0)
2024-07-24 01:05:11.981 INFO  <Transformacion Fact_Registro_Siniestro - Unión por clave contrato> [C:\Users\niebl\Transformacion Fact_Registro_Siniestro.ktr]  Procesamiento finalizado (I=0, O=0, R=2000, W=1000, U=0, E=0)
2024-07-24 01:05:11.981 INFO  <Transformacion Fact_Registro_Siniestro - Ordenar filas cliente 2> [C:\Users\niebl\Transformacion Fact_Registro_Siniestro.ktr]  Procesamiento finalizado (I=0, O=0, R=300, W=300, U=0, E=0)
2024-07-24 01:05:12.000 INFO  <Transformacion Fact_Registro_Siniestro - Ordenar filas contrato 2> [C:\Users\niebl\Transformacion Fact_Registro_Siniestro.ktr]  Procesamiento finalizado (I=0, O=0, R=1000, W=1000, U=0, E=0)
2024-07-24 01:05:12.307 INFO  <Transformacion Fact_Registro_Siniestro - Unión por clave cliente> [C:\Users\niebl\Transformacion Fact_Registro_Siniestro.ktr]  Procesamiento finalizado (I=0, O=0, R=1300, W=44, U=0, E=0)
2024-07-24 01:05:12.322 INFO  <Transformacion Fact_Registro_Siniestro - Ordenar filas producto> [C:\Users\niebl\Transformacion Fact_Registro_Siniestro.ktr]  Procesamiento finalizado (I=0, O=0, R=44, W=44, U=0, E=0)
2024-07-24 01:05:12.664 INFO  <Transformacion Fact_Registro_Siniestro - Unión por clave producto> [C:\Users\niebl\Transformacion Fact_Registro_Siniestro.ktr]  Procesamiento finalizado (I=0, O=0, R=74, W=44, U=0, E=0)
2024-07-24 01:05:12.679 INFO  <Transformacion Fact_Registro_Siniestro - Ordenar filas contrato 3> [C:\Users\niebl\Transformacion Fact_Registro_Siniestro.ktr]  Procesamiento finalizado (I=0, O=0, R=44, W=44, U=0, E=0)
2024-07-24 01:05:13.022 INFO  <Transformacion Fact_Registro_Siniestro - Unión por clave contrato 2> [C:\Users\niebl\Transformacion Fact_Registro_Siniestro.ktr]  Procesamiento finalizado (I=0, O=0, R=1044, W=44, U=0, E=0)
2024-07-24 01:05:13.053 INFO  <Transformacion Fact_Registro_Siniestro - Ordenar filas fecha_siniestro> [C:\Users\niebl\Transformacion Fact_Registro_Siniestro.ktr]  Procesamiento finalizado (I=0, O=0, R=44, W=44, U=0, E=0)
2024-07-24 01:05:13.059 INFO  <Transformacion Fact_Registro_Siniestro - Ordenar filas fecha completa> [C:\Users\niebl\Transformacion Fact_Registro_Siniestro.ktr]  Procesamiento finalizado (I=0, O=0, R=14976, W=14976, U=0, E=0)
2024-07-24 01:05:13.413 INFO  <Transformacion Fact_Registro_Siniestro - Unión por clave fecha_siniestro> [C:\Users\niebl\Transformacion Fact_Registro_Siniestro.ktr]  Procesamiento finalizado (I=0, O=0, R=15020, W=44, U=0, E=0)
2024-07-24 01:05:13.428 INFO  <Transformacion Fact_Registro_Siniestro - Ordenar filas fecha_respuesta> [C:\Users\niebl\Transformacion Fact_Registro_Siniestro.ktr]  Procesamiento finalizado (I=0, O=0, R=44, W=44, U=0, E=0)
2024-07-24 01:05:13.434 INFO  <Transformacion Fact_Registro_Siniestro - Ordenar filas fecha completa 2> [C:\Users\niebl\Transformacion Fact_Registro_Siniestro.ktr]  Procesamiento finalizado (I=0, O=0, R=14976, W=14976, U=0, E=0)
2024-07-24 01:05:13.786 INFO  <Transformacion Fact_Registro_Siniestro - Unión por clave fecha respuesta> [C:\Users\niebl\Transformacion Fact_Registro_Siniestro.ktr]  Procesamiento finalizado (I=0, O=0, R=15020, W=44, U=0, E=0)
2024-07-24 01:05:13.817 INFO  <Transformacion Fact_Registro_Siniestro - Añadir secuencia cantidad> [C:\Users\niebl\Transformacion Fact_Registro_Siniestro.ktr]  Procesamiento finalizado (I=0, O=0, R=44, W=44, U=0, E=0)
2024-07-24 01:05:13.848 INFO  <Transformacion Fact_Registro_Siniestro - Formula> [C:\Users\niebl\Transformacion Fact_Registro_Siniestro.ktr]  Procesamiento finalizado (I=0, O=0, R=44, W=44, U=0, E=0)
2024-07-24 01:05:13.929 INFO  <Transformacion Fact_Registro_Siniestro - Salida Tabla Fact_Registro_Siniestro> [C:\Users\niebl\Transformacion Fact_Registro_Siniestro.ktr]  Procesamiento finalizado (I=0, O=44, R=44, W=44, U=0, E=0)
2024-07-24 01:33:35.558 INFO  <ModalContext> [C:\Users\niebl\OneDrive\Escritorio\Semestre\Inteligecia de Negocio\Proyecto Fase 2\BIProyecto\ETL\Transformacion Fact_Evaluacion_Servicio.ktr : Transformacion Fact_Evaluacion_Servicio.ktr]  Iniciado despacho de la transformaci?n [C:\Users\niebl\OneDrive\Escritorio\Semestre\Inteligecia de Negocio\Proyecto Fase 2\BIProyecto\ETL\Transformacion Fact_Evaluacion_Servicio.ktr : Transformacion Fact_Evaluacion_Servicio]
2024-07-24 01:33:35.646 INFO  <C:\Users\niebl\OneDrive\Escritorio\Semestre\Inteligecia de Negocio\Proyecto Fase 2\BIProyecto\ETL\Transformacion Fact_Evaluacion_Servicio.ktr : Transformacion Fact_Evaluacion_Servicio - Entrada Tabla> [C:\Users\niebl\OneDrive\Escritorio\Semestre\Inteligecia de Negocio\Proyecto Fase 2\BIProyecto\ETL\Transformacion Fact_Evaluacion_Servicio.ktr : Transformacion Fact_Evaluacion_Servicio.ktr]  Finished reading query, closing connection
2024-07-24 01:33:35.646 INFO  <C:\Users\niebl\OneDrive\Escritorio\Semestre\Inteligecia de Negocio\Proyecto Fase 2\BIProyecto\ETL\Transformacion Fact_Evaluacion_Servicio.ktr : Transformacion Fact_Evaluacion_Servicio - Entrada Tabla> [C:\Users\niebl\OneDrive\Escritorio\Semestre\Inteligecia de Negocio\Proyecto Fase 2\BIProyecto\ETL\Transformacion Fact_Evaluacion_Servicio.ktr : Transformacion Fact_Evaluacion_Servicio.ktr]  Procesamiento finalizado (I=498, O=0, R=0, W=498, U=0, E=0)
2024-07-24 01:33:35.672 INFO  <C:\Users\niebl\OneDrive\Escritorio\Semestre\Inteligecia de Negocio\Proyecto Fase 2\BIProyecto\ETL\Transformacion Fact_Evaluacion_Servicio.ktr : Transformacion Fact_Evaluacion_Servicio - dummy> [C:\Users\niebl\OneDrive\Escritorio\Semestre\Inteligecia de Negocio\Proyecto Fase 2\BIProyecto\ETL\Transformacion Fact_Evaluacion_Servicio.ktr : Transformacion Fact_Evaluacion_Servicio.ktr]  Procesamiento finalizado (I=0, O=0, R=498, W=498, U=0, E=0)
2024-07-24 01:33:58.939 INFO  <Thread-2517> [C:\Users\niebl\OneDrive\Escritorio\Semestre\Inteligecia de Negocio\Proyecto Fase 2\BIProyecto\ETL\Transformacion Fact_Evaluacion_Servicio.ktr]  Iniciado despacho de la transformaci?n [Transformacion Fact_Evaluacion_Servicio]
2024-07-24 01:33:59.017 INFO  <Transformacion Fact_Evaluacion_Servicio - Entrada Tabla recomienda> [C:\Users\niebl\OneDrive\Escritorio\Semestre\Inteligecia de Negocio\Proyecto Fase 2\BIProyecto\ETL\Transformacion Fact_Evaluacion_Servicio.ktr]  Finished reading query, closing connection
2024-07-24 01:33:59.018 INFO  <Transformacion Fact_Evaluacion_Servicio - Entrada Tabla recomienda> [C:\Users\niebl\OneDrive\Escritorio\Semestre\Inteligecia de Negocio\Proyecto Fase 2\BIProyecto\ETL\Transformacion Fact_Evaluacion_Servicio.ktr]  Procesamiento finalizado (I=498, O=0, R=0, W=498, U=0, E=0)
2024-07-24 01:36:02.830 INFO  <Thread-2536> [C:\Users\niebl\OneDrive\Escritorio\Semestre\Inteligecia de Negocio\Proyecto Fase 2\BIProyecto\ETL\Transformacion Fact_Evaluacion_Servicio.ktr]  Iniciado despacho de la transformaci?n [Transformacion Fact_Evaluacion_Servicio]
2024-07-24 01:36:02.993 INFO  <Transformacion Fact_Evaluacion_Servicio - Entrada Tabla> [C:\Users\niebl\OneDrive\Escritorio\Semestre\Inteligecia de Negocio\Proyecto Fase 2\BIProyecto\ETL\Transformacion Fact_Evaluacion_Servicio.ktr]  Finished reading query, closing connection
2024-07-24 01:36:02.994 INFO  <Transformacion Fact_Evaluacion_Servicio - Entrada Tabla> [C:\Users\niebl\OneDrive\Escritorio\Semestre\Inteligecia de Negocio\Proyecto Fase 2\BIProyecto\ETL\Transformacion Fact_Evaluacion_Servicio.ktr]  Procesamiento finalizado (I=30, O=0, R=0, W=30, U=0, E=0)
2024-07-24 01:36:02.995 INFO  <Transformacion Fact_Evaluacion_Servicio - Entrada Tabla recomienda> [C:\Users\niebl\OneDrive\Escritorio\Semestre\Inteligecia de Negocio\Proyecto Fase 2\BIProyecto\ETL\Transformacion Fact_Evaluacion_Servicio.ktr]  Finished reading query, closing connection
2024-07-24 01:36:02.996 INFO  <Transformacion Fact_Evaluacion_Servicio - Entrada Tabla recomienda> [C:\Users\niebl\OneDrive\Escritorio\Semestre\Inteligecia de Negocio\Proyecto Fase 2\BIProyecto\ETL\Transformacion Fact_Evaluacion_Servicio.ktr]  Procesamiento finalizado (I=498, O=0, R=0, W=498, U=0, E=0)
2024-07-24 01:36:03.014 INFO  <Transformacion Fact_Evaluacion_Servicio - Ordenar filas cod_pruducto> [C:\Users\niebl\OneDrive\Escritorio\Semestre\Inteligecia de Negocio\Proyecto Fase 2\BIProyecto\ETL\Transformacion Fact_Evaluacion_Servicio.ktr]  Procesamiento finalizado (I=0, O=0, R=30, W=30, U=0, E=0)
2024-07-24 01:36:03.015 INFO  <Transformacion Fact_Evaluacion_Servicio - Ordenar filas codigo producto> [C:\Users\niebl\OneDrive\Escritorio\Semestre\Inteligecia de Negocio\Proyecto Fase 2\BIProyecto\ETL\Transformacion Fact_Evaluacion_Servicio.ktr]  Procesamiento finalizado (I=0, O=0, R=498, W=498, U=0, E=0)
2024-07-24 01:36:03.390 INFO  <Transformacion Fact_Evaluacion_Servicio - Unión por clave codigo pruducto> [C:\Users\niebl\OneDrive\Escritorio\Semestre\Inteligecia de Negocio\Proyecto Fase 2\BIProyecto\ETL\Transformacion Fact_Evaluacion_Servicio.ktr]  Procesamiento finalizado (I=0, O=0, R=528, W=498, U=0, E=0)
2024-07-24 01:39:04.266 INFO  <Thread-2563> [C:\Users\niebl\OneDrive\Escritorio\Semestre\Inteligecia de Negocio\Proyecto Fase 2\BIProyecto\ETL\Transformacion Fact_Evaluacion_Servicio.ktr]  Iniciado despacho de la transformaci?n [Transformacion Fact_Evaluacion_Servicio]
2024-07-24 01:39:04.370 INFO  <Transformacion Fact_Evaluacion_Servicio - Entrada Tabla dim producto> [C:\Users\niebl\OneDrive\Escritorio\Semestre\Inteligecia de Negocio\Proyecto Fase 2\BIProyecto\ETL\Transformacion Fact_Evaluacion_Servicio.ktr]  Finished reading query, closing connection
2024-07-24 01:39:04.371 INFO  <Transformacion Fact_Evaluacion_Servicio - Entrada Tabla dim cliente> [C:\Users\niebl\OneDrive\Escritorio\Semestre\Inteligecia de Negocio\Proyecto Fase 2\BIProyecto\ETL\Transformacion Fact_Evaluacion_Servicio.ktr]  Finished reading query, closing connection
2024-07-24 01:39:04.371 INFO  <Transformacion Fact_Evaluacion_Servicio - Entrada Tabla dim producto> [C:\Users\niebl\OneDrive\Escritorio\Semestre\Inteligecia de Negocio\Proyecto Fase 2\BIProyecto\ETL\Transformacion Fact_Evaluacion_Servicio.ktr]  Procesamiento finalizado (I=30, O=0, R=0, W=30, U=0, E=0)
2024-07-24 01:39:04.372 INFO  <Transformacion Fact_Evaluacion_Servicio - Entrada Tabla dim cliente> [C:\Users\niebl\OneDrive\Escritorio\Semestre\Inteligecia de Negocio\Proyecto Fase 2\BIProyecto\ETL\Transformacion Fact_Evaluacion_Servicio.ktr]  Procesamiento finalizado (I=30, O=0, R=0, W=30, U=0, E=0)
2024-07-24 01:39:04.373 INFO  <Transformacion Fact_Evaluacion_Servicio - Entrada Tabla recomienda> [C:\Users\niebl\OneDrive\Escritorio\Semestre\Inteligecia de Negocio\Proyecto Fase 2\BIProyecto\ETL\Transformacion Fact_Evaluacion_Servicio.ktr]  Finished reading query, closing connection
2024-07-24 01:39:04.374 INFO  <Transformacion Fact_Evaluacion_Servicio - Entrada Tabla recomienda> [C:\Users\niebl\OneDrive\Escritorio\Semestre\Inteligecia de Negocio\Proyecto Fase 2\BIProyecto\ETL\Transformacion Fact_Evaluacion_Servicio.ktr]  Procesamiento finalizado (I=498, O=0, R=0, W=498, U=0, E=0)
2024-07-24 01:39:04.382 INFO  <Transformacion Fact_Evaluacion_Servicio - Ordenar filas cod_pruducto> [C:\Users\niebl\OneDrive\Escritorio\Semestre\Inteligecia de Negocio\Proyecto Fase 2\BIProyecto\ETL\Transformacion Fact_Evaluacion_Servicio.ktr]  Procesamiento finalizado (I=0, O=0, R=30, W=30, U=0, E=0)
2024-07-24 01:39:04.382 INFO  <Transformacion Fact_Evaluacion_Servicio - Ordenar filas cod_producto> [C:\Users\niebl\OneDrive\Escritorio\Semestre\Inteligecia de Negocio\Proyecto Fase 2\BIProyecto\ETL\Transformacion Fact_Evaluacion_Servicio.ktr]  Procesamiento finalizado (I=0, O=0, R=30, W=30, U=0, E=0)
2024-07-24 01:39:04.398 INFO  <Transformacion Fact_Evaluacion_Servicio - Ordenar filas codigo producto> [C:\Users\niebl\OneDrive\Escritorio\Semestre\Inteligecia de Negocio\Proyecto Fase 2\BIProyecto\ETL\Transformacion Fact_Evaluacion_Servicio.ktr]  Procesamiento finalizado (I=0, O=0, R=498, W=498, U=0, E=0)
2024-07-24 01:39:04.744 INFO  <Transformacion Fact_Evaluacion_Servicio - Unión por clave codigo pruducto> [C:\Users\niebl\OneDrive\Escritorio\Semestre\Inteligecia de Negocio\Proyecto Fase 2\BIProyecto\ETL\Transformacion Fact_Evaluacion_Servicio.ktr]  Procesamiento finalizado (I=0, O=0, R=528, W=498, U=0, E=0)
2024-07-24 01:39:04.776 INFO  <Transformacion Fact_Evaluacion_Servicio - Ordenar filas codigo cliente> [C:\Users\niebl\OneDrive\Escritorio\Semestre\Inteligecia de Negocio\Proyecto Fase 2\BIProyecto\ETL\Transformacion Fact_Evaluacion_Servicio.ktr]  Procesamiento finalizado (I=0, O=0, R=498, W=498, U=0, E=0)
2024-07-24 01:39:05.147 INFO  <Transformacion Fact_Evaluacion_Servicio - Unión por clave codigo_producto> [C:\Users\niebl\OneDrive\Escritorio\Semestre\Inteligecia de Negocio\Proyecto Fase 2\BIProyecto\ETL\Transformacion Fact_Evaluacion_Servicio.ktr]  Procesamiento finalizado (I=0, O=0, R=528, W=5, U=0, E=0)
2024-07-24 01:40:00.700 INFO  <Thread-2588> [C:\Users\niebl\OneDrive\Escritorio\Semestre\Inteligecia de Negocio\Proyecto Fase 2\BIProyecto\ETL\Transformacion Fact_Evaluacion_Servicio.ktr]  Iniciado despacho de la transformaci?n [Transformacion Fact_Evaluacion_Servicio]
2024-07-24 01:40:00.808 INFO  <Transformacion Fact_Evaluacion_Servicio - Entrada Tabla dim producto> [C:\Users\niebl\OneDrive\Escritorio\Semestre\Inteligecia de Negocio\Proyecto Fase 2\BIProyecto\ETL\Transformacion Fact_Evaluacion_Servicio.ktr]  Finished reading query, closing connection
2024-07-24 01:40:00.809 INFO  <Transformacion Fact_Evaluacion_Servicio - Entrada Tabla dim cliente> [C:\Users\niebl\OneDrive\Escritorio\Semestre\Inteligecia de Negocio\Proyecto Fase 2\BIProyecto\ETL\Transformacion Fact_Evaluacion_Servicio.ktr]  Finished reading query, closing connection
2024-07-24 01:40:00.809 INFO  <Transformacion Fact_Evaluacion_Servicio - Entrada Tabla dim producto> [C:\Users\niebl\OneDrive\Escritorio\Semestre\Inteligecia de Negocio\Proyecto Fase 2\BIProyecto\ETL\Transformacion Fact_Evaluacion_Servicio.ktr]  Procesamiento finalizado (I=30, O=0, R=0, W=30, U=0, E=0)
2024-07-24 01:40:00.810 INFO  <Transformacion Fact_Evaluacion_Servicio - Entrada Tabla dim cliente> [C:\Users\niebl\OneDrive\Escritorio\Semestre\Inteligecia de Negocio\Proyecto Fase 2\BIProyecto\ETL\Transformacion Fact_Evaluacion_Servicio.ktr]  Procesamiento finalizado (I=30, O=0, R=0, W=30, U=0, E=0)
2024-07-24 01:40:00.811 INFO  <Transformacion Fact_Evaluacion_Servicio - Entrada Tabla recomienda> [C:\Users\niebl\OneDrive\Escritorio\Semestre\Inteligecia de Negocio\Proyecto Fase 2\BIProyecto\ETL\Transformacion Fact_Evaluacion_Servicio.ktr]  Finished reading query, closing connection
2024-07-24 01:40:00.812 INFO  <Transformacion Fact_Evaluacion_Servicio - Entrada Tabla recomienda> [C:\Users\niebl\OneDrive\Escritorio\Semestre\Inteligecia de Negocio\Proyecto Fase 2\BIProyecto\ETL\Transformacion Fact_Evaluacion_Servicio.ktr]  Procesamiento finalizado (I=498, O=0, R=0, W=498, U=0, E=0)
2024-07-24 01:40:00.814 INFO  <Transformacion Fact_Evaluacion_Servicio - Ordenar filas cod_producto> [C:\Users\niebl\OneDrive\Escritorio\Semestre\Inteligecia de Negocio\Proyecto Fase 2\BIProyecto\ETL\Transformacion Fact_Evaluacion_Servicio.ktr]  Procesamiento finalizado (I=0, O=0, R=30, W=30, U=0, E=0)
2024-07-24 01:40:00.820 INFO  <Transformacion Fact_Evaluacion_Servicio - Ordenar filas cod_pruducto> [C:\Users\niebl\OneDrive\Escritorio\Semestre\Inteligecia de Negocio\Proyecto Fase 2\BIProyecto\ETL\Transformacion Fact_Evaluacion_Servicio.ktr]  Procesamiento finalizado (I=0, O=0, R=30, W=30, U=0, E=0)
2024-07-24 01:40:00.837 INFO  <Transformacion Fact_Evaluacion_Servicio - Ordenar filas codigo producto> [C:\Users\niebl\OneDrive\Escritorio\Semestre\Inteligecia de Negocio\Proyecto Fase 2\BIProyecto\ETL\Transformacion Fact_Evaluacion_Servicio.ktr]  Procesamiento finalizado (I=0, O=0, R=498, W=498, U=0, E=0)
2024-07-24 01:40:01.168 INFO  <Transformacion Fact_Evaluacion_Servicio - Unión por clave codigo pruducto> [C:\Users\niebl\OneDrive\Escritorio\Semestre\Inteligecia de Negocio\Proyecto Fase 2\BIProyecto\ETL\Transformacion Fact_Evaluacion_Servicio.ktr]  Procesamiento finalizado (I=0, O=0, R=528, W=498, U=0, E=0)
2024-07-24 01:40:01.199 INFO  <Transformacion Fact_Evaluacion_Servicio - Ordenar filas codigo cliente> [C:\Users\niebl\OneDrive\Escritorio\Semestre\Inteligecia de Negocio\Proyecto Fase 2\BIProyecto\ETL\Transformacion Fact_Evaluacion_Servicio.ktr]  Procesamiento finalizado (I=0, O=0, R=498, W=498, U=0, E=0)
2024-07-24 01:40:01.572 INFO  <Transformacion Fact_Evaluacion_Servicio - Unión por clave codigo_producto> [C:\Users\niebl\OneDrive\Escritorio\Semestre\Inteligecia de Negocio\Proyecto Fase 2\BIProyecto\ETL\Transformacion Fact_Evaluacion_Servicio.ktr]  Procesamiento finalizado (I=0, O=0, R=528, W=498, U=0, E=0)
2024-07-24 01:42:13.076 INFO  <Thread-2623> [C:\Users\niebl\OneDrive\Escritorio\Semestre\Inteligecia de Negocio\Proyecto Fase 2\BIProyecto\ETL\Transformacion Fact_Evaluacion_Servicio.ktr]  Iniciado despacho de la transformaci?n [Transformacion Fact_Evaluacion_Servicio]
2024-07-24 01:42:13.183 INFO  <Transformacion Fact_Evaluacion_Servicio - Entrada Tabla dim cliente> [C:\Users\niebl\OneDrive\Escritorio\Semestre\Inteligecia de Negocio\Proyecto Fase 2\BIProyecto\ETL\Transformacion Fact_Evaluacion_Servicio.ktr]  Finished reading query, closing connection
2024-07-24 01:42:13.184 INFO  <Transformacion Fact_Evaluacion_Servicio - Entrada Tabla dim cliente> [C:\Users\niebl\OneDrive\Escritorio\Semestre\Inteligecia de Negocio\Proyecto Fase 2\BIProyecto\ETL\Transformacion Fact_Evaluacion_Servicio.ktr]  Procesamiento finalizado (I=300, O=0, R=0, W=300, U=0, E=0)
2024-07-24 01:42:13.185 INFO  <Transformacion Fact_Evaluacion_Servicio - Entrada Tabla dim producto> [C:\Users\niebl\OneDrive\Escritorio\Semestre\Inteligecia de Negocio\Proyecto Fase 2\BIProyecto\ETL\Transformacion Fact_Evaluacion_Servicio.ktr]  Finished reading query, closing connection
2024-07-24 01:42:13.206 INFO  <Transformacion Fact_Evaluacion_Servicio - Entrada Tabla recomienda> [C:\Users\niebl\OneDrive\Escritorio\Semestre\Inteligecia de Negocio\Proyecto Fase 2\BIProyecto\ETL\Transformacion Fact_Evaluacion_Servicio.ktr]  Finished reading query, closing connection
2024-07-24 01:42:13.206 INFO  <Transformacion Fact_Evaluacion_Servicio - Entrada Tabla dim producto> [C:\Users\niebl\OneDrive\Escritorio\Semestre\Inteligecia de Negocio\Proyecto Fase 2\BIProyecto\ETL\Transformacion Fact_Evaluacion_Servicio.ktr]  Procesamiento finalizado (I=30, O=0, R=0, W=30, U=0, E=0)
2024-07-24 01:42:13.206 INFO  <Transformacion Fact_Evaluacion_Servicio - Entrada Tabla recomienda> [C:\Users\niebl\OneDrive\Escritorio\Semestre\Inteligecia de Negocio\Proyecto Fase 2\BIProyecto\ETL\Transformacion Fact_Evaluacion_Servicio.ktr]  Procesamiento finalizado (I=498, O=0, R=0, W=498, U=0, E=0)
2024-07-24 01:42:13.218 INFO  <Transformacion Fact_Evaluacion_Servicio - Ordenar filas cod_pruducto> [C:\Users\niebl\OneDrive\Escritorio\Semestre\Inteligecia de Negocio\Proyecto Fase 2\BIProyecto\ETL\Transformacion Fact_Evaluacion_Servicio.ktr]  Procesamiento finalizado (I=0, O=0, R=30, W=30, U=0, E=0)
2024-07-24 01:42:13.218 INFO  <Transformacion Fact_Evaluacion_Servicio - Ordenar filas cod_cliente> [C:\Users\niebl\OneDrive\Escritorio\Semestre\Inteligecia de Negocio\Proyecto Fase 2\BIProyecto\ETL\Transformacion Fact_Evaluacion_Servicio.ktr]  Procesamiento finalizado (I=0, O=0, R=300, W=300, U=0, E=0)
2024-07-24 01:42:13.235 INFO  <Transformacion Fact_Evaluacion_Servicio - Ordenar filas codigo producto> [C:\Users\niebl\OneDrive\Escritorio\Semestre\Inteligecia de Negocio\Proyecto Fase 2\BIProyecto\ETL\Transformacion Fact_Evaluacion_Servicio.ktr]  Procesamiento finalizado (I=0, O=0, R=498, W=498, U=0, E=0)
2024-07-24 01:42:13.563 INFO  <Transformacion Fact_Evaluacion_Servicio - Unión por clave codigo pruducto> [C:\Users\niebl\OneDrive\Escritorio\Semestre\Inteligecia de Negocio\Proyecto Fase 2\BIProyecto\ETL\Transformacion Fact_Evaluacion_Servicio.ktr]  Procesamiento finalizado (I=0, O=0, R=528, W=498, U=0, E=0)
2024-07-24 01:42:13.596 INFO  <Transformacion Fact_Evaluacion_Servicio - Ordenar filas codigo cliente> [C:\Users\niebl\OneDrive\Escritorio\Semestre\Inteligecia de Negocio\Proyecto Fase 2\BIProyecto\ETL\Transformacion Fact_Evaluacion_Servicio.ktr]  Procesamiento finalizado (I=0, O=0, R=498, W=498, U=0, E=0)
2024-07-24 01:42:13.971 INFO  <Transformacion Fact_Evaluacion_Servicio - Unión por clave codigo cliente> [C:\Users\niebl\OneDrive\Escritorio\Semestre\Inteligecia de Negocio\Proyecto Fase 2\BIProyecto\ETL\Transformacion Fact_Evaluacion_Servicio.ktr]  Procesamiento finalizado (I=0, O=0, R=798, W=498, U=0, E=0)
2024-07-24 01:45:33.602 INFO  <Thread-2660> [C:\Users\niebl\OneDrive\Escritorio\Semestre\Inteligecia de Negocio\Proyecto Fase 2\BIProyecto\ETL\Transformacion Fact_Evaluacion_Servicio.ktr]  Iniciado despacho de la transformaci?n [Transformacion Fact_Evaluacion_Servicio]
2024-07-24 01:45:33.804 INFO  <Transformacion Fact_Evaluacion_Servicio - Entrada Tabla dim producto> [C:\Users\niebl\OneDrive\Escritorio\Semestre\Inteligecia de Negocio\Proyecto Fase 2\BIProyecto\ETL\Transformacion Fact_Evaluacion_Servicio.ktr]  Finished reading query, closing connection
2024-07-24 01:45:33.805 INFO  <Transformacion Fact_Evaluacion_Servicio - Entrada Tabla dim producto> [C:\Users\niebl\OneDrive\Escritorio\Semestre\Inteligecia de Negocio\Proyecto Fase 2\BIProyecto\ETL\Transformacion Fact_Evaluacion_Servicio.ktr]  Procesamiento finalizado (I=30, O=0, R=0, W=30, U=0, E=0)
2024-07-24 01:45:33.808 INFO  <Transformacion Fact_Evaluacion_Servicio - Entrada Tabla dim cliente> [C:\Users\niebl\OneDrive\Escritorio\Semestre\Inteligecia de Negocio\Proyecto Fase 2\BIProyecto\ETL\Transformacion Fact_Evaluacion_Servicio.ktr]  Finished reading query, closing connection
2024-07-24 01:45:33.809 INFO  <Transformacion Fact_Evaluacion_Servicio - Entrada Tabla dim cliente> [C:\Users\niebl\OneDrive\Escritorio\Semestre\Inteligecia de Negocio\Proyecto Fase 2\BIProyecto\ETL\Transformacion Fact_Evaluacion_Servicio.ktr]  Procesamiento finalizado (I=300, O=0, R=0, W=300, U=0, E=0)
2024-07-24 01:45:33.809 INFO  <Transformacion Fact_Evaluacion_Servicio - Entrada Tabla recomienda> [C:\Users\niebl\OneDrive\Escritorio\Semestre\Inteligecia de Negocio\Proyecto Fase 2\BIProyecto\ETL\Transformacion Fact_Evaluacion_Servicio.ktr]  Finished reading query, closing connection
2024-07-24 01:45:33.810 INFO  <Transformacion Fact_Evaluacion_Servicio - Entrada Tabla recomienda> [C:\Users\niebl\OneDrive\Escritorio\Semestre\Inteligecia de Negocio\Proyecto Fase 2\BIProyecto\ETL\Transformacion Fact_Evaluacion_Servicio.ktr]  Procesamiento finalizado (I=498, O=0, R=0, W=498, U=0, E=0)
2024-07-24 01:45:33.826 INFO  <Transformacion Fact_Evaluacion_Servicio - Ordenar filas cod_producto> [C:\Users\niebl\OneDrive\Escritorio\Semestre\Inteligecia de Negocio\Proyecto Fase 2\BIProyecto\ETL\Transformacion Fact_Evaluacion_Servicio.ktr]  Procesamiento finalizado (I=0, O=0, R=30, W=30, U=0, E=0)
2024-07-24 01:45:33.826 INFO  <Transformacion Fact_Evaluacion_Servicio - Ordenar filas cod_cliente> [C:\Users\niebl\OneDrive\Escritorio\Semestre\Inteligecia de Negocio\Proyecto Fase 2\BIProyecto\ETL\Transformacion Fact_Evaluacion_Servicio.ktr]  Procesamiento finalizado (I=0, O=0, R=300, W=300, U=0, E=0)
2024-07-24 01:45:33.843 INFO  <Transformacion Fact_Evaluacion_Servicio - Ordenar filas codigo producto> [C:\Users\niebl\OneDrive\Escritorio\Semestre\Inteligecia de Negocio\Proyecto Fase 2\BIProyecto\ETL\Transformacion Fact_Evaluacion_Servicio.ktr]  Procesamiento finalizado (I=0, O=0, R=498, W=498, U=0, E=0)
2024-07-24 01:45:33.845 INFO  <Transformacion Fact_Evaluacion_Servicio - Entrada Tabla dim evaluacion servicio> [C:\Users\niebl\OneDrive\Escritorio\Semestre\Inteligecia de Negocio\Proyecto Fase 2\BIProyecto\ETL\Transformacion Fact_Evaluacion_Servicio.ktr]  Finished reading query, closing connection
2024-07-24 01:45:33.846 INFO  <Transformacion Fact_Evaluacion_Servicio - Entrada Tabla dim evaluacion servicio> [C:\Users\niebl\OneDrive\Escritorio\Semestre\Inteligecia de Negocio\Proyecto Fase 2\BIProyecto\ETL\Transformacion Fact_Evaluacion_Servicio.ktr]  Procesamiento finalizado (I=6, O=0, R=0, W=6, U=0, E=0)
2024-07-24 01:45:33.858 INFO  <Transformacion Fact_Evaluacion_Servicio - Ordenar filas 2 evaluacion servicio> [C:\Users\niebl\OneDrive\Escritorio\Semestre\Inteligecia de Negocio\Proyecto Fase 2\BIProyecto\ETL\Transformacion Fact_Evaluacion_Servicio.ktr]  Procesamiento finalizado (I=0, O=0, R=6, W=6, U=0, E=0)
2024-07-24 01:45:34.198 INFO  <Transformacion Fact_Evaluacion_Servicio - Unión por clave codigo pruducto> [C:\Users\niebl\OneDrive\Escritorio\Semestre\Inteligecia de Negocio\Proyecto Fase 2\BIProyecto\ETL\Transformacion Fact_Evaluacion_Servicio.ktr]  Procesamiento finalizado (I=0, O=0, R=528, W=498, U=0, E=0)
2024-07-24 01:45:34.232 INFO  <Transformacion Fact_Evaluacion_Servicio - Ordenar filas codigo cliente> [C:\Users\niebl\OneDrive\Escritorio\Semestre\Inteligecia de Negocio\Proyecto Fase 2\BIProyecto\ETL\Transformacion Fact_Evaluacion_Servicio.ktr]  Procesamiento finalizado (I=0, O=0, R=498, W=498, U=0, E=0)
2024-07-24 01:45:34.589 INFO  <Transformacion Fact_Evaluacion_Servicio - Unión por clave codigo cliente> [C:\Users\niebl\OneDrive\Escritorio\Semestre\Inteligecia de Negocio\Proyecto Fase 2\BIProyecto\ETL\Transformacion Fact_Evaluacion_Servicio.ktr]  Procesamiento finalizado (I=0, O=0, R=798, W=498, U=0, E=0)
2024-07-24 01:45:34.620 INFO  <Transformacion Fact_Evaluacion_Servicio - Ordenar filas codigo evaluacion servicio> [C:\Users\niebl\OneDrive\Escritorio\Semestre\Inteligecia de Negocio\Proyecto Fase 2\BIProyecto\ETL\Transformacion Fact_Evaluacion_Servicio.ktr]  Procesamiento finalizado (I=0, O=0, R=498, W=498, U=0, E=0)
2024-07-24 01:45:34.997 INFO  <Transformacion Fact_Evaluacion_Servicio - Unión por clave evaluacion servicio> [C:\Users\niebl\OneDrive\Escritorio\Semestre\Inteligecia de Negocio\Proyecto Fase 2\BIProyecto\ETL\Transformacion Fact_Evaluacion_Servicio.ktr]  Procesamiento finalizado (I=0, O=0, R=504, W=498, U=0, E=0)
2024-07-24 13:59:28.141 INFO  <Thread-21> [C:\Users\niebl\OneDrive\Escritorio\Semestre\Inteligecia de Negocio\Proyecto Fase 2\BIProyecto\ETL\Transformacion Fact_Evaluacion_Servicio.ktr]  Iniciado despacho de la transformaci?n [Transformacion Fact_Evaluacion_Servicio]
2024-07-24 13:59:29.834 ERROR <Transformacion Fact_Evaluacion_Servicio - Entrada Tabla recomienda> [C:\Users\niebl\OneDrive\Escritorio\Semestre\Inteligecia de Negocio\Proyecto Fase 2\BIProyecto\ETL\Transformacion Fact_Evaluacion_Servicio.ktr]  Error desconocido
2024-07-24 13:59:29.858 ERROR <Transformacion Fact_Evaluacion_Servicio - Entrada Tabla recomienda> [C:\Users\niebl\OneDrive\Escritorio\Semestre\Inteligecia de Negocio\Proyecto Fase 2\BIProyecto\ETL\Transformacion Fact_Evaluacion_Servicio.ktr]  org.pentaho.di.core.exception.KettleDatabaseException: 
An error occurred executing SQL: 
SELECT
  cod_cliente
, cod_evaluacion_servicio
, cod_producto
, recomienda_amigo
FROM seguro_g26473471.recomienda

ERROR: permiso denegado a la tabla recomienda

	at org.pentaho.di.core.database.Database.openQuery(Database.java:1776)
	at org.pentaho.di.trans.steps.tableinput.TableInput.doQuery(TableInput.java:242)
	at org.pentaho.di.trans.steps.tableinput.TableInput.processRow(TableInput.java:143)
	at org.pentaho.di.trans.step.RunThread.run(RunThread.java:62)
	at java.lang.Thread.run(Thread.java:748)
Caused by: org.postgresql.util.PSQLException: ERROR: permiso denegado a la tabla recomienda
	at org.postgresql.core.v3.QueryExecutorImpl.receiveErrorResponse(QueryExecutorImpl.java:2552)
	at org.postgresql.core.v3.QueryExecutorImpl.processResults(QueryExecutorImpl.java:2284)
	at org.postgresql.core.v3.QueryExecutorImpl.execute(QueryExecutorImpl.java:322)
	at org.postgresql.jdbc.PgStatement.executeInternal(PgStatement.java:481)
	at org.postgresql.jdbc.PgStatement.execute(PgStatement.java:401)
	at org.postgresql.jdbc.PgStatement.executeWithFlags(PgStatement.java:322)
	at org.postgresql.jdbc.PgStatement.executeCachedSql(PgStatement.java:308)
	at org.postgresql.jdbc.PgStatement.executeWithFlags(PgStatement.java:284)
	at org.postgresql.jdbc.PgStatement.executeQuery(PgStatement.java:236)
	at org.pentaho.di.core.database.Database.openQuery(Database.java:1765)
	... 4 more

2024-07-24 13:59:29.887 INFO  <Transformacion Fact_Evaluacion_Servicio - Entrada Tabla dim evaluacion servicio> [C:\Users\niebl\OneDrive\Escritorio\Semestre\Inteligecia de Negocio\Proyecto Fase 2\BIProyecto\ETL\Transformacion Fact_Evaluacion_Servicio.ktr]  Finished reading query, closing connection
2024-07-24 13:59:29.888 INFO  <Transformacion Fact_Evaluacion_Servicio - Entrada Tabla recomienda> [C:\Users\niebl\OneDrive\Escritorio\Semestre\Inteligecia de Negocio\Proyecto Fase 2\BIProyecto\ETL\Transformacion Fact_Evaluacion_Servicio.ktr]  Finished reading query, closing connection
2024-07-24 13:59:29.889 INFO  <Transformacion Fact_Evaluacion_Servicio - Entrada Tabla dim producto> [C:\Users\niebl\OneDrive\Escritorio\Semestre\Inteligecia de Negocio\Proyecto Fase 2\BIProyecto\ETL\Transformacion Fact_Evaluacion_Servicio.ktr]  Finished reading query, closing connection
2024-07-24 13:59:29.892 INFO  <Transformacion Fact_Evaluacion_Servicio - Ordenar filas 2 evaluacion servicio> [C:\Users\niebl\OneDrive\Escritorio\Semestre\Inteligecia de Negocio\Proyecto Fase 2\BIProyecto\ETL\Transformacion Fact_Evaluacion_Servicio.ktr]  Procesamiento finalizado (I=0, O=0, R=1, W=0, U=0, E=0)
2024-07-24 13:59:29.893 INFO  <Transformacion Fact_Evaluacion_Servicio - Ordenar filas cod_producto> [C:\Users\niebl\OneDrive\Escritorio\Semestre\Inteligecia de Negocio\Proyecto Fase 2\BIProyecto\ETL\Transformacion Fact_Evaluacion_Servicio.ktr]  Procesamiento finalizado (I=0, O=0, R=1, W=0, U=0, E=0)
2024-07-24 13:59:29.898 INFO  <Transformacion Fact_Evaluacion_Servicio - Entrada Tabla dim producto> [C:\Users\niebl\OneDrive\Escritorio\Semestre\Inteligecia de Negocio\Proyecto Fase 2\BIProyecto\ETL\Transformacion Fact_Evaluacion_Servicio.ktr]  Procesamiento finalizado (I=7, O=0, R=0, W=5, U=0, E=0)
2024-07-24 13:59:29.898 INFO  <Transformacion Fact_Evaluacion_Servicio - Entrada Tabla dim evaluacion servicio> [C:\Users\niebl\OneDrive\Escritorio\Semestre\Inteligecia de Negocio\Proyecto Fase 2\BIProyecto\ETL\Transformacion Fact_Evaluacion_Servicio.ktr]  Procesamiento finalizado (I=6, O=0, R=0, W=6, U=0, E=0)
2024-07-24 13:59:29.899 INFO  <Transformacion Fact_Evaluacion_Servicio - Entrada Tabla recomienda> [C:\Users\niebl\OneDrive\Escritorio\Semestre\Inteligecia de Negocio\Proyecto Fase 2\BIProyecto\ETL\Transformacion Fact_Evaluacion_Servicio.ktr]  Procesamiento finalizado (I=0, O=0, R=0, W=0, U=0, E=1)
2024-07-24 13:59:29.899 WARN  <Transformacion Fact_Evaluacion_Servicio - Entrada Tabla recomienda> [C:\Users\niebl\OneDrive\Escritorio\Semestre\Inteligecia de Negocio\Proyecto Fase 2\BIProyecto\ETL\Transformacion Fact_Evaluacion_Servicio.ktr]  Transformaci?n detectada 
2024-07-24 13:59:29.900 WARN  <Transformacion Fact_Evaluacion_Servicio - Entrada Tabla recomienda> [C:\Users\niebl\OneDrive\Escritorio\Semestre\Inteligecia de Negocio\Proyecto Fase 2\BIProyecto\ETL\Transformacion Fact_Evaluacion_Servicio.ktr]  Transformaci?n est? matando los otros pasos!
2024-07-24 13:59:29.901 INFO  <Transformacion Fact_Evaluacion_Servicio - Entrada Tabla dim cliente> [C:\Users\niebl\OneDrive\Escritorio\Semestre\Inteligecia de Negocio\Proyecto Fase 2\BIProyecto\ETL\Transformacion Fact_Evaluacion_Servicio.ktr]  Finished reading query, closing connection
2024-07-24 13:59:29.903 INFO  <Transformacion Fact_Evaluacion_Servicio - Entrada Tabla dim cliente> [C:\Users\niebl\OneDrive\Escritorio\Semestre\Inteligecia de Negocio\Proyecto Fase 2\BIProyecto\ETL\Transformacion Fact_Evaluacion_Servicio.ktr]  Procesamiento finalizado (I=2, O=0, R=0, W=0, U=0, E=0)
2024-07-24 13:59:30.329 ERROR <Transformacion Fact_Evaluacion_Servicio - Ordenar filas codigo cliente> [C:\Users\niebl\OneDrive\Escritorio\Semestre\Inteligecia de Negocio\Proyecto Fase 2\BIProyecto\ETL\Transformacion Fact_Evaluacion_Servicio.ktr]  Errores detectados!
2024-07-24 13:59:30.331 ERROR <Transformacion Fact_Evaluacion_Servicio - Ordenar filas codigo cliente> [C:\Users\niebl\OneDrive\Escritorio\Semestre\Inteligecia de Negocio\Proyecto Fase 2\BIProyecto\ETL\Transformacion Fact_Evaluacion_Servicio.ktr]  Errores detectados!
2024-07-24 13:59:30.346 ERROR <Transformacion Fact_Evaluacion_Servicio - Ordenar filas codigo cliente> [C:\Users\niebl\OneDrive\Escritorio\Semestre\Inteligecia de Negocio\Proyecto Fase 2\BIProyecto\ETL\Transformacion Fact_Evaluacion_Servicio.ktr]  Errores detectados!
2024-07-24 14:00:32.223 INFO  <ModalContext> [C:\Users\niebl\OneDrive\Escritorio\Semestre\Inteligecia de Negocio\Proyecto Fase 2\BIProyecto\ETL\Transformacion Fact_Evaluacion_Servicio.ktr : Transformacion Fact_Evaluacion_Servicio.ktr]  Iniciado despacho de la transformaci?n [C:\Users\niebl\OneDrive\Escritorio\Semestre\Inteligecia de Negocio\Proyecto Fase 2\BIProyecto\ETL\Transformacion Fact_Evaluacion_Servicio.ktr : Transformacion Fact_Evaluacion_Servicio]
2024-07-24 14:00:32.310 ERROR <C:\Users\niebl\OneDrive\Escritorio\Semestre\Inteligecia de Negocio\Proyecto Fase 2\BIProyecto\ETL\Transformacion Fact_Evaluacion_Servicio.ktr : Transformacion Fact_Evaluacion_Servicio - Entrada Tabla recomienda> [C:\Users\niebl\OneDrive\Escritorio\Semestre\Inteligecia de Negocio\Proyecto Fase 2\BIProyecto\ETL\Transformacion Fact_Evaluacion_Servicio.ktr : Transformacion Fact_Evaluacion_Servicio.ktr]  Error desconocido
2024-07-24 14:00:32.310 ERROR <C:\Users\niebl\OneDrive\Escritorio\Semestre\Inteligecia de Negocio\Proyecto Fase 2\BIProyecto\ETL\Transformacion Fact_Evaluacion_Servicio.ktr : Transformacion Fact_Evaluacion_Servicio - Entrada Tabla recomienda> [C:\Users\niebl\OneDrive\Escritorio\Semestre\Inteligecia de Negocio\Proyecto Fase 2\BIProyecto\ETL\Transformacion Fact_Evaluacion_Servicio.ktr : Transformacion Fact_Evaluacion_Servicio.ktr]  org.pentaho.di.core.exception.KettleDatabaseException: 
An error occurred executing SQL: 
SELECT
  cod_cliente
, cod_evaluacion_servicio
, cod_producto
, recomienda_amigo
FROM seguro_g26473471.recomienda

ERROR: permiso denegado a la tabla recomienda

	at org.pentaho.di.core.database.Database.openQuery(Database.java:1776)
	at org.pentaho.di.trans.steps.tableinput.TableInput.doQuery(TableInput.java:242)
	at org.pentaho.di.trans.steps.tableinput.TableInput.processRow(TableInput.java:143)
	at org.pentaho.di.trans.step.RunThread.run(RunThread.java:62)
	at java.lang.Thread.run(Thread.java:748)
Caused by: org.postgresql.util.PSQLException: ERROR: permiso denegado a la tabla recomienda
	at org.postgresql.core.v3.QueryExecutorImpl.receiveErrorResponse(QueryExecutorImpl.java:2552)
	at org.postgresql.core.v3.QueryExecutorImpl.processResults(QueryExecutorImpl.java:2284)
	at org.postgresql.core.v3.QueryExecutorImpl.execute(QueryExecutorImpl.java:322)
	at org.postgresql.jdbc.PgStatement.executeInternal(PgStatement.java:481)
	at org.postgresql.jdbc.PgStatement.execute(PgStatement.java:401)
	at org.postgresql.jdbc.PgStatement.executeWithFlags(PgStatement.java:322)
	at org.postgresql.jdbc.PgStatement.executeCachedSql(PgStatement.java:308)
	at org.postgresql.jdbc.PgStatement.executeWithFlags(PgStatement.java:284)
	at org.postgresql.jdbc.PgStatement.executeQuery(PgStatement.java:236)
	at org.pentaho.di.core.database.Database.openQuery(Database.java:1765)
	... 4 more

2024-07-24 14:00:32.310 INFO  <C:\Users\niebl\OneDrive\Escritorio\Semestre\Inteligecia de Negocio\Proyecto Fase 2\BIProyecto\ETL\Transformacion Fact_Evaluacion_Servicio.ktr : Transformacion Fact_Evaluacion_Servicio - Entrada Tabla recomienda> [C:\Users\niebl\OneDrive\Escritorio\Semestre\Inteligecia de Negocio\Proyecto Fase 2\BIProyecto\ETL\Transformacion Fact_Evaluacion_Servicio.ktr : Transformacion Fact_Evaluacion_Servicio.ktr]  Finished reading query, closing connection
2024-07-24 14:00:32.312 INFO  <C:\Users\niebl\OneDrive\Escritorio\Semestre\Inteligecia de Negocio\Proyecto Fase 2\BIProyecto\ETL\Transformacion Fact_Evaluacion_Servicio.ktr : Transformacion Fact_Evaluacion_Servicio - Entrada Tabla recomienda> [C:\Users\niebl\OneDrive\Escritorio\Semestre\Inteligecia de Negocio\Proyecto Fase 2\BIProyecto\ETL\Transformacion Fact_Evaluacion_Servicio.ktr : Transformacion Fact_Evaluacion_Servicio.ktr]  Procesamiento finalizado (I=0, O=0, R=0, W=0, U=0, E=1)
2024-07-24 14:00:32.312 WARN  <C:\Users\niebl\OneDrive\Escritorio\Semestre\Inteligecia de Negocio\Proyecto Fase 2\BIProyecto\ETL\Transformacion Fact_Evaluacion_Servicio.ktr : Transformacion Fact_Evaluacion_Servicio - Entrada Tabla recomienda> [C:\Users\niebl\OneDrive\Escritorio\Semestre\Inteligecia de Negocio\Proyecto Fase 2\BIProyecto\ETL\Transformacion Fact_Evaluacion_Servicio.ktr : Transformacion Fact_Evaluacion_Servicio.ktr]  Transformaci?n detectada 
2024-07-24 14:00:32.313 WARN  <C:\Users\niebl\OneDrive\Escritorio\Semestre\Inteligecia de Negocio\Proyecto Fase 2\BIProyecto\ETL\Transformacion Fact_Evaluacion_Servicio.ktr : Transformacion Fact_Evaluacion_Servicio - Entrada Tabla recomienda> [C:\Users\niebl\OneDrive\Escritorio\Semestre\Inteligecia de Negocio\Proyecto Fase 2\BIProyecto\ETL\Transformacion Fact_Evaluacion_Servicio.ktr : Transformacion Fact_Evaluacion_Servicio.ktr]  Transformaci?n est? matando los otros pasos!
2024-07-24 14:01:07.685 INFO  <Thread-56> [C:\Users\niebl\OneDrive\Escritorio\Semestre\Inteligecia de Negocio\Proyecto Fase 2\BIProyecto\ETL\Transformacion Fact_Evaluacion_Servicio.ktr]  Iniciado despacho de la transformaci?n [Transformacion Fact_Evaluacion_Servicio]
2024-07-24 14:01:07.838 ERROR <Transformacion Fact_Evaluacion_Servicio - Entrada Tabla recomienda> [C:\Users\niebl\OneDrive\Escritorio\Semestre\Inteligecia de Negocio\Proyecto Fase 2\BIProyecto\ETL\Transformacion Fact_Evaluacion_Servicio.ktr]  Error desconocido
2024-07-24 14:01:07.839 ERROR <Transformacion Fact_Evaluacion_Servicio - Entrada Tabla recomienda> [C:\Users\niebl\OneDrive\Escritorio\Semestre\Inteligecia de Negocio\Proyecto Fase 2\BIProyecto\ETL\Transformacion Fact_Evaluacion_Servicio.ktr]  org.pentaho.di.core.exception.KettleDatabaseException: 
An error occurred executing SQL: 
SELECT
  cod_cliente
, cod_evaluacion_servicio
, cod_producto
, recomienda_amigo
FROM seguro_g26473471.recomienda

ERROR: permiso denegado a la tabla recomienda

	at org.pentaho.di.core.database.Database.openQuery(Database.java:1776)
	at org.pentaho.di.trans.steps.tableinput.TableInput.doQuery(TableInput.java:242)
	at org.pentaho.di.trans.steps.tableinput.TableInput.processRow(TableInput.java:143)
	at org.pentaho.di.trans.step.RunThread.run(RunThread.java:62)
	at java.lang.Thread.run(Thread.java:748)
Caused by: org.postgresql.util.PSQLException: ERROR: permiso denegado a la tabla recomienda
	at org.postgresql.core.v3.QueryExecutorImpl.receiveErrorResponse(QueryExecutorImpl.java:2552)
	at org.postgresql.core.v3.QueryExecutorImpl.processResults(QueryExecutorImpl.java:2284)
	at org.postgresql.core.v3.QueryExecutorImpl.execute(QueryExecutorImpl.java:322)
	at org.postgresql.jdbc.PgStatement.executeInternal(PgStatement.java:481)
	at org.postgresql.jdbc.PgStatement.execute(PgStatement.java:401)
	at org.postgresql.jdbc.PgStatement.executeWithFlags(PgStatement.java:322)
	at org.postgresql.jdbc.PgStatement.executeCachedSql(PgStatement.java:308)
	at org.postgresql.jdbc.PgStatement.executeWithFlags(PgStatement.java:284)
	at org.postgresql.jdbc.PgStatement.executeQuery(PgStatement.java:236)
	at org.pentaho.di.core.database.Database.openQuery(Database.java:1765)
	... 4 more

2024-07-24 14:01:07.839 INFO  <Transformacion Fact_Evaluacion_Servicio - Entrada Tabla recomienda> [C:\Users\niebl\OneDrive\Escritorio\Semestre\Inteligecia de Negocio\Proyecto Fase 2\BIProyecto\ETL\Transformacion Fact_Evaluacion_Servicio.ktr]  Finished reading query, closing connection
2024-07-24 14:01:07.841 INFO  <Transformacion Fact_Evaluacion_Servicio - Entrada Tabla recomienda> [C:\Users\niebl\OneDrive\Escritorio\Semestre\Inteligecia de Negocio\Proyecto Fase 2\BIProyecto\ETL\Transformacion Fact_Evaluacion_Servicio.ktr]  Procesamiento finalizado (I=0, O=0, R=0, W=0, U=0, E=1)
2024-07-24 14:01:07.841 WARN  <Transformacion Fact_Evaluacion_Servicio - Entrada Tabla recomienda> [C:\Users\niebl\OneDrive\Escritorio\Semestre\Inteligecia de Negocio\Proyecto Fase 2\BIProyecto\ETL\Transformacion Fact_Evaluacion_Servicio.ktr]  Transformaci?n detectada 
2024-07-24 14:01:07.841 WARN  <Transformacion Fact_Evaluacion_Servicio - Entrada Tabla recomienda> [C:\Users\niebl\OneDrive\Escritorio\Semestre\Inteligecia de Negocio\Proyecto Fase 2\BIProyecto\ETL\Transformacion Fact_Evaluacion_Servicio.ktr]  Transformaci?n est? matando los otros pasos!
2024-07-24 14:01:07.848 INFO  <Transformacion Fact_Evaluacion_Servicio - Entrada Tabla dim producto> [C:\Users\niebl\OneDrive\Escritorio\Semestre\Inteligecia de Negocio\Proyecto Fase 2\BIProyecto\ETL\Transformacion Fact_Evaluacion_Servicio.ktr]  Finished reading query, closing connection
2024-07-24 14:01:07.849 INFO  <Transformacion Fact_Evaluacion_Servicio - Entrada Tabla dim evaluacion servicio> [C:\Users\niebl\OneDrive\Escritorio\Semestre\Inteligecia de Negocio\Proyecto Fase 2\BIProyecto\ETL\Transformacion Fact_Evaluacion_Servicio.ktr]  Finished reading query, closing connection
2024-07-24 14:01:07.850 INFO  <Transformacion Fact_Evaluacion_Servicio - Entrada Tabla dim producto> [C:\Users\niebl\OneDrive\Escritorio\Semestre\Inteligecia de Negocio\Proyecto Fase 2\BIProyecto\ETL\Transformacion Fact_Evaluacion_Servicio.ktr]  Procesamiento finalizado (I=2, O=0, R=0, W=0, U=0, E=0)
2024-07-24 14:01:07.852 INFO  <Transformacion Fact_Evaluacion_Servicio - Entrada Tabla dim evaluacion servicio> [C:\Users\niebl\OneDrive\Escritorio\Semestre\Inteligecia de Negocio\Proyecto Fase 2\BIProyecto\ETL\Transformacion Fact_Evaluacion_Servicio.ktr]  Procesamiento finalizado (I=2, O=0, R=0, W=0, U=0, E=0)
2024-07-24 14:01:07.857 INFO  <Transformacion Fact_Evaluacion_Servicio - Entrada Tabla dim cliente> [C:\Users\niebl\OneDrive\Escritorio\Semestre\Inteligecia de Negocio\Proyecto Fase 2\BIProyecto\ETL\Transformacion Fact_Evaluacion_Servicio.ktr]  Finished reading query, closing connection
2024-07-24 14:01:07.858 INFO  <Transformacion Fact_Evaluacion_Servicio - Entrada Tabla dim cliente> [C:\Users\niebl\OneDrive\Escritorio\Semestre\Inteligecia de Negocio\Proyecto Fase 2\BIProyecto\ETL\Transformacion Fact_Evaluacion_Servicio.ktr]  Procesamiento finalizado (I=2, O=0, R=0, W=0, U=0, E=0)
2024-07-24 14:01:08.244 ERROR <Transformacion Fact_Evaluacion_Servicio - Entrada Tabla dim producto> [C:\Users\niebl\OneDrive\Escritorio\Semestre\Inteligecia de Negocio\Proyecto Fase 2\BIProyecto\ETL\Transformacion Fact_Evaluacion_Servicio.ktr]  Errores detectados!
2024-07-24 14:01:08.245 ERROR <Transformacion Fact_Evaluacion_Servicio - Entrada Tabla dim producto> [C:\Users\niebl\OneDrive\Escritorio\Semestre\Inteligecia de Negocio\Proyecto Fase 2\BIProyecto\ETL\Transformacion Fact_Evaluacion_Servicio.ktr]  Errores detectados!
2024-07-24 14:01:08.285 ERROR <Transformacion Fact_Evaluacion_Servicio - Entrada Tabla dim producto> [C:\Users\niebl\OneDrive\Escritorio\Semestre\Inteligecia de Negocio\Proyecto Fase 2\BIProyecto\ETL\Transformacion Fact_Evaluacion_Servicio.ktr]  Errores detectados!
2024-07-24 14:01:54.490 INFO  <Thread-85> [C:\Users\niebl\OneDrive\Escritorio\Semestre\Inteligecia de Negocio\Proyecto Fase 2\BIProyecto\ETL\Transformacion Fact_Evaluacion_Servicio.ktr]  Iniciado despacho de la transformaci?n [Transformacion Fact_Evaluacion_Servicio]
2024-07-24 14:01:54.667 ERROR <Transformacion Fact_Evaluacion_Servicio - Entrada Tabla recomienda> [C:\Users\niebl\OneDrive\Escritorio\Semestre\Inteligecia de Negocio\Proyecto Fase 2\BIProyecto\ETL\Transformacion Fact_Evaluacion_Servicio.ktr]  Error desconocido
2024-07-24 14:01:54.668 ERROR <Transformacion Fact_Evaluacion_Servicio - Entrada Tabla recomienda> [C:\Users\niebl\OneDrive\Escritorio\Semestre\Inteligecia de Negocio\Proyecto Fase 2\BIProyecto\ETL\Transformacion Fact_Evaluacion_Servicio.ktr]  org.pentaho.di.core.exception.KettleDatabaseException: 
An error occurred executing SQL: 
SELECT
  cod_cliente
, cod_evaluacion_servicio
, cod_producto
, recomienda_amigo
FROM seguro_g26473471.recomienda

ERROR: permiso denegado a la tabla recomienda

	at org.pentaho.di.core.database.Database.openQuery(Database.java:1776)
	at org.pentaho.di.trans.steps.tableinput.TableInput.doQuery(TableInput.java:242)
	at org.pentaho.di.trans.steps.tableinput.TableInput.processRow(TableInput.java:143)
	at org.pentaho.di.trans.step.RunThread.run(RunThread.java:62)
	at java.lang.Thread.run(Thread.java:748)
Caused by: org.postgresql.util.PSQLException: ERROR: permiso denegado a la tabla recomienda
	at org.postgresql.core.v3.QueryExecutorImpl.receiveErrorResponse(QueryExecutorImpl.java:2552)
	at org.postgresql.core.v3.QueryExecutorImpl.processResults(QueryExecutorImpl.java:2284)
	at org.postgresql.core.v3.QueryExecutorImpl.execute(QueryExecutorImpl.java:322)
	at org.postgresql.jdbc.PgStatement.executeInternal(PgStatement.java:481)
	at org.postgresql.jdbc.PgStatement.execute(PgStatement.java:401)
	at org.postgresql.jdbc.PgStatement.executeWithFlags(PgStatement.java:322)
	at org.postgresql.jdbc.PgStatement.executeCachedSql(PgStatement.java:308)
	at org.postgresql.jdbc.PgStatement.executeWithFlags(PgStatement.java:284)
	at org.postgresql.jdbc.PgStatement.executeQuery(PgStatement.java:236)
	at org.pentaho.di.core.database.Database.openQuery(Database.java:1765)
	... 4 more

2024-07-24 14:01:54.668 INFO  <Transformacion Fact_Evaluacion_Servicio - Entrada Tabla recomienda> [C:\Users\niebl\OneDrive\Escritorio\Semestre\Inteligecia de Negocio\Proyecto Fase 2\BIProyecto\ETL\Transformacion Fact_Evaluacion_Servicio.ktr]  Finished reading query, closing connection
2024-07-24 14:01:54.670 INFO  <Transformacion Fact_Evaluacion_Servicio - Entrada Tabla recomienda> [C:\Users\niebl\OneDrive\Escritorio\Semestre\Inteligecia de Negocio\Proyecto Fase 2\BIProyecto\ETL\Transformacion Fact_Evaluacion_Servicio.ktr]  Procesamiento finalizado (I=0, O=0, R=0, W=0, U=0, E=1)
2024-07-24 14:01:54.671 WARN  <Transformacion Fact_Evaluacion_Servicio - Entrada Tabla recomienda> [C:\Users\niebl\OneDrive\Escritorio\Semestre\Inteligecia de Negocio\Proyecto Fase 2\BIProyecto\ETL\Transformacion Fact_Evaluacion_Servicio.ktr]  Transformaci?n detectada 
2024-07-24 14:01:54.671 WARN  <Transformacion Fact_Evaluacion_Servicio - Entrada Tabla recomienda> [C:\Users\niebl\OneDrive\Escritorio\Semestre\Inteligecia de Negocio\Proyecto Fase 2\BIProyecto\ETL\Transformacion Fact_Evaluacion_Servicio.ktr]  Transformaci?n est? matando los otros pasos!
2024-07-24 14:01:54.671 INFO  <Transformacion Fact_Evaluacion_Servicio - Entrada Tabla dim cliente> [C:\Users\niebl\OneDrive\Escritorio\Semestre\Inteligecia de Negocio\Proyecto Fase 2\BIProyecto\ETL\Transformacion Fact_Evaluacion_Servicio.ktr]  Finished reading query, closing connection
2024-07-24 14:01:54.694 INFO  <Transformacion Fact_Evaluacion_Servicio - Entrada Tabla dim evaluacion servicio> [C:\Users\niebl\OneDrive\Escritorio\Semestre\Inteligecia de Negocio\Proyecto Fase 2\BIProyecto\ETL\Transformacion Fact_Evaluacion_Servicio.ktr]  Finished reading query, closing connection
2024-07-24 14:01:54.695 INFO  <Transformacion Fact_Evaluacion_Servicio - Entrada Tabla dim cliente> [C:\Users\niebl\OneDrive\Escritorio\Semestre\Inteligecia de Negocio\Proyecto Fase 2\BIProyecto\ETL\Transformacion Fact_Evaluacion_Servicio.ktr]  Procesamiento finalizado (I=2, O=0, R=0, W=0, U=0, E=0)
2024-07-24 14:01:54.695 INFO  <Transformacion Fact_Evaluacion_Servicio - Entrada Tabla dim producto> [C:\Users\niebl\OneDrive\Escritorio\Semestre\Inteligecia de Negocio\Proyecto Fase 2\BIProyecto\ETL\Transformacion Fact_Evaluacion_Servicio.ktr]  Finished reading query, closing connection
2024-07-24 14:01:54.696 INFO  <Transformacion Fact_Evaluacion_Servicio - Entrada Tabla dim evaluacion servicio> [C:\Users\niebl\OneDrive\Escritorio\Semestre\Inteligecia de Negocio\Proyecto Fase 2\BIProyecto\ETL\Transformacion Fact_Evaluacion_Servicio.ktr]  Procesamiento finalizado (I=2, O=0, R=0, W=0, U=0, E=0)
2024-07-24 14:01:54.697 INFO  <Transformacion Fact_Evaluacion_Servicio - Entrada Tabla dim producto> [C:\Users\niebl\OneDrive\Escritorio\Semestre\Inteligecia de Negocio\Proyecto Fase 2\BIProyecto\ETL\Transformacion Fact_Evaluacion_Servicio.ktr]  Procesamiento finalizado (I=2, O=0, R=0, W=0, U=0, E=0)
2024-07-24 14:01:55.071 ERROR <Transformacion Fact_Evaluacion_Servicio - Ordenar filas 2 evaluacion servicio> [C:\Users\niebl\OneDrive\Escritorio\Semestre\Inteligecia de Negocio\Proyecto Fase 2\BIProyecto\ETL\Transformacion Fact_Evaluacion_Servicio.ktr]  Errores detectados!
2024-07-24 14:01:55.072 ERROR <Transformacion Fact_Evaluacion_Servicio - Ordenar filas 2 evaluacion servicio> [C:\Users\niebl\OneDrive\Escritorio\Semestre\Inteligecia de Negocio\Proyecto Fase 2\BIProyecto\ETL\Transformacion Fact_Evaluacion_Servicio.ktr]  Errores detectados!
2024-07-24 14:01:55.084 ERROR <Transformacion Fact_Evaluacion_Servicio - Ordenar filas 2 evaluacion servicio> [C:\Users\niebl\OneDrive\Escritorio\Semestre\Inteligecia de Negocio\Proyecto Fase 2\BIProyecto\ETL\Transformacion Fact_Evaluacion_Servicio.ktr]  Errores detectados!
2024-07-24 14:02:55.612 INFO  <ModalContext> [C:\Users\niebl\OneDrive\Escritorio\Semestre\Inteligecia de Negocio\Proyecto Fase 2\BIProyecto\ETL\Transformacion Fact_Evaluacion_Servicio.ktr : Transformacion Fact_Evaluacion_Servicio.ktr]  Iniciado despacho de la transformaci?n [C:\Users\niebl\OneDrive\Escritorio\Semestre\Inteligecia de Negocio\Proyecto Fase 2\BIProyecto\ETL\Transformacion Fact_Evaluacion_Servicio.ktr : Transformacion Fact_Evaluacion_Servicio]
2024-07-24 14:02:55.687 ERROR <C:\Users\niebl\OneDrive\Escritorio\Semestre\Inteligecia de Negocio\Proyecto Fase 2\BIProyecto\ETL\Transformacion Fact_Evaluacion_Servicio.ktr : Transformacion Fact_Evaluacion_Servicio - Entrada Tabla recomienda> [C:\Users\niebl\OneDrive\Escritorio\Semestre\Inteligecia de Negocio\Proyecto Fase 2\BIProyecto\ETL\Transformacion Fact_Evaluacion_Servicio.ktr : Transformacion Fact_Evaluacion_Servicio.ktr]  Error desconocido
2024-07-24 14:02:55.687 ERROR <C:\Users\niebl\OneDrive\Escritorio\Semestre\Inteligecia de Negocio\Proyecto Fase 2\BIProyecto\ETL\Transformacion Fact_Evaluacion_Servicio.ktr : Transformacion Fact_Evaluacion_Servicio - Entrada Tabla recomienda> [C:\Users\niebl\OneDrive\Escritorio\Semestre\Inteligecia de Negocio\Proyecto Fase 2\BIProyecto\ETL\Transformacion Fact_Evaluacion_Servicio.ktr : Transformacion Fact_Evaluacion_Servicio.ktr]  org.pentaho.di.core.exception.KettleDatabaseException: 
An error occurred executing SQL: 
SELECT
  cod_cliente
, cod_evaluacion_servicio
, cod_producto
, recomienda_amigo
FROM seguro_g26473471.recomienda

ERROR: permiso denegado a la tabla recomienda

	at org.pentaho.di.core.database.Database.openQuery(Database.java:1776)
	at org.pentaho.di.trans.steps.tableinput.TableInput.doQuery(TableInput.java:242)
	at org.pentaho.di.trans.steps.tableinput.TableInput.processRow(TableInput.java:143)
	at org.pentaho.di.trans.step.RunThread.run(RunThread.java:62)
	at java.lang.Thread.run(Thread.java:748)
Caused by: org.postgresql.util.PSQLException: ERROR: permiso denegado a la tabla recomienda
	at org.postgresql.core.v3.QueryExecutorImpl.receiveErrorResponse(QueryExecutorImpl.java:2552)
	at org.postgresql.core.v3.QueryExecutorImpl.processResults(QueryExecutorImpl.java:2284)
	at org.postgresql.core.v3.QueryExecutorImpl.execute(QueryExecutorImpl.java:322)
	at org.postgresql.jdbc.PgStatement.executeInternal(PgStatement.java:481)
	at org.postgresql.jdbc.PgStatement.execute(PgStatement.java:401)
	at org.postgresql.jdbc.PgStatement.executeWithFlags(PgStatement.java:322)
	at org.postgresql.jdbc.PgStatement.executeCachedSql(PgStatement.java:308)
	at org.postgresql.jdbc.PgStatement.executeWithFlags(PgStatement.java:284)
	at org.postgresql.jdbc.PgStatement.executeQuery(PgStatement.java:236)
	at org.pentaho.di.core.database.Database.openQuery(Database.java:1765)
	... 4 more

2024-07-24 14:02:55.688 INFO  <C:\Users\niebl\OneDrive\Escritorio\Semestre\Inteligecia de Negocio\Proyecto Fase 2\BIProyecto\ETL\Transformacion Fact_Evaluacion_Servicio.ktr : Transformacion Fact_Evaluacion_Servicio - Entrada Tabla recomienda> [C:\Users\niebl\OneDrive\Escritorio\Semestre\Inteligecia de Negocio\Proyecto Fase 2\BIProyecto\ETL\Transformacion Fact_Evaluacion_Servicio.ktr : Transformacion Fact_Evaluacion_Servicio.ktr]  Finished reading query, closing connection
2024-07-24 14:02:55.689 INFO  <C:\Users\niebl\OneDrive\Escritorio\Semestre\Inteligecia de Negocio\Proyecto Fase 2\BIProyecto\ETL\Transformacion Fact_Evaluacion_Servicio.ktr : Transformacion Fact_Evaluacion_Servicio - Entrada Tabla recomienda> [C:\Users\niebl\OneDrive\Escritorio\Semestre\Inteligecia de Negocio\Proyecto Fase 2\BIProyecto\ETL\Transformacion Fact_Evaluacion_Servicio.ktr : Transformacion Fact_Evaluacion_Servicio.ktr]  Procesamiento finalizado (I=0, O=0, R=0, W=0, U=0, E=1)
2024-07-24 14:02:55.690 WARN  <C:\Users\niebl\OneDrive\Escritorio\Semestre\Inteligecia de Negocio\Proyecto Fase 2\BIProyecto\ETL\Transformacion Fact_Evaluacion_Servicio.ktr : Transformacion Fact_Evaluacion_Servicio - Entrada Tabla recomienda> [C:\Users\niebl\OneDrive\Escritorio\Semestre\Inteligecia de Negocio\Proyecto Fase 2\BIProyecto\ETL\Transformacion Fact_Evaluacion_Servicio.ktr : Transformacion Fact_Evaluacion_Servicio.ktr]  Transformaci?n detectada 
2024-07-24 14:02:55.691 WARN  <C:\Users\niebl\OneDrive\Escritorio\Semestre\Inteligecia de Negocio\Proyecto Fase 2\BIProyecto\ETL\Transformacion Fact_Evaluacion_Servicio.ktr : Transformacion Fact_Evaluacion_Servicio - Entrada Tabla recomienda> [C:\Users\niebl\OneDrive\Escritorio\Semestre\Inteligecia de Negocio\Proyecto Fase 2\BIProyecto\ETL\Transformacion Fact_Evaluacion_Servicio.ktr : Transformacion Fact_Evaluacion_Servicio.ktr]  Transformaci?n est? matando los otros pasos!
2024-07-24 14:03:28.419 INFO  <ModalContext> [C:\Users\niebl\OneDrive\Escritorio\Semestre\Inteligecia de Negocio\Proyecto Fase 2\BIProyecto\ETL\Transformacion Fact_Evaluacion_Servicio.ktr : Transformacion Fact_Evaluacion_Servicio.ktr]  Iniciado despacho de la transformaci?n [C:\Users\niebl\OneDrive\Escritorio\Semestre\Inteligecia de Negocio\Proyecto Fase 2\BIProyecto\ETL\Transformacion Fact_Evaluacion_Servicio.ktr : Transformacion Fact_Evaluacion_Servicio]
2024-07-24 14:03:28.504 INFO  <C:\Users\niebl\OneDrive\Escritorio\Semestre\Inteligecia de Negocio\Proyecto Fase 2\BIProyecto\ETL\Transformacion Fact_Evaluacion_Servicio.ktr : Transformacion Fact_Evaluacion_Servicio - Entrada Tabla recomienda> [C:\Users\niebl\OneDrive\Escritorio\Semestre\Inteligecia de Negocio\Proyecto Fase 2\BIProyecto\ETL\Transformacion Fact_Evaluacion_Servicio.ktr : Transformacion Fact_Evaluacion_Servicio.ktr]  Finished reading query, closing connection
2024-07-24 14:03:28.505 INFO  <C:\Users\niebl\OneDrive\Escritorio\Semestre\Inteligecia de Negocio\Proyecto Fase 2\BIProyecto\ETL\Transformacion Fact_Evaluacion_Servicio.ktr : Transformacion Fact_Evaluacion_Servicio - Entrada Tabla recomienda> [C:\Users\niebl\OneDrive\Escritorio\Semestre\Inteligecia de Negocio\Proyecto Fase 2\BIProyecto\ETL\Transformacion Fact_Evaluacion_Servicio.ktr : Transformacion Fact_Evaluacion_Servicio.ktr]  Procesamiento finalizado (I=118, O=0, R=0, W=118, U=0, E=0)
2024-07-24 14:03:28.539 INFO  <C:\Users\niebl\OneDrive\Escritorio\Semestre\Inteligecia de Negocio\Proyecto Fase 2\BIProyecto\ETL\Transformacion Fact_Evaluacion_Servicio.ktr : Transformacion Fact_Evaluacion_Servicio - dummy> [C:\Users\niebl\OneDrive\Escritorio\Semestre\Inteligecia de Negocio\Proyecto Fase 2\BIProyecto\ETL\Transformacion Fact_Evaluacion_Servicio.ktr : Transformacion Fact_Evaluacion_Servicio.ktr]  Procesamiento finalizado (I=0, O=0, R=118, W=118, U=0, E=0)
2024-07-24 14:03:38.210 INFO  <Thread-124> [C:\Users\niebl\OneDrive\Escritorio\Semestre\Inteligecia de Negocio\Proyecto Fase 2\BIProyecto\ETL\Transformacion Fact_Evaluacion_Servicio.ktr]  Iniciado despacho de la transformaci?n [Transformacion Fact_Evaluacion_Servicio]
2024-07-24 14:03:38.360 INFO  <Transformacion Fact_Evaluacion_Servicio - Entrada Tabla dim producto> [C:\Users\niebl\OneDrive\Escritorio\Semestre\Inteligecia de Negocio\Proyecto Fase 2\BIProyecto\ETL\Transformacion Fact_Evaluacion_Servicio.ktr]  Finished reading query, closing connection
2024-07-24 14:03:38.363 INFO  <Transformacion Fact_Evaluacion_Servicio - Entrada Tabla recomienda> [C:\Users\niebl\OneDrive\Escritorio\Semestre\Inteligecia de Negocio\Proyecto Fase 2\BIProyecto\ETL\Transformacion Fact_Evaluacion_Servicio.ktr]  Finished reading query, closing connection
2024-07-24 14:03:38.365 INFO  <Transformacion Fact_Evaluacion_Servicio - Entrada Tabla dim evaluacion servicio> [C:\Users\niebl\OneDrive\Escritorio\Semestre\Inteligecia de Negocio\Proyecto Fase 2\BIProyecto\ETL\Transformacion Fact_Evaluacion_Servicio.ktr]  Finished reading query, closing connection
2024-07-24 14:03:38.367 INFO  <Transformacion Fact_Evaluacion_Servicio - Ordenar filas cod_producto> [C:\Users\niebl\OneDrive\Escritorio\Semestre\Inteligecia de Negocio\Proyecto Fase 2\BIProyecto\ETL\Transformacion Fact_Evaluacion_Servicio.ktr]  Procesamiento finalizado (I=0, O=0, R=30, W=30, U=0, E=0)
2024-07-24 14:03:38.369 INFO  <Transformacion Fact_Evaluacion_Servicio - Entrada Tabla recomienda> [C:\Users\niebl\OneDrive\Escritorio\Semestre\Inteligecia de Negocio\Proyecto Fase 2\BIProyecto\ETL\Transformacion Fact_Evaluacion_Servicio.ktr]  Procesamiento finalizado (I=118, O=0, R=0, W=118, U=0, E=0)
2024-07-24 14:03:38.370 INFO  <Transformacion Fact_Evaluacion_Servicio - Entrada Tabla dim evaluacion servicio> [C:\Users\niebl\OneDrive\Escritorio\Semestre\Inteligecia de Negocio\Proyecto Fase 2\BIProyecto\ETL\Transformacion Fact_Evaluacion_Servicio.ktr]  Procesamiento finalizado (I=6, O=0, R=0, W=6, U=0, E=0)
2024-07-24 14:03:38.370 INFO  <Transformacion Fact_Evaluacion_Servicio - Entrada Tabla dim producto> [C:\Users\niebl\OneDrive\Escritorio\Semestre\Inteligecia de Negocio\Proyecto Fase 2\BIProyecto\ETL\Transformacion Fact_Evaluacion_Servicio.ktr]  Procesamiento finalizado (I=30, O=0, R=0, W=30, U=0, E=0)
2024-07-24 14:03:38.380 INFO  <Transformacion Fact_Evaluacion_Servicio - Entrada Tabla dim cliente> [C:\Users\niebl\OneDrive\Escritorio\Semestre\Inteligecia de Negocio\Proyecto Fase 2\BIProyecto\ETL\Transformacion Fact_Evaluacion_Servicio.ktr]  Finished reading query, closing connection
2024-07-24 14:03:38.382 INFO  <Transformacion Fact_Evaluacion_Servicio - Entrada Tabla dim cliente> [C:\Users\niebl\OneDrive\Escritorio\Semestre\Inteligecia de Negocio\Proyecto Fase 2\BIProyecto\ETL\Transformacion Fact_Evaluacion_Servicio.ktr]  Procesamiento finalizado (I=300, O=0, R=0, W=300, U=0, E=0)
2024-07-24 14:03:38.398 INFO  <Transformacion Fact_Evaluacion_Servicio - Ordenar filas 2 evaluacion servicio> [C:\Users\niebl\OneDrive\Escritorio\Semestre\Inteligecia de Negocio\Proyecto Fase 2\BIProyecto\ETL\Transformacion Fact_Evaluacion_Servicio.ktr]  Procesamiento finalizado (I=0, O=0, R=6, W=6, U=0, E=0)
2024-07-24 14:03:38.403 INFO  <Transformacion Fact_Evaluacion_Servicio - Ordenar filas codigo producto> [C:\Users\niebl\OneDrive\Escritorio\Semestre\Inteligecia de Negocio\Proyecto Fase 2\BIProyecto\ETL\Transformacion Fact_Evaluacion_Servicio.ktr]  Procesamiento finalizado (I=0, O=0, R=118, W=118, U=0, E=0)
2024-07-24 14:03:38.418 INFO  <Transformacion Fact_Evaluacion_Servicio - Ordenar filas cod_cliente> [C:\Users\niebl\OneDrive\Escritorio\Semestre\Inteligecia de Negocio\Proyecto Fase 2\BIProyecto\ETL\Transformacion Fact_Evaluacion_Servicio.ktr]  Procesamiento finalizado (I=0, O=0, R=300, W=300, U=0, E=0)
2024-07-24 14:03:38.761 INFO  <Transformacion Fact_Evaluacion_Servicio - Unión por clave codigo pruducto> [C:\Users\niebl\OneDrive\Escritorio\Semestre\Inteligecia de Negocio\Proyecto Fase 2\BIProyecto\ETL\Transformacion Fact_Evaluacion_Servicio.ktr]  Procesamiento finalizado (I=0, O=0, R=148, W=118, U=0, E=0)
2024-07-24 14:03:38.793 INFO  <Transformacion Fact_Evaluacion_Servicio - Ordenar filas codigo cliente> [C:\Users\niebl\OneDrive\Escritorio\Semestre\Inteligecia de Negocio\Proyecto Fase 2\BIProyecto\ETL\Transformacion Fact_Evaluacion_Servicio.ktr]  Procesamiento finalizado (I=0, O=0, R=118, W=118, U=0, E=0)
2024-07-24 14:03:39.133 INFO  <Transformacion Fact_Evaluacion_Servicio - Unión por clave codigo cliente> [C:\Users\niebl\OneDrive\Escritorio\Semestre\Inteligecia de Negocio\Proyecto Fase 2\BIProyecto\ETL\Transformacion Fact_Evaluacion_Servicio.ktr]  Procesamiento finalizado (I=0, O=0, R=418, W=118, U=0, E=0)
2024-07-24 14:03:39.166 INFO  <Transformacion Fact_Evaluacion_Servicio - Ordenar filas codigo evaluacion servicio> [C:\Users\niebl\OneDrive\Escritorio\Semestre\Inteligecia de Negocio\Proyecto Fase 2\BIProyecto\ETL\Transformacion Fact_Evaluacion_Servicio.ktr]  Procesamiento finalizado (I=0, O=0, R=118, W=118, U=0, E=0)
2024-07-24 14:03:39.542 INFO  <Transformacion Fact_Evaluacion_Servicio - Unión por clave evaluacion servicio> [C:\Users\niebl\OneDrive\Escritorio\Semestre\Inteligecia de Negocio\Proyecto Fase 2\BIProyecto\ETL\Transformacion Fact_Evaluacion_Servicio.ktr]  Procesamiento finalizado (I=0, O=0, R=124, W=118, U=0, E=0)
2024-07-24 14:05:08.966 INFO  <Thread-162> [C:\Users\niebl\OneDrive\Escritorio\Semestre\Inteligecia de Negocio\Proyecto Fase 2\BIProyecto\ETL\Transformacion Fact_Evaluacion_Servicio.ktr]  Iniciado despacho de la transformaci?n [Transformacion Fact_Evaluacion_Servicio]
2024-07-24 14:05:09.111 INFO  <Transformacion Fact_Evaluacion_Servicio - Entrada Tabla dim evaluacion servicio> [C:\Users\niebl\OneDrive\Escritorio\Semestre\Inteligecia de Negocio\Proyecto Fase 2\BIProyecto\ETL\Transformacion Fact_Evaluacion_Servicio.ktr]  Finished reading query, closing connection
2024-07-24 14:05:09.112 INFO  <Transformacion Fact_Evaluacion_Servicio - Entrada Tabla dim producto> [C:\Users\niebl\OneDrive\Escritorio\Semestre\Inteligecia de Negocio\Proyecto Fase 2\BIProyecto\ETL\Transformacion Fact_Evaluacion_Servicio.ktr]  Finished reading query, closing connection
2024-07-24 14:05:09.113 INFO  <Transformacion Fact_Evaluacion_Servicio - Entrada Tabla recomienda> [C:\Users\niebl\OneDrive\Escritorio\Semestre\Inteligecia de Negocio\Proyecto Fase 2\BIProyecto\ETL\Transformacion Fact_Evaluacion_Servicio.ktr]  Finished reading query, closing connection
2024-07-24 14:05:09.115 INFO  <Transformacion Fact_Evaluacion_Servicio - Entrada Tabla recomienda> [C:\Users\niebl\OneDrive\Escritorio\Semestre\Inteligecia de Negocio\Proyecto Fase 2\BIProyecto\ETL\Transformacion Fact_Evaluacion_Servicio.ktr]  Procesamiento finalizado (I=118, O=0, R=0, W=118, U=0, E=0)
2024-07-24 14:05:09.117 INFO  <Transformacion Fact_Evaluacion_Servicio - Entrada Tabla dim evaluacion servicio> [C:\Users\niebl\OneDrive\Escritorio\Semestre\Inteligecia de Negocio\Proyecto Fase 2\BIProyecto\ETL\Transformacion Fact_Evaluacion_Servicio.ktr]  Procesamiento finalizado (I=6, O=0, R=0, W=6, U=0, E=0)
2024-07-24 14:05:09.117 INFO  <Transformacion Fact_Evaluacion_Servicio - Entrada Tabla dim producto> [C:\Users\niebl\OneDrive\Escritorio\Semestre\Inteligecia de Negocio\Proyecto Fase 2\BIProyecto\ETL\Transformacion Fact_Evaluacion_Servicio.ktr]  Procesamiento finalizado (I=30, O=0, R=0, W=30, U=0, E=0)
2024-07-24 14:05:09.118 INFO  <Transformacion Fact_Evaluacion_Servicio - Ordenar filas 2 evaluacion servicio> [C:\Users\niebl\OneDrive\Escritorio\Semestre\Inteligecia de Negocio\Proyecto Fase 2\BIProyecto\ETL\Transformacion Fact_Evaluacion_Servicio.ktr]  Procesamiento finalizado (I=0, O=0, R=6, W=6, U=0, E=0)
2024-07-24 14:05:09.119 INFO  <Transformacion Fact_Evaluacion_Servicio - Entrada Tabla dim cliente> [C:\Users\niebl\OneDrive\Escritorio\Semestre\Inteligecia de Negocio\Proyecto Fase 2\BIProyecto\ETL\Transformacion Fact_Evaluacion_Servicio.ktr]  Finished reading query, closing connection
2024-07-24 14:05:09.120 INFO  <Transformacion Fact_Evaluacion_Servicio - Ordenar filas codigo producto> [C:\Users\niebl\OneDrive\Escritorio\Semestre\Inteligecia de Negocio\Proyecto Fase 2\BIProyecto\ETL\Transformacion Fact_Evaluacion_Servicio.ktr]  Procesamiento finalizado (I=0, O=0, R=118, W=118, U=0, E=0)
2024-07-24 14:05:09.122 INFO  <Transformacion Fact_Evaluacion_Servicio - Entrada Tabla dim cliente> [C:\Users\niebl\OneDrive\Escritorio\Semestre\Inteligecia de Negocio\Proyecto Fase 2\BIProyecto\ETL\Transformacion Fact_Evaluacion_Servicio.ktr]  Procesamiento finalizado (I=300, O=0, R=0, W=300, U=0, E=0)
2024-07-24 14:05:09.132 INFO  <Transformacion Fact_Evaluacion_Servicio - Ordenar filas cod_producto> [C:\Users\niebl\OneDrive\Escritorio\Semestre\Inteligecia de Negocio\Proyecto Fase 2\BIProyecto\ETL\Transformacion Fact_Evaluacion_Servicio.ktr]  Procesamiento finalizado (I=0, O=0, R=30, W=30, U=0, E=0)
2024-07-24 14:05:09.148 INFO  <Transformacion Fact_Evaluacion_Servicio - Ordenar filas cod_cliente> [C:\Users\niebl\OneDrive\Escritorio\Semestre\Inteligecia de Negocio\Proyecto Fase 2\BIProyecto\ETL\Transformacion Fact_Evaluacion_Servicio.ktr]  Procesamiento finalizado (I=0, O=0, R=300, W=300, U=0, E=0)
2024-07-24 14:05:09.492 INFO  <Transformacion Fact_Evaluacion_Servicio - Unión por clave codigo pruducto> [C:\Users\niebl\OneDrive\Escritorio\Semestre\Inteligecia de Negocio\Proyecto Fase 2\BIProyecto\ETL\Transformacion Fact_Evaluacion_Servicio.ktr]  Procesamiento finalizado (I=0, O=0, R=148, W=118, U=0, E=0)
2024-07-24 14:05:09.524 INFO  <Transformacion Fact_Evaluacion_Servicio - Ordenar filas codigo cliente> [C:\Users\niebl\OneDrive\Escritorio\Semestre\Inteligecia de Negocio\Proyecto Fase 2\BIProyecto\ETL\Transformacion Fact_Evaluacion_Servicio.ktr]  Procesamiento finalizado (I=0, O=0, R=118, W=118, U=0, E=0)
2024-07-24 14:05:09.867 INFO  <Transformacion Fact_Evaluacion_Servicio - Unión por clave codigo cliente> [C:\Users\niebl\OneDrive\Escritorio\Semestre\Inteligecia de Negocio\Proyecto Fase 2\BIProyecto\ETL\Transformacion Fact_Evaluacion_Servicio.ktr]  Procesamiento finalizado (I=0, O=0, R=418, W=118, U=0, E=0)
2024-07-24 14:05:09.899 INFO  <Transformacion Fact_Evaluacion_Servicio - Ordenar filas codigo evaluacion servicio> [C:\Users\niebl\OneDrive\Escritorio\Semestre\Inteligecia de Negocio\Proyecto Fase 2\BIProyecto\ETL\Transformacion Fact_Evaluacion_Servicio.ktr]  Procesamiento finalizado (I=0, O=0, R=118, W=118, U=0, E=0)
2024-07-24 14:05:10.271 INFO  <Transformacion Fact_Evaluacion_Servicio - Unión por clave evaluacion servicio> [C:\Users\niebl\OneDrive\Escritorio\Semestre\Inteligecia de Negocio\Proyecto Fase 2\BIProyecto\ETL\Transformacion Fact_Evaluacion_Servicio.ktr]  Procesamiento finalizado (I=0, O=0, R=124, W=118, U=0, E=0)
2024-07-24 14:06:59.743 INFO  <Thread-21> [C:\Users\niebl\OneDrive\Escritorio\Semestre\Inteligecia de Negocio\Proyecto Fase 2\BIProyecto\ETL\Transformacion Fact_Evaluacion_Servicio.ktr]  Iniciado despacho de la transformaci?n [Transformacion Fact_Evaluacion_Servicio]
2024-07-24 14:07:00.843 INFO  <Transformacion Fact_Evaluacion_Servicio - Entrada Tabla dim evaluacion servicio> [C:\Users\niebl\OneDrive\Escritorio\Semestre\Inteligecia de Negocio\Proyecto Fase 2\BIProyecto\ETL\Transformacion Fact_Evaluacion_Servicio.ktr]  Finished reading query, closing connection
2024-07-24 14:07:00.844 INFO  <Transformacion Fact_Evaluacion_Servicio - Entrada Tabla dim producto> [C:\Users\niebl\OneDrive\Escritorio\Semestre\Inteligecia de Negocio\Proyecto Fase 2\BIProyecto\ETL\Transformacion Fact_Evaluacion_Servicio.ktr]  Finished reading query, closing connection
2024-07-24 14:07:00.850 INFO  <Transformacion Fact_Evaluacion_Servicio - Entrada Tabla recomienda> [C:\Users\niebl\OneDrive\Escritorio\Semestre\Inteligecia de Negocio\Proyecto Fase 2\BIProyecto\ETL\Transformacion Fact_Evaluacion_Servicio.ktr]  Finished reading query, closing connection
2024-07-24 14:07:00.854 INFO  <Transformacion Fact_Evaluacion_Servicio - Entrada Tabla dim evaluacion servicio> [C:\Users\niebl\OneDrive\Escritorio\Semestre\Inteligecia de Negocio\Proyecto Fase 2\BIProyecto\ETL\Transformacion Fact_Evaluacion_Servicio.ktr]  Procesamiento finalizado (I=6, O=0, R=0, W=6, U=0, E=0)
2024-07-24 14:07:00.854 INFO  <Transformacion Fact_Evaluacion_Servicio - Entrada Tabla recomienda> [C:\Users\niebl\OneDrive\Escritorio\Semestre\Inteligecia de Negocio\Proyecto Fase 2\BIProyecto\ETL\Transformacion Fact_Evaluacion_Servicio.ktr]  Procesamiento finalizado (I=118, O=0, R=0, W=118, U=0, E=0)
2024-07-24 14:07:00.855 INFO  <Transformacion Fact_Evaluacion_Servicio - Entrada Tabla dim producto> [C:\Users\niebl\OneDrive\Escritorio\Semestre\Inteligecia de Negocio\Proyecto Fase 2\BIProyecto\ETL\Transformacion Fact_Evaluacion_Servicio.ktr]  Procesamiento finalizado (I=30, O=0, R=0, W=30, U=0, E=0)
2024-07-24 14:07:00.858 INFO  <Transformacion Fact_Evaluacion_Servicio - Entrada Tabla dim cliente> [C:\Users\niebl\OneDrive\Escritorio\Semestre\Inteligecia de Negocio\Proyecto Fase 2\BIProyecto\ETL\Transformacion Fact_Evaluacion_Servicio.ktr]  Finished reading query, closing connection
2024-07-24 14:07:00.860 INFO  <Transformacion Fact_Evaluacion_Servicio - Entrada Tabla dim cliente> [C:\Users\niebl\OneDrive\Escritorio\Semestre\Inteligecia de Negocio\Proyecto Fase 2\BIProyecto\ETL\Transformacion Fact_Evaluacion_Servicio.ktr]  Procesamiento finalizado (I=300, O=0, R=0, W=300, U=0, E=0)
2024-07-24 14:07:00.868 INFO  <Transformacion Fact_Evaluacion_Servicio - Ordenar filas 2 evaluacion servicio> [C:\Users\niebl\OneDrive\Escritorio\Semestre\Inteligecia de Negocio\Proyecto Fase 2\BIProyecto\ETL\Transformacion Fact_Evaluacion_Servicio.ktr]  Procesamiento finalizado (I=0, O=0, R=6, W=6, U=0, E=0)
2024-07-24 14:07:00.868 INFO  <Transformacion Fact_Evaluacion_Servicio - Ordenar filas cod_producto> [C:\Users\niebl\OneDrive\Escritorio\Semestre\Inteligecia de Negocio\Proyecto Fase 2\BIProyecto\ETL\Transformacion Fact_Evaluacion_Servicio.ktr]  Procesamiento finalizado (I=0, O=0, R=30, W=30, U=0, E=0)
2024-07-24 14:07:00.888 INFO  <Transformacion Fact_Evaluacion_Servicio - Ordenar filas codigo producto> [C:\Users\niebl\OneDrive\Escritorio\Semestre\Inteligecia de Negocio\Proyecto Fase 2\BIProyecto\ETL\Transformacion Fact_Evaluacion_Servicio.ktr]  Procesamiento finalizado (I=0, O=0, R=118, W=118, U=0, E=0)
2024-07-24 14:07:00.890 INFO  <Transformacion Fact_Evaluacion_Servicio - Ordenar filas cod_cliente> [C:\Users\niebl\OneDrive\Escritorio\Semestre\Inteligecia de Negocio\Proyecto Fase 2\BIProyecto\ETL\Transformacion Fact_Evaluacion_Servicio.ktr]  Procesamiento finalizado (I=0, O=0, R=300, W=300, U=0, E=0)
2024-07-24 14:07:01.230 INFO  <Transformacion Fact_Evaluacion_Servicio - Unión por clave codigo pruducto> [C:\Users\niebl\OneDrive\Escritorio\Semestre\Inteligecia de Negocio\Proyecto Fase 2\BIProyecto\ETL\Transformacion Fact_Evaluacion_Servicio.ktr]  Procesamiento finalizado (I=0, O=0, R=148, W=118, U=0, E=0)
2024-07-24 14:07:01.260 INFO  <Transformacion Fact_Evaluacion_Servicio - Ordenar filas codigo cliente> [C:\Users\niebl\OneDrive\Escritorio\Semestre\Inteligecia de Negocio\Proyecto Fase 2\BIProyecto\ETL\Transformacion Fact_Evaluacion_Servicio.ktr]  Procesamiento finalizado (I=0, O=0, R=118, W=118, U=0, E=0)
2024-07-24 14:07:01.608 INFO  <Transformacion Fact_Evaluacion_Servicio - Unión por clave codigo cliente> [C:\Users\niebl\OneDrive\Escritorio\Semestre\Inteligecia de Negocio\Proyecto Fase 2\BIProyecto\ETL\Transformacion Fact_Evaluacion_Servicio.ktr]  Procesamiento finalizado (I=0, O=0, R=418, W=118, U=0, E=0)
2024-07-24 14:07:01.641 INFO  <Transformacion Fact_Evaluacion_Servicio - Ordenar filas codigo evaluacion servicio> [C:\Users\niebl\OneDrive\Escritorio\Semestre\Inteligecia de Negocio\Proyecto Fase 2\BIProyecto\ETL\Transformacion Fact_Evaluacion_Servicio.ktr]  Procesamiento finalizado (I=0, O=0, R=118, W=118, U=0, E=0)
2024-07-24 14:07:02.016 INFO  <Transformacion Fact_Evaluacion_Servicio - Unión por clave evaluacion servicio> [C:\Users\niebl\OneDrive\Escritorio\Semestre\Inteligecia de Negocio\Proyecto Fase 2\BIProyecto\ETL\Transformacion Fact_Evaluacion_Servicio.ktr]  Procesamiento finalizado (I=0, O=0, R=124, W=118, U=0, E=0)
2024-07-24 14:07:59.192 INFO  <ModalContext> [C:\Users\niebl\OneDrive\Escritorio\Semestre\Inteligecia de Negocio\Proyecto Fase 2\BIProyecto\ETL\Transformacion Fact_Evaluacion_Servicio.ktr : Transformacion Fact_Evaluacion_Servicio.ktr]  Iniciado despacho de la transformaci?n [C:\Users\niebl\OneDrive\Escritorio\Semestre\Inteligecia de Negocio\Proyecto Fase 2\BIProyecto\ETL\Transformacion Fact_Evaluacion_Servicio.ktr : Transformacion Fact_Evaluacion_Servicio]
2024-07-24 14:07:59.286 INFO  <C:\Users\niebl\OneDrive\Escritorio\Semestre\Inteligecia de Negocio\Proyecto Fase 2\BIProyecto\ETL\Transformacion Fact_Evaluacion_Servicio.ktr : Transformacion Fact_Evaluacion_Servicio - Entrada Tabla recomienda> [C:\Users\niebl\OneDrive\Escritorio\Semestre\Inteligecia de Negocio\Proyecto Fase 2\BIProyecto\ETL\Transformacion Fact_Evaluacion_Servicio.ktr : Transformacion Fact_Evaluacion_Servicio.ktr]  Finished reading query, closing connection
2024-07-24 14:07:59.287 INFO  <C:\Users\niebl\OneDrive\Escritorio\Semestre\Inteligecia de Negocio\Proyecto Fase 2\BIProyecto\ETL\Transformacion Fact_Evaluacion_Servicio.ktr : Transformacion Fact_Evaluacion_Servicio - Entrada Tabla recomienda> [C:\Users\niebl\OneDrive\Escritorio\Semestre\Inteligecia de Negocio\Proyecto Fase 2\BIProyecto\ETL\Transformacion Fact_Evaluacion_Servicio.ktr : Transformacion Fact_Evaluacion_Servicio.ktr]  Procesamiento finalizado (I=118, O=0, R=0, W=118, U=0, E=0)
2024-07-24 14:07:59.317 INFO  <C:\Users\niebl\OneDrive\Escritorio\Semestre\Inteligecia de Negocio\Proyecto Fase 2\BIProyecto\ETL\Transformacion Fact_Evaluacion_Servicio.ktr : Transformacion Fact_Evaluacion_Servicio - dummy> [C:\Users\niebl\OneDrive\Escritorio\Semestre\Inteligecia de Negocio\Proyecto Fase 2\BIProyecto\ETL\Transformacion Fact_Evaluacion_Servicio.ktr : Transformacion Fact_Evaluacion_Servicio.ktr]  Procesamiento finalizado (I=0, O=0, R=118, W=118, U=0, E=0)
2024-07-24 14:08:10.712 INFO  <Thread-60> [C:\Users\niebl\OneDrive\Escritorio\Semestre\Inteligecia de Negocio\Proyecto Fase 2\BIProyecto\ETL\Transformacion Fact_Evaluacion_Servicio.ktr]  Iniciado despacho de la transformaci?n [Transformacion Fact_Evaluacion_Servicio]
2024-07-24 14:08:10.957 INFO  <Transformacion Fact_Evaluacion_Servicio - Entrada Tabla dim evaluacion servicio> [C:\Users\niebl\OneDrive\Escritorio\Semestre\Inteligecia de Negocio\Proyecto Fase 2\BIProyecto\ETL\Transformacion Fact_Evaluacion_Servicio.ktr]  Finished reading query, closing connection
2024-07-24 14:08:10.959 INFO  <Transformacion Fact_Evaluacion_Servicio - Entrada Tabla dim cliente> [C:\Users\niebl\OneDrive\Escritorio\Semestre\Inteligecia de Negocio\Proyecto Fase 2\BIProyecto\ETL\Transformacion Fact_Evaluacion_Servicio.ktr]  Finished reading query, closing connection
2024-07-24 14:08:10.960 INFO  <Transformacion Fact_Evaluacion_Servicio - Entrada Tabla dim evaluacion servicio> [C:\Users\niebl\OneDrive\Escritorio\Semestre\Inteligecia de Negocio\Proyecto Fase 2\BIProyecto\ETL\Transformacion Fact_Evaluacion_Servicio.ktr]  Procesamiento finalizado (I=6, O=0, R=0, W=6, U=0, E=0)
2024-07-24 14:08:10.962 INFO  <Transformacion Fact_Evaluacion_Servicio - Entrada Tabla dim cliente> [C:\Users\niebl\OneDrive\Escritorio\Semestre\Inteligecia de Negocio\Proyecto Fase 2\BIProyecto\ETL\Transformacion Fact_Evaluacion_Servicio.ktr]  Procesamiento finalizado (I=300, O=0, R=0, W=300, U=0, E=0)
2024-07-24 14:08:10.963 INFO  <Transformacion Fact_Evaluacion_Servicio - Entrada Tabla recomienda> [C:\Users\niebl\OneDrive\Escritorio\Semestre\Inteligecia de Negocio\Proyecto Fase 2\BIProyecto\ETL\Transformacion Fact_Evaluacion_Servicio.ktr]  Finished reading query, closing connection
2024-07-24 14:08:10.965 INFO  <Transformacion Fact_Evaluacion_Servicio - Entrada Tabla recomienda> [C:\Users\niebl\OneDrive\Escritorio\Semestre\Inteligecia de Negocio\Proyecto Fase 2\BIProyecto\ETL\Transformacion Fact_Evaluacion_Servicio.ktr]  Procesamiento finalizado (I=118, O=0, R=0, W=118, U=0, E=0)
2024-07-24 14:08:10.965 INFO  <Transformacion Fact_Evaluacion_Servicio - Entrada Tabla dim producto> [C:\Users\niebl\OneDrive\Escritorio\Semestre\Inteligecia de Negocio\Proyecto Fase 2\BIProyecto\ETL\Transformacion Fact_Evaluacion_Servicio.ktr]  Finished reading query, closing connection
2024-07-24 14:08:10.969 INFO  <Transformacion Fact_Evaluacion_Servicio - Entrada Tabla dim producto> [C:\Users\niebl\OneDrive\Escritorio\Semestre\Inteligecia de Negocio\Proyecto Fase 2\BIProyecto\ETL\Transformacion Fact_Evaluacion_Servicio.ktr]  Procesamiento finalizado (I=30, O=0, R=0, W=30, U=0, E=0)
2024-07-24 14:08:10.981 INFO  <Transformacion Fact_Evaluacion_Servicio - Ordenar filas 2 evaluacion servicio> [C:\Users\niebl\OneDrive\Escritorio\Semestre\Inteligecia de Negocio\Proyecto Fase 2\BIProyecto\ETL\Transformacion Fact_Evaluacion_Servicio.ktr]  Procesamiento finalizado (I=0, O=0, R=6, W=6, U=0, E=0)
2024-07-24 14:08:10.983 INFO  <Transformacion Fact_Evaluacion_Servicio - Ordenar filas cod_cliente> [C:\Users\niebl\OneDrive\Escritorio\Semestre\Inteligecia de Negocio\Proyecto Fase 2\BIProyecto\ETL\Transformacion Fact_Evaluacion_Servicio.ktr]  Procesamiento finalizado (I=0, O=0, R=300, W=300, U=0, E=0)
2024-07-24 14:08:10.996 INFO  <Transformacion Fact_Evaluacion_Servicio - Ordenar filas cod_producto> [C:\Users\niebl\OneDrive\Escritorio\Semestre\Inteligecia de Negocio\Proyecto Fase 2\BIProyecto\ETL\Transformacion Fact_Evaluacion_Servicio.ktr]  Procesamiento finalizado (I=0, O=0, R=30, W=30, U=0, E=0)
2024-07-24 14:08:10.997 INFO  <Transformacion Fact_Evaluacion_Servicio - Ordenar filas codigo producto> [C:\Users\niebl\OneDrive\Escritorio\Semestre\Inteligecia de Negocio\Proyecto Fase 2\BIProyecto\ETL\Transformacion Fact_Evaluacion_Servicio.ktr]  Procesamiento finalizado (I=0, O=0, R=118, W=118, U=0, E=0)
2024-07-24 14:08:11.341 INFO  <Transformacion Fact_Evaluacion_Servicio - Unión por clave codigo pruducto> [C:\Users\niebl\OneDrive\Escritorio\Semestre\Inteligecia de Negocio\Proyecto Fase 2\BIProyecto\ETL\Transformacion Fact_Evaluacion_Servicio.ktr]  Procesamiento finalizado (I=0, O=0, R=148, W=118, U=0, E=0)
2024-07-24 14:08:11.372 INFO  <Transformacion Fact_Evaluacion_Servicio - Ordenar filas codigo cliente> [C:\Users\niebl\OneDrive\Escritorio\Semestre\Inteligecia de Negocio\Proyecto Fase 2\BIProyecto\ETL\Transformacion Fact_Evaluacion_Servicio.ktr]  Procesamiento finalizado (I=0, O=0, R=118, W=118, U=0, E=0)
2024-07-24 14:08:11.714 INFO  <Transformacion Fact_Evaluacion_Servicio - Unión por clave codigo cliente> [C:\Users\niebl\OneDrive\Escritorio\Semestre\Inteligecia de Negocio\Proyecto Fase 2\BIProyecto\ETL\Transformacion Fact_Evaluacion_Servicio.ktr]  Procesamiento finalizado (I=0, O=0, R=418, W=118, U=0, E=0)
2024-07-24 14:08:11.746 INFO  <Transformacion Fact_Evaluacion_Servicio - Ordenar filas codigo evaluacion servicio> [C:\Users\niebl\OneDrive\Escritorio\Semestre\Inteligecia de Negocio\Proyecto Fase 2\BIProyecto\ETL\Transformacion Fact_Evaluacion_Servicio.ktr]  Procesamiento finalizado (I=0, O=0, R=118, W=118, U=0, E=0)
2024-07-24 14:08:12.122 INFO  <Transformacion Fact_Evaluacion_Servicio - Unión por clave evaluacion servicio> [C:\Users\niebl\OneDrive\Escritorio\Semestre\Inteligecia de Negocio\Proyecto Fase 2\BIProyecto\ETL\Transformacion Fact_Evaluacion_Servicio.ktr]  Procesamiento finalizado (I=0, O=0, R=124, W=118, U=0, E=0)
2024-07-24 14:08:56.285 INFO  <ModalContext> [C:\Users\niebl\OneDrive\Escritorio\Semestre\Inteligecia de Negocio\Proyecto Fase 2\BIProyecto\ETL\Transformacion Fact_Evaluacion_Servicio.ktr : Transformacion Fact_Evaluacion_Servicio.ktr]  Iniciado despacho de la transformaci?n [C:\Users\niebl\OneDrive\Escritorio\Semestre\Inteligecia de Negocio\Proyecto Fase 2\BIProyecto\ETL\Transformacion Fact_Evaluacion_Servicio.ktr : Transformacion Fact_Evaluacion_Servicio]
2024-07-24 14:08:56.858 INFO  <C:\Users\niebl\OneDrive\Escritorio\Semestre\Inteligecia de Negocio\Proyecto Fase 2\BIProyecto\ETL\Transformacion Fact_Evaluacion_Servicio.ktr : Transformacion Fact_Evaluacion_Servicio - dummy> [C:\Users\niebl\OneDrive\Escritorio\Semestre\Inteligecia de Negocio\Proyecto Fase 2\BIProyecto\ETL\Transformacion Fact_Evaluacion_Servicio.ktr : Transformacion Fact_Evaluacion_Servicio.ktr]  Procesamiento finalizado (I=0, O=0, R=840, W=839, U=0, E=0)
2024-07-24 14:08:56.858 INFO  <C:\Users\niebl\OneDrive\Escritorio\Semestre\Inteligecia de Negocio\Proyecto Fase 2\BIProyecto\ETL\Transformacion Fact_Evaluacion_Servicio.ktr : Transformacion Fact_Evaluacion_Servicio - Entrada Tabla dim_tiempo> [C:\Users\niebl\OneDrive\Escritorio\Semestre\Inteligecia de Negocio\Proyecto Fase 2\BIProyecto\ETL\Transformacion Fact_Evaluacion_Servicio.ktr : Transformacion Fact_Evaluacion_Servicio.ktr]  Finished reading query, closing connection
2024-07-24 14:08:56.860 INFO  <C:\Users\niebl\OneDrive\Escritorio\Semestre\Inteligecia de Negocio\Proyecto Fase 2\BIProyecto\ETL\Transformacion Fact_Evaluacion_Servicio.ktr : Transformacion Fact_Evaluacion_Servicio - Entrada Tabla dim_tiempo> [C:\Users\niebl\OneDrive\Escritorio\Semestre\Inteligecia de Negocio\Proyecto Fase 2\BIProyecto\ETL\Transformacion Fact_Evaluacion_Servicio.ktr : Transformacion Fact_Evaluacion_Servicio.ktr]  Procesamiento finalizado (I=1003, O=0, R=0, W=1001, U=0, E=0)
2024-07-24 14:10:47.374 INFO  <Thread-103> [C:\Users\niebl\OneDrive\Escritorio\Semestre\Inteligecia de Negocio\Proyecto Fase 2\BIProyecto\ETL\Transformacion Fact_Evaluacion_Servicio.ktr]  Iniciado despacho de la transformaci?n [Transformacion Fact_Evaluacion_Servicio]
2024-07-24 14:10:47.555 INFO  <Transformacion Fact_Evaluacion_Servicio - Entrada Tabla dim evaluacion servicio> [C:\Users\niebl\OneDrive\Escritorio\Semestre\Inteligecia de Negocio\Proyecto Fase 2\BIProyecto\ETL\Transformacion Fact_Evaluacion_Servicio.ktr]  Finished reading query, closing connection
2024-07-24 14:10:47.569 INFO  <Transformacion Fact_Evaluacion_Servicio - Entrada Tabla dim producto> [C:\Users\niebl\OneDrive\Escritorio\Semestre\Inteligecia de Negocio\Proyecto Fase 2\BIProyecto\ETL\Transformacion Fact_Evaluacion_Servicio.ktr]  Finished reading query, closing connection
2024-07-24 14:10:47.571 INFO  <Transformacion Fact_Evaluacion_Servicio - Entrada Tabla recomienda> [C:\Users\niebl\OneDrive\Escritorio\Semestre\Inteligecia de Negocio\Proyecto Fase 2\BIProyecto\ETL\Transformacion Fact_Evaluacion_Servicio.ktr]  Finished reading query, closing connection
2024-07-24 14:10:47.572 INFO  <Transformacion Fact_Evaluacion_Servicio - Entrada Tabla dim producto> [C:\Users\niebl\OneDrive\Escritorio\Semestre\Inteligecia de Negocio\Proyecto Fase 2\BIProyecto\ETL\Transformacion Fact_Evaluacion_Servicio.ktr]  Procesamiento finalizado (I=30, O=0, R=0, W=30, U=0, E=0)
2024-07-24 14:10:47.573 INFO  <Transformacion Fact_Evaluacion_Servicio - Entrada Tabla dim cliente> [C:\Users\niebl\OneDrive\Escritorio\Semestre\Inteligecia de Negocio\Proyecto Fase 2\BIProyecto\ETL\Transformacion Fact_Evaluacion_Servicio.ktr]  Finished reading query, closing connection
2024-07-24 14:10:47.573 INFO  <Transformacion Fact_Evaluacion_Servicio - Entrada Tabla dim evaluacion servicio> [C:\Users\niebl\OneDrive\Escritorio\Semestre\Inteligecia de Negocio\Proyecto Fase 2\BIProyecto\ETL\Transformacion Fact_Evaluacion_Servicio.ktr]  Procesamiento finalizado (I=6, O=0, R=0, W=6, U=0, E=0)
2024-07-24 14:10:47.576 INFO  <Transformacion Fact_Evaluacion_Servicio - Entrada Tabla recomienda> [C:\Users\niebl\OneDrive\Escritorio\Semestre\Inteligecia de Negocio\Proyecto Fase 2\BIProyecto\ETL\Transformacion Fact_Evaluacion_Servicio.ktr]  Procesamiento finalizado (I=118, O=0, R=0, W=118, U=0, E=0)
2024-07-24 14:10:47.576 INFO  <Transformacion Fact_Evaluacion_Servicio - Entrada Tabla dim cliente> [C:\Users\niebl\OneDrive\Escritorio\Semestre\Inteligecia de Negocio\Proyecto Fase 2\BIProyecto\ETL\Transformacion Fact_Evaluacion_Servicio.ktr]  Procesamiento finalizado (I=300, O=0, R=0, W=300, U=0, E=0)
2024-07-24 14:10:47.577 INFO  <Transformacion Fact_Evaluacion_Servicio - Ordenar filas 2 evaluacion servicio> [C:\Users\niebl\OneDrive\Escritorio\Semestre\Inteligecia de Negocio\Proyecto Fase 2\BIProyecto\ETL\Transformacion Fact_Evaluacion_Servicio.ktr]  Procesamiento finalizado (I=0, O=0, R=6, W=6, U=0, E=0)
2024-07-24 14:10:47.587 INFO  <Transformacion Fact_Evaluacion_Servicio - Ordenar filas codigo producto> [C:\Users\niebl\OneDrive\Escritorio\Semestre\Inteligecia de Negocio\Proyecto Fase 2\BIProyecto\ETL\Transformacion Fact_Evaluacion_Servicio.ktr]  Procesamiento finalizado (I=0, O=0, R=118, W=118, U=0, E=0)
2024-07-24 14:10:47.588 INFO  <Transformacion Fact_Evaluacion_Servicio - Ordenar filas cod_cliente> [C:\Users\niebl\OneDrive\Escritorio\Semestre\Inteligecia de Negocio\Proyecto Fase 2\BIProyecto\ETL\Transformacion Fact_Evaluacion_Servicio.ktr]  Procesamiento finalizado (I=0, O=0, R=300, W=300, U=0, E=0)
2024-07-24 14:10:47.588 INFO  <Transformacion Fact_Evaluacion_Servicio - Ordenar filas cod_producto> [C:\Users\niebl\OneDrive\Escritorio\Semestre\Inteligecia de Negocio\Proyecto Fase 2\BIProyecto\ETL\Transformacion Fact_Evaluacion_Servicio.ktr]  Procesamiento finalizado (I=0, O=0, R=30, W=30, U=0, E=0)
2024-07-24 14:10:47.804 INFO  <Transformacion Fact_Evaluacion_Servicio - Entrada Tabla dim_tiempo> [C:\Users\niebl\OneDrive\Escritorio\Semestre\Inteligecia de Negocio\Proyecto Fase 2\BIProyecto\ETL\Transformacion Fact_Evaluacion_Servicio.ktr]  Finished reading query, closing connection
2024-07-24 14:10:47.806 INFO  <Transformacion Fact_Evaluacion_Servicio - Entrada Tabla dim_tiempo> [C:\Users\niebl\OneDrive\Escritorio\Semestre\Inteligecia de Negocio\Proyecto Fase 2\BIProyecto\ETL\Transformacion Fact_Evaluacion_Servicio.ktr]  Procesamiento finalizado (I=14976, O=0, R=0, W=14976, U=0, E=0)
2024-07-24 14:10:47.931 INFO  <Transformacion Fact_Evaluacion_Servicio - Unión por clave codigo pruducto> [C:\Users\niebl\OneDrive\Escritorio\Semestre\Inteligecia de Negocio\Proyecto Fase 2\BIProyecto\ETL\Transformacion Fact_Evaluacion_Servicio.ktr]  Procesamiento finalizado (I=0, O=0, R=148, W=118, U=0, E=0)
2024-07-24 14:10:47.950 INFO  <Transformacion Fact_Evaluacion_Servicio - Ordenar filas codigo cliente> [C:\Users\niebl\OneDrive\Escritorio\Semestre\Inteligecia de Negocio\Proyecto Fase 2\BIProyecto\ETL\Transformacion Fact_Evaluacion_Servicio.ktr]  Procesamiento finalizado (I=0, O=0, R=118, W=118, U=0, E=0)
2024-07-24 14:10:48.289 INFO  <Transformacion Fact_Evaluacion_Servicio - Unión por clave codigo cliente> [C:\Users\niebl\OneDrive\Escritorio\Semestre\Inteligecia de Negocio\Proyecto Fase 2\BIProyecto\ETL\Transformacion Fact_Evaluacion_Servicio.ktr]  Procesamiento finalizado (I=0, O=0, R=418, W=118, U=0, E=0)
2024-07-24 14:10:48.320 INFO  <Transformacion Fact_Evaluacion_Servicio - Ordenar filas codigo evaluacion servicio> [C:\Users\niebl\OneDrive\Escritorio\Semestre\Inteligecia de Negocio\Proyecto Fase 2\BIProyecto\ETL\Transformacion Fact_Evaluacion_Servicio.ktr]  Procesamiento finalizado (I=0, O=0, R=118, W=118, U=0, E=0)
2024-07-24 14:10:48.666 INFO  <Transformacion Fact_Evaluacion_Servicio - Unión por clave evaluacion servicio> [C:\Users\niebl\OneDrive\Escritorio\Semestre\Inteligecia de Negocio\Proyecto Fase 2\BIProyecto\ETL\Transformacion Fact_Evaluacion_Servicio.ktr]  Procesamiento finalizado (I=0, O=0, R=124, W=118, U=0, E=0)
2024-07-24 14:10:48.697 INFO  <Transformacion Fact_Evaluacion_Servicio - Ordenar filas fecha_recomienda> [C:\Users\niebl\OneDrive\Escritorio\Semestre\Inteligecia de Negocio\Proyecto Fase 2\BIProyecto\ETL\Transformacion Fact_Evaluacion_Servicio.ktr]  Procesamiento finalizado (I=0, O=0, R=118, W=118, U=0, E=0)
2024-07-24 14:10:48.706 INFO  <Transformacion Fact_Evaluacion_Servicio - Ordenar filas fecha completa> [C:\Users\niebl\OneDrive\Escritorio\Semestre\Inteligecia de Negocio\Proyecto Fase 2\BIProyecto\ETL\Transformacion Fact_Evaluacion_Servicio.ktr]  Procesamiento finalizado (I=0, O=0, R=14976, W=14976, U=0, E=0)
2024-07-24 14:10:49.078 INFO  <Transformacion Fact_Evaluacion_Servicio - Unión por clave fecha> [C:\Users\niebl\OneDrive\Escritorio\Semestre\Inteligecia de Negocio\Proyecto Fase 2\BIProyecto\ETL\Transformacion Fact_Evaluacion_Servicio.ktr]  Procesamiento finalizado (I=0, O=0, R=15094, W=118, U=0, E=0)
2024-07-24 14:12:46.911 INFO  <Thread-142> [C:\Users\niebl\OneDrive\Escritorio\Semestre\Inteligecia de Negocio\Proyecto Fase 2\BIProyecto\ETL\Transformacion Fact_Evaluacion_Servicio.ktr]  Iniciado despacho de la transformaci?n [Transformacion Fact_Evaluacion_Servicio]
2024-07-24 14:12:47.151 INFO  <Transformacion Fact_Evaluacion_Servicio - Entrada Tabla dim evaluacion servicio> [C:\Users\niebl\OneDrive\Escritorio\Semestre\Inteligecia de Negocio\Proyecto Fase 2\BIProyecto\ETL\Transformacion Fact_Evaluacion_Servicio.ktr]  Finished reading query, closing connection
2024-07-24 14:12:47.151 INFO  <Transformacion Fact_Evaluacion_Servicio - Entrada Tabla dim producto> [C:\Users\niebl\OneDrive\Escritorio\Semestre\Inteligecia de Negocio\Proyecto Fase 2\BIProyecto\ETL\Transformacion Fact_Evaluacion_Servicio.ktr]  Finished reading query, closing connection
2024-07-24 14:12:47.152 INFO  <Transformacion Fact_Evaluacion_Servicio - Entrada Tabla dim cliente> [C:\Users\niebl\OneDrive\Escritorio\Semestre\Inteligecia de Negocio\Proyecto Fase 2\BIProyecto\ETL\Transformacion Fact_Evaluacion_Servicio.ktr]  Finished reading query, closing connection
2024-07-24 14:12:47.153 INFO  <Transformacion Fact_Evaluacion_Servicio - Entrada Tabla dim cliente> [C:\Users\niebl\OneDrive\Escritorio\Semestre\Inteligecia de Negocio\Proyecto Fase 2\BIProyecto\ETL\Transformacion Fact_Evaluacion_Servicio.ktr]  Procesamiento finalizado (I=300, O=0, R=0, W=300, U=0, E=0)
2024-07-24 14:12:47.155 INFO  <Transformacion Fact_Evaluacion_Servicio - Entrada Tabla dim evaluacion servicio> [C:\Users\niebl\OneDrive\Escritorio\Semestre\Inteligecia de Negocio\Proyecto Fase 2\BIProyecto\ETL\Transformacion Fact_Evaluacion_Servicio.ktr]  Procesamiento finalizado (I=6, O=0, R=0, W=6, U=0, E=0)
2024-07-24 14:12:47.157 INFO  <Transformacion Fact_Evaluacion_Servicio - Ordenar filas cod_cliente> [C:\Users\niebl\OneDrive\Escritorio\Semestre\Inteligecia de Negocio\Proyecto Fase 2\BIProyecto\ETL\Transformacion Fact_Evaluacion_Servicio.ktr]  Procesamiento finalizado (I=0, O=0, R=300, W=300, U=0, E=0)
2024-07-24 14:12:47.164 INFO  <Transformacion Fact_Evaluacion_Servicio - Entrada Tabla dim producto> [C:\Users\niebl\OneDrive\Escritorio\Semestre\Inteligecia de Negocio\Proyecto Fase 2\BIProyecto\ETL\Transformacion Fact_Evaluacion_Servicio.ktr]  Procesamiento finalizado (I=30, O=0, R=0, W=30, U=0, E=0)
2024-07-24 14:12:47.172 INFO  <Transformacion Fact_Evaluacion_Servicio - Ordenar filas 2 evaluacion servicio> [C:\Users\niebl\OneDrive\Escritorio\Semestre\Inteligecia de Negocio\Proyecto Fase 2\BIProyecto\ETL\Transformacion Fact_Evaluacion_Servicio.ktr]  Procesamiento finalizado (I=0, O=0, R=6, W=6, U=0, E=0)
2024-07-24 14:12:47.174 INFO  <Transformacion Fact_Evaluacion_Servicio - Ordenar filas cod_producto> [C:\Users\niebl\OneDrive\Escritorio\Semestre\Inteligecia de Negocio\Proyecto Fase 2\BIProyecto\ETL\Transformacion Fact_Evaluacion_Servicio.ktr]  Procesamiento finalizado (I=0, O=0, R=30, W=30, U=0, E=0)
2024-07-24 14:12:47.199 INFO  <Transformacion Fact_Evaluacion_Servicio - Entrada Tabla recomienda> [C:\Users\niebl\OneDrive\Escritorio\Semestre\Inteligecia de Negocio\Proyecto Fase 2\BIProyecto\ETL\Transformacion Fact_Evaluacion_Servicio.ktr]  Finished reading query, closing connection
2024-07-24 14:12:47.200 INFO  <Transformacion Fact_Evaluacion_Servicio - Entrada Tabla recomienda> [C:\Users\niebl\OneDrive\Escritorio\Semestre\Inteligecia de Negocio\Proyecto Fase 2\BIProyecto\ETL\Transformacion Fact_Evaluacion_Servicio.ktr]  Procesamiento finalizado (I=118, O=0, R=0, W=118, U=0, E=0)
2024-07-24 14:12:47.207 INFO  <Transformacion Fact_Evaluacion_Servicio - Ordenar filas codigo producto> [C:\Users\niebl\OneDrive\Escritorio\Semestre\Inteligecia de Negocio\Proyecto Fase 2\BIProyecto\ETL\Transformacion Fact_Evaluacion_Servicio.ktr]  Procesamiento finalizado (I=0, O=0, R=118, W=118, U=0, E=0)
2024-07-24 14:12:47.297 INFO  <Transformacion Fact_Evaluacion_Servicio - Entrada Tabla dim_tiempo> [C:\Users\niebl\OneDrive\Escritorio\Semestre\Inteligecia de Negocio\Proyecto Fase 2\BIProyecto\ETL\Transformacion Fact_Evaluacion_Servicio.ktr]  Finished reading query, closing connection
2024-07-24 14:12:47.334 INFO  <Transformacion Fact_Evaluacion_Servicio - Entrada Tabla dim_tiempo> [C:\Users\niebl\OneDrive\Escritorio\Semestre\Inteligecia de Negocio\Proyecto Fase 2\BIProyecto\ETL\Transformacion Fact_Evaluacion_Servicio.ktr]  Procesamiento finalizado (I=14976, O=0, R=0, W=14976, U=0, E=0)
2024-07-24 14:12:47.548 INFO  <Transformacion Fact_Evaluacion_Servicio - Unión por clave codigo pruducto> [C:\Users\niebl\OneDrive\Escritorio\Semestre\Inteligecia de Negocio\Proyecto Fase 2\BIProyecto\ETL\Transformacion Fact_Evaluacion_Servicio.ktr]  Procesamiento finalizado (I=0, O=0, R=148, W=118, U=0, E=0)
2024-07-24 14:12:47.573 INFO  <Transformacion Fact_Evaluacion_Servicio - Ordenar filas codigo cliente> [C:\Users\niebl\OneDrive\Escritorio\Semestre\Inteligecia de Negocio\Proyecto Fase 2\BIProyecto\ETL\Transformacion Fact_Evaluacion_Servicio.ktr]  Procesamiento finalizado (I=0, O=0, R=118, W=118, U=0, E=0)
2024-07-24 14:12:47.913 INFO  <Transformacion Fact_Evaluacion_Servicio - Unión por clave codigo cliente> [C:\Users\niebl\OneDrive\Escritorio\Semestre\Inteligecia de Negocio\Proyecto Fase 2\BIProyecto\ETL\Transformacion Fact_Evaluacion_Servicio.ktr]  Procesamiento finalizado (I=0, O=0, R=418, W=118, U=0, E=0)
2024-07-24 14:12:47.945 INFO  <Transformacion Fact_Evaluacion_Servicio - Ordenar filas codigo evaluacion servicio> [C:\Users\niebl\OneDrive\Escritorio\Semestre\Inteligecia de Negocio\Proyecto Fase 2\BIProyecto\ETL\Transformacion Fact_Evaluacion_Servicio.ktr]  Procesamiento finalizado (I=0, O=0, R=118, W=118, U=0, E=0)
2024-07-24 14:12:48.289 INFO  <Transformacion Fact_Evaluacion_Servicio - Unión por clave evaluacion servicio> [C:\Users\niebl\OneDrive\Escritorio\Semestre\Inteligecia de Negocio\Proyecto Fase 2\BIProyecto\ETL\Transformacion Fact_Evaluacion_Servicio.ktr]  Procesamiento finalizado (I=0, O=0, R=124, W=118, U=0, E=0)
2024-07-24 14:12:48.319 INFO  <Transformacion Fact_Evaluacion_Servicio - Ordenar filas fecha_recomienda> [C:\Users\niebl\OneDrive\Escritorio\Semestre\Inteligecia de Negocio\Proyecto Fase 2\BIProyecto\ETL\Transformacion Fact_Evaluacion_Servicio.ktr]  Procesamiento finalizado (I=0, O=0, R=118, W=118, U=0, E=0)
2024-07-24 14:12:48.330 INFO  <Transformacion Fact_Evaluacion_Servicio - Ordenar filas fecha completa> [C:\Users\niebl\OneDrive\Escritorio\Semestre\Inteligecia de Negocio\Proyecto Fase 2\BIProyecto\ETL\Transformacion Fact_Evaluacion_Servicio.ktr]  Procesamiento finalizado (I=0, O=0, R=14976, W=14976, U=0, E=0)
2024-07-24 14:12:48.666 INFO  <Transformacion Fact_Evaluacion_Servicio - Unión por clave fecha> [C:\Users\niebl\OneDrive\Escritorio\Semestre\Inteligecia de Negocio\Proyecto Fase 2\BIProyecto\ETL\Transformacion Fact_Evaluacion_Servicio.ktr]  Procesamiento finalizado (I=0, O=0, R=15094, W=118, U=0, E=0)
2024-07-24 14:12:48.697 INFO  <Transformacion Fact_Evaluacion_Servicio - Añadir secuencia cantidad> [C:\Users\niebl\OneDrive\Escritorio\Semestre\Inteligecia de Negocio\Proyecto Fase 2\BIProyecto\ETL\Transformacion Fact_Evaluacion_Servicio.ktr]  Procesamiento finalizado (I=0, O=0, R=118, W=118, U=0, E=0)
2024-07-24 14:16:09.516 INFO  <Thread-190> [C:\Users\niebl\OneDrive\Escritorio\Semestre\Inteligecia de Negocio\Proyecto Fase 2\BIProyecto\ETL\Transformacion Fact_Evaluacion_Servicio.ktr]  Iniciado despacho de la transformaci?n [Transformacion Fact_Evaluacion_Servicio]
2024-07-24 14:16:09.702 INFO  <Transformacion Fact_Evaluacion_Servicio - Entrada Tabla dim cliente> [C:\Users\niebl\OneDrive\Escritorio\Semestre\Inteligecia de Negocio\Proyecto Fase 2\BIProyecto\ETL\Transformacion Fact_Evaluacion_Servicio.ktr]  Finished reading query, closing connection
2024-07-24 14:16:09.705 INFO  <Transformacion Fact_Evaluacion_Servicio - Entrada Tabla dim producto> [C:\Users\niebl\OneDrive\Escritorio\Semestre\Inteligecia de Negocio\Proyecto Fase 2\BIProyecto\ETL\Transformacion Fact_Evaluacion_Servicio.ktr]  Finished reading query, closing connection
2024-07-24 14:16:09.705 INFO  <Transformacion Fact_Evaluacion_Servicio - Entrada Tabla dim cliente> [C:\Users\niebl\OneDrive\Escritorio\Semestre\Inteligecia de Negocio\Proyecto Fase 2\BIProyecto\ETL\Transformacion Fact_Evaluacion_Servicio.ktr]  Procesamiento finalizado (I=300, O=0, R=0, W=300, U=0, E=0)
2024-07-24 14:16:09.706 INFO  <Transformacion Fact_Evaluacion_Servicio - Entrada Tabla dim producto> [C:\Users\niebl\OneDrive\Escritorio\Semestre\Inteligecia de Negocio\Proyecto Fase 2\BIProyecto\ETL\Transformacion Fact_Evaluacion_Servicio.ktr]  Procesamiento finalizado (I=30, O=0, R=0, W=30, U=0, E=0)
2024-07-24 14:16:09.708 INFO  <Transformacion Fact_Evaluacion_Servicio - Entrada Tabla dim evaluacion servicio> [C:\Users\niebl\OneDrive\Escritorio\Semestre\Inteligecia de Negocio\Proyecto Fase 2\BIProyecto\ETL\Transformacion Fact_Evaluacion_Servicio.ktr]  Finished reading query, closing connection
2024-07-24 14:16:09.710 INFO  <Transformacion Fact_Evaluacion_Servicio - Entrada Tabla dim evaluacion servicio> [C:\Users\niebl\OneDrive\Escritorio\Semestre\Inteligecia de Negocio\Proyecto Fase 2\BIProyecto\ETL\Transformacion Fact_Evaluacion_Servicio.ktr]  Procesamiento finalizado (I=6, O=0, R=0, W=6, U=0, E=0)
2024-07-24 14:16:09.719 INFO  <Transformacion Fact_Evaluacion_Servicio - Ordenar filas cod_producto> [C:\Users\niebl\OneDrive\Escritorio\Semestre\Inteligecia de Negocio\Proyecto Fase 2\BIProyecto\ETL\Transformacion Fact_Evaluacion_Servicio.ktr]  Procesamiento finalizado (I=0, O=0, R=30, W=30, U=0, E=0)
2024-07-24 14:16:09.719 INFO  <Transformacion Fact_Evaluacion_Servicio - Entrada Tabla recomienda> [C:\Users\niebl\OneDrive\Escritorio\Semestre\Inteligecia de Negocio\Proyecto Fase 2\BIProyecto\ETL\Transformacion Fact_Evaluacion_Servicio.ktr]  Finished reading query, closing connection
2024-07-24 14:16:09.724 INFO  <Transformacion Fact_Evaluacion_Servicio - Ordenar filas 2 evaluacion servicio> [C:\Users\niebl\OneDrive\Escritorio\Semestre\Inteligecia de Negocio\Proyecto Fase 2\BIProyecto\ETL\Transformacion Fact_Evaluacion_Servicio.ktr]  Procesamiento finalizado (I=0, O=0, R=6, W=6, U=0, E=0)
2024-07-24 14:16:09.747 INFO  <Transformacion Fact_Evaluacion_Servicio - Ordenar filas cod_cliente> [C:\Users\niebl\OneDrive\Escritorio\Semestre\Inteligecia de Negocio\Proyecto Fase 2\BIProyecto\ETL\Transformacion Fact_Evaluacion_Servicio.ktr]  Procesamiento finalizado (I=0, O=0, R=300, W=300, U=0, E=0)
2024-07-24 14:16:09.771 INFO  <Transformacion Fact_Evaluacion_Servicio - Entrada Tabla recomienda> [C:\Users\niebl\OneDrive\Escritorio\Semestre\Inteligecia de Negocio\Proyecto Fase 2\BIProyecto\ETL\Transformacion Fact_Evaluacion_Servicio.ktr]  Procesamiento finalizado (I=118, O=0, R=0, W=118, U=0, E=0)
2024-07-24 14:16:09.772 INFO  <Transformacion Fact_Evaluacion_Servicio - Ordenar filas codigo producto> [C:\Users\niebl\OneDrive\Escritorio\Semestre\Inteligecia de Negocio\Proyecto Fase 2\BIProyecto\ETL\Transformacion Fact_Evaluacion_Servicio.ktr]  Procesamiento finalizado (I=0, O=0, R=118, W=118, U=0, E=0)
2024-07-24 14:16:09.832 INFO  <Transformacion Fact_Evaluacion_Servicio - Entrada Tabla dim_tiempo> [C:\Users\niebl\OneDrive\Escritorio\Semestre\Inteligecia de Negocio\Proyecto Fase 2\BIProyecto\ETL\Transformacion Fact_Evaluacion_Servicio.ktr]  Finished reading query, closing connection
2024-07-24 14:16:09.833 INFO  <Transformacion Fact_Evaluacion_Servicio - Entrada Tabla dim_tiempo> [C:\Users\niebl\OneDrive\Escritorio\Semestre\Inteligecia de Negocio\Proyecto Fase 2\BIProyecto\ETL\Transformacion Fact_Evaluacion_Servicio.ktr]  Procesamiento finalizado (I=14976, O=0, R=0, W=14976, U=0, E=0)
2024-07-24 14:16:10.076 INFO  <Transformacion Fact_Evaluacion_Servicio - Unión por clave codigo pruducto> [C:\Users\niebl\OneDrive\Escritorio\Semestre\Inteligecia de Negocio\Proyecto Fase 2\BIProyecto\ETL\Transformacion Fact_Evaluacion_Servicio.ktr]  Procesamiento finalizado (I=0, O=0, R=148, W=118, U=0, E=0)
2024-07-24 14:16:10.108 INFO  <Transformacion Fact_Evaluacion_Servicio - Ordenar filas codigo cliente> [C:\Users\niebl\OneDrive\Escritorio\Semestre\Inteligecia de Negocio\Proyecto Fase 2\BIProyecto\ETL\Transformacion Fact_Evaluacion_Servicio.ktr]  Procesamiento finalizado (I=0, O=0, R=118, W=118, U=0, E=0)
2024-07-24 14:16:10.451 INFO  <Transformacion Fact_Evaluacion_Servicio - Unión por clave codigo cliente> [C:\Users\niebl\OneDrive\Escritorio\Semestre\Inteligecia de Negocio\Proyecto Fase 2\BIProyecto\ETL\Transformacion Fact_Evaluacion_Servicio.ktr]  Procesamiento finalizado (I=0, O=0, R=418, W=118, U=0, E=0)
2024-07-24 14:16:10.482 INFO  <Transformacion Fact_Evaluacion_Servicio - Ordenar filas codigo evaluacion servicio> [C:\Users\niebl\OneDrive\Escritorio\Semestre\Inteligecia de Negocio\Proyecto Fase 2\BIProyecto\ETL\Transformacion Fact_Evaluacion_Servicio.ktr]  Procesamiento finalizado (I=0, O=0, R=118, W=118, U=0, E=0)
2024-07-24 14:16:10.810 INFO  <Transformacion Fact_Evaluacion_Servicio - Unión por clave evaluacion servicio> [C:\Users\niebl\OneDrive\Escritorio\Semestre\Inteligecia de Negocio\Proyecto Fase 2\BIProyecto\ETL\Transformacion Fact_Evaluacion_Servicio.ktr]  Procesamiento finalizado (I=0, O=0, R=124, W=118, U=0, E=0)
2024-07-24 14:16:10.842 INFO  <Transformacion Fact_Evaluacion_Servicio - Ordenar filas fecha_recomienda> [C:\Users\niebl\OneDrive\Escritorio\Semestre\Inteligecia de Negocio\Proyecto Fase 2\BIProyecto\ETL\Transformacion Fact_Evaluacion_Servicio.ktr]  Procesamiento finalizado (I=0, O=0, R=118, W=118, U=0, E=0)
2024-07-24 14:16:10.851 INFO  <Transformacion Fact_Evaluacion_Servicio - Ordenar filas fecha completa> [C:\Users\niebl\OneDrive\Escritorio\Semestre\Inteligecia de Negocio\Proyecto Fase 2\BIProyecto\ETL\Transformacion Fact_Evaluacion_Servicio.ktr]  Procesamiento finalizado (I=0, O=0, R=14976, W=14976, U=0, E=0)
2024-07-24 14:16:11.188 INFO  <Transformacion Fact_Evaluacion_Servicio - Unión por clave fecha> [C:\Users\niebl\OneDrive\Escritorio\Semestre\Inteligecia de Negocio\Proyecto Fase 2\BIProyecto\ETL\Transformacion Fact_Evaluacion_Servicio.ktr]  Procesamiento finalizado (I=0, O=0, R=15094, W=118, U=0, E=0)
2024-07-24 14:16:11.219 INFO  <Transformacion Fact_Evaluacion_Servicio - Añadir secuencia cantidad> [C:\Users\niebl\OneDrive\Escritorio\Semestre\Inteligecia de Negocio\Proyecto Fase 2\BIProyecto\ETL\Transformacion Fact_Evaluacion_Servicio.ktr]  Procesamiento finalizado (I=0, O=0, R=118, W=118, U=0, E=0)
2024-07-24 14:16:11.251 INFO  <Transformacion Fact_Evaluacion_Servicio - Formula> [C:\Users\niebl\OneDrive\Escritorio\Semestre\Inteligecia de Negocio\Proyecto Fase 2\BIProyecto\ETL\Transformacion Fact_Evaluacion_Servicio.ktr]  Procesamiento finalizado (I=0, O=0, R=118, W=118, U=0, E=0)
2024-07-24 14:18:39.542 INFO  <Thread-237> [C:\Users\niebl\OneDrive\Escritorio\Semestre\Inteligecia de Negocio\Proyecto Fase 2\BIProyecto\ETL\Transformacion Fact_Evaluacion_Servicio.ktr]  Iniciado despacho de la transformaci?n [Transformacion Fact_Evaluacion_Servicio]
2024-07-24 14:18:39.713 INFO  <init of Salida Tabla.0 (Thread-257)> [C:\Users\niebl\OneDrive\Escritorio\Semestre\Inteligecia de Negocio\Proyecto Fase 2\BIProyecto\ETL\Transformacion Fact_Evaluacion_Servicio.ktr]  Connected to database [Postgres] (commit=1000)
2024-07-24 14:18:39.739 INFO  <Transformacion Fact_Evaluacion_Servicio - Entrada Tabla dim evaluacion servicio> [C:\Users\niebl\OneDrive\Escritorio\Semestre\Inteligecia de Negocio\Proyecto Fase 2\BIProyecto\ETL\Transformacion Fact_Evaluacion_Servicio.ktr]  Finished reading query, closing connection
2024-07-24 14:18:39.747 INFO  <Transformacion Fact_Evaluacion_Servicio - Entrada Tabla recomienda> [C:\Users\niebl\OneDrive\Escritorio\Semestre\Inteligecia de Negocio\Proyecto Fase 2\BIProyecto\ETL\Transformacion Fact_Evaluacion_Servicio.ktr]  Finished reading query, closing connection
2024-07-24 14:18:39.748 INFO  <Transformacion Fact_Evaluacion_Servicio - Entrada Tabla dim cliente> [C:\Users\niebl\OneDrive\Escritorio\Semestre\Inteligecia de Negocio\Proyecto Fase 2\BIProyecto\ETL\Transformacion Fact_Evaluacion_Servicio.ktr]  Finished reading query, closing connection
2024-07-24 14:18:39.749 INFO  <Transformacion Fact_Evaluacion_Servicio - Entrada Tabla dim evaluacion servicio> [C:\Users\niebl\OneDrive\Escritorio\Semestre\Inteligecia de Negocio\Proyecto Fase 2\BIProyecto\ETL\Transformacion Fact_Evaluacion_Servicio.ktr]  Procesamiento finalizado (I=6, O=0, R=0, W=6, U=0, E=0)
2024-07-24 14:18:39.751 INFO  <Transformacion Fact_Evaluacion_Servicio - Entrada Tabla dim cliente> [C:\Users\niebl\OneDrive\Escritorio\Semestre\Inteligecia de Negocio\Proyecto Fase 2\BIProyecto\ETL\Transformacion Fact_Evaluacion_Servicio.ktr]  Procesamiento finalizado (I=300, O=0, R=0, W=300, U=0, E=0)
2024-07-24 14:18:39.758 INFO  <Transformacion Fact_Evaluacion_Servicio - Entrada Tabla dim producto> [C:\Users\niebl\OneDrive\Escritorio\Semestre\Inteligecia de Negocio\Proyecto Fase 2\BIProyecto\ETL\Transformacion Fact_Evaluacion_Servicio.ktr]  Finished reading query, closing connection
2024-07-24 14:18:39.758 INFO  <Transformacion Fact_Evaluacion_Servicio - Entrada Tabla recomienda> [C:\Users\niebl\OneDrive\Escritorio\Semestre\Inteligecia de Negocio\Proyecto Fase 2\BIProyecto\ETL\Transformacion Fact_Evaluacion_Servicio.ktr]  Procesamiento finalizado (I=118, O=0, R=0, W=118, U=0, E=0)
2024-07-24 14:18:39.762 INFO  <Transformacion Fact_Evaluacion_Servicio - Entrada Tabla dim producto> [C:\Users\niebl\OneDrive\Escritorio\Semestre\Inteligecia de Negocio\Proyecto Fase 2\BIProyecto\ETL\Transformacion Fact_Evaluacion_Servicio.ktr]  Procesamiento finalizado (I=30, O=0, R=0, W=30, U=0, E=0)
2024-07-24 14:18:39.769 INFO  <Transformacion Fact_Evaluacion_Servicio - Ordenar filas cod_cliente> [C:\Users\niebl\OneDrive\Escritorio\Semestre\Inteligecia de Negocio\Proyecto Fase 2\BIProyecto\ETL\Transformacion Fact_Evaluacion_Servicio.ktr]  Procesamiento finalizado (I=0, O=0, R=300, W=300, U=0, E=0)
2024-07-24 14:18:39.769 INFO  <Transformacion Fact_Evaluacion_Servicio - Ordenar filas codigo producto> [C:\Users\niebl\OneDrive\Escritorio\Semestre\Inteligecia de Negocio\Proyecto Fase 2\BIProyecto\ETL\Transformacion Fact_Evaluacion_Servicio.ktr]  Procesamiento finalizado (I=0, O=0, R=118, W=118, U=0, E=0)
2024-07-24 14:18:39.771 INFO  <Transformacion Fact_Evaluacion_Servicio - Ordenar filas cod_producto> [C:\Users\niebl\OneDrive\Escritorio\Semestre\Inteligecia de Negocio\Proyecto Fase 2\BIProyecto\ETL\Transformacion Fact_Evaluacion_Servicio.ktr]  Procesamiento finalizado (I=0, O=0, R=30, W=30, U=0, E=0)
2024-07-24 14:18:39.770 INFO  <Transformacion Fact_Evaluacion_Servicio - Ordenar filas 2 evaluacion servicio> [C:\Users\niebl\OneDrive\Escritorio\Semestre\Inteligecia de Negocio\Proyecto Fase 2\BIProyecto\ETL\Transformacion Fact_Evaluacion_Servicio.ktr]  Procesamiento finalizado (I=0, O=0, R=6, W=6, U=0, E=0)
2024-07-24 14:18:39.823 INFO  <Transformacion Fact_Evaluacion_Servicio - Entrada Tabla dim_tiempo> [C:\Users\niebl\OneDrive\Escritorio\Semestre\Inteligecia de Negocio\Proyecto Fase 2\BIProyecto\ETL\Transformacion Fact_Evaluacion_Servicio.ktr]  Finished reading query, closing connection
2024-07-24 14:18:39.824 INFO  <Transformacion Fact_Evaluacion_Servicio - Entrada Tabla dim_tiempo> [C:\Users\niebl\OneDrive\Escritorio\Semestre\Inteligecia de Negocio\Proyecto Fase 2\BIProyecto\ETL\Transformacion Fact_Evaluacion_Servicio.ktr]  Procesamiento finalizado (I=14976, O=0, R=0, W=14976, U=0, E=0)
2024-07-24 14:18:40.084 INFO  <Transformacion Fact_Evaluacion_Servicio - Unión por clave codigo pruducto> [C:\Users\niebl\OneDrive\Escritorio\Semestre\Inteligecia de Negocio\Proyecto Fase 2\BIProyecto\ETL\Transformacion Fact_Evaluacion_Servicio.ktr]  Procesamiento finalizado (I=0, O=0, R=148, W=118, U=0, E=0)
2024-07-24 14:18:40.114 INFO  <Transformacion Fact_Evaluacion_Servicio - Ordenar filas codigo cliente> [C:\Users\niebl\OneDrive\Escritorio\Semestre\Inteligecia de Negocio\Proyecto Fase 2\BIProyecto\ETL\Transformacion Fact_Evaluacion_Servicio.ktr]  Procesamiento finalizado (I=0, O=0, R=118, W=118, U=0, E=0)
2024-07-24 14:18:40.440 INFO  <Transformacion Fact_Evaluacion_Servicio - Unión por clave codigo cliente> [C:\Users\niebl\OneDrive\Escritorio\Semestre\Inteligecia de Negocio\Proyecto Fase 2\BIProyecto\ETL\Transformacion Fact_Evaluacion_Servicio.ktr]  Procesamiento finalizado (I=0, O=0, R=418, W=118, U=0, E=0)
2024-07-24 14:18:40.472 INFO  <Transformacion Fact_Evaluacion_Servicio - Ordenar filas codigo evaluacion servicio> [C:\Users\niebl\OneDrive\Escritorio\Semestre\Inteligecia de Negocio\Proyecto Fase 2\BIProyecto\ETL\Transformacion Fact_Evaluacion_Servicio.ktr]  Procesamiento finalizado (I=0, O=0, R=118, W=118, U=0, E=0)
2024-07-24 14:18:40.818 INFO  <Transformacion Fact_Evaluacion_Servicio - Unión por clave evaluacion servicio> [C:\Users\niebl\OneDrive\Escritorio\Semestre\Inteligecia de Negocio\Proyecto Fase 2\BIProyecto\ETL\Transformacion Fact_Evaluacion_Servicio.ktr]  Procesamiento finalizado (I=0, O=0, R=124, W=118, U=0, E=0)
2024-07-24 14:18:40.849 INFO  <Transformacion Fact_Evaluacion_Servicio - Ordenar filas fecha_recomienda> [C:\Users\niebl\OneDrive\Escritorio\Semestre\Inteligecia de Negocio\Proyecto Fase 2\BIProyecto\ETL\Transformacion Fact_Evaluacion_Servicio.ktr]  Procesamiento finalizado (I=0, O=0, R=118, W=118, U=0, E=0)
2024-07-24 14:18:40.857 INFO  <Transformacion Fact_Evaluacion_Servicio - Ordenar filas fecha completa> [C:\Users\niebl\OneDrive\Escritorio\Semestre\Inteligecia de Negocio\Proyecto Fase 2\BIProyecto\ETL\Transformacion Fact_Evaluacion_Servicio.ktr]  Procesamiento finalizado (I=0, O=0, R=14976, W=14976, U=0, E=0)
2024-07-24 14:18:41.190 INFO  <Transformacion Fact_Evaluacion_Servicio - Unión por clave fecha> [C:\Users\niebl\OneDrive\Escritorio\Semestre\Inteligecia de Negocio\Proyecto Fase 2\BIProyecto\ETL\Transformacion Fact_Evaluacion_Servicio.ktr]  Procesamiento finalizado (I=0, O=0, R=15094, W=118, U=0, E=0)
2024-07-24 14:18:41.221 INFO  <Transformacion Fact_Evaluacion_Servicio - Añadir secuencia cantidad> [C:\Users\niebl\OneDrive\Escritorio\Semestre\Inteligecia de Negocio\Proyecto Fase 2\BIProyecto\ETL\Transformacion Fact_Evaluacion_Servicio.ktr]  Procesamiento finalizado (I=0, O=0, R=118, W=118, U=0, E=0)
2024-07-24 14:18:41.252 INFO  <Transformacion Fact_Evaluacion_Servicio - Formula> [C:\Users\niebl\OneDrive\Escritorio\Semestre\Inteligecia de Negocio\Proyecto Fase 2\BIProyecto\ETL\Transformacion Fact_Evaluacion_Servicio.ktr]  Procesamiento finalizado (I=0, O=0, R=118, W=118, U=0, E=0)
2024-07-24 14:18:41.273 ERROR <Transformacion Fact_Evaluacion_Servicio - Salida Tabla> [C:\Users\niebl\OneDrive\Escritorio\Semestre\Inteligecia de Negocio\Proyecto Fase 2\BIProyecto\ETL\Transformacion Fact_Evaluacion_Servicio.ktr]  Unexpected batch update error committing the database connection.
2024-07-24 14:18:41.274 ERROR <Transformacion Fact_Evaluacion_Servicio - Salida Tabla> [C:\Users\niebl\OneDrive\Escritorio\Semestre\Inteligecia de Negocio\Proyecto Fase 2\BIProyecto\ETL\Transformacion Fact_Evaluacion_Servicio.ktr]  org.pentaho.di.core.exception.KettleDatabaseBatchException: 
Error updating batch
Batch entry 0 INSERT INTO seguro_dw_g26473471.fact_evaluacion_servicio (cantidad, recomienda_amigo, sk_dim_fecha_recomienda, sk_dim_cliente, sk_dim_producto, sk_dim_evaluacion_servicio) VALUES ( 1,  'T',  5001,  -466872095,  1965652287,  2019980060) was aborted: ERROR: la columna «recomienda_amigo» es de tipo integer pero la expresión es de tipo character varying
  Hint: Necesitará reescribir la expresión o aplicarle una conversión de tipo.
  Position: 187  Call getNextException to see other errors in the batch.

	at org.pentaho.di.core.database.Database.createKettleDatabaseBatchException(Database.java:1440)
	at org.pentaho.di.core.database.Database.emptyAndCommit(Database.java:1429)
	at org.pentaho.di.trans.steps.tableoutput.TableOutput.dispose(TableOutput.java:590)
	at org.pentaho.di.trans.step.RunThread.run(RunThread.java:97)
	at java.lang.Thread.run(Thread.java:748)
Caused by: java.sql.BatchUpdateException: Batch entry 0 INSERT INTO seguro_dw_g26473471.fact_evaluacion_servicio (cantidad, recomienda_amigo, sk_dim_fecha_recomienda, sk_dim_cliente, sk_dim_producto, sk_dim_evaluacion_servicio) VALUES ( 1,  'T',  5001,  -466872095,  1965652287,  2019980060) was aborted: ERROR: la columna «recomienda_amigo» es de tipo integer pero la expresión es de tipo character varying
  Hint: Necesitará reescribir la expresión o aplicarle una conversión de tipo.
  Position: 187  Call getNextException to see other errors in the batch.
	at org.postgresql.jdbc.BatchResultHandler.handleError(BatchResultHandler.java:169)
	at org.postgresql.jdbc.PgStatement.internalExecuteBatch(PgStatement.java:862)
	at org.postgresql.jdbc.PgStatement.executeBatch(PgStatement.java:901)
	at org.postgresql.jdbc.PgPreparedStatement.executeBatch(PgPreparedStatement.java:1644)
	at org.pentaho.di.core.database.Database.emptyAndCommit(Database.java:1416)
	... 3 more
Caused by: org.postgresql.util.PSQLException: ERROR: la columna «recomienda_amigo» es de tipo integer pero la expresión es de tipo character varying
  Hint: Necesitará reescribir la expresión o aplicarle una conversión de tipo.
  Position: 187
	at org.postgresql.core.v3.QueryExecutorImpl.receiveErrorResponse(QueryExecutorImpl.java:2552)
	at org.postgresql.core.v3.QueryExecutorImpl.processResults(QueryExecutorImpl.java:2284)
	at org.postgresql.core.v3.QueryExecutorImpl.execute(QueryExecutorImpl.java:322)
	at org.postgresql.jdbc.PgStatement.internalExecuteBatch(PgStatement.java:859)
	... 6 more

2024-07-24 14:18:41.275 INFO  <Transformacion Fact_Evaluacion_Servicio - Salida Tabla> [C:\Users\niebl\OneDrive\Escritorio\Semestre\Inteligecia de Negocio\Proyecto Fase 2\BIProyecto\ETL\Transformacion Fact_Evaluacion_Servicio.ktr]  Procesamiento finalizado (I=0, O=0, R=118, W=0, U=0, E=1)
2024-07-24 14:18:41.276 ERROR <Transformacion Fact_Evaluacion_Servicio - Salida Tabla> [C:\Users\niebl\OneDrive\Escritorio\Semestre\Inteligecia de Negocio\Proyecto Fase 2\BIProyecto\ETL\Transformacion Fact_Evaluacion_Servicio.ktr]  Errores detectados!
2024-07-24 14:18:41.277 ERROR <Transformacion Fact_Evaluacion_Servicio - Salida Tabla> [C:\Users\niebl\OneDrive\Escritorio\Semestre\Inteligecia de Negocio\Proyecto Fase 2\BIProyecto\ETL\Transformacion Fact_Evaluacion_Servicio.ktr]  Errores detectados!
2024-07-24 14:18:41.292 ERROR <Transformacion Fact_Evaluacion_Servicio - Salida Tabla> [C:\Users\niebl\OneDrive\Escritorio\Semestre\Inteligecia de Negocio\Proyecto Fase 2\BIProyecto\ETL\Transformacion Fact_Evaluacion_Servicio.ktr]  Errores detectados!
2024-07-24 14:18:41.360 WARN  <Transformacion Fact_Evaluacion_Servicio - Salida Tabla> [C:\Users\niebl\OneDrive\Escritorio\Semestre\Inteligecia de Negocio\Proyecto Fase 2\BIProyecto\ETL\Transformacion Fact_Evaluacion_Servicio.ktr]  Transformaci?n detectada 
2024-07-24 14:18:41.361 WARN  <Transformacion Fact_Evaluacion_Servicio - Salida Tabla> [C:\Users\niebl\OneDrive\Escritorio\Semestre\Inteligecia de Negocio\Proyecto Fase 2\BIProyecto\ETL\Transformacion Fact_Evaluacion_Servicio.ktr]  Transformaci?n est? matando los otros pasos!
2024-07-24 14:19:36.584 INFO  <Thread-283> [C:\Users\niebl\OneDrive\Escritorio\Semestre\Inteligecia de Negocio\Proyecto Fase 2\BIProyecto\ETL\Transformacion Fact_Evaluacion_Servicio.ktr]  Iniciado despacho de la transformaci?n [Transformacion Fact_Evaluacion_Servicio]
2024-07-24 14:19:36.785 INFO  <Transformacion Fact_Evaluacion_Servicio - Entrada Tabla dim producto> [C:\Users\niebl\OneDrive\Escritorio\Semestre\Inteligecia de Negocio\Proyecto Fase 2\BIProyecto\ETL\Transformacion Fact_Evaluacion_Servicio.ktr]  Finished reading query, closing connection
2024-07-24 14:19:36.786 INFO  <Transformacion Fact_Evaluacion_Servicio - Entrada Tabla recomienda> [C:\Users\niebl\OneDrive\Escritorio\Semestre\Inteligecia de Negocio\Proyecto Fase 2\BIProyecto\ETL\Transformacion Fact_Evaluacion_Servicio.ktr]  Finished reading query, closing connection
2024-07-24 14:19:36.787 INFO  <Transformacion Fact_Evaluacion_Servicio - Entrada Tabla dim evaluacion servicio> [C:\Users\niebl\OneDrive\Escritorio\Semestre\Inteligecia de Negocio\Proyecto Fase 2\BIProyecto\ETL\Transformacion Fact_Evaluacion_Servicio.ktr]  Finished reading query, closing connection
2024-07-24 14:19:36.788 INFO  <Transformacion Fact_Evaluacion_Servicio - Entrada Tabla dim cliente> [C:\Users\niebl\OneDrive\Escritorio\Semestre\Inteligecia de Negocio\Proyecto Fase 2\BIProyecto\ETL\Transformacion Fact_Evaluacion_Servicio.ktr]  Finished reading query, closing connection
2024-07-24 14:19:36.788 INFO  <Transformacion Fact_Evaluacion_Servicio - Entrada Tabla dim producto> [C:\Users\niebl\OneDrive\Escritorio\Semestre\Inteligecia de Negocio\Proyecto Fase 2\BIProyecto\ETL\Transformacion Fact_Evaluacion_Servicio.ktr]  Procesamiento finalizado (I=30, O=0, R=0, W=30, U=0, E=0)
2024-07-24 14:19:36.789 INFO  <Transformacion Fact_Evaluacion_Servicio - Entrada Tabla dim cliente> [C:\Users\niebl\OneDrive\Escritorio\Semestre\Inteligecia de Negocio\Proyecto Fase 2\BIProyecto\ETL\Transformacion Fact_Evaluacion_Servicio.ktr]  Procesamiento finalizado (I=300, O=0, R=0, W=300, U=0, E=0)
2024-07-24 14:19:36.790 INFO  <Transformacion Fact_Evaluacion_Servicio - Entrada Tabla dim evaluacion servicio> [C:\Users\niebl\OneDrive\Escritorio\Semestre\Inteligecia de Negocio\Proyecto Fase 2\BIProyecto\ETL\Transformacion Fact_Evaluacion_Servicio.ktr]  Procesamiento finalizado (I=6, O=0, R=0, W=6, U=0, E=0)
2024-07-24 14:19:36.790 INFO  <Transformacion Fact_Evaluacion_Servicio - Entrada Tabla recomienda> [C:\Users\niebl\OneDrive\Escritorio\Semestre\Inteligecia de Negocio\Proyecto Fase 2\BIProyecto\ETL\Transformacion Fact_Evaluacion_Servicio.ktr]  Procesamiento finalizado (I=118, O=0, R=0, W=118, U=0, E=0)
2024-07-24 14:19:36.806 INFO  <Transformacion Fact_Evaluacion_Servicio - Ordenar filas cod_producto> [C:\Users\niebl\OneDrive\Escritorio\Semestre\Inteligecia de Negocio\Proyecto Fase 2\BIProyecto\ETL\Transformacion Fact_Evaluacion_Servicio.ktr]  Procesamiento finalizado (I=0, O=0, R=30, W=30, U=0, E=0)
2024-07-24 14:19:36.806 INFO  <Transformacion Fact_Evaluacion_Servicio - Ordenar filas 2 evaluacion servicio> [C:\Users\niebl\OneDrive\Escritorio\Semestre\Inteligecia de Negocio\Proyecto Fase 2\BIProyecto\ETL\Transformacion Fact_Evaluacion_Servicio.ktr]  Procesamiento finalizado (I=0, O=0, R=6, W=6, U=0, E=0)
2024-07-24 14:19:36.807 INFO  <Transformacion Fact_Evaluacion_Servicio - Ordenar filas cod_cliente> [C:\Users\niebl\OneDrive\Escritorio\Semestre\Inteligecia de Negocio\Proyecto Fase 2\BIProyecto\ETL\Transformacion Fact_Evaluacion_Servicio.ktr]  Procesamiento finalizado (I=0, O=0, R=300, W=300, U=0, E=0)
2024-07-24 14:19:36.810 INFO  <Transformacion Fact_Evaluacion_Servicio - Ordenar filas codigo producto> [C:\Users\niebl\OneDrive\Escritorio\Semestre\Inteligecia de Negocio\Proyecto Fase 2\BIProyecto\ETL\Transformacion Fact_Evaluacion_Servicio.ktr]  Procesamiento finalizado (I=0, O=0, R=118, W=118, U=0, E=0)
2024-07-24 14:19:36.858 INFO  <Transformacion Fact_Evaluacion_Servicio - Entrada Tabla dim_tiempo> [C:\Users\niebl\OneDrive\Escritorio\Semestre\Inteligecia de Negocio\Proyecto Fase 2\BIProyecto\ETL\Transformacion Fact_Evaluacion_Servicio.ktr]  Finished reading query, closing connection
2024-07-24 14:19:36.859 INFO  <Transformacion Fact_Evaluacion_Servicio - Entrada Tabla dim_tiempo> [C:\Users\niebl\OneDrive\Escritorio\Semestre\Inteligecia de Negocio\Proyecto Fase 2\BIProyecto\ETL\Transformacion Fact_Evaluacion_Servicio.ktr]  Procesamiento finalizado (I=14976, O=0, R=0, W=14976, U=0, E=0)
2024-07-24 14:19:37.121 INFO  <Transformacion Fact_Evaluacion_Servicio - Unión por clave codigo pruducto> [C:\Users\niebl\OneDrive\Escritorio\Semestre\Inteligecia de Negocio\Proyecto Fase 2\BIProyecto\ETL\Transformacion Fact_Evaluacion_Servicio.ktr]  Procesamiento finalizado (I=0, O=0, R=148, W=118, U=0, E=0)
2024-07-24 14:19:37.153 INFO  <Transformacion Fact_Evaluacion_Servicio - Ordenar filas codigo cliente> [C:\Users\niebl\OneDrive\Escritorio\Semestre\Inteligecia de Negocio\Proyecto Fase 2\BIProyecto\ETL\Transformacion Fact_Evaluacion_Servicio.ktr]  Procesamiento finalizado (I=0, O=0, R=118, W=118, U=0, E=0)
2024-07-24 14:19:37.485 INFO  <Transformacion Fact_Evaluacion_Servicio - Unión por clave codigo cliente> [C:\Users\niebl\OneDrive\Escritorio\Semestre\Inteligecia de Negocio\Proyecto Fase 2\BIProyecto\ETL\Transformacion Fact_Evaluacion_Servicio.ktr]  Procesamiento finalizado (I=0, O=0, R=418, W=118, U=0, E=0)
2024-07-24 14:19:37.517 INFO  <Transformacion Fact_Evaluacion_Servicio - Ordenar filas codigo evaluacion servicio> [C:\Users\niebl\OneDrive\Escritorio\Semestre\Inteligecia de Negocio\Proyecto Fase 2\BIProyecto\ETL\Transformacion Fact_Evaluacion_Servicio.ktr]  Procesamiento finalizado (I=0, O=0, R=118, W=118, U=0, E=0)
2024-07-24 14:19:37.867 INFO  <Transformacion Fact_Evaluacion_Servicio - Unión por clave evaluacion servicio> [C:\Users\niebl\OneDrive\Escritorio\Semestre\Inteligecia de Negocio\Proyecto Fase 2\BIProyecto\ETL\Transformacion Fact_Evaluacion_Servicio.ktr]  Procesamiento finalizado (I=0, O=0, R=124, W=118, U=0, E=0)
2024-07-24 14:19:37.899 INFO  <Transformacion Fact_Evaluacion_Servicio - Ordenar filas fecha_recomienda> [C:\Users\niebl\OneDrive\Escritorio\Semestre\Inteligecia de Negocio\Proyecto Fase 2\BIProyecto\ETL\Transformacion Fact_Evaluacion_Servicio.ktr]  Procesamiento finalizado (I=0, O=0, R=118, W=118, U=0, E=0)
2024-07-24 14:19:37.905 INFO  <Transformacion Fact_Evaluacion_Servicio - Ordenar filas fecha completa> [C:\Users\niebl\OneDrive\Escritorio\Semestre\Inteligecia de Negocio\Proyecto Fase 2\BIProyecto\ETL\Transformacion Fact_Evaluacion_Servicio.ktr]  Procesamiento finalizado (I=0, O=0, R=14976, W=14976, U=0, E=0)
2024-07-24 14:19:38.251 INFO  <Transformacion Fact_Evaluacion_Servicio - Unión por clave fecha> [C:\Users\niebl\OneDrive\Escritorio\Semestre\Inteligecia de Negocio\Proyecto Fase 2\BIProyecto\ETL\Transformacion Fact_Evaluacion_Servicio.ktr]  Procesamiento finalizado (I=0, O=0, R=15094, W=118, U=0, E=0)
2024-07-24 14:19:38.283 INFO  <Transformacion Fact_Evaluacion_Servicio - Añadir secuencia cantidad> [C:\Users\niebl\OneDrive\Escritorio\Semestre\Inteligecia de Negocio\Proyecto Fase 2\BIProyecto\ETL\Transformacion Fact_Evaluacion_Servicio.ktr]  Procesamiento finalizado (I=0, O=0, R=118, W=118, U=0, E=0)
2024-07-24 14:19:38.315 INFO  <Transformacion Fact_Evaluacion_Servicio - Formula> [C:\Users\niebl\OneDrive\Escritorio\Semestre\Inteligecia de Negocio\Proyecto Fase 2\BIProyecto\ETL\Transformacion Fact_Evaluacion_Servicio.ktr]  Procesamiento finalizado (I=0, O=0, R=118, W=118, U=0, E=0)
2024-07-24 14:19:59.681 INFO  <Thread-325> [C:\Users\niebl\OneDrive\Escritorio\Semestre\Inteligecia de Negocio\Proyecto Fase 2\BIProyecto\ETL\Transformacion Fact_Evaluacion_Servicio.ktr]  Iniciado despacho de la transformaci?n [Transformacion Fact_Evaluacion_Servicio]
2024-07-24 14:19:59.856 INFO  <Transformacion Fact_Evaluacion_Servicio - Entrada Tabla dim evaluacion servicio> [C:\Users\niebl\OneDrive\Escritorio\Semestre\Inteligecia de Negocio\Proyecto Fase 2\BIProyecto\ETL\Transformacion Fact_Evaluacion_Servicio.ktr]  Finished reading query, closing connection
2024-07-24 14:19:59.857 INFO  <Transformacion Fact_Evaluacion_Servicio - Entrada Tabla dim producto> [C:\Users\niebl\OneDrive\Escritorio\Semestre\Inteligecia de Negocio\Proyecto Fase 2\BIProyecto\ETL\Transformacion Fact_Evaluacion_Servicio.ktr]  Finished reading query, closing connection
2024-07-24 14:19:59.858 INFO  <Transformacion Fact_Evaluacion_Servicio - Entrada Tabla dim evaluacion servicio> [C:\Users\niebl\OneDrive\Escritorio\Semestre\Inteligecia de Negocio\Proyecto Fase 2\BIProyecto\ETL\Transformacion Fact_Evaluacion_Servicio.ktr]  Procesamiento finalizado (I=6, O=0, R=0, W=6, U=0, E=0)
2024-07-24 14:19:59.859 INFO  <Transformacion Fact_Evaluacion_Servicio - Entrada Tabla dim producto> [C:\Users\niebl\OneDrive\Escritorio\Semestre\Inteligecia de Negocio\Proyecto Fase 2\BIProyecto\ETL\Transformacion Fact_Evaluacion_Servicio.ktr]  Procesamiento finalizado (I=30, O=0, R=0, W=30, U=0, E=0)
2024-07-24 14:19:59.861 INFO  <Transformacion Fact_Evaluacion_Servicio - Entrada Tabla dim cliente> [C:\Users\niebl\OneDrive\Escritorio\Semestre\Inteligecia de Negocio\Proyecto Fase 2\BIProyecto\ETL\Transformacion Fact_Evaluacion_Servicio.ktr]  Finished reading query, closing connection
2024-07-24 14:19:59.864 INFO  <Transformacion Fact_Evaluacion_Servicio - Entrada Tabla dim cliente> [C:\Users\niebl\OneDrive\Escritorio\Semestre\Inteligecia de Negocio\Proyecto Fase 2\BIProyecto\ETL\Transformacion Fact_Evaluacion_Servicio.ktr]  Procesamiento finalizado (I=300, O=0, R=0, W=300, U=0, E=0)
2024-07-24 14:19:59.868 INFO  <Transformacion Fact_Evaluacion_Servicio - Entrada Tabla recomienda> [C:\Users\niebl\OneDrive\Escritorio\Semestre\Inteligecia de Negocio\Proyecto Fase 2\BIProyecto\ETL\Transformacion Fact_Evaluacion_Servicio.ktr]  Finished reading query, closing connection
2024-07-24 14:19:59.869 INFO  <Transformacion Fact_Evaluacion_Servicio - Entrada Tabla recomienda> [C:\Users\niebl\OneDrive\Escritorio\Semestre\Inteligecia de Negocio\Proyecto Fase 2\BIProyecto\ETL\Transformacion Fact_Evaluacion_Servicio.ktr]  Procesamiento finalizado (I=118, O=0, R=0, W=118, U=0, E=0)
2024-07-24 14:19:59.883 INFO  <Transformacion Fact_Evaluacion_Servicio - Ordenar filas 2 evaluacion servicio> [C:\Users\niebl\OneDrive\Escritorio\Semestre\Inteligecia de Negocio\Proyecto Fase 2\BIProyecto\ETL\Transformacion Fact_Evaluacion_Servicio.ktr]  Procesamiento finalizado (I=0, O=0, R=6, W=6, U=0, E=0)
2024-07-24 14:19:59.884 INFO  <Transformacion Fact_Evaluacion_Servicio - Ordenar filas cod_cliente> [C:\Users\niebl\OneDrive\Escritorio\Semestre\Inteligecia de Negocio\Proyecto Fase 2\BIProyecto\ETL\Transformacion Fact_Evaluacion_Servicio.ktr]  Procesamiento finalizado (I=0, O=0, R=300, W=300, U=0, E=0)
2024-07-24 14:19:59.886 INFO  <Transformacion Fact_Evaluacion_Servicio - Ordenar filas cod_producto> [C:\Users\niebl\OneDrive\Escritorio\Semestre\Inteligecia de Negocio\Proyecto Fase 2\BIProyecto\ETL\Transformacion Fact_Evaluacion_Servicio.ktr]  Procesamiento finalizado (I=0, O=0, R=30, W=30, U=0, E=0)
2024-07-24 14:19:59.889 INFO  <Transformacion Fact_Evaluacion_Servicio - Ordenar filas codigo producto> [C:\Users\niebl\OneDrive\Escritorio\Semestre\Inteligecia de Negocio\Proyecto Fase 2\BIProyecto\ETL\Transformacion Fact_Evaluacion_Servicio.ktr]  Procesamiento finalizado (I=0, O=0, R=118, W=118, U=0, E=0)
2024-07-24 14:19:59.945 INFO  <Transformacion Fact_Evaluacion_Servicio - Entrada Tabla dim_tiempo> [C:\Users\niebl\OneDrive\Escritorio\Semestre\Inteligecia de Negocio\Proyecto Fase 2\BIProyecto\ETL\Transformacion Fact_Evaluacion_Servicio.ktr]  Finished reading query, closing connection
2024-07-24 14:19:59.946 INFO  <Transformacion Fact_Evaluacion_Servicio - Entrada Tabla dim_tiempo> [C:\Users\niebl\OneDrive\Escritorio\Semestre\Inteligecia de Negocio\Proyecto Fase 2\BIProyecto\ETL\Transformacion Fact_Evaluacion_Servicio.ktr]  Procesamiento finalizado (I=14976, O=0, R=0, W=14976, U=0, E=0)
2024-07-24 14:20:00.216 INFO  <Transformacion Fact_Evaluacion_Servicio - Unión por clave codigo pruducto> [C:\Users\niebl\OneDrive\Escritorio\Semestre\Inteligecia de Negocio\Proyecto Fase 2\BIProyecto\ETL\Transformacion Fact_Evaluacion_Servicio.ktr]  Procesamiento finalizado (I=0, O=0, R=148, W=118, U=0, E=0)
2024-07-24 14:20:00.248 INFO  <Transformacion Fact_Evaluacion_Servicio - Ordenar filas codigo cliente> [C:\Users\niebl\OneDrive\Escritorio\Semestre\Inteligecia de Negocio\Proyecto Fase 2\BIProyecto\ETL\Transformacion Fact_Evaluacion_Servicio.ktr]  Procesamiento finalizado (I=0, O=0, R=118, W=118, U=0, E=0)
2024-07-24 14:20:00.574 INFO  <Transformacion Fact_Evaluacion_Servicio - Unión por clave codigo cliente> [C:\Users\niebl\OneDrive\Escritorio\Semestre\Inteligecia de Negocio\Proyecto Fase 2\BIProyecto\ETL\Transformacion Fact_Evaluacion_Servicio.ktr]  Procesamiento finalizado (I=0, O=0, R=418, W=118, U=0, E=0)
2024-07-24 14:20:00.605 INFO  <Transformacion Fact_Evaluacion_Servicio - Ordenar filas codigo evaluacion servicio> [C:\Users\niebl\OneDrive\Escritorio\Semestre\Inteligecia de Negocio\Proyecto Fase 2\BIProyecto\ETL\Transformacion Fact_Evaluacion_Servicio.ktr]  Procesamiento finalizado (I=0, O=0, R=118, W=118, U=0, E=0)
2024-07-24 14:20:00.949 INFO  <Transformacion Fact_Evaluacion_Servicio - Unión por clave evaluacion servicio> [C:\Users\niebl\OneDrive\Escritorio\Semestre\Inteligecia de Negocio\Proyecto Fase 2\BIProyecto\ETL\Transformacion Fact_Evaluacion_Servicio.ktr]  Procesamiento finalizado (I=0, O=0, R=124, W=118, U=0, E=0)
2024-07-24 14:20:00.980 INFO  <Transformacion Fact_Evaluacion_Servicio - Ordenar filas fecha_recomienda> [C:\Users\niebl\OneDrive\Escritorio\Semestre\Inteligecia de Negocio\Proyecto Fase 2\BIProyecto\ETL\Transformacion Fact_Evaluacion_Servicio.ktr]  Procesamiento finalizado (I=0, O=0, R=118, W=118, U=0, E=0)
2024-07-24 14:20:00.988 INFO  <Transformacion Fact_Evaluacion_Servicio - Ordenar filas fecha completa> [C:\Users\niebl\OneDrive\Escritorio\Semestre\Inteligecia de Negocio\Proyecto Fase 2\BIProyecto\ETL\Transformacion Fact_Evaluacion_Servicio.ktr]  Procesamiento finalizado (I=0, O=0, R=14976, W=14976, U=0, E=0)
2024-07-24 14:20:01.339 INFO  <Transformacion Fact_Evaluacion_Servicio - Unión por clave fecha> [C:\Users\niebl\OneDrive\Escritorio\Semestre\Inteligecia de Negocio\Proyecto Fase 2\BIProyecto\ETL\Transformacion Fact_Evaluacion_Servicio.ktr]  Procesamiento finalizado (I=0, O=0, R=15094, W=118, U=0, E=0)
2024-07-24 14:20:01.355 INFO  <Transformacion Fact_Evaluacion_Servicio - Añadir secuencia cantidad> [C:\Users\niebl\OneDrive\Escritorio\Semestre\Inteligecia de Negocio\Proyecto Fase 2\BIProyecto\ETL\Transformacion Fact_Evaluacion_Servicio.ktr]  Procesamiento finalizado (I=0, O=0, R=118, W=118, U=0, E=0)
2024-07-24 14:20:01.387 INFO  <Transformacion Fact_Evaluacion_Servicio - Formula> [C:\Users\niebl\OneDrive\Escritorio\Semestre\Inteligecia de Negocio\Proyecto Fase 2\BIProyecto\ETL\Transformacion Fact_Evaluacion_Servicio.ktr]  Procesamiento finalizado (I=0, O=0, R=118, W=118, U=0, E=0)
2024-07-24 14:20:19.587 INFO  <Thread-367> [C:\Users\niebl\OneDrive\Escritorio\Semestre\Inteligecia de Negocio\Proyecto Fase 2\BIProyecto\ETL\Transformacion Fact_Evaluacion_Servicio.ktr]  Iniciado despacho de la transformaci?n [Transformacion Fact_Evaluacion_Servicio]
2024-07-24 14:20:19.777 INFO  <init of Salida Tabla.0 (Thread-387)> [C:\Users\niebl\OneDrive\Escritorio\Semestre\Inteligecia de Negocio\Proyecto Fase 2\BIProyecto\ETL\Transformacion Fact_Evaluacion_Servicio.ktr]  Connected to database [Postgres] (commit=1000)
2024-07-24 14:20:19.803 INFO  <Transformacion Fact_Evaluacion_Servicio - Entrada Tabla dim cliente> [C:\Users\niebl\OneDrive\Escritorio\Semestre\Inteligecia de Negocio\Proyecto Fase 2\BIProyecto\ETL\Transformacion Fact_Evaluacion_Servicio.ktr]  Finished reading query, closing connection
2024-07-24 14:20:19.805 INFO  <Transformacion Fact_Evaluacion_Servicio - Entrada Tabla dim cliente> [C:\Users\niebl\OneDrive\Escritorio\Semestre\Inteligecia de Negocio\Proyecto Fase 2\BIProyecto\ETL\Transformacion Fact_Evaluacion_Servicio.ktr]  Procesamiento finalizado (I=300, O=0, R=0, W=300, U=0, E=0)
2024-07-24 14:20:19.809 INFO  <Transformacion Fact_Evaluacion_Servicio - Entrada Tabla dim producto> [C:\Users\niebl\OneDrive\Escritorio\Semestre\Inteligecia de Negocio\Proyecto Fase 2\BIProyecto\ETL\Transformacion Fact_Evaluacion_Servicio.ktr]  Finished reading query, closing connection
2024-07-24 14:20:19.812 INFO  <Transformacion Fact_Evaluacion_Servicio - Entrada Tabla recomienda> [C:\Users\niebl\OneDrive\Escritorio\Semestre\Inteligecia de Negocio\Proyecto Fase 2\BIProyecto\ETL\Transformacion Fact_Evaluacion_Servicio.ktr]  Finished reading query, closing connection
2024-07-24 14:20:19.812 INFO  <Transformacion Fact_Evaluacion_Servicio - Entrada Tabla dim producto> [C:\Users\niebl\OneDrive\Escritorio\Semestre\Inteligecia de Negocio\Proyecto Fase 2\BIProyecto\ETL\Transformacion Fact_Evaluacion_Servicio.ktr]  Procesamiento finalizado (I=30, O=0, R=0, W=30, U=0, E=0)
2024-07-24 14:20:19.815 INFO  <Transformacion Fact_Evaluacion_Servicio - Entrada Tabla recomienda> [C:\Users\niebl\OneDrive\Escritorio\Semestre\Inteligecia de Negocio\Proyecto Fase 2\BIProyecto\ETL\Transformacion Fact_Evaluacion_Servicio.ktr]  Procesamiento finalizado (I=118, O=0, R=0, W=118, U=0, E=0)
2024-07-24 14:20:19.816 INFO  <Transformacion Fact_Evaluacion_Servicio - Entrada Tabla dim evaluacion servicio> [C:\Users\niebl\OneDrive\Escritorio\Semestre\Inteligecia de Negocio\Proyecto Fase 2\BIProyecto\ETL\Transformacion Fact_Evaluacion_Servicio.ktr]  Finished reading query, closing connection
2024-07-24 14:20:19.817 INFO  <Transformacion Fact_Evaluacion_Servicio - Entrada Tabla dim evaluacion servicio> [C:\Users\niebl\OneDrive\Escritorio\Semestre\Inteligecia de Negocio\Proyecto Fase 2\BIProyecto\ETL\Transformacion Fact_Evaluacion_Servicio.ktr]  Procesamiento finalizado (I=6, O=0, R=0, W=6, U=0, E=0)
2024-07-24 14:20:19.830 INFO  <Transformacion Fact_Evaluacion_Servicio - Ordenar filas cod_producto> [C:\Users\niebl\OneDrive\Escritorio\Semestre\Inteligecia de Negocio\Proyecto Fase 2\BIProyecto\ETL\Transformacion Fact_Evaluacion_Servicio.ktr]  Procesamiento finalizado (I=0, O=0, R=30, W=30, U=0, E=0)
2024-07-24 14:20:19.830 INFO  <Transformacion Fact_Evaluacion_Servicio - Ordenar filas cod_cliente> [C:\Users\niebl\OneDrive\Escritorio\Semestre\Inteligecia de Negocio\Proyecto Fase 2\BIProyecto\ETL\Transformacion Fact_Evaluacion_Servicio.ktr]  Procesamiento finalizado (I=0, O=0, R=300, W=300, U=0, E=0)
2024-07-24 14:20:19.833 INFO  <Transformacion Fact_Evaluacion_Servicio - Ordenar filas 2 evaluacion servicio> [C:\Users\niebl\OneDrive\Escritorio\Semestre\Inteligecia de Negocio\Proyecto Fase 2\BIProyecto\ETL\Transformacion Fact_Evaluacion_Servicio.ktr]  Procesamiento finalizado (I=0, O=0, R=6, W=6, U=0, E=0)
2024-07-24 14:20:19.836 INFO  <Transformacion Fact_Evaluacion_Servicio - Ordenar filas codigo producto> [C:\Users\niebl\OneDrive\Escritorio\Semestre\Inteligecia de Negocio\Proyecto Fase 2\BIProyecto\ETL\Transformacion Fact_Evaluacion_Servicio.ktr]  Procesamiento finalizado (I=0, O=0, R=118, W=118, U=0, E=0)
2024-07-24 14:20:19.878 INFO  <Transformacion Fact_Evaluacion_Servicio - Entrada Tabla dim_tiempo> [C:\Users\niebl\OneDrive\Escritorio\Semestre\Inteligecia de Negocio\Proyecto Fase 2\BIProyecto\ETL\Transformacion Fact_Evaluacion_Servicio.ktr]  Finished reading query, closing connection
2024-07-24 14:20:19.880 INFO  <Transformacion Fact_Evaluacion_Servicio - Entrada Tabla dim_tiempo> [C:\Users\niebl\OneDrive\Escritorio\Semestre\Inteligecia de Negocio\Proyecto Fase 2\BIProyecto\ETL\Transformacion Fact_Evaluacion_Servicio.ktr]  Procesamiento finalizado (I=14976, O=0, R=0, W=14976, U=0, E=0)
2024-07-24 14:20:20.148 INFO  <Transformacion Fact_Evaluacion_Servicio - Unión por clave codigo pruducto> [C:\Users\niebl\OneDrive\Escritorio\Semestre\Inteligecia de Negocio\Proyecto Fase 2\BIProyecto\ETL\Transformacion Fact_Evaluacion_Servicio.ktr]  Procesamiento finalizado (I=0, O=0, R=148, W=118, U=0, E=0)
2024-07-24 14:20:20.180 INFO  <Transformacion Fact_Evaluacion_Servicio - Ordenar filas codigo cliente> [C:\Users\niebl\OneDrive\Escritorio\Semestre\Inteligecia de Negocio\Proyecto Fase 2\BIProyecto\ETL\Transformacion Fact_Evaluacion_Servicio.ktr]  Procesamiento finalizado (I=0, O=0, R=118, W=118, U=0, E=0)
2024-07-24 14:20:20.528 INFO  <Transformacion Fact_Evaluacion_Servicio - Unión por clave codigo cliente> [C:\Users\niebl\OneDrive\Escritorio\Semestre\Inteligecia de Negocio\Proyecto Fase 2\BIProyecto\ETL\Transformacion Fact_Evaluacion_Servicio.ktr]  Procesamiento finalizado (I=0, O=0, R=418, W=118, U=0, E=0)
2024-07-24 14:20:20.560 INFO  <Transformacion Fact_Evaluacion_Servicio - Ordenar filas codigo evaluacion servicio> [C:\Users\niebl\OneDrive\Escritorio\Semestre\Inteligecia de Negocio\Proyecto Fase 2\BIProyecto\ETL\Transformacion Fact_Evaluacion_Servicio.ktr]  Procesamiento finalizado (I=0, O=0, R=118, W=118, U=0, E=0)
2024-07-24 14:20:20.906 INFO  <Transformacion Fact_Evaluacion_Servicio - Unión por clave evaluacion servicio> [C:\Users\niebl\OneDrive\Escritorio\Semestre\Inteligecia de Negocio\Proyecto Fase 2\BIProyecto\ETL\Transformacion Fact_Evaluacion_Servicio.ktr]  Procesamiento finalizado (I=0, O=0, R=124, W=118, U=0, E=0)
2024-07-24 14:20:20.937 INFO  <Transformacion Fact_Evaluacion_Servicio - Ordenar filas fecha_recomienda> [C:\Users\niebl\OneDrive\Escritorio\Semestre\Inteligecia de Negocio\Proyecto Fase 2\BIProyecto\ETL\Transformacion Fact_Evaluacion_Servicio.ktr]  Procesamiento finalizado (I=0, O=0, R=118, W=118, U=0, E=0)
2024-07-24 14:20:20.945 INFO  <Transformacion Fact_Evaluacion_Servicio - Ordenar filas fecha completa> [C:\Users\niebl\OneDrive\Escritorio\Semestre\Inteligecia de Negocio\Proyecto Fase 2\BIProyecto\ETL\Transformacion Fact_Evaluacion_Servicio.ktr]  Procesamiento finalizado (I=0, O=0, R=14976, W=14976, U=0, E=0)
2024-07-24 14:20:21.282 INFO  <Transformacion Fact_Evaluacion_Servicio - Unión por clave fecha> [C:\Users\niebl\OneDrive\Escritorio\Semestre\Inteligecia de Negocio\Proyecto Fase 2\BIProyecto\ETL\Transformacion Fact_Evaluacion_Servicio.ktr]  Procesamiento finalizado (I=0, O=0, R=15094, W=118, U=0, E=0)
2024-07-24 14:20:21.313 INFO  <Transformacion Fact_Evaluacion_Servicio - Añadir secuencia cantidad> [C:\Users\niebl\OneDrive\Escritorio\Semestre\Inteligecia de Negocio\Proyecto Fase 2\BIProyecto\ETL\Transformacion Fact_Evaluacion_Servicio.ktr]  Procesamiento finalizado (I=0, O=0, R=118, W=118, U=0, E=0)
2024-07-24 14:20:21.343 INFO  <Transformacion Fact_Evaluacion_Servicio - Formula> [C:\Users\niebl\OneDrive\Escritorio\Semestre\Inteligecia de Negocio\Proyecto Fase 2\BIProyecto\ETL\Transformacion Fact_Evaluacion_Servicio.ktr]  Procesamiento finalizado (I=0, O=0, R=118, W=118, U=0, E=0)
2024-07-24 14:20:21.498 INFO  <Transformacion Fact_Evaluacion_Servicio - Salida Tabla> [C:\Users\niebl\OneDrive\Escritorio\Semestre\Inteligecia de Negocio\Proyecto Fase 2\BIProyecto\ETL\Transformacion Fact_Evaluacion_Servicio.ktr]  Procesamiento finalizado (I=0, O=118, R=118, W=118, U=0, E=0)
2024-07-24 18:30:07.391 INFO  <Thread-426> [C:\proyectobi\ETLdim_Tiempo.ktr]  Iniciado despacho de la transformaci?n [Transformacion Dim_Tiempo]
2024-07-24 18:30:07.553 INFO  <init of Salida Tabla dim_tiempo.0 (Thread-444)> [C:\proyectobi\ETLdim_Tiempo.ktr]  Connected to database [Postgres] (commit=1000)
2024-07-24 18:30:07.596 INFO  <Transformacion Dim_Tiempo - Generate rows> [C:\proyectobi\ETLdim_Tiempo.ktr]  Procesamiento finalizado (I=0, O=0, R=0, W=14976, U=0, E=0)
2024-07-24 18:30:07.737 INFO  <Transformacion Dim_Tiempo - suma_dias> [C:\proyectobi\ETLdim_Tiempo.ktr]  Procesamiento finalizado (I=0, O=0, R=14976, W=14976, U=0, E=0)
2024-07-24 18:30:07.853 INFO  <Transformacion Dim_Tiempo - Calculator> [C:\proyectobi\ETLdim_Tiempo.ktr]  Procesamiento finalizado (I=0, O=0, R=14976, W=14976, U=0, E=0)
2024-07-24 18:30:07.929 INFO  <Transformacion Dim_Tiempo - Select values> [C:\proyectobi\ETLdim_Tiempo.ktr]  Procesamiento finalizado (I=0, O=0, R=14976, W=14976, U=0, E=0)
2024-07-24 18:30:08.232 INFO  <Transformacion Dim_Tiempo - Extraccion de año> [C:\proyectobi\ETLdim_Tiempo.ktr]  Procesamiento finalizado (I=0, O=0, R=14976, W=14976, U=0, E=0)
2024-07-24 18:30:08.413 INFO  <Transformacion Dim_Tiempo - Extraccion de mes> [C:\proyectobi\ETLdim_Tiempo.ktr]  Procesamiento finalizado (I=0, O=0, R=14976, W=14976, U=0, E=0)
2024-07-24 18:30:08.441 INFO  <Transformacion Dim_Tiempo - Extraccion dia año> [C:\proyectobi\ETLdim_Tiempo.ktr]  Procesamiento finalizado (I=0, O=0, R=14976, W=14976, U=0, E=0)
2024-07-24 18:30:08.855 INFO  <Transformacion Dim_Tiempo - Extraccion dia mes> [C:\proyectobi\ETLdim_Tiempo.ktr]  Procesamiento finalizado (I=0, O=0, R=14976, W=14976, U=0, E=0)
2024-07-24 18:30:08.865 INFO  <Transformacion Dim_Tiempo - Extraccion dia semana> [C:\proyectobi\ETLdim_Tiempo.ktr]  Procesamiento finalizado (I=0, O=0, R=14976, W=14976, U=0, E=0)
2024-07-24 18:30:08.900 INFO  <Transformacion Dim_Tiempo - Extraccion semana> [C:\proyectobi\ETLdim_Tiempo.ktr]  Procesamiento finalizado (I=0, O=0, R=14976, W=14976, U=0, E=0)
2024-07-24 18:30:08.906 INFO  <Transformacion Dim_Tiempo - Mapeo de valores Des_dia_semana> [C:\proyectobi\ETLdim_Tiempo.ktr]  Procesamiento finalizado (I=0, O=0, R=14976, W=14976, U=0, E=0)
2024-07-24 18:30:08.911 INFO  <Transformacion Dim_Tiempo - Mapeo de valores desc_dia_semana_corta> [C:\proyectobi\ETLdim_Tiempo.ktr]  Procesamiento finalizado (I=0, O=0, R=14976, W=14976, U=0, E=0)
2024-07-24 18:30:08.921 INFO  <Transformacion Dim_Tiempo - Mapeo de valores desc_mes> [C:\proyectobi\ETLdim_Tiempo.ktr]  Procesamiento finalizado (I=0, O=0, R=14976, W=14976, U=0, E=0)
2024-07-24 18:30:08.926 INFO  <Transformacion Dim_Tiempo - Mapeo de valores desc_mes_corta> [C:\proyectobi\ETLdim_Tiempo.ktr]  Procesamiento finalizado (I=0, O=0, R=14976, W=14976, U=0, E=0)
2024-07-24 18:30:08.931 INFO  <Transformacion Dim_Tiempo - Formula desc_trimestre> [C:\proyectobi\ETLdim_Tiempo.ktr]  Procesamiento finalizado (I=0, O=0, R=14976, W=14976, U=0, E=0)
2024-07-24 18:30:08.939 INFO  <Transformacion Dim_Tiempo - Formula desc_semestre> [C:\proyectobi\ETLdim_Tiempo.ktr]  Procesamiento finalizado (I=0, O=0, R=14976, W=14976, U=0, E=0)
2024-07-24 18:30:09.895 INFO  <Transformacion Dim_Tiempo - Añadir secuencia sk_dim_tiempo> [C:\proyectobi\ETLdim_Tiempo.ktr]  Procesamiento finalizado (I=0, O=0, R=14976, W=14976, U=0, E=0)
2024-07-24 18:30:11.549 INFO  <Transformacion Dim_Tiempo - Salida Tabla dim_tiempo> [C:\proyectobi\ETLdim_Tiempo.ktr]  Procesamiento finalizado (I=0, O=14976, R=14976, W=14976, U=0, E=0)
2024-07-24 18:30:58.768 INFO  <Thread-473> [C:\proyectobi\ETLdim_Estado_Contrato.ktr]  Iniciado despacho de la transformaci?n [Transformacion Estado ContratoLF]
2024-07-24 18:30:58.879 INFO  <init of Salida Tabla dim_estado_contrato.0 (Thread-479)> [C:\proyectobi\ETLdim_Estado_Contrato.ktr]  Connected to database [Postgres] (commit=1000)
2024-07-24 18:30:58.903 INFO  <Transformacion Estado ContratoLF - Entrada Tabla Estado Contrato> [C:\proyectobi\ETLdim_Estado_Contrato.ktr]  Finished reading query, closing connection
2024-07-24 18:30:58.904 INFO  <Transformacion Estado ContratoLF - Entrada Tabla Estado Contrato> [C:\proyectobi\ETLdim_Estado_Contrato.ktr]  Procesamiento finalizado (I=1000, O=0, R=0, W=1000, U=0, E=0)
2024-07-24 18:30:58.936 INFO  <Transformacion Estado ContratoLF - Seleccionar Estado Contrato> [C:\proyectobi\ETLdim_Estado_Contrato.ktr]  Procesamiento finalizado (I=0, O=0, R=1000, W=1000, U=0, E=0)
2024-07-24 18:30:58.968 INFO  <Transformacion Estado ContratoLF - Agrupar> [C:\proyectobi\ETLdim_Estado_Contrato.ktr]  Procesamiento finalizado (I=0, O=0, R=1000, W=3, U=0, E=0)
2024-07-24 18:30:58.998 INFO  <Transformacion Estado ContratoLF - Add sequence cod_estado> [C:\proyectobi\ETLdim_Estado_Contrato.ktr]  Procesamiento finalizado (I=0, O=0, R=3, W=3, U=0, E=0)
2024-07-24 18:30:59.029 INFO  <Transformacion Estado ContratoLF - Add sequence sk_dim_estado_contrato> [C:\proyectobi\ETLdim_Estado_Contrato.ktr]  Procesamiento finalizado (I=0, O=0, R=3, W=3, U=0, E=0)
2024-07-24 18:30:59.063 INFO  <Transformacion Estado ContratoLF - Salida Tabla dim_estado_contrato> [C:\proyectobi\ETLdim_Estado_Contrato.ktr]  Procesamiento finalizado (I=0, O=3, R=3, W=3, U=0, E=0)
2024-07-24 18:31:36.160 INFO  <Thread-496> [C:\proyectobi\ETLdim_Contrato.ktr]  Iniciado despacho de la transformaci?n [Transformacion_ContratoLF]
2024-07-24 18:31:36.255 INFO  <init of Salida Tabla.0 (Thread-499)> [C:\proyectobi\ETLdim_Contrato.ktr]  Connected to database [PostgresConexion] (commit=1000)
2024-07-24 18:31:36.299 INFO  <Transformacion_ContratoLF - Entrada Tabla> [C:\proyectobi\ETLdim_Contrato.ktr]  Finished reading query, closing connection
2024-07-24 18:31:36.299 INFO  <Transformacion_ContratoLF - Entrada Tabla> [C:\proyectobi\ETLdim_Contrato.ktr]  Procesamiento finalizado (I=1000, O=0, R=0, W=1000, U=0, E=0)
2024-07-24 18:31:36.322 INFO  <Transformacion_ContratoLF - Add sequence sk_dim_contrato> [C:\proyectobi\ETLdim_Contrato.ktr]  Procesamiento finalizado (I=0, O=0, R=1000, W=1000, U=0, E=0)
2024-07-24 18:31:36.512 INFO  <Transformacion_ContratoLF - Salida Tabla> [C:\proyectobi\ETLdim_Contrato.ktr]  Procesamiento finalizado (I=0, O=1000, R=1000, W=1000, U=0, E=0)
2024-07-24 18:32:04.475 INFO  <Thread-513> [C:\proyectobi\ETLdim_Cliente.ktr]  Iniciado despacho de la transformaci?n [Transformacion ClienteLF]
2024-07-24 18:32:04.560 INFO  <init of Salida Tabla.0 (Thread-516)> [C:\proyectobi\ETLdim_Cliente.ktr]  Connected to database [Postgres] (commit=1000)
2024-07-24 18:32:04.576 INFO  <Transformacion ClienteLF - Entrada Tabla> [C:\proyectobi\ETLdim_Cliente.ktr]  Finished reading query, closing connection
2024-07-24 18:32:04.577 INFO  <Transformacion ClienteLF - Entrada Tabla> [C:\proyectobi\ETLdim_Cliente.ktr]  Procesamiento finalizado (I=300, O=0, R=0, W=300, U=0, E=0)
2024-07-24 18:32:04.609 INFO  <Transformacion ClienteLF - Add sequence Sk_dim_cliente> [C:\proyectobi\ETLdim_Cliente.ktr]  Procesamiento finalizado (I=0, O=0, R=300, W=300, U=0, E=0)
2024-07-24 18:32:04.676 INFO  <Transformacion ClienteLF - Salida Tabla> [C:\proyectobi\ETLdim_Cliente.ktr]  Procesamiento finalizado (I=0, O=300, R=300, W=300, U=0, E=0)
2024-07-24 18:32:26.428 INFO  <Thread-530> [C:\proyectobi\ETLdim_Sucursal.ktr]  Iniciado despacho de la transformaci?n [Transformacion SucursalLF]
2024-07-24 18:32:26.563 INFO  <init of Salida Tabla.0 (Thread-537)> [C:\proyectobi\ETLdim_Sucursal.ktr]  Connected to database [Postgres] (commit=1000)
2024-07-24 18:32:26.579 INFO  <Transformacion SucursalLF - Entrada Tabla Sucursal> [C:\proyectobi\ETLdim_Sucursal.ktr]  Finished reading query, closing connection
2024-07-24 18:32:26.579 INFO  <Transformacion SucursalLF - Entrada Tabla Pais> [C:\proyectobi\ETLdim_Sucursal.ktr]  Finished reading query, closing connection
2024-07-24 18:32:26.580 INFO  <Transformacion SucursalLF - Entrada Tabla Ciudad> [C:\proyectobi\ETLdim_Sucursal.ktr]  Finished reading query, closing connection
2024-07-24 18:32:26.581 INFO  <Transformacion SucursalLF - Entrada Tabla Sucursal> [C:\proyectobi\ETLdim_Sucursal.ktr]  Procesamiento finalizado (I=30, O=0, R=0, W=30, U=0, E=0)
2024-07-24 18:32:26.581 INFO  <Transformacion SucursalLF - Entrada Tabla Pais> [C:\proyectobi\ETLdim_Sucursal.ktr]  Procesamiento finalizado (I=30, O=0, R=0, W=30, U=0, E=0)
2024-07-24 18:32:26.582 INFO  <Transformacion SucursalLF - Entrada Tabla Ciudad> [C:\proyectobi\ETLdim_Sucursal.ktr]  Procesamiento finalizado (I=30, O=0, R=0, W=30, U=0, E=0)
2024-07-24 18:32:26.954 INFO  <Transformacion SucursalLF - Unión Sucursal-Pais> [C:\proyectobi\ETLdim_Sucursal.ktr]  Procesamiento finalizado (I=0, O=0, R=60, W=30, U=0, E=0)
2024-07-24 18:32:27.333 INFO  <Transformacion SucursalLF - Unión Sucursal-Pais-Ciudad> [C:\proyectobi\ETLdim_Sucursal.ktr]  Procesamiento finalizado (I=0, O=0, R=60, W=30, U=0, E=0)
2024-07-24 18:32:27.365 INFO  <Transformacion SucursalLF - Add sequence sk_dim_sucursal> [C:\proyectobi\ETLdim_Sucursal.ktr]  Procesamiento finalizado (I=0, O=0, R=30, W=30, U=0, E=0)
2024-07-24 18:32:27.402 INFO  <Transformacion SucursalLF - Salida Tabla> [C:\proyectobi\ETLdim_Sucursal.ktr]  Procesamiento finalizado (I=0, O=30, R=30, W=30, U=0, E=0)
2024-07-24 18:33:01.094 INFO  <Thread-555> [C:\proyectobi\ETLdim_Siniestro.ktr]  Iniciado despacho de la transformaci?n [Transformacion siniestroLF]
2024-07-24 18:33:01.292 INFO  <init of Salida Tabla dim_siniestro.0 (Thread-558)> [C:\proyectobi\ETLdim_Siniestro.ktr]  Connected to database [Postgres] (commit=1000)
2024-07-24 18:33:01.357 INFO  <Transformacion siniestroLF - Entrada Tabla Siniestro> [C:\proyectobi\ETLdim_Siniestro.ktr]  Finished reading query, closing connection
2024-07-24 18:33:01.357 INFO  <Transformacion siniestroLF - Entrada Tabla Siniestro> [C:\proyectobi\ETLdim_Siniestro.ktr]  Procesamiento finalizado (I=20, O=0, R=0, W=20, U=0, E=0)
2024-07-24 18:33:01.367 INFO  <Transformacion siniestroLF - Add sequence sk_dim_siniestro> [C:\proyectobi\ETLdim_Siniestro.ktr]  Procesamiento finalizado (I=0, O=0, R=20, W=20, U=0, E=0)
2024-07-24 18:33:01.443 INFO  <Transformacion siniestroLF - Salida Tabla dim_siniestro> [C:\proyectobi\ETLdim_Siniestro.ktr]  Procesamiento finalizado (I=0, O=20, R=20, W=20, U=0, E=0)
2024-07-24 18:33:30.311 INFO  <Thread-572> [C:\proyectobi\ETLdim_Producto.ktr]  Iniciado despacho de la transformaci?n [Transformacion ProductoLF]
2024-07-24 18:33:30.467 INFO  <init of Salida Tabla.0 (Thread-581)> [C:\proyectobi\ETLdim_Producto.ktr]  Connected to database [Postgres] (commit=1000)
2024-07-24 18:33:30.482 INFO  <Transformacion ProductoLF - Entrada Tabla Tipo Producto> [C:\proyectobi\ETLdim_Producto.ktr]  Finished reading query, closing connection
2024-07-24 18:33:30.483 INFO  <Transformacion ProductoLF - Entrada Tabla Producto> [C:\proyectobi\ETLdim_Producto.ktr]  Finished reading query, closing connection
2024-07-24 18:33:30.483 INFO  <Transformacion ProductoLF - Entrada Tabla Tipo Producto> [C:\proyectobi\ETLdim_Producto.ktr]  Procesamiento finalizado (I=4, O=0, R=0, W=4, U=0, E=0)
2024-07-24 18:33:30.484 INFO  <Transformacion ProductoLF - Entrada Tabla Producto> [C:\proyectobi\ETLdim_Producto.ktr]  Procesamiento finalizado (I=30, O=0, R=0, W=30, U=0, E=0)
2024-07-24 18:33:30.510 INFO  <Transformacion ProductoLF - Ordenar filas 2> [C:\proyectobi\ETLdim_Producto.ktr]  Procesamiento finalizado (I=0, O=0, R=30, W=30, U=0, E=0)
2024-07-24 18:33:30.510 INFO  <Transformacion ProductoLF - Ordenar filas> [C:\proyectobi\ETLdim_Producto.ktr]  Procesamiento finalizado (I=0, O=0, R=4, W=4, U=0, E=0)
2024-07-24 18:33:30.867 INFO  <Transformacion ProductoLF - Unión por clave> [C:\proyectobi\ETLdim_Producto.ktr]  Procesamiento finalizado (I=0, O=0, R=34, W=30, U=0, E=0)
2024-07-24 18:33:30.906 INFO  <Transformacion ProductoLF - Ordenar filas 3> [C:\proyectobi\ETLdim_Producto.ktr]  Procesamiento finalizado (I=0, O=0, R=30, W=30, U=0, E=0)
2024-07-24 18:33:30.916 INFO  <Transformacion ProductoLF - Add sequence sk_dim_producto> [C:\proyectobi\ETLdim_Producto.ktr]  Procesamiento finalizado (I=0, O=0, R=30, W=30, U=0, E=0)
2024-07-24 18:33:30.944 INFO  <Transformacion ProductoLF - Strings cut> [C:\proyectobi\ETLdim_Producto.ktr]  Procesamiento finalizado (I=0, O=0, R=30, W=30, U=0, E=0)
2024-07-24 18:33:30.989 INFO  <Transformacion ProductoLF - Salida Tabla> [C:\proyectobi\ETLdim_Producto.ktr]  Procesamiento finalizado (I=0, O=30, R=30, W=30, U=0, E=0)
2024-07-24 18:33:57.541 INFO  <Thread-601> [C:\proyectobi\ETLdim_Evaluacion_Servicio.ktr]  Iniciado despacho de la transformaci?n [Transformacion Evaluacion ServicioLF]
2024-07-24 18:33:57.624 INFO  <init of Salida Tabla dim_evaluacion_servicio.0 (Thread-604)> [C:\proyectobi\ETLdim_Evaluacion_Servicio.ktr]  Connected to database [Postgres] (commit=1000)
2024-07-24 18:33:57.637 INFO  <Transformacion Evaluacion ServicioLF - Entrada Tabla Evaluacion_Servicio> [C:\proyectobi\ETLdim_Evaluacion_Servicio.ktr]  Finished reading query, closing connection
2024-07-24 18:33:57.638 INFO  <Transformacion Evaluacion ServicioLF - Entrada Tabla Evaluacion_Servicio> [C:\proyectobi\ETLdim_Evaluacion_Servicio.ktr]  Procesamiento finalizado (I=6, O=0, R=0, W=6, U=0, E=0)
2024-07-24 18:33:57.663 INFO  <Transformacion Evaluacion ServicioLF - Add sequence sk_eval_serv> [C:\proyectobi\ETLdim_Evaluacion_Servicio.ktr]  Procesamiento finalizado (I=0, O=0, R=6, W=6, U=0, E=0)
2024-07-24 18:33:57.696 INFO  <Transformacion Evaluacion ServicioLF - Salida Tabla dim_evaluacion_servicio> [C:\proyectobi\ETLdim_Evaluacion_Servicio.ktr]  Procesamiento finalizado (I=0, O=6, R=6, W=6, U=0, E=0)
2024-07-24 18:34:36.567 INFO  <Thread-622> [C:\proyectobi\ETLfact_Evaluacion_Servicio.ktr]  Iniciado despacho de la transformaci?n [Transformacion Fact_Evaluacion_Servicio]
2024-07-24 18:34:36.760 INFO  <init of Salida Tabla.0 (Thread-642)> [C:\proyectobi\ETLfact_Evaluacion_Servicio.ktr]  Connected to database [Postgres] (commit=1000)
2024-07-24 18:34:36.784 INFO  <Transformacion Fact_Evaluacion_Servicio - Entrada Tabla dim evaluacion servicio> [C:\proyectobi\ETLfact_Evaluacion_Servicio.ktr]  Finished reading query, closing connection
2024-07-24 18:34:36.786 INFO  <Transformacion Fact_Evaluacion_Servicio - Entrada Tabla dim cliente> [C:\proyectobi\ETLfact_Evaluacion_Servicio.ktr]  Finished reading query, closing connection
2024-07-24 18:34:36.787 INFO  <Transformacion Fact_Evaluacion_Servicio - Entrada Tabla dim evaluacion servicio> [C:\proyectobi\ETLfact_Evaluacion_Servicio.ktr]  Procesamiento finalizado (I=6, O=0, R=0, W=6, U=0, E=0)
2024-07-24 18:34:36.787 INFO  <Transformacion Fact_Evaluacion_Servicio - Entrada Tabla dim cliente> [C:\proyectobi\ETLfact_Evaluacion_Servicio.ktr]  Procesamiento finalizado (I=300, O=0, R=0, W=300, U=0, E=0)
2024-07-24 18:34:36.788 INFO  <Transformacion Fact_Evaluacion_Servicio - Entrada Tabla recomienda> [C:\proyectobi\ETLfact_Evaluacion_Servicio.ktr]  Finished reading query, closing connection
2024-07-24 18:34:36.790 INFO  <Transformacion Fact_Evaluacion_Servicio - Entrada Tabla dim producto> [C:\proyectobi\ETLfact_Evaluacion_Servicio.ktr]  Finished reading query, closing connection
2024-07-24 18:34:36.790 INFO  <Transformacion Fact_Evaluacion_Servicio - Ordenar filas 2 evaluacion servicio> [C:\proyectobi\ETLfact_Evaluacion_Servicio.ktr]  Procesamiento finalizado (I=0, O=0, R=6, W=6, U=0, E=0)
2024-07-24 18:34:36.792 INFO  <Transformacion Fact_Evaluacion_Servicio - Entrada Tabla recomienda> [C:\proyectobi\ETLfact_Evaluacion_Servicio.ktr]  Procesamiento finalizado (I=500, O=0, R=0, W=500, U=0, E=0)
2024-07-24 18:34:36.792 INFO  <Transformacion Fact_Evaluacion_Servicio - Entrada Tabla dim producto> [C:\proyectobi\ETLfact_Evaluacion_Servicio.ktr]  Procesamiento finalizado (I=30, O=0, R=0, W=30, U=0, E=0)
2024-07-24 18:34:36.795 INFO  <Transformacion Fact_Evaluacion_Servicio - Ordenar filas codigo producto> [C:\proyectobi\ETLfact_Evaluacion_Servicio.ktr]  Procesamiento finalizado (I=0, O=0, R=500, W=500, U=0, E=0)
2024-07-24 18:34:36.802 INFO  <Transformacion Fact_Evaluacion_Servicio - Ordenar filas cod_producto> [C:\proyectobi\ETLfact_Evaluacion_Servicio.ktr]  Procesamiento finalizado (I=0, O=0, R=30, W=30, U=0, E=0)
2024-07-24 18:34:36.817 INFO  <Transformacion Fact_Evaluacion_Servicio - Ordenar filas cod_cliente> [C:\proyectobi\ETLfact_Evaluacion_Servicio.ktr]  Procesamiento finalizado (I=0, O=0, R=300, W=300, U=0, E=0)
2024-07-24 18:34:36.874 INFO  <Transformacion Fact_Evaluacion_Servicio - Entrada Tabla dim_tiempo> [C:\proyectobi\ETLfact_Evaluacion_Servicio.ktr]  Finished reading query, closing connection
2024-07-24 18:34:36.875 INFO  <Transformacion Fact_Evaluacion_Servicio - Entrada Tabla dim_tiempo> [C:\proyectobi\ETLfact_Evaluacion_Servicio.ktr]  Procesamiento finalizado (I=14976, O=0, R=0, W=14976, U=0, E=0)
2024-07-24 18:34:37.133 INFO  <Transformacion Fact_Evaluacion_Servicio - Unión por clave codigo pruducto> [C:\proyectobi\ETLfact_Evaluacion_Servicio.ktr]  Procesamiento finalizado (I=0, O=0, R=530, W=500, U=0, E=0)
2024-07-24 18:34:37.165 INFO  <Transformacion Fact_Evaluacion_Servicio - Ordenar filas codigo cliente> [C:\proyectobi\ETLfact_Evaluacion_Servicio.ktr]  Procesamiento finalizado (I=0, O=0, R=500, W=500, U=0, E=0)
2024-07-24 18:34:37.505 INFO  <Transformacion Fact_Evaluacion_Servicio - Unión por clave codigo cliente> [C:\proyectobi\ETLfact_Evaluacion_Servicio.ktr]  Procesamiento finalizado (I=0, O=0, R=800, W=500, U=0, E=0)
2024-07-24 18:34:37.537 INFO  <Transformacion Fact_Evaluacion_Servicio - Ordenar filas codigo evaluacion servicio> [C:\proyectobi\ETLfact_Evaluacion_Servicio.ktr]  Procesamiento finalizado (I=0, O=0, R=500, W=500, U=0, E=0)
2024-07-24 18:34:37.882 INFO  <Transformacion Fact_Evaluacion_Servicio - Unión por clave evaluacion servicio> [C:\proyectobi\ETLfact_Evaluacion_Servicio.ktr]  Procesamiento finalizado (I=0, O=0, R=506, W=500, U=0, E=0)
2024-07-24 18:34:37.915 INFO  <Transformacion Fact_Evaluacion_Servicio - Ordenar filas fecha_recomienda> [C:\proyectobi\ETLfact_Evaluacion_Servicio.ktr]  Procesamiento finalizado (I=0, O=0, R=500, W=500, U=0, E=0)
2024-07-24 18:34:37.922 INFO  <Transformacion Fact_Evaluacion_Servicio - Ordenar filas fecha completa> [C:\proyectobi\ETLfact_Evaluacion_Servicio.ktr]  Procesamiento finalizado (I=0, O=0, R=14976, W=14976, U=0, E=0)
2024-07-24 18:34:38.229 INFO  <Transformacion Fact_Evaluacion_Servicio - Unión por clave fecha> [C:\proyectobi\ETLfact_Evaluacion_Servicio.ktr]  Procesamiento finalizado (I=0, O=0, R=15476, W=500, U=0, E=0)
2024-07-24 18:34:38.244 INFO  <Transformacion Fact_Evaluacion_Servicio - Añadir secuencia cantidad> [C:\proyectobi\ETLfact_Evaluacion_Servicio.ktr]  Procesamiento finalizado (I=0, O=0, R=500, W=500, U=0, E=0)
2024-07-24 18:34:38.260 INFO  <Transformacion Fact_Evaluacion_Servicio - Formula> [C:\proyectobi\ETLfact_Evaluacion_Servicio.ktr]  Procesamiento finalizado (I=0, O=0, R=500, W=500, U=0, E=0)
2024-07-24 18:34:38.375 INFO  <Transformacion Fact_Evaluacion_Servicio - Salida Tabla> [C:\proyectobi\ETLfact_Evaluacion_Servicio.ktr]  Procesamiento finalizado (I=0, O=500, R=500, W=500, U=0, E=0)
2024-07-24 18:35:11.286 INFO  <Thread-673> [C:\proyectobi\ETLfact_Metas.ktr]  Iniciado despacho de la transformaci?n [LFTransformation_fact_metas]
2024-07-24 18:35:11.548 INFO  <init of Table output.0 (Thread-690)> [C:\proyectobi\ETLfact_Metas.ktr]  Connected to database [postgre] (commit=1000)
2024-07-24 18:35:11.979 INFO  <LFTransformation_fact_metas - extraer producto> [C:\proyectobi\ETLfact_Metas.ktr]  Finished reading query, closing connection
2024-07-24 18:35:11.980 INFO  <LFTransformation_fact_metas - extraer producto> [C:\proyectobi\ETLfact_Metas.ktr]  Procesamiento finalizado (I=30, O=0, R=0, W=30, U=0, E=0)
2024-07-24 18:35:11.994 INFO  <LFTransformation_fact_metas - extraer dim_tiempo2> [C:\proyectobi\ETLfact_Metas.ktr]  Finished reading query, closing connection
2024-07-24 18:35:11.995 INFO  <LFTransformation_fact_metas - Sort cod_prod> [C:\proyectobi\ETLfact_Metas.ktr]  Procesamiento finalizado (I=0, O=0, R=30, W=30, U=0, E=0)
2024-07-24 18:35:11.995 INFO  <LFTransformation_fact_metas - extraer dim_tiempo2> [C:\proyectobi\ETLfact_Metas.ktr]  Procesamiento finalizado (I=14976, O=0, R=0, W=14976, U=0, E=0)
2024-07-24 18:35:12.046 INFO  <LFTransformation_fact_metas - extraer dim_tiempo> [C:\proyectobi\ETLfact_Metas.ktr]  Finished reading query, closing connection
2024-07-24 18:35:12.047 INFO  <LFTransformation_fact_metas - extraer dim_tiempo> [C:\proyectobi\ETLfact_Metas.ktr]  Procesamiento finalizado (I=14976, O=0, R=0, W=14976, U=0, E=0)
2024-07-24 18:35:13.820 INFO  <LFTransformation_fact_metas - Microsoft Excel metas> [C:\proyectobi\ETLfact_Metas.ktr]  Procesamiento finalizado (I=390, O=0, R=0, W=390, U=0, E=0)
2024-07-24 18:35:13.852 INFO  <LFTransformation_fact_metas - Sort cod_prod 2> [C:\proyectobi\ETLfact_Metas.ktr]  Procesamiento finalizado (I=0, O=0, R=390, W=390, U=0, E=0)
2024-07-24 18:35:14.167 INFO  <LFTransformation_fact_metas - Merge join> [C:\proyectobi\ETLfact_Metas.ktr]  Procesamiento finalizado (I=0, O=0, R=420, W=390, U=0, E=0)
2024-07-24 18:35:14.172 INFO  <LFTransformation_fact_metas - Quitar cod_prod y dejar SK> [C:\proyectobi\ETLfact_Metas.ktr]  Procesamiento finalizado (I=0, O=0, R=390, W=390, U=0, E=0)
2024-07-24 18:35:14.195 INFO  <LFTransformation_fact_metas - Sort fecha_inicio> [C:\proyectobi\ETLfact_Metas.ktr]  Procesamiento finalizado (I=0, O=0, R=390, W=390, U=0, E=0)
2024-07-24 18:35:14.201 INFO  <LFTransformation_fact_metas - Sort fecha_completa> [C:\proyectobi\ETLfact_Metas.ktr]  Procesamiento finalizado (I=0, O=0, R=14976, W=14976, U=0, E=0)
2024-07-24 18:35:14.522 INFO  <LFTransformation_fact_metas - Merge join 2> [C:\proyectobi\ETLfact_Metas.ktr]  Procesamiento finalizado (I=0, O=0, R=15366, W=390, U=0, E=0)
2024-07-24 18:35:14.538 INFO  <LFTransformation_fact_metas - Select values 2> [C:\proyectobi\ETLfact_Metas.ktr]  Procesamiento finalizado (I=0, O=0, R=390, W=390, U=0, E=0)
2024-07-24 18:35:14.570 INFO  <LFTransformation_fact_metas - Sort fecha_final> [C:\proyectobi\ETLfact_Metas.ktr]  Procesamiento finalizado (I=0, O=0, R=390, W=390, U=0, E=0)
2024-07-24 18:35:14.577 INFO  <LFTransformation_fact_metas - Sort fecha_completa2> [C:\proyectobi\ETLfact_Metas.ktr]  Procesamiento finalizado (I=0, O=0, R=14976, W=14976, U=0, E=0)
2024-07-24 18:35:14.909 INFO  <LFTransformation_fact_metas - Merge join 3> [C:\proyectobi\ETLfact_Metas.ktr]  Procesamiento finalizado (I=0, O=0, R=15366, W=390, U=0, E=0)
2024-07-24 18:35:14.933 INFO  <LFTransformation_fact_metas - dejar sk_dim fec_final > [C:\proyectobi\ETLfact_Metas.ktr]  Procesamiento finalizado (I=0, O=0, R=390, W=390, U=0, E=0)
2024-07-24 18:35:15.033 INFO  <LFTransformation_fact_metas - Table output> [C:\proyectobi\ETLfact_Metas.ktr]  Procesamiento finalizado (I=0, O=390, R=390, W=390, U=0, E=0)
2024-07-24 18:35:42.747 INFO  <Thread-718> [C:\proyectobi\ETLfact_Registro_Contrato.ktr]  Iniciado despacho de la transformaci?n [Transformacion FACT_Registro_Contrato]
2024-07-24 18:35:42.973 INFO  <init of Salida Tabla.0 (Thread-745)> [C:\proyectobi\ETLfact_Registro_Contrato.ktr]  Connected to database [Postgres] (commit=1000)
2024-07-24 18:35:43.004 INFO  <Transformacion FACT_Registro_Contrato - Entrada Tabla dim_estado_contrato> [C:\proyectobi\ETLfact_Registro_Contrato.ktr]  Finished reading query, closing connection
2024-07-24 18:35:43.006 INFO  <Transformacion FACT_Registro_Contrato - Entrada Tabla dim_estado_contrato> [C:\proyectobi\ETLfact_Registro_Contrato.ktr]  Procesamiento finalizado (I=3, O=0, R=0, W=3, U=0, E=0)
2024-07-24 18:35:43.007 INFO  <Transformacion FACT_Registro_Contrato - Entrada Tabla dim_producto> [C:\proyectobi\ETLfact_Registro_Contrato.ktr]  Finished reading query, closing connection
2024-07-24 18:35:43.009 INFO  <Transformacion FACT_Registro_Contrato - Entrada Tabla dim_producto> [C:\proyectobi\ETLfact_Registro_Contrato.ktr]  Procesamiento finalizado (I=30, O=0, R=0, W=30, U=0, E=0)
2024-07-24 18:35:43.012 INFO  <Transformacion FACT_Registro_Contrato - Entrada Tabla Dim_Cliente> [C:\proyectobi\ETLfact_Registro_Contrato.ktr]  Finished reading query, closing connection
2024-07-24 18:35:43.012 INFO  <Transformacion FACT_Registro_Contrato - Entrada Tabla dim_contrato> [C:\proyectobi\ETLfact_Registro_Contrato.ktr]  Finished reading query, closing connection
2024-07-24 18:35:43.013 INFO  <Transformacion FACT_Registro_Contrato - Ordenar filas cod_producto 2> [C:\proyectobi\ETLfact_Registro_Contrato.ktr]  Procesamiento finalizado (I=0, O=0, R=30, W=30, U=0, E=0)
2024-07-24 18:35:43.014 INFO  <Transformacion FACT_Registro_Contrato - Entrada Tabla Dim_Cliente> [C:\proyectobi\ETLfact_Registro_Contrato.ktr]  Procesamiento finalizado (I=300, O=0, R=0, W=300, U=0, E=0)
2024-07-24 18:35:43.014 INFO  <Transformacion FACT_Registro_Contrato - Entrada Tabla dim_contrato> [C:\proyectobi\ETLfact_Registro_Contrato.ktr]  Procesamiento finalizado (I=1000, O=0, R=0, W=1000, U=0, E=0)
2024-07-24 18:35:43.025 INFO  <Transformacion FACT_Registro_Contrato - Entrada Tabla Registro Contrato> [C:\proyectobi\ETLfact_Registro_Contrato.ktr]  Finished reading query, closing connection
2024-07-24 18:35:43.026 INFO  <Transformacion FACT_Registro_Contrato - Entrada Tabla Registro Contrato> [C:\proyectobi\ETLfact_Registro_Contrato.ktr]  Procesamiento finalizado (I=1000, O=0, R=0, W=1000, U=0, E=0)
2024-07-24 18:35:43.028 INFO  <Transformacion FACT_Registro_Contrato - Ordenar filas descrip_estado> [C:\proyectobi\ETLfact_Registro_Contrato.ktr]  Procesamiento finalizado (I=0, O=0, R=3, W=3, U=0, E=0)
2024-07-24 18:35:43.032 INFO  <Transformacion FACT_Registro_Contrato - Ordenar filas cod_cliente 2> [C:\proyectobi\ETLfact_Registro_Contrato.ktr]  Procesamiento finalizado (I=0, O=0, R=300, W=300, U=0, E=0)
2024-07-24 18:35:43.033 INFO  <Transformacion FACT_Registro_Contrato - Ordenar filas cod_cliente> [C:\proyectobi\ETLfact_Registro_Contrato.ktr]  Procesamiento finalizado (I=0, O=0, R=1000, W=1000, U=0, E=0)
2024-07-24 18:35:43.034 INFO  <Transformacion FACT_Registro_Contrato - Ordenar filas nro_contrato 2> [C:\proyectobi\ETLfact_Registro_Contrato.ktr]  Procesamiento finalizado (I=0, O=0, R=1000, W=1000, U=0, E=0)
2024-07-24 18:35:43.105 INFO  <Transformacion FACT_Registro_Contrato - Entrada Tabla dim_tiempo> [C:\proyectobi\ETLfact_Registro_Contrato.ktr]  Finished reading query, closing connection
2024-07-24 18:35:43.106 INFO  <Transformacion FACT_Registro_Contrato - Entrada Tabla dim_tiempo> [C:\proyectobi\ETLfact_Registro_Contrato.ktr]  Procesamiento finalizado (I=14976, O=0, R=0, W=29952, U=0, E=0)
2024-07-24 18:35:43.362 INFO  <Transformacion FACT_Registro_Contrato - Unión por clave> [C:\proyectobi\ETLfact_Registro_Contrato.ktr]  Procesamiento finalizado (I=0, O=0, R=1300, W=1000, U=0, E=0)
2024-07-24 18:35:43.395 INFO  <Transformacion FACT_Registro_Contrato - Ordenar filas cod_producto> [C:\proyectobi\ETLfact_Registro_Contrato.ktr]  Procesamiento finalizado (I=0, O=0, R=1000, W=1000, U=0, E=0)
2024-07-24 18:35:43.738 INFO  <Transformacion FACT_Registro_Contrato - Unión por clave cod_producto> [C:\proyectobi\ETLfact_Registro_Contrato.ktr]  Procesamiento finalizado (I=0, O=0, R=1030, W=1000, U=0, E=0)
2024-07-24 18:35:43.772 INFO  <Transformacion FACT_Registro_Contrato - Ordenar filas nro_contrato> [C:\proyectobi\ETLfact_Registro_Contrato.ktr]  Procesamiento finalizado (I=0, O=0, R=1000, W=1000, U=0, E=0)
2024-07-24 18:35:44.115 INFO  <Transformacion FACT_Registro_Contrato - Unión por clave nro_contrato> [C:\proyectobi\ETLfact_Registro_Contrato.ktr]  Procesamiento finalizado (I=0, O=0, R=2000, W=1000, U=0, E=0)
2024-07-24 18:35:44.151 INFO  <Transformacion FACT_Registro_Contrato - Ordenar filas estado_contrato> [C:\proyectobi\ETLfact_Registro_Contrato.ktr]  Procesamiento finalizado (I=0, O=0, R=1000, W=1000, U=0, E=0)
2024-07-24 18:35:44.505 INFO  <Transformacion FACT_Registro_Contrato - Unión por clave estado_contrato> [C:\proyectobi\ETLfact_Registro_Contrato.ktr]  Procesamiento finalizado (I=0, O=0, R=1003, W=1000, U=0, E=0)
2024-07-24 18:35:44.540 INFO  <Transformacion FACT_Registro_Contrato - Ordenar filas fecha inicio> [C:\proyectobi\ETLfact_Registro_Contrato.ktr]  Procesamiento finalizado (I=0, O=0, R=1000, W=1000, U=0, E=0)
2024-07-24 18:35:44.542 INFO  <Transformacion FACT_Registro_Contrato - Ordenar filas dim_tiempo> [C:\proyectobi\ETLfact_Registro_Contrato.ktr]  Procesamiento finalizado (I=0, O=0, R=14976, W=14976, U=0, E=0)
2024-07-24 18:35:44.880 INFO  <Transformacion FACT_Registro_Contrato - Unión por clave fecha inicio> [C:\proyectobi\ETLfact_Registro_Contrato.ktr]  Procesamiento finalizado (I=0, O=0, R=15976, W=1000, U=0, E=0)
2024-07-24 18:35:44.915 INFO  <Transformacion FACT_Registro_Contrato - Ordenar filas fecha_fin> [C:\proyectobi\ETLfact_Registro_Contrato.ktr]  Procesamiento finalizado (I=0, O=0, R=1000, W=1000, U=0, E=0)
2024-07-24 18:35:44.919 INFO  <Transformacion FACT_Registro_Contrato - Ordenar filas dim_tiempo 2> [C:\proyectobi\ETLfact_Registro_Contrato.ktr]  Procesamiento finalizado (I=0, O=0, R=14976, W=14976, U=0, E=0)
2024-07-24 18:35:45.246 INFO  <Transformacion FACT_Registro_Contrato - Unión por clave fecha fin> [C:\proyectobi\ETLfact_Registro_Contrato.ktr]  Procesamiento finalizado (I=0, O=0, R=15976, W=1000, U=0, E=0)
2024-07-24 18:35:45.262 INFO  <Transformacion FACT_Registro_Contrato - Añadir secuencia utilidad> [C:\proyectobi\ETLfact_Registro_Contrato.ktr]  Procesamiento finalizado (I=0, O=0, R=1000, W=1000, U=0, E=0)
2024-07-24 18:35:45.453 INFO  <Transformacion FACT_Registro_Contrato - Salida Tabla> [C:\proyectobi\ETLfact_Registro_Contrato.ktr]  Procesamiento finalizado (I=0, O=1000, R=1000, W=1000, U=0, E=0)
2024-07-24 18:36:22.693 INFO  <Thread-783> [C:\proyectobi\ETLfact_Registro_Siniestro.ktr]  Iniciado despacho de la transformaci?n [Transformacion Fact_Registro_Siniestro]
2024-07-24 18:36:23.000 INFO  <init of Salida Tabla Fact_Registro_Siniestro.0 (Thread-822)> [C:\proyectobi\ETLfact_Registro_Siniestro.ktr]  Connected to database [Postgres] (commit=1000)
2024-07-24 18:36:23.055 INFO  <Transformacion Fact_Registro_Siniestro - Entrada Tabla Registro Contrato> [C:\proyectobi\ETLfact_Registro_Siniestro.ktr]  Finished reading query, closing connection
2024-07-24 18:36:23.057 INFO  <Transformacion Fact_Registro_Siniestro - Entrada Tabla Registro Contrato> [C:\proyectobi\ETLfact_Registro_Siniestro.ktr]  Procesamiento finalizado (I=1000, O=0, R=0, W=1000, U=0, E=0)
2024-07-24 18:36:23.070 INFO  <Transformacion Fact_Registro_Siniestro - Entrada Tabla dim_contrato> [C:\proyectobi\ETLfact_Registro_Siniestro.ktr]  Finished reading query, closing connection
2024-07-24 18:36:23.072 INFO  <Transformacion Fact_Registro_Siniestro - Entrada Tabla dim_contrato> [C:\proyectobi\ETLfact_Registro_Siniestro.ktr]  Procesamiento finalizado (I=1000, O=0, R=0, W=1000, U=0, E=0)
2024-07-24 18:36:23.072 INFO  <Transformacion Fact_Registro_Siniestro - Ordenar filas cliente> [C:\proyectobi\ETLfact_Registro_Siniestro.ktr]  Procesamiento finalizado (I=0, O=0, R=1000, W=1000, U=0, E=0)
2024-07-24 18:36:23.080 INFO  <Transformacion Fact_Registro_Siniestro - Entrada Tabla dim_cliente> [C:\proyectobi\ETLfact_Registro_Siniestro.ktr]  Finished reading query, closing connection
2024-07-24 18:36:23.082 INFO  <Transformacion Fact_Registro_Siniestro - Entrada Tabla dim_cliente> [C:\proyectobi\ETLfact_Registro_Siniestro.ktr]  Procesamiento finalizado (I=300, O=0, R=0, W=300, U=0, E=0)
2024-07-24 18:36:23.085 INFO  <Transformacion Fact_Registro_Siniestro - Ordenar filas nro_contrato> [C:\proyectobi\ETLfact_Registro_Siniestro.ktr]  Procesamiento finalizado (I=0, O=0, R=1000, W=1000, U=0, E=0)
2024-07-24 18:36:23.088 INFO  <Transformacion Fact_Registro_Siniestro - Entrada Tabla dim sucursal> [C:\proyectobi\ETLfact_Registro_Siniestro.ktr]  Finished reading query, closing connection
2024-07-24 18:36:23.090 INFO  <Transformacion Fact_Registro_Siniestro - Entrada Tabla dim sucursal> [C:\proyectobi\ETLfact_Registro_Siniestro.ktr]  Procesamiento finalizado (I=30, O=0, R=0, W=30, U=0, E=0)
2024-07-24 18:36:23.092 INFO  <Transformacion Fact_Registro_Siniestro - Ordenar filas sucursal 2> [C:\proyectobi\ETLfact_Registro_Siniestro.ktr]  Procesamiento finalizado (I=0, O=0, R=30, W=30, U=0, E=0)
2024-07-24 18:36:23.098 INFO  <Transformacion Fact_Registro_Siniestro - Entrada Tabla dim_producto> [C:\proyectobi\ETLfact_Registro_Siniestro.ktr]  Finished reading query, closing connection
2024-07-24 18:36:23.098 INFO  <Transformacion Fact_Registro_Siniestro - Entrada Tabla cliente> [C:\proyectobi\ETLfact_Registro_Siniestro.ktr]  Finished reading query, closing connection
2024-07-24 18:36:23.099 INFO  <Transformacion Fact_Registro_Siniestro - Entrada Tabla dim_producto> [C:\proyectobi\ETLfact_Registro_Siniestro.ktr]  Procesamiento finalizado (I=30, O=0, R=0, W=30, U=0, E=0)
2024-07-24 18:36:23.100 INFO  <Transformacion Fact_Registro_Siniestro - Entrada Tabla cliente> [C:\proyectobi\ETLfact_Registro_Siniestro.ktr]  Procesamiento finalizado (I=300, O=0, R=0, W=300, U=0, E=0)
2024-07-24 18:36:23.101 INFO  <Transformacion Fact_Registro_Siniestro - Ordenar filas codigo cliente 2> [C:\proyectobi\ETLfact_Registro_Siniestro.ktr]  Procesamiento finalizado (I=0, O=0, R=300, W=300, U=0, E=0)
2024-07-24 18:36:23.103 INFO  <Transformacion Fact_Registro_Siniestro - Ordenar filas codigo cliente> [C:\proyectobi\ETLfact_Registro_Siniestro.ktr]  Procesamiento finalizado (I=0, O=0, R=300, W=300, U=0, E=0)
2024-07-24 18:36:23.103 INFO  <Transformacion Fact_Registro_Siniestro - Ordenar filas producto 2> [C:\proyectobi\ETLfact_Registro_Siniestro.ktr]  Procesamiento finalizado (I=0, O=0, R=30, W=30, U=0, E=0)
2024-07-24 18:36:23.118 INFO  <Transformacion Fact_Registro_Siniestro - Entrada Tabla Fact_Registro_Siniestro> [C:\proyectobi\ETLfact_Registro_Siniestro.ktr]  Finished reading query, closing connection
2024-07-24 18:36:23.120 INFO  <Transformacion Fact_Registro_Siniestro - Entrada Tabla Fact_Registro_Siniestro> [C:\proyectobi\ETLfact_Registro_Siniestro.ktr]  Procesamiento finalizado (I=1000, O=0, R=0, W=1000, U=0, E=0)
2024-07-24 18:36:23.128 INFO  <Transformacion Fact_Registro_Siniestro - Ordenar filas siniestro> [C:\proyectobi\ETLfact_Registro_Siniestro.ktr]  Procesamiento finalizado (I=0, O=0, R=1000, W=1000, U=0, E=0)
2024-07-24 18:36:23.135 INFO  <Transformacion Fact_Registro_Siniestro - Entrada Tabla dim_siniestro> [C:\proyectobi\ETLfact_Registro_Siniestro.ktr]  Finished reading query, closing connection
2024-07-24 18:36:23.197 INFO  <Transformacion Fact_Registro_Siniestro - Entrada Tabla dim_siniestro> [C:\proyectobi\ETLfact_Registro_Siniestro.ktr]  Procesamiento finalizado (I=20, O=0, R=0, W=20, U=0, E=0)
2024-07-24 18:36:23.206 INFO  <Transformacion Fact_Registro_Siniestro - Ordenar filas nro_siniestro> [C:\proyectobi\ETLfact_Registro_Siniestro.ktr]  Procesamiento finalizado (I=0, O=0, R=20, W=20, U=0, E=0)
2024-07-24 18:36:23.210 INFO  <Transformacion Fact_Registro_Siniestro - Entrada Tabla fechas> [C:\proyectobi\ETLfact_Registro_Siniestro.ktr]  Finished reading query, closing connection
2024-07-24 18:36:23.212 INFO  <Transformacion Fact_Registro_Siniestro - Entrada Tabla fechas> [C:\proyectobi\ETLfact_Registro_Siniestro.ktr]  Procesamiento finalizado (I=14976, O=0, R=0, W=29952, U=0, E=0)
2024-07-24 18:36:23.458 INFO  <Transformacion Fact_Registro_Siniestro - Unión por clave codigo cliente> [C:\proyectobi\ETLfact_Registro_Siniestro.ktr]  Procesamiento finalizado (I=0, O=0, R=600, W=300, U=0, E=0)
2024-07-24 18:36:23.490 INFO  <Transformacion Fact_Registro_Siniestro - Ordenar filas sucursal> [C:\proyectobi\ETLfact_Registro_Siniestro.ktr]  Procesamiento finalizado (I=0, O=0, R=300, W=300, U=0, E=0)
2024-07-24 18:36:23.537 INFO  <Transformacion Fact_Registro_Siniestro - Unión por clave sinistro> [C:\proyectobi\ETLfact_Registro_Siniestro.ktr]  Procesamiento finalizado (I=0, O=0, R=1020, W=1000, U=0, E=0)
2024-07-24 18:36:23.572 INFO  <Transformacion Fact_Registro_Siniestro - Ordenar filas contrato> [C:\proyectobi\ETLfact_Registro_Siniestro.ktr]  Procesamiento finalizado (I=0, O=0, R=1000, W=1000, U=0, E=0)
2024-07-24 18:36:23.820 INFO  <Transformacion Fact_Registro_Siniestro - Unión por clave sucursal> [C:\proyectobi\ETLfact_Registro_Siniestro.ktr]  Procesamiento finalizado (I=0, O=0, R=330, W=300, U=0, E=0)
2024-07-24 18:36:23.851 INFO  <Transformacion Fact_Registro_Siniestro - Ordenar filas cliente 2> [C:\proyectobi\ETLfact_Registro_Siniestro.ktr]  Procesamiento finalizado (I=0, O=0, R=300, W=300, U=0, E=0)
2024-07-24 18:36:23.912 INFO  <Transformacion Fact_Registro_Siniestro - Unión por clave contrato> [C:\proyectobi\ETLfact_Registro_Siniestro.ktr]  Procesamiento finalizado (I=0, O=0, R=2000, W=1000, U=0, E=0)
2024-07-24 18:36:23.946 INFO  <Transformacion Fact_Registro_Siniestro - Ordenar filas contrato 2> [C:\proyectobi\ETLfact_Registro_Siniestro.ktr]  Procesamiento finalizado (I=0, O=0, R=1000, W=1000, U=0, E=0)
2024-07-24 18:36:24.209 INFO  <Transformacion Fact_Registro_Siniestro - Unión por clave cliente> [C:\proyectobi\ETLfact_Registro_Siniestro.ktr]  Procesamiento finalizado (I=0, O=0, R=1300, W=39, U=0, E=0)
2024-07-24 18:36:24.224 INFO  <Transformacion Fact_Registro_Siniestro - Ordenar filas producto> [C:\proyectobi\ETLfact_Registro_Siniestro.ktr]  Procesamiento finalizado (I=0, O=0, R=39, W=39, U=0, E=0)
2024-07-24 18:36:24.582 INFO  <Transformacion Fact_Registro_Siniestro - Unión por clave producto> [C:\proyectobi\ETLfact_Registro_Siniestro.ktr]  Procesamiento finalizado (I=0, O=0, R=69, W=39, U=0, E=0)
2024-07-24 18:36:24.612 INFO  <Transformacion Fact_Registro_Siniestro - Ordenar filas contrato 3> [C:\proyectobi\ETLfact_Registro_Siniestro.ktr]  Procesamiento finalizado (I=0, O=0, R=39, W=39, U=0, E=0)
2024-07-24 18:36:24.973 INFO  <Transformacion Fact_Registro_Siniestro - Unión por clave contrato 2> [C:\proyectobi\ETLfact_Registro_Siniestro.ktr]  Procesamiento finalizado (I=0, O=0, R=1039, W=39, U=0, E=0)
2024-07-24 18:36:24.988 INFO  <Transformacion Fact_Registro_Siniestro - Ordenar filas fecha_siniestro> [C:\proyectobi\ETLfact_Registro_Siniestro.ktr]  Procesamiento finalizado (I=0, O=0, R=39, W=39, U=0, E=0)
2024-07-24 18:36:24.996 INFO  <Transformacion Fact_Registro_Siniestro - Ordenar filas fecha completa> [C:\proyectobi\ETLfact_Registro_Siniestro.ktr]  Procesamiento finalizado (I=0, O=0, R=14976, W=14976, U=0, E=0)
2024-07-24 18:36:25.346 INFO  <Transformacion Fact_Registro_Siniestro - Unión por clave fecha_siniestro> [C:\proyectobi\ETLfact_Registro_Siniestro.ktr]  Procesamiento finalizado (I=0, O=0, R=15015, W=39, U=0, E=0)
2024-07-24 18:36:25.360 INFO  <Transformacion Fact_Registro_Siniestro - Ordenar filas fecha_respuesta> [C:\proyectobi\ETLfact_Registro_Siniestro.ktr]  Procesamiento finalizado (I=0, O=0, R=39, W=39, U=0, E=0)
2024-07-24 18:36:25.370 INFO  <Transformacion Fact_Registro_Siniestro - Ordenar filas fecha completa 2> [C:\proyectobi\ETLfact_Registro_Siniestro.ktr]  Procesamiento finalizado (I=0, O=0, R=14976, W=14976, U=0, E=0)
2024-07-24 18:36:25.718 INFO  <Transformacion Fact_Registro_Siniestro - Unión por clave fecha respuesta> [C:\proyectobi\ETLfact_Registro_Siniestro.ktr]  Procesamiento finalizado (I=0, O=0, R=15015, W=39, U=0, E=0)
2024-07-24 18:36:25.750 INFO  <Transformacion Fact_Registro_Siniestro - Añadir secuencia cantidad> [C:\proyectobi\ETLfact_Registro_Siniestro.ktr]  Procesamiento finalizado (I=0, O=0, R=39, W=39, U=0, E=0)
2024-07-24 18:36:25.781 INFO  <Transformacion Fact_Registro_Siniestro - Formula> [C:\proyectobi\ETLfact_Registro_Siniestro.ktr]  Procesamiento finalizado (I=0, O=0, R=39, W=39, U=0, E=0)
2024-07-24 18:36:25.843 INFO  <Transformacion Fact_Registro_Siniestro - Salida Tabla Fact_Registro_Siniestro> [C:\proyectobi\ETLfact_Registro_Siniestro.ktr]  Procesamiento finalizado (I=0, O=39, R=39, W=39, U=0, E=0)
2024-07-24 18:53:23.826 WARN  <Thread-865> [C:\Users\niebl\OneDrive\Escritorio\Semestre\Inteligecia de Negocio\Proyecto Fase 2\BIProyecto\proyectobi(FINAL)\Job_dim_fact.kjb]  Start of job execution
2024-07-24 18:53:23.837 INFO  <Thread-865> [C:\Users\niebl\OneDrive\Escritorio\Semestre\Inteligecia de Negocio\Proyecto Fase 2\BIProyecto\proyectobi(FINAL)\Job_dim_fact.kjb]  Starting entry [ETL dim_tiempo]
2024-07-24 18:53:23.880 INFO  <Thread-865> [C:\Users\niebl\OneDrive\Escritorio\Semestre\Inteligecia de Negocio\Proyecto Fase 2\BIProyecto\proyectobi(FINAL)\Job_dim_fact.kjb]  Using run configuration [Pentaho local]
2024-07-24 18:53:23.893 INFO  <Thread-865> [C:\Users\niebl\OneDrive\Escritorio\Semestre\Inteligecia de Negocio\Proyecto Fase 2\BIProyecto\proyectobi(FINAL)\Job_dim_fact.kjb  C:\proyectobi\ETLdim_Tiempo.ktr]  Iniciado despacho de la transformaci?n [Transformacion Dim_Tiempo]
2024-07-24 18:53:23.977 INFO  <init of Salida Tabla dim_tiempo.0 (Thread-879)> [C:\Users\niebl\OneDrive\Escritorio\Semestre\Inteligecia de Negocio\Proyecto Fase 2\BIProyecto\proyectobi(FINAL)\Job_dim_fact.kjb  C:\proyectobi\ETLdim_Tiempo.ktr]  Connected to database [Postgres] (commit=1000)
2024-07-24 18:53:24.004 INFO  <Transformacion Dim_Tiempo - Generate rows> [C:\Users\niebl\OneDrive\Escritorio\Semestre\Inteligecia de Negocio\Proyecto Fase 2\BIProyecto\proyectobi(FINAL)\Job_dim_fact.kjb  C:\proyectobi\ETLdim_Tiempo.ktr]  Procesamiento finalizado (I=0, O=0, R=0, W=14976, U=0, E=0)
2024-07-24 18:53:24.009 INFO  <Transformacion Dim_Tiempo - suma_dias> [C:\Users\niebl\OneDrive\Escritorio\Semestre\Inteligecia de Negocio\Proyecto Fase 2\BIProyecto\proyectobi(FINAL)\Job_dim_fact.kjb  C:\proyectobi\ETLdim_Tiempo.ktr]  Procesamiento finalizado (I=0, O=0, R=14976, W=14976, U=0, E=0)
2024-07-24 18:53:24.052 INFO  <Transformacion Dim_Tiempo - Calculator> [C:\Users\niebl\OneDrive\Escritorio\Semestre\Inteligecia de Negocio\Proyecto Fase 2\BIProyecto\proyectobi(FINAL)\Job_dim_fact.kjb  C:\proyectobi\ETLdim_Tiempo.ktr]  Procesamiento finalizado (I=0, O=0, R=14976, W=14976, U=0, E=0)
2024-07-24 18:53:24.238 INFO  <Transformacion Dim_Tiempo - Select values> [C:\Users\niebl\OneDrive\Escritorio\Semestre\Inteligecia de Negocio\Proyecto Fase 2\BIProyecto\proyectobi(FINAL)\Job_dim_fact.kjb  C:\proyectobi\ETLdim_Tiempo.ktr]  Procesamiento finalizado (I=0, O=0, R=14976, W=14976, U=0, E=0)
2024-07-24 18:53:24.496 INFO  <Transformacion Dim_Tiempo - Extraccion de año> [C:\Users\niebl\OneDrive\Escritorio\Semestre\Inteligecia de Negocio\Proyecto Fase 2\BIProyecto\proyectobi(FINAL)\Job_dim_fact.kjb  C:\proyectobi\ETLdim_Tiempo.ktr]  Procesamiento finalizado (I=0, O=0, R=14976, W=14976, U=0, E=0)
2024-07-24 18:53:24.625 INFO  <Transformacion Dim_Tiempo - Extraccion de mes> [C:\Users\niebl\OneDrive\Escritorio\Semestre\Inteligecia de Negocio\Proyecto Fase 2\BIProyecto\proyectobi(FINAL)\Job_dim_fact.kjb  C:\proyectobi\ETLdim_Tiempo.ktr]  Procesamiento finalizado (I=0, O=0, R=14976, W=14976, U=0, E=0)
2024-07-24 18:53:24.729 INFO  <Transformacion Dim_Tiempo - Extraccion dia año> [C:\Users\niebl\OneDrive\Escritorio\Semestre\Inteligecia de Negocio\Proyecto Fase 2\BIProyecto\proyectobi(FINAL)\Job_dim_fact.kjb  C:\proyectobi\ETLdim_Tiempo.ktr]  Procesamiento finalizado (I=0, O=0, R=14976, W=14976, U=0, E=0)
2024-07-24 18:53:25.056 INFO  <Transformacion Dim_Tiempo - Extraccion dia mes> [C:\Users\niebl\OneDrive\Escritorio\Semestre\Inteligecia de Negocio\Proyecto Fase 2\BIProyecto\proyectobi(FINAL)\Job_dim_fact.kjb  C:\proyectobi\ETLdim_Tiempo.ktr]  Procesamiento finalizado (I=0, O=0, R=14976, W=14976, U=0, E=0)
2024-07-24 18:53:25.062 INFO  <Transformacion Dim_Tiempo - Extraccion dia semana> [C:\Users\niebl\OneDrive\Escritorio\Semestre\Inteligecia de Negocio\Proyecto Fase 2\BIProyecto\proyectobi(FINAL)\Job_dim_fact.kjb  C:\proyectobi\ETLdim_Tiempo.ktr]  Procesamiento finalizado (I=0, O=0, R=14976, W=14976, U=0, E=0)
2024-07-24 18:53:25.070 INFO  <Transformacion Dim_Tiempo - Extraccion semana> [C:\Users\niebl\OneDrive\Escritorio\Semestre\Inteligecia de Negocio\Proyecto Fase 2\BIProyecto\proyectobi(FINAL)\Job_dim_fact.kjb  C:\proyectobi\ETLdim_Tiempo.ktr]  Procesamiento finalizado (I=0, O=0, R=14976, W=14976, U=0, E=0)
2024-07-24 18:53:25.075 INFO  <Transformacion Dim_Tiempo - Mapeo de valores Des_dia_semana> [C:\Users\niebl\OneDrive\Escritorio\Semestre\Inteligecia de Negocio\Proyecto Fase 2\BIProyecto\proyectobi(FINAL)\Job_dim_fact.kjb  C:\proyectobi\ETLdim_Tiempo.ktr]  Procesamiento finalizado (I=0, O=0, R=14976, W=14976, U=0, E=0)
2024-07-24 18:53:25.081 INFO  <Transformacion Dim_Tiempo - Mapeo de valores desc_dia_semana_corta> [C:\Users\niebl\OneDrive\Escritorio\Semestre\Inteligecia de Negocio\Proyecto Fase 2\BIProyecto\proyectobi(FINAL)\Job_dim_fact.kjb  C:\proyectobi\ETLdim_Tiempo.ktr]  Procesamiento finalizado (I=0, O=0, R=14976, W=14976, U=0, E=0)
2024-07-24 18:53:25.086 INFO  <Transformacion Dim_Tiempo - Mapeo de valores desc_mes> [C:\Users\niebl\OneDrive\Escritorio\Semestre\Inteligecia de Negocio\Proyecto Fase 2\BIProyecto\proyectobi(FINAL)\Job_dim_fact.kjb  C:\proyectobi\ETLdim_Tiempo.ktr]  Procesamiento finalizado (I=0, O=0, R=14976, W=14976, U=0, E=0)
2024-07-24 18:53:25.090 INFO  <Transformacion Dim_Tiempo - Mapeo de valores desc_mes_corta> [C:\Users\niebl\OneDrive\Escritorio\Semestre\Inteligecia de Negocio\Proyecto Fase 2\BIProyecto\proyectobi(FINAL)\Job_dim_fact.kjb  C:\proyectobi\ETLdim_Tiempo.ktr]  Procesamiento finalizado (I=0, O=0, R=14976, W=14976, U=0, E=0)
2024-07-24 18:53:25.097 INFO  <Transformacion Dim_Tiempo - Formula desc_trimestre> [C:\Users\niebl\OneDrive\Escritorio\Semestre\Inteligecia de Negocio\Proyecto Fase 2\BIProyecto\proyectobi(FINAL)\Job_dim_fact.kjb  C:\proyectobi\ETLdim_Tiempo.ktr]  Procesamiento finalizado (I=0, O=0, R=14976, W=14976, U=0, E=0)
2024-07-24 18:53:25.103 INFO  <Transformacion Dim_Tiempo - Formula desc_semestre> [C:\Users\niebl\OneDrive\Escritorio\Semestre\Inteligecia de Negocio\Proyecto Fase 2\BIProyecto\proyectobi(FINAL)\Job_dim_fact.kjb  C:\proyectobi\ETLdim_Tiempo.ktr]  Procesamiento finalizado (I=0, O=0, R=14976, W=14976, U=0, E=0)
2024-07-24 18:53:25.784 INFO  <Transformacion Dim_Tiempo - Añadir secuencia sk_dim_tiempo> [C:\Users\niebl\OneDrive\Escritorio\Semestre\Inteligecia de Negocio\Proyecto Fase 2\BIProyecto\proyectobi(FINAL)\Job_dim_fact.kjb  C:\proyectobi\ETLdim_Tiempo.ktr]  Procesamiento finalizado (I=0, O=0, R=14976, W=14976, U=0, E=0)
2024-07-24 18:53:27.248 INFO  <Transformacion Dim_Tiempo - Salida Tabla dim_tiempo> [C:\Users\niebl\OneDrive\Escritorio\Semestre\Inteligecia de Negocio\Proyecto Fase 2\BIProyecto\proyectobi(FINAL)\Job_dim_fact.kjb  C:\proyectobi\ETLdim_Tiempo.ktr]  Procesamiento finalizado (I=0, O=14976, R=14976, W=14976, U=0, E=0)
2024-07-24 18:53:27.251 INFO  <Thread-865> [C:\Users\niebl\OneDrive\Escritorio\Semestre\Inteligecia de Negocio\Proyecto Fase 2\BIProyecto\proyectobi(FINAL)\Job_dim_fact.kjb]  Starting entry [ETL dim_producto]
2024-07-24 18:53:27.274 INFO  <Thread-865> [C:\Users\niebl\OneDrive\Escritorio\Semestre\Inteligecia de Negocio\Proyecto Fase 2\BIProyecto\proyectobi(FINAL)\Job_dim_fact.kjb]  Using run configuration [Pentaho local]
2024-07-24 18:53:27.275 INFO  <Thread-865> [C:\Users\niebl\OneDrive\Escritorio\Semestre\Inteligecia de Negocio\Proyecto Fase 2\BIProyecto\proyectobi(FINAL)\Job_dim_fact.kjb  C:\proyectobi\ETLdim_Producto.ktr]  Iniciado despacho de la transformaci?n [Transformacion ProductoLF]
2024-07-24 18:53:27.382 INFO  <init of Salida Tabla.0 (Thread-913)> [C:\Users\niebl\OneDrive\Escritorio\Semestre\Inteligecia de Negocio\Proyecto Fase 2\BIProyecto\proyectobi(FINAL)\Job_dim_fact.kjb  C:\proyectobi\ETLdim_Producto.ktr]  Connected to database [Postgres] (commit=1000)
2024-07-24 18:53:27.393 INFO  <Transformacion ProductoLF - Entrada Tabla Tipo Producto> [C:\Users\niebl\OneDrive\Escritorio\Semestre\Inteligecia de Negocio\Proyecto Fase 2\BIProyecto\proyectobi(FINAL)\Job_dim_fact.kjb  C:\proyectobi\ETLdim_Producto.ktr]  Finished reading query, closing connection
2024-07-24 18:53:27.394 INFO  <Transformacion ProductoLF - Entrada Tabla Producto> [C:\Users\niebl\OneDrive\Escritorio\Semestre\Inteligecia de Negocio\Proyecto Fase 2\BIProyecto\proyectobi(FINAL)\Job_dim_fact.kjb  C:\proyectobi\ETLdim_Producto.ktr]  Finished reading query, closing connection
2024-07-24 18:53:27.394 INFO  <Transformacion ProductoLF - Entrada Tabla Tipo Producto> [C:\Users\niebl\OneDrive\Escritorio\Semestre\Inteligecia de Negocio\Proyecto Fase 2\BIProyecto\proyectobi(FINAL)\Job_dim_fact.kjb  C:\proyectobi\ETLdim_Producto.ktr]  Procesamiento finalizado (I=4, O=0, R=0, W=4, U=0, E=0)
2024-07-24 18:53:27.395 INFO  <Transformacion ProductoLF - Entrada Tabla Producto> [C:\Users\niebl\OneDrive\Escritorio\Semestre\Inteligecia de Negocio\Proyecto Fase 2\BIProyecto\proyectobi(FINAL)\Job_dim_fact.kjb  C:\proyectobi\ETLdim_Producto.ktr]  Procesamiento finalizado (I=30, O=0, R=0, W=30, U=0, E=0)
2024-07-24 18:53:27.397 INFO  <Transformacion ProductoLF - Ordenar filas> [C:\Users\niebl\OneDrive\Escritorio\Semestre\Inteligecia de Negocio\Proyecto Fase 2\BIProyecto\proyectobi(FINAL)\Job_dim_fact.kjb  C:\proyectobi\ETLdim_Producto.ktr]  Procesamiento finalizado (I=0, O=0, R=4, W=4, U=0, E=0)
2024-07-24 18:53:27.399 INFO  <Transformacion ProductoLF - Ordenar filas 2> [C:\Users\niebl\OneDrive\Escritorio\Semestre\Inteligecia de Negocio\Proyecto Fase 2\BIProyecto\proyectobi(FINAL)\Job_dim_fact.kjb  C:\proyectobi\ETLdim_Producto.ktr]  Procesamiento finalizado (I=0, O=0, R=30, W=30, U=0, E=0)
2024-07-24 18:53:27.728 INFO  <Transformacion ProductoLF - Unión por clave> [C:\Users\niebl\OneDrive\Escritorio\Semestre\Inteligecia de Negocio\Proyecto Fase 2\BIProyecto\proyectobi(FINAL)\Job_dim_fact.kjb  C:\proyectobi\ETLdim_Producto.ktr]  Procesamiento finalizado (I=0, O=0, R=34, W=30, U=0, E=0)
2024-07-24 18:53:27.746 INFO  <Transformacion ProductoLF - Ordenar filas 3> [C:\Users\niebl\OneDrive\Escritorio\Semestre\Inteligecia de Negocio\Proyecto Fase 2\BIProyecto\proyectobi(FINAL)\Job_dim_fact.kjb  C:\proyectobi\ETLdim_Producto.ktr]  Procesamiento finalizado (I=0, O=0, R=30, W=30, U=0, E=0)
2024-07-24 18:53:27.749 INFO  <Transformacion ProductoLF - Add sequence sk_dim_producto> [C:\Users\niebl\OneDrive\Escritorio\Semestre\Inteligecia de Negocio\Proyecto Fase 2\BIProyecto\proyectobi(FINAL)\Job_dim_fact.kjb  C:\proyectobi\ETLdim_Producto.ktr]  Procesamiento finalizado (I=0, O=0, R=30, W=30, U=0, E=0)
2024-07-24 18:53:27.760 INFO  <Transformacion ProductoLF - Strings cut> [C:\Users\niebl\OneDrive\Escritorio\Semestre\Inteligecia de Negocio\Proyecto Fase 2\BIProyecto\proyectobi(FINAL)\Job_dim_fact.kjb  C:\proyectobi\ETLdim_Producto.ktr]  Procesamiento finalizado (I=0, O=0, R=30, W=30, U=0, E=0)
2024-07-24 18:53:27.768 INFO  <Transformacion ProductoLF - Salida Tabla> [C:\Users\niebl\OneDrive\Escritorio\Semestre\Inteligecia de Negocio\Proyecto Fase 2\BIProyecto\proyectobi(FINAL)\Job_dim_fact.kjb  C:\proyectobi\ETLdim_Producto.ktr]  Procesamiento finalizado (I=0, O=30, R=30, W=30, U=0, E=0)
2024-07-24 18:53:27.769 INFO  <Thread-865> [C:\Users\niebl\OneDrive\Escritorio\Semestre\Inteligecia de Negocio\Proyecto Fase 2\BIProyecto\proyectobi(FINAL)\Job_dim_fact.kjb]  Starting entry [ETL dim_cliente]
2024-07-24 18:53:27.786 INFO  <Thread-865> [C:\Users\niebl\OneDrive\Escritorio\Semestre\Inteligecia de Negocio\Proyecto Fase 2\BIProyecto\proyectobi(FINAL)\Job_dim_fact.kjb]  Using run configuration [Pentaho local]
2024-07-24 18:53:27.787 INFO  <Thread-865> [C:\Users\niebl\OneDrive\Escritorio\Semestre\Inteligecia de Negocio\Proyecto Fase 2\BIProyecto\proyectobi(FINAL)\Job_dim_fact.kjb  C:\proyectobi\ETLdim_Cliente.ktr]  Iniciado despacho de la transformaci?n [Transformacion ClienteLF]
2024-07-24 18:53:27.875 INFO  <init of Salida Tabla.0 (Thread-927)> [C:\Users\niebl\OneDrive\Escritorio\Semestre\Inteligecia de Negocio\Proyecto Fase 2\BIProyecto\proyectobi(FINAL)\Job_dim_fact.kjb  C:\proyectobi\ETLdim_Cliente.ktr]  Connected to database [Postgres] (commit=1000)
2024-07-24 18:53:27.901 INFO  <Transformacion ClienteLF - Entrada Tabla> [C:\Users\niebl\OneDrive\Escritorio\Semestre\Inteligecia de Negocio\Proyecto Fase 2\BIProyecto\proyectobi(FINAL)\Job_dim_fact.kjb  C:\proyectobi\ETLdim_Cliente.ktr]  Finished reading query, closing connection
2024-07-24 18:53:27.903 INFO  <Transformacion ClienteLF - Entrada Tabla> [C:\Users\niebl\OneDrive\Escritorio\Semestre\Inteligecia de Negocio\Proyecto Fase 2\BIProyecto\proyectobi(FINAL)\Job_dim_fact.kjb  C:\proyectobi\ETLdim_Cliente.ktr]  Procesamiento finalizado (I=300, O=0, R=0, W=300, U=0, E=0)
2024-07-24 18:53:27.920 INFO  <Transformacion ClienteLF - Add sequence Sk_dim_cliente> [C:\Users\niebl\OneDrive\Escritorio\Semestre\Inteligecia de Negocio\Proyecto Fase 2\BIProyecto\proyectobi(FINAL)\Job_dim_fact.kjb  C:\proyectobi\ETLdim_Cliente.ktr]  Procesamiento finalizado (I=0, O=0, R=300, W=300, U=0, E=0)
2024-07-24 18:53:27.968 INFO  <Transformacion ClienteLF - Salida Tabla> [C:\Users\niebl\OneDrive\Escritorio\Semestre\Inteligecia de Negocio\Proyecto Fase 2\BIProyecto\proyectobi(FINAL)\Job_dim_fact.kjb  C:\proyectobi\ETLdim_Cliente.ktr]  Procesamiento finalizado (I=0, O=300, R=300, W=300, U=0, E=0)
2024-07-24 18:53:27.969 INFO  <Thread-865> [C:\Users\niebl\OneDrive\Escritorio\Semestre\Inteligecia de Negocio\Proyecto Fase 2\BIProyecto\proyectobi(FINAL)\Job_dim_fact.kjb]  Starting entry [ETL dim_eval_servicio]
2024-07-24 18:53:27.988 INFO  <Thread-865> [C:\Users\niebl\OneDrive\Escritorio\Semestre\Inteligecia de Negocio\Proyecto Fase 2\BIProyecto\proyectobi(FINAL)\Job_dim_fact.kjb]  Using run configuration [Pentaho local]
2024-07-24 18:53:27.988 INFO  <Thread-865> [C:\Users\niebl\OneDrive\Escritorio\Semestre\Inteligecia de Negocio\Proyecto Fase 2\BIProyecto\proyectobi(FINAL)\Job_dim_fact.kjb  C:\proyectobi\ETLdim_Evaluacion_Servicio.ktr]  Iniciado despacho de la transformaci?n [Transformacion Evaluacion ServicioLF]
2024-07-24 18:53:28.071 INFO  <init of Salida Tabla dim_evaluacion_servicio.0 (Thread-933)> [C:\Users\niebl\OneDrive\Escritorio\Semestre\Inteligecia de Negocio\Proyecto Fase 2\BIProyecto\proyectobi(FINAL)\Job_dim_fact.kjb  C:\proyectobi\ETLdim_Evaluacion_Servicio.ktr]  Connected to database [Postgres] (commit=1000)
2024-07-24 18:53:28.081 INFO  <Transformacion Evaluacion ServicioLF - Entrada Tabla Evaluacion_Servicio> [C:\Users\niebl\OneDrive\Escritorio\Semestre\Inteligecia de Negocio\Proyecto Fase 2\BIProyecto\proyectobi(FINAL)\Job_dim_fact.kjb  C:\proyectobi\ETLdim_Evaluacion_Servicio.ktr]  Finished reading query, closing connection
2024-07-24 18:53:28.082 INFO  <Transformacion Evaluacion ServicioLF - Entrada Tabla Evaluacion_Servicio> [C:\Users\niebl\OneDrive\Escritorio\Semestre\Inteligecia de Negocio\Proyecto Fase 2\BIProyecto\proyectobi(FINAL)\Job_dim_fact.kjb  C:\proyectobi\ETLdim_Evaluacion_Servicio.ktr]  Procesamiento finalizado (I=6, O=0, R=0, W=6, U=0, E=0)
2024-07-24 18:53:28.090 INFO  <Transformacion Evaluacion ServicioLF - Add sequence sk_eval_serv> [C:\Users\niebl\OneDrive\Escritorio\Semestre\Inteligecia de Negocio\Proyecto Fase 2\BIProyecto\proyectobi(FINAL)\Job_dim_fact.kjb  C:\proyectobi\ETLdim_Evaluacion_Servicio.ktr]  Procesamiento finalizado (I=0, O=0, R=6, W=6, U=0, E=0)
2024-07-24 18:53:28.107 INFO  <Transformacion Evaluacion ServicioLF - Salida Tabla dim_evaluacion_servicio> [C:\Users\niebl\OneDrive\Escritorio\Semestre\Inteligecia de Negocio\Proyecto Fase 2\BIProyecto\proyectobi(FINAL)\Job_dim_fact.kjb  C:\proyectobi\ETLdim_Evaluacion_Servicio.ktr]  Procesamiento finalizado (I=0, O=6, R=6, W=6, U=0, E=0)
2024-07-24 18:53:28.108 INFO  <Thread-865> [C:\Users\niebl\OneDrive\Escritorio\Semestre\Inteligecia de Negocio\Proyecto Fase 2\BIProyecto\proyectobi(FINAL)\Job_dim_fact.kjb]  Starting entry [ELT dim_contrato]
2024-07-24 18:53:28.126 INFO  <Thread-865> [C:\Users\niebl\OneDrive\Escritorio\Semestre\Inteligecia de Negocio\Proyecto Fase 2\BIProyecto\proyectobi(FINAL)\Job_dim_fact.kjb]  Using run configuration [Pentaho local]
2024-07-24 18:53:28.127 INFO  <Thread-865> [C:\Users\niebl\OneDrive\Escritorio\Semestre\Inteligecia de Negocio\Proyecto Fase 2\BIProyecto\proyectobi(FINAL)\Job_dim_fact.kjb  C:\proyectobi\ETLdim_Contrato.ktr]  Iniciado despacho de la transformaci?n [Transformacion_ContratoLF]
2024-07-24 18:53:28.217 INFO  <init of Salida Tabla.0 (Thread-939)> [C:\Users\niebl\OneDrive\Escritorio\Semestre\Inteligecia de Negocio\Proyecto Fase 2\BIProyecto\proyectobi(FINAL)\Job_dim_fact.kjb  C:\proyectobi\ETLdim_Contrato.ktr]  Connected to database [PostgresConexion] (commit=1000)
2024-07-24 18:53:28.231 INFO  <Transformacion_ContratoLF - Entrada Tabla> [C:\Users\niebl\OneDrive\Escritorio\Semestre\Inteligecia de Negocio\Proyecto Fase 2\BIProyecto\proyectobi(FINAL)\Job_dim_fact.kjb  C:\proyectobi\ETLdim_Contrato.ktr]  Finished reading query, closing connection
2024-07-24 18:53:28.232 INFO  <Transformacion_ContratoLF - Entrada Tabla> [C:\Users\niebl\OneDrive\Escritorio\Semestre\Inteligecia de Negocio\Proyecto Fase 2\BIProyecto\proyectobi(FINAL)\Job_dim_fact.kjb  C:\proyectobi\ETLdim_Contrato.ktr]  Procesamiento finalizado (I=1000, O=0, R=0, W=1000, U=0, E=0)
2024-07-24 18:53:28.247 INFO  <Transformacion_ContratoLF - Add sequence sk_dim_contrato> [C:\Users\niebl\OneDrive\Escritorio\Semestre\Inteligecia de Negocio\Proyecto Fase 2\BIProyecto\proyectobi(FINAL)\Job_dim_fact.kjb  C:\proyectobi\ETLdim_Contrato.ktr]  Procesamiento finalizado (I=0, O=0, R=1000, W=1000, U=0, E=0)
2024-07-24 18:53:28.362 INFO  <Transformacion_ContratoLF - Salida Tabla> [C:\Users\niebl\OneDrive\Escritorio\Semestre\Inteligecia de Negocio\Proyecto Fase 2\BIProyecto\proyectobi(FINAL)\Job_dim_fact.kjb  C:\proyectobi\ETLdim_Contrato.ktr]  Procesamiento finalizado (I=0, O=1000, R=1000, W=1000, U=0, E=0)
2024-07-24 18:53:28.364 INFO  <Thread-865> [C:\Users\niebl\OneDrive\Escritorio\Semestre\Inteligecia de Negocio\Proyecto Fase 2\BIProyecto\proyectobi(FINAL)\Job_dim_fact.kjb]  Starting entry [ETL dim_estado_contrato]
2024-07-24 18:53:28.390 INFO  <Thread-865> [C:\Users\niebl\OneDrive\Escritorio\Semestre\Inteligecia de Negocio\Proyecto Fase 2\BIProyecto\proyectobi(FINAL)\Job_dim_fact.kjb]  Using run configuration [Pentaho local]
2024-07-24 18:53:28.390 INFO  <Thread-865> [C:\Users\niebl\OneDrive\Escritorio\Semestre\Inteligecia de Negocio\Proyecto Fase 2\BIProyecto\proyectobi(FINAL)\Job_dim_fact.kjb  C:\proyectobi\ETLdim_Estado_Contrato.ktr]  Iniciado despacho de la transformaci?n [Transformacion Estado ContratoLF]
2024-07-24 18:53:28.481 INFO  <init of Salida Tabla dim_estado_contrato.0 (Thread-948)> [C:\Users\niebl\OneDrive\Escritorio\Semestre\Inteligecia de Negocio\Proyecto Fase 2\BIProyecto\proyectobi(FINAL)\Job_dim_fact.kjb  C:\proyectobi\ETLdim_Estado_Contrato.ktr]  Connected to database [Postgres] (commit=1000)
2024-07-24 18:53:28.498 INFO  <Transformacion Estado ContratoLF - Entrada Tabla Estado Contrato> [C:\Users\niebl\OneDrive\Escritorio\Semestre\Inteligecia de Negocio\Proyecto Fase 2\BIProyecto\proyectobi(FINAL)\Job_dim_fact.kjb  C:\proyectobi\ETLdim_Estado_Contrato.ktr]  Finished reading query, closing connection
2024-07-24 18:53:28.499 INFO  <Transformacion Estado ContratoLF - Entrada Tabla Estado Contrato> [C:\Users\niebl\OneDrive\Escritorio\Semestre\Inteligecia de Negocio\Proyecto Fase 2\BIProyecto\proyectobi(FINAL)\Job_dim_fact.kjb  C:\proyectobi\ETLdim_Estado_Contrato.ktr]  Procesamiento finalizado (I=1000, O=0, R=0, W=1000, U=0, E=0)
2024-07-24 18:53:28.505 INFO  <Transformacion Estado ContratoLF - Seleccionar Estado Contrato> [C:\Users\niebl\OneDrive\Escritorio\Semestre\Inteligecia de Negocio\Proyecto Fase 2\BIProyecto\proyectobi(FINAL)\Job_dim_fact.kjb  C:\proyectobi\ETLdim_Estado_Contrato.ktr]  Procesamiento finalizado (I=0, O=0, R=1000, W=1000, U=0, E=0)
2024-07-24 18:53:28.508 INFO  <Transformacion Estado ContratoLF - Agrupar> [C:\Users\niebl\OneDrive\Escritorio\Semestre\Inteligecia de Negocio\Proyecto Fase 2\BIProyecto\proyectobi(FINAL)\Job_dim_fact.kjb  C:\proyectobi\ETLdim_Estado_Contrato.ktr]  Procesamiento finalizado (I=0, O=0, R=1000, W=3, U=0, E=0)
2024-07-24 18:53:28.512 INFO  <Transformacion Estado ContratoLF - Add sequence cod_estado> [C:\Users\niebl\OneDrive\Escritorio\Semestre\Inteligecia de Negocio\Proyecto Fase 2\BIProyecto\proyectobi(FINAL)\Job_dim_fact.kjb  C:\proyectobi\ETLdim_Estado_Contrato.ktr]  Procesamiento finalizado (I=0, O=0, R=3, W=3, U=0, E=0)
2024-07-24 18:53:28.517 INFO  <Transformacion Estado ContratoLF - Add sequence sk_dim_estado_contrato> [C:\Users\niebl\OneDrive\Escritorio\Semestre\Inteligecia de Negocio\Proyecto Fase 2\BIProyecto\proyectobi(FINAL)\Job_dim_fact.kjb  C:\proyectobi\ETLdim_Estado_Contrato.ktr]  Procesamiento finalizado (I=0, O=0, R=3, W=3, U=0, E=0)
2024-07-24 18:53:28.532 INFO  <Transformacion Estado ContratoLF - Salida Tabla dim_estado_contrato> [C:\Users\niebl\OneDrive\Escritorio\Semestre\Inteligecia de Negocio\Proyecto Fase 2\BIProyecto\proyectobi(FINAL)\Job_dim_fact.kjb  C:\proyectobi\ETLdim_Estado_Contrato.ktr]  Procesamiento finalizado (I=0, O=3, R=3, W=3, U=0, E=0)
2024-07-24 18:53:28.533 INFO  <Thread-865> [C:\Users\niebl\OneDrive\Escritorio\Semestre\Inteligecia de Negocio\Proyecto Fase 2\BIProyecto\proyectobi(FINAL)\Job_dim_fact.kjb]  Starting entry [ETL dim_sucursal]
2024-07-24 18:53:28.553 INFO  <Thread-865> [C:\Users\niebl\OneDrive\Escritorio\Semestre\Inteligecia de Negocio\Proyecto Fase 2\BIProyecto\proyectobi(FINAL)\Job_dim_fact.kjb]  Using run configuration [Pentaho local]
2024-07-24 18:53:28.554 INFO  <Thread-865> [C:\Users\niebl\OneDrive\Escritorio\Semestre\Inteligecia de Negocio\Proyecto Fase 2\BIProyecto\proyectobi(FINAL)\Job_dim_fact.kjb  C:\proyectobi\ETLdim_Sucursal.ktr]  Iniciado despacho de la transformaci?n [Transformacion SucursalLF]
2024-07-24 18:53:28.664 INFO  <init of Salida Tabla.0 (Thread-961)> [C:\Users\niebl\OneDrive\Escritorio\Semestre\Inteligecia de Negocio\Proyecto Fase 2\BIProyecto\proyectobi(FINAL)\Job_dim_fact.kjb  C:\proyectobi\ETLdim_Sucursal.ktr]  Connected to database [Postgres] (commit=1000)
2024-07-24 18:53:28.685 INFO  <Transformacion SucursalLF - Entrada Tabla Pais> [C:\Users\niebl\OneDrive\Escritorio\Semestre\Inteligecia de Negocio\Proyecto Fase 2\BIProyecto\proyectobi(FINAL)\Job_dim_fact.kjb  C:\proyectobi\ETLdim_Sucursal.ktr]  Finished reading query, closing connection
2024-07-24 18:53:28.686 INFO  <Transformacion SucursalLF - Entrada Tabla Sucursal> [C:\Users\niebl\OneDrive\Escritorio\Semestre\Inteligecia de Negocio\Proyecto Fase 2\BIProyecto\proyectobi(FINAL)\Job_dim_fact.kjb  C:\proyectobi\ETLdim_Sucursal.ktr]  Finished reading query, closing connection
2024-07-24 18:53:28.686 INFO  <Transformacion SucursalLF - Entrada Tabla Ciudad> [C:\Users\niebl\OneDrive\Escritorio\Semestre\Inteligecia de Negocio\Proyecto Fase 2\BIProyecto\proyectobi(FINAL)\Job_dim_fact.kjb  C:\proyectobi\ETLdim_Sucursal.ktr]  Finished reading query, closing connection
2024-07-24 18:53:28.687 INFO  <Transformacion SucursalLF - Entrada Tabla Pais> [C:\Users\niebl\OneDrive\Escritorio\Semestre\Inteligecia de Negocio\Proyecto Fase 2\BIProyecto\proyectobi(FINAL)\Job_dim_fact.kjb  C:\proyectobi\ETLdim_Sucursal.ktr]  Procesamiento finalizado (I=30, O=0, R=0, W=30, U=0, E=0)
2024-07-24 18:53:28.687 INFO  <Transformacion SucursalLF - Entrada Tabla Sucursal> [C:\Users\niebl\OneDrive\Escritorio\Semestre\Inteligecia de Negocio\Proyecto Fase 2\BIProyecto\proyectobi(FINAL)\Job_dim_fact.kjb  C:\proyectobi\ETLdim_Sucursal.ktr]  Procesamiento finalizado (I=30, O=0, R=0, W=30, U=0, E=0)
2024-07-24 18:53:28.687 INFO  <Transformacion SucursalLF - Entrada Tabla Ciudad> [C:\Users\niebl\OneDrive\Escritorio\Semestre\Inteligecia de Negocio\Proyecto Fase 2\BIProyecto\proyectobi(FINAL)\Job_dim_fact.kjb  C:\proyectobi\ETLdim_Sucursal.ktr]  Procesamiento finalizado (I=30, O=0, R=0, W=30, U=0, E=0)
2024-07-24 18:53:29.018 INFO  <Transformacion SucursalLF - Unión Sucursal-Pais> [C:\Users\niebl\OneDrive\Escritorio\Semestre\Inteligecia de Negocio\Proyecto Fase 2\BIProyecto\proyectobi(FINAL)\Job_dim_fact.kjb  C:\proyectobi\ETLdim_Sucursal.ktr]  Procesamiento finalizado (I=0, O=0, R=60, W=30, U=0, E=0)
2024-07-24 18:53:29.332 INFO  <Transformacion SucursalLF - Unión Sucursal-Pais-Ciudad> [C:\Users\niebl\OneDrive\Escritorio\Semestre\Inteligecia de Negocio\Proyecto Fase 2\BIProyecto\proyectobi(FINAL)\Job_dim_fact.kjb  C:\proyectobi\ETLdim_Sucursal.ktr]  Procesamiento finalizado (I=0, O=0, R=60, W=30, U=0, E=0)
2024-07-24 18:53:29.337 INFO  <Transformacion SucursalLF - Add sequence sk_dim_sucursal> [C:\Users\niebl\OneDrive\Escritorio\Semestre\Inteligecia de Negocio\Proyecto Fase 2\BIProyecto\proyectobi(FINAL)\Job_dim_fact.kjb  C:\proyectobi\ETLdim_Sucursal.ktr]  Procesamiento finalizado (I=0, O=0, R=30, W=30, U=0, E=0)
2024-07-24 18:53:29.371 INFO  <Transformacion SucursalLF - Salida Tabla> [C:\Users\niebl\OneDrive\Escritorio\Semestre\Inteligecia de Negocio\Proyecto Fase 2\BIProyecto\proyectobi(FINAL)\Job_dim_fact.kjb  C:\proyectobi\ETLdim_Sucursal.ktr]  Procesamiento finalizado (I=0, O=30, R=30, W=30, U=0, E=0)
2024-07-24 18:53:29.372 INFO  <Thread-865> [C:\Users\niebl\OneDrive\Escritorio\Semestre\Inteligecia de Negocio\Proyecto Fase 2\BIProyecto\proyectobi(FINAL)\Job_dim_fact.kjb]  Starting entry [ETL dim_siniestro]
2024-07-24 18:53:29.391 INFO  <Thread-865> [C:\Users\niebl\OneDrive\Escritorio\Semestre\Inteligecia de Negocio\Proyecto Fase 2\BIProyecto\proyectobi(FINAL)\Job_dim_fact.kjb]  Using run configuration [Pentaho local]
2024-07-24 18:53:29.391 INFO  <Thread-865> [C:\Users\niebl\OneDrive\Escritorio\Semestre\Inteligecia de Negocio\Proyecto Fase 2\BIProyecto\proyectobi(FINAL)\Job_dim_fact.kjb  C:\proyectobi\ETLdim_Siniestro.ktr]  Iniciado despacho de la transformaci?n [Transformacion siniestroLF]
2024-07-24 18:53:29.475 INFO  <init of Salida Tabla dim_siniestro.0 (Thread-971)> [C:\Users\niebl\OneDrive\Escritorio\Semestre\Inteligecia de Negocio\Proyecto Fase 2\BIProyecto\proyectobi(FINAL)\Job_dim_fact.kjb  C:\proyectobi\ETLdim_Siniestro.ktr]  Connected to database [Postgres] (commit=1000)
2024-07-24 18:53:29.486 INFO  <Transformacion siniestroLF - Entrada Tabla Siniestro> [C:\Users\niebl\OneDrive\Escritorio\Semestre\Inteligecia de Negocio\Proyecto Fase 2\BIProyecto\proyectobi(FINAL)\Job_dim_fact.kjb  C:\proyectobi\ETLdim_Siniestro.ktr]  Finished reading query, closing connection
2024-07-24 18:53:29.487 INFO  <Transformacion siniestroLF - Entrada Tabla Siniestro> [C:\Users\niebl\OneDrive\Escritorio\Semestre\Inteligecia de Negocio\Proyecto Fase 2\BIProyecto\proyectobi(FINAL)\Job_dim_fact.kjb  C:\proyectobi\ETLdim_Siniestro.ktr]  Procesamiento finalizado (I=20, O=0, R=0, W=20, U=0, E=0)
2024-07-24 18:53:29.492 INFO  <Transformacion siniestroLF - Add sequence sk_dim_siniestro> [C:\Users\niebl\OneDrive\Escritorio\Semestre\Inteligecia de Negocio\Proyecto Fase 2\BIProyecto\proyectobi(FINAL)\Job_dim_fact.kjb  C:\proyectobi\ETLdim_Siniestro.ktr]  Procesamiento finalizado (I=0, O=0, R=20, W=20, U=0, E=0)
2024-07-24 18:53:29.513 INFO  <Transformacion siniestroLF - Salida Tabla dim_siniestro> [C:\Users\niebl\OneDrive\Escritorio\Semestre\Inteligecia de Negocio\Proyecto Fase 2\BIProyecto\proyectobi(FINAL)\Job_dim_fact.kjb  C:\proyectobi\ETLdim_Siniestro.ktr]  Procesamiento finalizado (I=0, O=20, R=20, W=20, U=0, E=0)
2024-07-24 18:53:29.514 INFO  <Thread-865> [C:\Users\niebl\OneDrive\Escritorio\Semestre\Inteligecia de Negocio\Proyecto Fase 2\BIProyecto\proyectobi(FINAL)\Job_dim_fact.kjb]  Starting entry [ETL_fact_metas]
2024-07-24 18:53:29.557 INFO  <Thread-865> [C:\Users\niebl\OneDrive\Escritorio\Semestre\Inteligecia de Negocio\Proyecto Fase 2\BIProyecto\proyectobi(FINAL)\Job_dim_fact.kjb]  Using run configuration [Pentaho local]
2024-07-24 18:53:29.557 INFO  <Thread-865> [C:\Users\niebl\OneDrive\Escritorio\Semestre\Inteligecia de Negocio\Proyecto Fase 2\BIProyecto\proyectobi(FINAL)\Job_dim_fact.kjb  C:\proyectobi\ETLfact_Metas.ktr]  Iniciado despacho de la transformaci?n [LFTransformation_fact_metas]
2024-07-24 18:53:29.675 INFO  <init of Table output.0 (Thread-991)> [C:\Users\niebl\OneDrive\Escritorio\Semestre\Inteligecia de Negocio\Proyecto Fase 2\BIProyecto\proyectobi(FINAL)\Job_dim_fact.kjb  C:\proyectobi\ETLfact_Metas.ktr]  Connected to database [postgre] (commit=1000)
2024-07-24 18:53:29.726 INFO  <LFTransformation_fact_metas - extraer producto> [C:\Users\niebl\OneDrive\Escritorio\Semestre\Inteligecia de Negocio\Proyecto Fase 2\BIProyecto\proyectobi(FINAL)\Job_dim_fact.kjb  C:\proyectobi\ETLfact_Metas.ktr]  Finished reading query, closing connection
2024-07-24 18:53:29.728 INFO  <LFTransformation_fact_metas - extraer producto> [C:\Users\niebl\OneDrive\Escritorio\Semestre\Inteligecia de Negocio\Proyecto Fase 2\BIProyecto\proyectobi(FINAL)\Job_dim_fact.kjb  C:\proyectobi\ETLfact_Metas.ktr]  Procesamiento finalizado (I=30, O=0, R=0, W=30, U=0, E=0)
2024-07-24 18:53:29.730 INFO  <LFTransformation_fact_metas - Sort cod_prod> [C:\Users\niebl\OneDrive\Escritorio\Semestre\Inteligecia de Negocio\Proyecto Fase 2\BIProyecto\proyectobi(FINAL)\Job_dim_fact.kjb  C:\proyectobi\ETLfact_Metas.ktr]  Procesamiento finalizado (I=0, O=0, R=30, W=30, U=0, E=0)
2024-07-24 18:53:29.793 INFO  <LFTransformation_fact_metas - extraer dim_tiempo> [C:\Users\niebl\OneDrive\Escritorio\Semestre\Inteligecia de Negocio\Proyecto Fase 2\BIProyecto\proyectobi(FINAL)\Job_dim_fact.kjb  C:\proyectobi\ETLfact_Metas.ktr]  Finished reading query, closing connection
2024-07-24 18:53:29.794 INFO  <LFTransformation_fact_metas - extraer dim_tiempo> [C:\Users\niebl\OneDrive\Escritorio\Semestre\Inteligecia de Negocio\Proyecto Fase 2\BIProyecto\proyectobi(FINAL)\Job_dim_fact.kjb  C:\proyectobi\ETLfact_Metas.ktr]  Procesamiento finalizado (I=14976, O=0, R=0, W=14976, U=0, E=0)
2024-07-24 18:53:29.798 INFO  <LFTransformation_fact_metas - extraer dim_tiempo2> [C:\Users\niebl\OneDrive\Escritorio\Semestre\Inteligecia de Negocio\Proyecto Fase 2\BIProyecto\proyectobi(FINAL)\Job_dim_fact.kjb  C:\proyectobi\ETLfact_Metas.ktr]  Finished reading query, closing connection
2024-07-24 18:53:29.799 INFO  <LFTransformation_fact_metas - extraer dim_tiempo2> [C:\Users\niebl\OneDrive\Escritorio\Semestre\Inteligecia de Negocio\Proyecto Fase 2\BIProyecto\proyectobi(FINAL)\Job_dim_fact.kjb  C:\proyectobi\ETLfact_Metas.ktr]  Procesamiento finalizado (I=14976, O=0, R=0, W=14976, U=0, E=0)
2024-07-24 18:53:29.863 INFO  <LFTransformation_fact_metas - Microsoft Excel metas> [C:\Users\niebl\OneDrive\Escritorio\Semestre\Inteligecia de Negocio\Proyecto Fase 2\BIProyecto\proyectobi(FINAL)\Job_dim_fact.kjb  C:\proyectobi\ETLfact_Metas.ktr]  Procesamiento finalizado (I=390, O=0, R=0, W=390, U=0, E=0)
2024-07-24 18:53:29.868 INFO  <LFTransformation_fact_metas - Sort cod_prod 2> [C:\Users\niebl\OneDrive\Escritorio\Semestre\Inteligecia de Negocio\Proyecto Fase 2\BIProyecto\proyectobi(FINAL)\Job_dim_fact.kjb  C:\proyectobi\ETLfact_Metas.ktr]  Procesamiento finalizado (I=0, O=0, R=390, W=390, U=0, E=0)
2024-07-24 18:53:30.177 INFO  <LFTransformation_fact_metas - Merge join> [C:\Users\niebl\OneDrive\Escritorio\Semestre\Inteligecia de Negocio\Proyecto Fase 2\BIProyecto\proyectobi(FINAL)\Job_dim_fact.kjb  C:\proyectobi\ETLfact_Metas.ktr]  Procesamiento finalizado (I=0, O=0, R=420, W=390, U=0, E=0)
2024-07-24 18:53:30.180 INFO  <LFTransformation_fact_metas - Quitar cod_prod y dejar SK> [C:\Users\niebl\OneDrive\Escritorio\Semestre\Inteligecia de Negocio\Proyecto Fase 2\BIProyecto\proyectobi(FINAL)\Job_dim_fact.kjb  C:\proyectobi\ETLfact_Metas.ktr]  Procesamiento finalizado (I=0, O=0, R=390, W=390, U=0, E=0)
2024-07-24 18:53:30.187 INFO  <LFTransformation_fact_metas - Sort fecha_inicio> [C:\Users\niebl\OneDrive\Escritorio\Semestre\Inteligecia de Negocio\Proyecto Fase 2\BIProyecto\proyectobi(FINAL)\Job_dim_fact.kjb  C:\proyectobi\ETLfact_Metas.ktr]  Procesamiento finalizado (I=0, O=0, R=390, W=390, U=0, E=0)
2024-07-24 18:53:30.193 INFO  <LFTransformation_fact_metas - Sort fecha_completa> [C:\Users\niebl\OneDrive\Escritorio\Semestre\Inteligecia de Negocio\Proyecto Fase 2\BIProyecto\proyectobi(FINAL)\Job_dim_fact.kjb  C:\proyectobi\ETLfact_Metas.ktr]  Procesamiento finalizado (I=0, O=0, R=14976, W=14976, U=0, E=0)
2024-07-24 18:53:30.500 INFO  <LFTransformation_fact_metas - Merge join 2> [C:\Users\niebl\OneDrive\Escritorio\Semestre\Inteligecia de Negocio\Proyecto Fase 2\BIProyecto\proyectobi(FINAL)\Job_dim_fact.kjb  C:\proyectobi\ETLfact_Metas.ktr]  Procesamiento finalizado (I=0, O=0, R=15366, W=390, U=0, E=0)
2024-07-24 18:53:30.503 INFO  <LFTransformation_fact_metas - Select values 2> [C:\Users\niebl\OneDrive\Escritorio\Semestre\Inteligecia de Negocio\Proyecto Fase 2\BIProyecto\proyectobi(FINAL)\Job_dim_fact.kjb  C:\proyectobi\ETLfact_Metas.ktr]  Procesamiento finalizado (I=0, O=0, R=390, W=390, U=0, E=0)
2024-07-24 18:53:30.518 INFO  <LFTransformation_fact_metas - Sort fecha_final> [C:\Users\niebl\OneDrive\Escritorio\Semestre\Inteligecia de Negocio\Proyecto Fase 2\BIProyecto\proyectobi(FINAL)\Job_dim_fact.kjb  C:\proyectobi\ETLfact_Metas.ktr]  Procesamiento finalizado (I=0, O=0, R=390, W=390, U=0, E=0)
2024-07-24 18:53:30.523 INFO  <LFTransformation_fact_metas - Sort fecha_completa2> [C:\Users\niebl\OneDrive\Escritorio\Semestre\Inteligecia de Negocio\Proyecto Fase 2\BIProyecto\proyectobi(FINAL)\Job_dim_fact.kjb  C:\proyectobi\ETLfact_Metas.ktr]  Procesamiento finalizado (I=0, O=0, R=14976, W=14976, U=0, E=0)
2024-07-24 18:53:30.841 INFO  <LFTransformation_fact_metas - Merge join 3> [C:\Users\niebl\OneDrive\Escritorio\Semestre\Inteligecia de Negocio\Proyecto Fase 2\BIProyecto\proyectobi(FINAL)\Job_dim_fact.kjb  C:\proyectobi\ETLfact_Metas.ktr]  Procesamiento finalizado (I=0, O=0, R=15366, W=390, U=0, E=0)
2024-07-24 18:53:30.846 INFO  <LFTransformation_fact_metas - dejar sk_dim fec_final > [C:\Users\niebl\OneDrive\Escritorio\Semestre\Inteligecia de Negocio\Proyecto Fase 2\BIProyecto\proyectobi(FINAL)\Job_dim_fact.kjb  C:\proyectobi\ETLfact_Metas.ktr]  Procesamiento finalizado (I=0, O=0, R=390, W=390, U=0, E=0)
2024-07-24 18:53:30.912 INFO  <LFTransformation_fact_metas - Table output> [C:\Users\niebl\OneDrive\Escritorio\Semestre\Inteligecia de Negocio\Proyecto Fase 2\BIProyecto\proyectobi(FINAL)\Job_dim_fact.kjb  C:\proyectobi\ETLfact_Metas.ktr]  Procesamiento finalizado (I=0, O=390, R=390, W=390, U=0, E=0)
2024-07-24 18:53:30.913 INFO  <Thread-865> [C:\Users\niebl\OneDrive\Escritorio\Semestre\Inteligecia de Negocio\Proyecto Fase 2\BIProyecto\proyectobi(FINAL)\Job_dim_fact.kjb]  Starting entry [ETL_fact_reg_contrato]
2024-07-24 18:53:30.945 INFO  <Thread-865> [C:\Users\niebl\OneDrive\Escritorio\Semestre\Inteligecia de Negocio\Proyecto Fase 2\BIProyecto\proyectobi(FINAL)\Job_dim_fact.kjb]  Using run configuration [Pentaho local]
2024-07-24 18:53:30.946 INFO  <Thread-865> [C:\Users\niebl\OneDrive\Escritorio\Semestre\Inteligecia de Negocio\Proyecto Fase 2\BIProyecto\proyectobi(FINAL)\Job_dim_fact.kjb  C:\proyectobi\ETLfact_Registro_Contrato.ktr]  Iniciado despacho de la transformaci?n [Transformacion FACT_Registro_Contrato]
2024-07-24 18:53:31.128 INFO  <init of Salida Tabla.0 (Thread-1034)> [C:\Users\niebl\OneDrive\Escritorio\Semestre\Inteligecia de Negocio\Proyecto Fase 2\BIProyecto\proyectobi(FINAL)\Job_dim_fact.kjb  C:\proyectobi\ETLfact_Registro_Contrato.ktr]  Connected to database [Postgres] (commit=1000)
2024-07-24 18:53:31.180 INFO  <Transformacion FACT_Registro_Contrato - Entrada Tabla dim_producto> [C:\Users\niebl\OneDrive\Escritorio\Semestre\Inteligecia de Negocio\Proyecto Fase 2\BIProyecto\proyectobi(FINAL)\Job_dim_fact.kjb  C:\proyectobi\ETLfact_Registro_Contrato.ktr]  Finished reading query, closing connection
2024-07-24 18:53:31.181 INFO  <Transformacion FACT_Registro_Contrato - Entrada Tabla dim_producto> [C:\Users\niebl\OneDrive\Escritorio\Semestre\Inteligecia de Negocio\Proyecto Fase 2\BIProyecto\proyectobi(FINAL)\Job_dim_fact.kjb  C:\proyectobi\ETLfact_Registro_Contrato.ktr]  Procesamiento finalizado (I=30, O=0, R=0, W=30, U=0, E=0)
2024-07-24 18:53:31.181 INFO  <Transformacion FACT_Registro_Contrato - Entrada Tabla dim_estado_contrato> [C:\Users\niebl\OneDrive\Escritorio\Semestre\Inteligecia de Negocio\Proyecto Fase 2\BIProyecto\proyectobi(FINAL)\Job_dim_fact.kjb  C:\proyectobi\ETLfact_Registro_Contrato.ktr]  Finished reading query, closing connection
2024-07-24 18:53:31.183 INFO  <Transformacion FACT_Registro_Contrato - Ordenar filas cod_producto 2> [C:\Users\niebl\OneDrive\Escritorio\Semestre\Inteligecia de Negocio\Proyecto Fase 2\BIProyecto\proyectobi(FINAL)\Job_dim_fact.kjb  C:\proyectobi\ETLfact_Registro_Contrato.ktr]  Procesamiento finalizado (I=0, O=0, R=30, W=30, U=0, E=0)
2024-07-24 18:53:31.184 INFO  <Transformacion FACT_Registro_Contrato - Entrada Tabla dim_estado_contrato> [C:\Users\niebl\OneDrive\Escritorio\Semestre\Inteligecia de Negocio\Proyecto Fase 2\BIProyecto\proyectobi(FINAL)\Job_dim_fact.kjb  C:\proyectobi\ETLfact_Registro_Contrato.ktr]  Procesamiento finalizado (I=3, O=0, R=0, W=3, U=0, E=0)
2024-07-24 18:53:31.184 INFO  <Transformacion FACT_Registro_Contrato - Entrada Tabla Dim_Cliente> [C:\Users\niebl\OneDrive\Escritorio\Semestre\Inteligecia de Negocio\Proyecto Fase 2\BIProyecto\proyectobi(FINAL)\Job_dim_fact.kjb  C:\proyectobi\ETLfact_Registro_Contrato.ktr]  Finished reading query, closing connection
2024-07-24 18:53:31.185 INFO  <Transformacion FACT_Registro_Contrato - Entrada Tabla Dim_Cliente> [C:\Users\niebl\OneDrive\Escritorio\Semestre\Inteligecia de Negocio\Proyecto Fase 2\BIProyecto\proyectobi(FINAL)\Job_dim_fact.kjb  C:\proyectobi\ETLfact_Registro_Contrato.ktr]  Procesamiento finalizado (I=300, O=0, R=0, W=300, U=0, E=0)
2024-07-24 18:53:31.188 INFO  <Transformacion FACT_Registro_Contrato - Entrada Tabla dim_contrato> [C:\Users\niebl\OneDrive\Escritorio\Semestre\Inteligecia de Negocio\Proyecto Fase 2\BIProyecto\proyectobi(FINAL)\Job_dim_fact.kjb  C:\proyectobi\ETLfact_Registro_Contrato.ktr]  Finished reading query, closing connection
2024-07-24 18:53:31.189 INFO  <Transformacion FACT_Registro_Contrato - Entrada Tabla Registro Contrato> [C:\Users\niebl\OneDrive\Escritorio\Semestre\Inteligecia de Negocio\Proyecto Fase 2\BIProyecto\proyectobi(FINAL)\Job_dim_fact.kjb  C:\proyectobi\ETLfact_Registro_Contrato.ktr]  Finished reading query, closing connection
2024-07-24 18:53:31.190 INFO  <Transformacion FACT_Registro_Contrato - Entrada Tabla dim_contrato> [C:\Users\niebl\OneDrive\Escritorio\Semestre\Inteligecia de Negocio\Proyecto Fase 2\BIProyecto\proyectobi(FINAL)\Job_dim_fact.kjb  C:\proyectobi\ETLfact_Registro_Contrato.ktr]  Procesamiento finalizado (I=1000, O=0, R=0, W=1000, U=0, E=0)
2024-07-24 18:53:31.191 INFO  <Transformacion FACT_Registro_Contrato - Entrada Tabla Registro Contrato> [C:\Users\niebl\OneDrive\Escritorio\Semestre\Inteligecia de Negocio\Proyecto Fase 2\BIProyecto\proyectobi(FINAL)\Job_dim_fact.kjb  C:\proyectobi\ETLfact_Registro_Contrato.ktr]  Procesamiento finalizado (I=1000, O=0, R=0, W=1000, U=0, E=0)
2024-07-24 18:53:31.194 INFO  <Transformacion FACT_Registro_Contrato - Ordenar filas descrip_estado> [C:\Users\niebl\OneDrive\Escritorio\Semestre\Inteligecia de Negocio\Proyecto Fase 2\BIProyecto\proyectobi(FINAL)\Job_dim_fact.kjb  C:\proyectobi\ETLfact_Registro_Contrato.ktr]  Procesamiento finalizado (I=0, O=0, R=3, W=3, U=0, E=0)
2024-07-24 18:53:31.194 INFO  <Transformacion FACT_Registro_Contrato - Ordenar filas cod_cliente 2> [C:\Users\niebl\OneDrive\Escritorio\Semestre\Inteligecia de Negocio\Proyecto Fase 2\BIProyecto\proyectobi(FINAL)\Job_dim_fact.kjb  C:\proyectobi\ETLfact_Registro_Contrato.ktr]  Procesamiento finalizado (I=0, O=0, R=300, W=300, U=0, E=0)
2024-07-24 18:53:31.209 INFO  <Transformacion FACT_Registro_Contrato - Ordenar filas nro_contrato 2> [C:\Users\niebl\OneDrive\Escritorio\Semestre\Inteligecia de Negocio\Proyecto Fase 2\BIProyecto\proyectobi(FINAL)\Job_dim_fact.kjb  C:\proyectobi\ETLfact_Registro_Contrato.ktr]  Procesamiento finalizado (I=0, O=0, R=1000, W=1000, U=0, E=0)
2024-07-24 18:53:31.210 INFO  <Transformacion FACT_Registro_Contrato - Ordenar filas cod_cliente> [C:\Users\niebl\OneDrive\Escritorio\Semestre\Inteligecia de Negocio\Proyecto Fase 2\BIProyecto\proyectobi(FINAL)\Job_dim_fact.kjb  C:\proyectobi\ETLfact_Registro_Contrato.ktr]  Procesamiento finalizado (I=0, O=0, R=1000, W=1000, U=0, E=0)
2024-07-24 18:53:31.253 INFO  <Transformacion FACT_Registro_Contrato - Entrada Tabla dim_tiempo> [C:\Users\niebl\OneDrive\Escritorio\Semestre\Inteligecia de Negocio\Proyecto Fase 2\BIProyecto\proyectobi(FINAL)\Job_dim_fact.kjb  C:\proyectobi\ETLfact_Registro_Contrato.ktr]  Finished reading query, closing connection
2024-07-24 18:53:31.254 INFO  <Transformacion FACT_Registro_Contrato - Entrada Tabla dim_tiempo> [C:\Users\niebl\OneDrive\Escritorio\Semestre\Inteligecia de Negocio\Proyecto Fase 2\BIProyecto\proyectobi(FINAL)\Job_dim_fact.kjb  C:\proyectobi\ETLfact_Registro_Contrato.ktr]  Procesamiento finalizado (I=14976, O=0, R=0, W=29952, U=0, E=0)
2024-07-24 18:53:31.513 INFO  <Transformacion FACT_Registro_Contrato - Unión por clave> [C:\Users\niebl\OneDrive\Escritorio\Semestre\Inteligecia de Negocio\Proyecto Fase 2\BIProyecto\proyectobi(FINAL)\Job_dim_fact.kjb  C:\proyectobi\ETLfact_Registro_Contrato.ktr]  Procesamiento finalizado (I=0, O=0, R=1300, W=1000, U=0, E=0)
2024-07-24 18:53:31.525 INFO  <Transformacion FACT_Registro_Contrato - Ordenar filas cod_producto> [C:\Users\niebl\OneDrive\Escritorio\Semestre\Inteligecia de Negocio\Proyecto Fase 2\BIProyecto\proyectobi(FINAL)\Job_dim_fact.kjb  C:\proyectobi\ETLfact_Registro_Contrato.ktr]  Procesamiento finalizado (I=0, O=0, R=1000, W=1000, U=0, E=0)
2024-07-24 18:53:31.839 INFO  <Transformacion FACT_Registro_Contrato - Unión por clave cod_producto> [C:\Users\niebl\OneDrive\Escritorio\Semestre\Inteligecia de Negocio\Proyecto Fase 2\BIProyecto\proyectobi(FINAL)\Job_dim_fact.kjb  C:\proyectobi\ETLfact_Registro_Contrato.ktr]  Procesamiento finalizado (I=0, O=0, R=1030, W=1000, U=0, E=0)
2024-07-24 18:53:31.846 INFO  <Transformacion FACT_Registro_Contrato - Ordenar filas nro_contrato> [C:\Users\niebl\OneDrive\Escritorio\Semestre\Inteligecia de Negocio\Proyecto Fase 2\BIProyecto\proyectobi(FINAL)\Job_dim_fact.kjb  C:\proyectobi\ETLfact_Registro_Contrato.ktr]  Procesamiento finalizado (I=0, O=0, R=1000, W=1000, U=0, E=0)
2024-07-24 18:53:32.154 INFO  <Transformacion FACT_Registro_Contrato - Unión por clave nro_contrato> [C:\Users\niebl\OneDrive\Escritorio\Semestre\Inteligecia de Negocio\Proyecto Fase 2\BIProyecto\proyectobi(FINAL)\Job_dim_fact.kjb  C:\proyectobi\ETLfact_Registro_Contrato.ktr]  Procesamiento finalizado (I=0, O=0, R=2000, W=1000, U=0, E=0)
2024-07-24 18:53:32.172 INFO  <Transformacion FACT_Registro_Contrato - Ordenar filas estado_contrato> [C:\Users\niebl\OneDrive\Escritorio\Semestre\Inteligecia de Negocio\Proyecto Fase 2\BIProyecto\proyectobi(FINAL)\Job_dim_fact.kjb  C:\proyectobi\ETLfact_Registro_Contrato.ktr]  Procesamiento finalizado (I=0, O=0, R=1000, W=1000, U=0, E=0)
2024-07-24 18:53:32.482 INFO  <Transformacion FACT_Registro_Contrato - Unión por clave estado_contrato> [C:\Users\niebl\OneDrive\Escritorio\Semestre\Inteligecia de Negocio\Proyecto Fase 2\BIProyecto\proyectobi(FINAL)\Job_dim_fact.kjb  C:\proyectobi\ETLfact_Registro_Contrato.ktr]  Procesamiento finalizado (I=0, O=0, R=1003, W=1000, U=0, E=0)
2024-07-24 18:53:32.489 INFO  <Transformacion FACT_Registro_Contrato - Ordenar filas fecha inicio> [C:\Users\niebl\OneDrive\Escritorio\Semestre\Inteligecia de Negocio\Proyecto Fase 2\BIProyecto\proyectobi(FINAL)\Job_dim_fact.kjb  C:\proyectobi\ETLfact_Registro_Contrato.ktr]  Procesamiento finalizado (I=0, O=0, R=1000, W=1000, U=0, E=0)
2024-07-24 18:53:32.496 INFO  <Transformacion FACT_Registro_Contrato - Ordenar filas dim_tiempo> [C:\Users\niebl\OneDrive\Escritorio\Semestre\Inteligecia de Negocio\Proyecto Fase 2\BIProyecto\proyectobi(FINAL)\Job_dim_fact.kjb  C:\proyectobi\ETLfact_Registro_Contrato.ktr]  Procesamiento finalizado (I=0, O=0, R=14976, W=14976, U=0, E=0)
2024-07-24 18:53:32.806 INFO  <Transformacion FACT_Registro_Contrato - Unión por clave fecha inicio> [C:\Users\niebl\OneDrive\Escritorio\Semestre\Inteligecia de Negocio\Proyecto Fase 2\BIProyecto\proyectobi(FINAL)\Job_dim_fact.kjb  C:\proyectobi\ETLfact_Registro_Contrato.ktr]  Procesamiento finalizado (I=0, O=0, R=15976, W=1000, U=0, E=0)
2024-07-24 18:53:32.829 INFO  <Transformacion FACT_Registro_Contrato - Ordenar filas fecha_fin> [C:\Users\niebl\OneDrive\Escritorio\Semestre\Inteligecia de Negocio\Proyecto Fase 2\BIProyecto\proyectobi(FINAL)\Job_dim_fact.kjb  C:\proyectobi\ETLfact_Registro_Contrato.ktr]  Procesamiento finalizado (I=0, O=0, R=1000, W=1000, U=0, E=0)
2024-07-24 18:53:32.836 INFO  <Transformacion FACT_Registro_Contrato - Ordenar filas dim_tiempo 2> [C:\Users\niebl\OneDrive\Escritorio\Semestre\Inteligecia de Negocio\Proyecto Fase 2\BIProyecto\proyectobi(FINAL)\Job_dim_fact.kjb  C:\proyectobi\ETLfact_Registro_Contrato.ktr]  Procesamiento finalizado (I=0, O=0, R=14976, W=14976, U=0, E=0)
2024-07-24 18:53:33.185 INFO  <Transformacion FACT_Registro_Contrato - Unión por clave fecha fin> [C:\Users\niebl\OneDrive\Escritorio\Semestre\Inteligecia de Negocio\Proyecto Fase 2\BIProyecto\proyectobi(FINAL)\Job_dim_fact.kjb  C:\proyectobi\ETLfact_Registro_Contrato.ktr]  Procesamiento finalizado (I=0, O=0, R=15976, W=1000, U=0, E=0)
2024-07-24 18:53:33.192 INFO  <Transformacion FACT_Registro_Contrato - Añadir secuencia utilidad> [C:\Users\niebl\OneDrive\Escritorio\Semestre\Inteligecia de Negocio\Proyecto Fase 2\BIProyecto\proyectobi(FINAL)\Job_dim_fact.kjb  C:\proyectobi\ETLfact_Registro_Contrato.ktr]  Procesamiento finalizado (I=0, O=0, R=1000, W=1000, U=0, E=0)
2024-07-24 18:53:33.252 INFO  <Transformacion FACT_Registro_Contrato - Salida Tabla> [C:\Users\niebl\OneDrive\Escritorio\Semestre\Inteligecia de Negocio\Proyecto Fase 2\BIProyecto\proyectobi(FINAL)\Job_dim_fact.kjb  C:\proyectobi\ETLfact_Registro_Contrato.ktr]  Procesamiento finalizado (I=0, O=1000, R=1000, W=1000, U=0, E=0)
2024-07-24 18:53:33.254 INFO  <Thread-865> [C:\Users\niebl\OneDrive\Escritorio\Semestre\Inteligecia de Negocio\Proyecto Fase 2\BIProyecto\proyectobi(FINAL)\Job_dim_fact.kjb]  Starting entry [ETL fact_reg_siniestro]
2024-07-24 18:53:33.306 INFO  <Thread-865> [C:\Users\niebl\OneDrive\Escritorio\Semestre\Inteligecia de Negocio\Proyecto Fase 2\BIProyecto\proyectobi(FINAL)\Job_dim_fact.kjb]  Using run configuration [Pentaho local]
2024-07-24 18:53:33.307 INFO  <Thread-865> [C:\Users\niebl\OneDrive\Escritorio\Semestre\Inteligecia de Negocio\Proyecto Fase 2\BIProyecto\proyectobi(FINAL)\Job_dim_fact.kjb  C:\proyectobi\ETLfact_Registro_Siniestro.ktr]  Iniciado despacho de la transformaci?n [Transformacion Fact_Registro_Siniestro]
2024-07-24 18:53:33.538 INFO  <init of Salida Tabla Fact_Registro_Siniestro.0 (Thread-1101)> [C:\Users\niebl\OneDrive\Escritorio\Semestre\Inteligecia de Negocio\Proyecto Fase 2\BIProyecto\proyectobi(FINAL)\Job_dim_fact.kjb  C:\proyectobi\ETLfact_Registro_Siniestro.ktr]  Connected to database [Postgres] (commit=1000)
2024-07-24 18:53:33.560 INFO  <Transformacion Fact_Registro_Siniestro - Entrada Tabla dim sucursal> [C:\Users\niebl\OneDrive\Escritorio\Semestre\Inteligecia de Negocio\Proyecto Fase 2\BIProyecto\proyectobi(FINAL)\Job_dim_fact.kjb  C:\proyectobi\ETLfact_Registro_Siniestro.ktr]  Finished reading query, closing connection
2024-07-24 18:53:33.562 INFO  <Transformacion Fact_Registro_Siniestro - Entrada Tabla dim_cliente> [C:\Users\niebl\OneDrive\Escritorio\Semestre\Inteligecia de Negocio\Proyecto Fase 2\BIProyecto\proyectobi(FINAL)\Job_dim_fact.kjb  C:\proyectobi\ETLfact_Registro_Siniestro.ktr]  Finished reading query, closing connection
2024-07-24 18:53:33.585 INFO  <Transformacion Fact_Registro_Siniestro - Entrada Tabla dim_producto> [C:\Users\niebl\OneDrive\Escritorio\Semestre\Inteligecia de Negocio\Proyecto Fase 2\BIProyecto\proyectobi(FINAL)\Job_dim_fact.kjb  C:\proyectobi\ETLfact_Registro_Siniestro.ktr]  Finished reading query, closing connection
2024-07-24 18:53:33.586 INFO  <Transformacion Fact_Registro_Siniestro - Entrada Tabla dim_siniestro> [C:\Users\niebl\OneDrive\Escritorio\Semestre\Inteligecia de Negocio\Proyecto Fase 2\BIProyecto\proyectobi(FINAL)\Job_dim_fact.kjb  C:\proyectobi\ETLfact_Registro_Siniestro.ktr]  Finished reading query, closing connection
2024-07-24 18:53:33.586 INFO  <Transformacion Fact_Registro_Siniestro - Entrada Tabla cliente> [C:\Users\niebl\OneDrive\Escritorio\Semestre\Inteligecia de Negocio\Proyecto Fase 2\BIProyecto\proyectobi(FINAL)\Job_dim_fact.kjb  C:\proyectobi\ETLfact_Registro_Siniestro.ktr]  Finished reading query, closing connection
2024-07-24 18:53:33.586 INFO  <Transformacion Fact_Registro_Siniestro - Entrada Tabla dim_producto> [C:\Users\niebl\OneDrive\Escritorio\Semestre\Inteligecia de Negocio\Proyecto Fase 2\BIProyecto\proyectobi(FINAL)\Job_dim_fact.kjb  C:\proyectobi\ETLfact_Registro_Siniestro.ktr]  Procesamiento finalizado (I=30, O=0, R=0, W=30, U=0, E=0)
2024-07-24 18:53:33.587 INFO  <Transformacion Fact_Registro_Siniestro - Entrada Tabla dim sucursal> [C:\Users\niebl\OneDrive\Escritorio\Semestre\Inteligecia de Negocio\Proyecto Fase 2\BIProyecto\proyectobi(FINAL)\Job_dim_fact.kjb  C:\proyectobi\ETLfact_Registro_Siniestro.ktr]  Procesamiento finalizado (I=30, O=0, R=0, W=30, U=0, E=0)
2024-07-24 18:53:33.590 INFO  <Transformacion Fact_Registro_Siniestro - Ordenar filas sucursal 2> [C:\Users\niebl\OneDrive\Escritorio\Semestre\Inteligecia de Negocio\Proyecto Fase 2\BIProyecto\proyectobi(FINAL)\Job_dim_fact.kjb  C:\proyectobi\ETLfact_Registro_Siniestro.ktr]  Procesamiento finalizado (I=0, O=0, R=30, W=30, U=0, E=0)
2024-07-24 18:53:33.590 INFO  <Transformacion Fact_Registro_Siniestro - Entrada Tabla dim_cliente> [C:\Users\niebl\OneDrive\Escritorio\Semestre\Inteligecia de Negocio\Proyecto Fase 2\BIProyecto\proyectobi(FINAL)\Job_dim_fact.kjb  C:\proyectobi\ETLfact_Registro_Siniestro.ktr]  Procesamiento finalizado (I=300, O=0, R=0, W=300, U=0, E=0)
2024-07-24 18:53:33.590 INFO  <Transformacion Fact_Registro_Siniestro - Entrada Tabla dim_contrato> [C:\Users\niebl\OneDrive\Escritorio\Semestre\Inteligecia de Negocio\Proyecto Fase 2\BIProyecto\proyectobi(FINAL)\Job_dim_fact.kjb  C:\proyectobi\ETLfact_Registro_Siniestro.ktr]  Finished reading query, closing connection
2024-07-24 18:53:33.591 INFO  <Transformacion Fact_Registro_Siniestro - Entrada Tabla Registro Contrato> [C:\Users\niebl\OneDrive\Escritorio\Semestre\Inteligecia de Negocio\Proyecto Fase 2\BIProyecto\proyectobi(FINAL)\Job_dim_fact.kjb  C:\proyectobi\ETLfact_Registro_Siniestro.ktr]  Finished reading query, closing connection
2024-07-24 18:53:33.591 INFO  <Transformacion Fact_Registro_Siniestro - Entrada Tabla dim_siniestro> [C:\Users\niebl\OneDrive\Escritorio\Semestre\Inteligecia de Negocio\Proyecto Fase 2\BIProyecto\proyectobi(FINAL)\Job_dim_fact.kjb  C:\proyectobi\ETLfact_Registro_Siniestro.ktr]  Procesamiento finalizado (I=20, O=0, R=0, W=20, U=0, E=0)
2024-07-24 18:53:33.591 INFO  <Transformacion Fact_Registro_Siniestro - Entrada Tabla Fact_Registro_Siniestro> [C:\Users\niebl\OneDrive\Escritorio\Semestre\Inteligecia de Negocio\Proyecto Fase 2\BIProyecto\proyectobi(FINAL)\Job_dim_fact.kjb  C:\proyectobi\ETLfact_Registro_Siniestro.ktr]  Finished reading query, closing connection
2024-07-24 18:53:33.591 INFO  <Transformacion Fact_Registro_Siniestro - Entrada Tabla cliente> [C:\Users\niebl\OneDrive\Escritorio\Semestre\Inteligecia de Negocio\Proyecto Fase 2\BIProyecto\proyectobi(FINAL)\Job_dim_fact.kjb  C:\proyectobi\ETLfact_Registro_Siniestro.ktr]  Procesamiento finalizado (I=300, O=0, R=0, W=300, U=0, E=0)
2024-07-24 18:53:33.591 INFO  <Transformacion Fact_Registro_Siniestro - Ordenar filas nro_siniestro> [C:\Users\niebl\OneDrive\Escritorio\Semestre\Inteligecia de Negocio\Proyecto Fase 2\BIProyecto\proyectobi(FINAL)\Job_dim_fact.kjb  C:\proyectobi\ETLfact_Registro_Siniestro.ktr]  Procesamiento finalizado (I=0, O=0, R=20, W=20, U=0, E=0)
2024-07-24 18:53:33.592 INFO  <Transformacion Fact_Registro_Siniestro - Ordenar filas codigo cliente 2> [C:\Users\niebl\OneDrive\Escritorio\Semestre\Inteligecia de Negocio\Proyecto Fase 2\BIProyecto\proyectobi(FINAL)\Job_dim_fact.kjb  C:\proyectobi\ETLfact_Registro_Siniestro.ktr]  Procesamiento finalizado (I=0, O=0, R=300, W=300, U=0, E=0)
2024-07-24 18:53:33.592 INFO  <Transformacion Fact_Registro_Siniestro - Ordenar filas producto 2> [C:\Users\niebl\OneDrive\Escritorio\Semestre\Inteligecia de Negocio\Proyecto Fase 2\BIProyecto\proyectobi(FINAL)\Job_dim_fact.kjb  C:\proyectobi\ETLfact_Registro_Siniestro.ktr]  Procesamiento finalizado (I=0, O=0, R=30, W=30, U=0, E=0)
2024-07-24 18:53:33.592 INFO  <Transformacion Fact_Registro_Siniestro - Entrada Tabla dim_contrato> [C:\Users\niebl\OneDrive\Escritorio\Semestre\Inteligecia de Negocio\Proyecto Fase 2\BIProyecto\proyectobi(FINAL)\Job_dim_fact.kjb  C:\proyectobi\ETLfact_Registro_Siniestro.ktr]  Procesamiento finalizado (I=1000, O=0, R=0, W=1000, U=0, E=0)
2024-07-24 18:53:33.592 INFO  <Transformacion Fact_Registro_Siniestro - Entrada Tabla Registro Contrato> [C:\Users\niebl\OneDrive\Escritorio\Semestre\Inteligecia de Negocio\Proyecto Fase 2\BIProyecto\proyectobi(FINAL)\Job_dim_fact.kjb  C:\proyectobi\ETLfact_Registro_Siniestro.ktr]  Procesamiento finalizado (I=1000, O=0, R=0, W=1000, U=0, E=0)
2024-07-24 18:53:33.593 INFO  <Transformacion Fact_Registro_Siniestro - Ordenar filas codigo cliente> [C:\Users\niebl\OneDrive\Escritorio\Semestre\Inteligecia de Negocio\Proyecto Fase 2\BIProyecto\proyectobi(FINAL)\Job_dim_fact.kjb  C:\proyectobi\ETLfact_Registro_Siniestro.ktr]  Procesamiento finalizado (I=0, O=0, R=300, W=300, U=0, E=0)
2024-07-24 18:53:33.595 INFO  <Transformacion Fact_Registro_Siniestro - Entrada Tabla Fact_Registro_Siniestro> [C:\Users\niebl\OneDrive\Escritorio\Semestre\Inteligecia de Negocio\Proyecto Fase 2\BIProyecto\proyectobi(FINAL)\Job_dim_fact.kjb  C:\proyectobi\ETLfact_Registro_Siniestro.ktr]  Procesamiento finalizado (I=1000, O=0, R=0, W=1000, U=0, E=0)
2024-07-24 18:53:33.601 INFO  <Transformacion Fact_Registro_Siniestro - Ordenar filas nro_contrato> [C:\Users\niebl\OneDrive\Escritorio\Semestre\Inteligecia de Negocio\Proyecto Fase 2\BIProyecto\proyectobi(FINAL)\Job_dim_fact.kjb  C:\proyectobi\ETLfact_Registro_Siniestro.ktr]  Procesamiento finalizado (I=0, O=0, R=1000, W=1000, U=0, E=0)
2024-07-24 18:53:33.604 INFO  <Transformacion Fact_Registro_Siniestro - Ordenar filas cliente> [C:\Users\niebl\OneDrive\Escritorio\Semestre\Inteligecia de Negocio\Proyecto Fase 2\BIProyecto\proyectobi(FINAL)\Job_dim_fact.kjb  C:\proyectobi\ETLfact_Registro_Siniestro.ktr]  Procesamiento finalizado (I=0, O=0, R=1000, W=1000, U=0, E=0)
2024-07-24 18:53:33.605 INFO  <Transformacion Fact_Registro_Siniestro - Ordenar filas siniestro> [C:\Users\niebl\OneDrive\Escritorio\Semestre\Inteligecia de Negocio\Proyecto Fase 2\BIProyecto\proyectobi(FINAL)\Job_dim_fact.kjb  C:\proyectobi\ETLfact_Registro_Siniestro.ktr]  Procesamiento finalizado (I=0, O=0, R=1000, W=1000, U=0, E=0)
2024-07-24 18:53:33.659 INFO  <Transformacion Fact_Registro_Siniestro - Entrada Tabla fechas> [C:\Users\niebl\OneDrive\Escritorio\Semestre\Inteligecia de Negocio\Proyecto Fase 2\BIProyecto\proyectobi(FINAL)\Job_dim_fact.kjb  C:\proyectobi\ETLfact_Registro_Siniestro.ktr]  Finished reading query, closing connection
2024-07-24 18:53:33.659 INFO  <Transformacion Fact_Registro_Siniestro - Entrada Tabla fechas> [C:\Users\niebl\OneDrive\Escritorio\Semestre\Inteligecia de Negocio\Proyecto Fase 2\BIProyecto\proyectobi(FINAL)\Job_dim_fact.kjb  C:\proyectobi\ETLfact_Registro_Siniestro.ktr]  Procesamiento finalizado (I=14976, O=0, R=0, W=29952, U=0, E=0)
2024-07-24 18:53:33.898 INFO  <Transformacion Fact_Registro_Siniestro - Unión por clave codigo cliente> [C:\Users\niebl\OneDrive\Escritorio\Semestre\Inteligecia de Negocio\Proyecto Fase 2\BIProyecto\proyectobi(FINAL)\Job_dim_fact.kjb  C:\proyectobi\ETLfact_Registro_Siniestro.ktr]  Procesamiento finalizado (I=0, O=0, R=600, W=300, U=0, E=0)
2024-07-24 18:53:33.904 INFO  <Transformacion Fact_Registro_Siniestro - Ordenar filas sucursal> [C:\Users\niebl\OneDrive\Escritorio\Semestre\Inteligecia de Negocio\Proyecto Fase 2\BIProyecto\proyectobi(FINAL)\Job_dim_fact.kjb  C:\proyectobi\ETLfact_Registro_Siniestro.ktr]  Procesamiento finalizado (I=0, O=0, R=300, W=300, U=0, E=0)
2024-07-24 18:53:33.909 INFO  <Transformacion Fact_Registro_Siniestro - Unión por clave sinistro> [C:\Users\niebl\OneDrive\Escritorio\Semestre\Inteligecia de Negocio\Proyecto Fase 2\BIProyecto\proyectobi(FINAL)\Job_dim_fact.kjb  C:\proyectobi\ETLfact_Registro_Siniestro.ktr]  Procesamiento finalizado (I=0, O=0, R=1020, W=1000, U=0, E=0)
2024-07-24 18:53:33.916 INFO  <Transformacion Fact_Registro_Siniestro - Ordenar filas contrato> [C:\Users\niebl\OneDrive\Escritorio\Semestre\Inteligecia de Negocio\Proyecto Fase 2\BIProyecto\proyectobi(FINAL)\Job_dim_fact.kjb  C:\proyectobi\ETLfact_Registro_Siniestro.ktr]  Procesamiento finalizado (I=0, O=0, R=1000, W=1000, U=0, E=0)
2024-07-24 18:53:34.217 INFO  <Transformacion Fact_Registro_Siniestro - Unión por clave sucursal> [C:\Users\niebl\OneDrive\Escritorio\Semestre\Inteligecia de Negocio\Proyecto Fase 2\BIProyecto\proyectobi(FINAL)\Job_dim_fact.kjb  C:\proyectobi\ETLfact_Registro_Siniestro.ktr]  Procesamiento finalizado (I=0, O=0, R=330, W=300, U=0, E=0)
2024-07-24 18:53:34.222 INFO  <Transformacion Fact_Registro_Siniestro - Unión por clave contrato> [C:\Users\niebl\OneDrive\Escritorio\Semestre\Inteligecia de Negocio\Proyecto Fase 2\BIProyecto\proyectobi(FINAL)\Job_dim_fact.kjb  C:\proyectobi\ETLfact_Registro_Siniestro.ktr]  Procesamiento finalizado (I=0, O=0, R=2000, W=1000, U=0, E=0)
2024-07-24 18:53:34.232 INFO  <Transformacion Fact_Registro_Siniestro - Ordenar filas cliente 2> [C:\Users\niebl\OneDrive\Escritorio\Semestre\Inteligecia de Negocio\Proyecto Fase 2\BIProyecto\proyectobi(FINAL)\Job_dim_fact.kjb  C:\proyectobi\ETLfact_Registro_Siniestro.ktr]  Procesamiento finalizado (I=0, O=0, R=300, W=300, U=0, E=0)
2024-07-24 18:53:34.233 INFO  <Transformacion Fact_Registro_Siniestro - Ordenar filas contrato 2> [C:\Users\niebl\OneDrive\Escritorio\Semestre\Inteligecia de Negocio\Proyecto Fase 2\BIProyecto\proyectobi(FINAL)\Job_dim_fact.kjb  C:\proyectobi\ETLfact_Registro_Siniestro.ktr]  Procesamiento finalizado (I=0, O=0, R=1000, W=1000, U=0, E=0)
2024-07-24 18:53:34.550 INFO  <Transformacion Fact_Registro_Siniestro - Unión por clave cliente> [C:\Users\niebl\OneDrive\Escritorio\Semestre\Inteligecia de Negocio\Proyecto Fase 2\BIProyecto\proyectobi(FINAL)\Job_dim_fact.kjb  C:\proyectobi\ETLfact_Registro_Siniestro.ktr]  Procesamiento finalizado (I=0, O=0, R=1300, W=39, U=0, E=0)
2024-07-24 18:53:34.568 INFO  <Transformacion Fact_Registro_Siniestro - Ordenar filas producto> [C:\Users\niebl\OneDrive\Escritorio\Semestre\Inteligecia de Negocio\Proyecto Fase 2\BIProyecto\proyectobi(FINAL)\Job_dim_fact.kjb  C:\proyectobi\ETLfact_Registro_Siniestro.ktr]  Procesamiento finalizado (I=0, O=0, R=39, W=39, U=0, E=0)
2024-07-24 18:53:34.872 INFO  <Transformacion Fact_Registro_Siniestro - Unión por clave producto> [C:\Users\niebl\OneDrive\Escritorio\Semestre\Inteligecia de Negocio\Proyecto Fase 2\BIProyecto\proyectobi(FINAL)\Job_dim_fact.kjb  C:\proyectobi\ETLfact_Registro_Siniestro.ktr]  Procesamiento finalizado (I=0, O=0, R=69, W=39, U=0, E=0)
2024-07-24 18:53:34.877 INFO  <Transformacion Fact_Registro_Siniestro - Ordenar filas contrato 3> [C:\Users\niebl\OneDrive\Escritorio\Semestre\Inteligecia de Negocio\Proyecto Fase 2\BIProyecto\proyectobi(FINAL)\Job_dim_fact.kjb  C:\proyectobi\ETLfact_Registro_Siniestro.ktr]  Procesamiento finalizado (I=0, O=0, R=39, W=39, U=0, E=0)
2024-07-24 18:53:35.184 INFO  <Transformacion Fact_Registro_Siniestro - Unión por clave contrato 2> [C:\Users\niebl\OneDrive\Escritorio\Semestre\Inteligecia de Negocio\Proyecto Fase 2\BIProyecto\proyectobi(FINAL)\Job_dim_fact.kjb  C:\proyectobi\ETLfact_Registro_Siniestro.ktr]  Procesamiento finalizado (I=0, O=0, R=1039, W=39, U=0, E=0)
2024-07-24 18:53:35.185 INFO  <Transformacion Fact_Registro_Siniestro - Ordenar filas fecha_siniestro> [C:\Users\niebl\OneDrive\Escritorio\Semestre\Inteligecia de Negocio\Proyecto Fase 2\BIProyecto\proyectobi(FINAL)\Job_dim_fact.kjb  C:\proyectobi\ETLfact_Registro_Siniestro.ktr]  Procesamiento finalizado (I=0, O=0, R=39, W=39, U=0, E=0)
2024-07-24 18:53:35.192 INFO  <Transformacion Fact_Registro_Siniestro - Ordenar filas fecha completa> [C:\Users\niebl\OneDrive\Escritorio\Semestre\Inteligecia de Negocio\Proyecto Fase 2\BIProyecto\proyectobi(FINAL)\Job_dim_fact.kjb  C:\proyectobi\ETLfact_Registro_Siniestro.ktr]  Procesamiento finalizado (I=0, O=0, R=14976, W=14976, U=0, E=0)
2024-07-24 18:53:35.515 INFO  <Transformacion Fact_Registro_Siniestro - Unión por clave fecha_siniestro> [C:\Users\niebl\OneDrive\Escritorio\Semestre\Inteligecia de Negocio\Proyecto Fase 2\BIProyecto\proyectobi(FINAL)\Job_dim_fact.kjb  C:\proyectobi\ETLfact_Registro_Siniestro.ktr]  Procesamiento finalizado (I=0, O=0, R=15015, W=39, U=0, E=0)
2024-07-24 18:53:35.531 INFO  <Transformacion Fact_Registro_Siniestro - Ordenar filas fecha_respuesta> [C:\Users\niebl\OneDrive\Escritorio\Semestre\Inteligecia de Negocio\Proyecto Fase 2\BIProyecto\proyectobi(FINAL)\Job_dim_fact.kjb  C:\proyectobi\ETLfact_Registro_Siniestro.ktr]  Procesamiento finalizado (I=0, O=0, R=39, W=39, U=0, E=0)
2024-07-24 18:53:35.535 INFO  <Transformacion Fact_Registro_Siniestro - Ordenar filas fecha completa 2> [C:\Users\niebl\OneDrive\Escritorio\Semestre\Inteligecia de Negocio\Proyecto Fase 2\BIProyecto\proyectobi(FINAL)\Job_dim_fact.kjb  C:\proyectobi\ETLfact_Registro_Siniestro.ktr]  Procesamiento finalizado (I=0, O=0, R=14976, W=14976, U=0, E=0)
2024-07-24 18:53:35.874 INFO  <Transformacion Fact_Registro_Siniestro - Unión por clave fecha respuesta> [C:\Users\niebl\OneDrive\Escritorio\Semestre\Inteligecia de Negocio\Proyecto Fase 2\BIProyecto\proyectobi(FINAL)\Job_dim_fact.kjb  C:\proyectobi\ETLfact_Registro_Siniestro.ktr]  Procesamiento finalizado (I=0, O=0, R=15015, W=39, U=0, E=0)
2024-07-24 18:53:35.883 INFO  <Transformacion Fact_Registro_Siniestro - Añadir secuencia cantidad> [C:\Users\niebl\OneDrive\Escritorio\Semestre\Inteligecia de Negocio\Proyecto Fase 2\BIProyecto\proyectobi(FINAL)\Job_dim_fact.kjb  C:\proyectobi\ETLfact_Registro_Siniestro.ktr]  Procesamiento finalizado (I=0, O=0, R=39, W=39, U=0, E=0)
2024-07-24 18:53:35.887 INFO  <Transformacion Fact_Registro_Siniestro - Formula> [C:\Users\niebl\OneDrive\Escritorio\Semestre\Inteligecia de Negocio\Proyecto Fase 2\BIProyecto\proyectobi(FINAL)\Job_dim_fact.kjb  C:\proyectobi\ETLfact_Registro_Siniestro.ktr]  Procesamiento finalizado (I=0, O=0, R=39, W=39, U=0, E=0)
2024-07-24 18:53:35.913 INFO  <Transformacion Fact_Registro_Siniestro - Salida Tabla Fact_Registro_Siniestro> [C:\Users\niebl\OneDrive\Escritorio\Semestre\Inteligecia de Negocio\Proyecto Fase 2\BIProyecto\proyectobi(FINAL)\Job_dim_fact.kjb  C:\proyectobi\ETLfact_Registro_Siniestro.ktr]  Procesamiento finalizado (I=0, O=39, R=39, W=39, U=0, E=0)
2024-07-24 18:53:35.915 INFO  <Thread-865> [C:\Users\niebl\OneDrive\Escritorio\Semestre\Inteligecia de Negocio\Proyecto Fase 2\BIProyecto\proyectobi(FINAL)\Job_dim_fact.kjb]  Starting entry [ETL fact_eval_servicio]
2024-07-24 18:53:35.944 INFO  <Thread-865> [C:\Users\niebl\OneDrive\Escritorio\Semestre\Inteligecia de Negocio\Proyecto Fase 2\BIProyecto\proyectobi(FINAL)\Job_dim_fact.kjb]  Using run configuration [Pentaho local]
2024-07-24 18:53:35.944 INFO  <Thread-865> [C:\Users\niebl\OneDrive\Escritorio\Semestre\Inteligecia de Negocio\Proyecto Fase 2\BIProyecto\proyectobi(FINAL)\Job_dim_fact.kjb  C:\proyectobi\ETLfact_Evaluacion_Servicio.ktr]  Iniciado despacho de la transformaci?n [Transformacion Fact_Evaluacion_Servicio]
2024-07-24 18:53:36.105 INFO  <init of Salida Tabla.0 (Thread-1160)> [C:\Users\niebl\OneDrive\Escritorio\Semestre\Inteligecia de Negocio\Proyecto Fase 2\BIProyecto\proyectobi(FINAL)\Job_dim_fact.kjb  C:\proyectobi\ETLfact_Evaluacion_Servicio.ktr]  Connected to database [Postgres] (commit=1000)
2024-07-24 18:53:36.119 INFO  <Transformacion Fact_Evaluacion_Servicio - Entrada Tabla dim producto> [C:\Users\niebl\OneDrive\Escritorio\Semestre\Inteligecia de Negocio\Proyecto Fase 2\BIProyecto\proyectobi(FINAL)\Job_dim_fact.kjb  C:\proyectobi\ETLfact_Evaluacion_Servicio.ktr]  Finished reading query, closing connection
2024-07-24 18:53:36.119 INFO  <Transformacion Fact_Evaluacion_Servicio - Entrada Tabla dim evaluacion servicio> [C:\Users\niebl\OneDrive\Escritorio\Semestre\Inteligecia de Negocio\Proyecto Fase 2\BIProyecto\proyectobi(FINAL)\Job_dim_fact.kjb  C:\proyectobi\ETLfact_Evaluacion_Servicio.ktr]  Finished reading query, closing connection
2024-07-24 18:53:36.120 INFO  <Transformacion Fact_Evaluacion_Servicio - Entrada Tabla dim producto> [C:\Users\niebl\OneDrive\Escritorio\Semestre\Inteligecia de Negocio\Proyecto Fase 2\BIProyecto\proyectobi(FINAL)\Job_dim_fact.kjb  C:\proyectobi\ETLfact_Evaluacion_Servicio.ktr]  Procesamiento finalizado (I=30, O=0, R=0, W=30, U=0, E=0)
2024-07-24 18:53:36.120 INFO  <Transformacion Fact_Evaluacion_Servicio - Entrada Tabla dim evaluacion servicio> [C:\Users\niebl\OneDrive\Escritorio\Semestre\Inteligecia de Negocio\Proyecto Fase 2\BIProyecto\proyectobi(FINAL)\Job_dim_fact.kjb  C:\proyectobi\ETLfact_Evaluacion_Servicio.ktr]  Procesamiento finalizado (I=6, O=0, R=0, W=6, U=0, E=0)
2024-07-24 18:53:36.122 INFO  <Transformacion Fact_Evaluacion_Servicio - Entrada Tabla dim cliente> [C:\Users\niebl\OneDrive\Escritorio\Semestre\Inteligecia de Negocio\Proyecto Fase 2\BIProyecto\proyectobi(FINAL)\Job_dim_fact.kjb  C:\proyectobi\ETLfact_Evaluacion_Servicio.ktr]  Finished reading query, closing connection
2024-07-24 18:53:36.123 INFO  <Transformacion Fact_Evaluacion_Servicio - Entrada Tabla dim cliente> [C:\Users\niebl\OneDrive\Escritorio\Semestre\Inteligecia de Negocio\Proyecto Fase 2\BIProyecto\proyectobi(FINAL)\Job_dim_fact.kjb  C:\proyectobi\ETLfact_Evaluacion_Servicio.ktr]  Procesamiento finalizado (I=300, O=0, R=0, W=300, U=0, E=0)
2024-07-24 18:53:36.123 INFO  <Transformacion Fact_Evaluacion_Servicio - Ordenar filas 2 evaluacion servicio> [C:\Users\niebl\OneDrive\Escritorio\Semestre\Inteligecia de Negocio\Proyecto Fase 2\BIProyecto\proyectobi(FINAL)\Job_dim_fact.kjb  C:\proyectobi\ETLfact_Evaluacion_Servicio.ktr]  Procesamiento finalizado (I=0, O=0, R=6, W=6, U=0, E=0)
2024-07-24 18:53:36.124 INFO  <Transformacion Fact_Evaluacion_Servicio - Entrada Tabla recomienda> [C:\Users\niebl\OneDrive\Escritorio\Semestre\Inteligecia de Negocio\Proyecto Fase 2\BIProyecto\proyectobi(FINAL)\Job_dim_fact.kjb  C:\proyectobi\ETLfact_Evaluacion_Servicio.ktr]  Finished reading query, closing connection
2024-07-24 18:53:36.125 INFO  <Transformacion Fact_Evaluacion_Servicio - Ordenar filas cod_producto> [C:\Users\niebl\OneDrive\Escritorio\Semestre\Inteligecia de Negocio\Proyecto Fase 2\BIProyecto\proyectobi(FINAL)\Job_dim_fact.kjb  C:\proyectobi\ETLfact_Evaluacion_Servicio.ktr]  Procesamiento finalizado (I=0, O=0, R=30, W=30, U=0, E=0)
2024-07-24 18:53:36.125 INFO  <Transformacion Fact_Evaluacion_Servicio - Entrada Tabla recomienda> [C:\Users\niebl\OneDrive\Escritorio\Semestre\Inteligecia de Negocio\Proyecto Fase 2\BIProyecto\proyectobi(FINAL)\Job_dim_fact.kjb  C:\proyectobi\ETLfact_Evaluacion_Servicio.ktr]  Procesamiento finalizado (I=500, O=0, R=0, W=500, U=0, E=0)
2024-07-24 18:53:36.125 INFO  <Transformacion Fact_Evaluacion_Servicio - Ordenar filas cod_cliente> [C:\Users\niebl\OneDrive\Escritorio\Semestre\Inteligecia de Negocio\Proyecto Fase 2\BIProyecto\proyectobi(FINAL)\Job_dim_fact.kjb  C:\proyectobi\ETLfact_Evaluacion_Servicio.ktr]  Procesamiento finalizado (I=0, O=0, R=300, W=300, U=0, E=0)
2024-07-24 18:53:36.130 INFO  <Transformacion Fact_Evaluacion_Servicio - Ordenar filas codigo producto> [C:\Users\niebl\OneDrive\Escritorio\Semestre\Inteligecia de Negocio\Proyecto Fase 2\BIProyecto\proyectobi(FINAL)\Job_dim_fact.kjb  C:\proyectobi\ETLfact_Evaluacion_Servicio.ktr]  Procesamiento finalizado (I=0, O=0, R=500, W=500, U=0, E=0)
2024-07-24 18:53:36.183 INFO  <Transformacion Fact_Evaluacion_Servicio - Entrada Tabla dim_tiempo> [C:\Users\niebl\OneDrive\Escritorio\Semestre\Inteligecia de Negocio\Proyecto Fase 2\BIProyecto\proyectobi(FINAL)\Job_dim_fact.kjb  C:\proyectobi\ETLfact_Evaluacion_Servicio.ktr]  Finished reading query, closing connection
2024-07-24 18:53:36.184 INFO  <Transformacion Fact_Evaluacion_Servicio - Entrada Tabla dim_tiempo> [C:\Users\niebl\OneDrive\Escritorio\Semestre\Inteligecia de Negocio\Proyecto Fase 2\BIProyecto\proyectobi(FINAL)\Job_dim_fact.kjb  C:\proyectobi\ETLfact_Evaluacion_Servicio.ktr]  Procesamiento finalizado (I=14976, O=0, R=0, W=14976, U=0, E=0)
2024-07-24 18:53:36.449 INFO  <Transformacion Fact_Evaluacion_Servicio - Unión por clave codigo pruducto> [C:\Users\niebl\OneDrive\Escritorio\Semestre\Inteligecia de Negocio\Proyecto Fase 2\BIProyecto\proyectobi(FINAL)\Job_dim_fact.kjb  C:\proyectobi\ETLfact_Evaluacion_Servicio.ktr]  Procesamiento finalizado (I=0, O=0, R=530, W=500, U=0, E=0)
2024-07-24 18:53:36.466 INFO  <Transformacion Fact_Evaluacion_Servicio - Ordenar filas codigo cliente> [C:\Users\niebl\OneDrive\Escritorio\Semestre\Inteligecia de Negocio\Proyecto Fase 2\BIProyecto\proyectobi(FINAL)\Job_dim_fact.kjb  C:\proyectobi\ETLfact_Evaluacion_Servicio.ktr]  Procesamiento finalizado (I=0, O=0, R=500, W=500, U=0, E=0)
2024-07-24 18:53:36.796 INFO  <Transformacion Fact_Evaluacion_Servicio - Unión por clave codigo cliente> [C:\Users\niebl\OneDrive\Escritorio\Semestre\Inteligecia de Negocio\Proyecto Fase 2\BIProyecto\proyectobi(FINAL)\Job_dim_fact.kjb  C:\proyectobi\ETLfact_Evaluacion_Servicio.ktr]  Procesamiento finalizado (I=0, O=0, R=800, W=500, U=0, E=0)
2024-07-24 18:53:36.812 INFO  <Transformacion Fact_Evaluacion_Servicio - Ordenar filas codigo evaluacion servicio> [C:\Users\niebl\OneDrive\Escritorio\Semestre\Inteligecia de Negocio\Proyecto Fase 2\BIProyecto\proyectobi(FINAL)\Job_dim_fact.kjb  C:\proyectobi\ETLfact_Evaluacion_Servicio.ktr]  Procesamiento finalizado (I=0, O=0, R=500, W=500, U=0, E=0)
2024-07-24 18:53:37.141 INFO  <Transformacion Fact_Evaluacion_Servicio - Unión por clave evaluacion servicio> [C:\Users\niebl\OneDrive\Escritorio\Semestre\Inteligecia de Negocio\Proyecto Fase 2\BIProyecto\proyectobi(FINAL)\Job_dim_fact.kjb  C:\proyectobi\ETLfact_Evaluacion_Servicio.ktr]  Procesamiento finalizado (I=0, O=0, R=506, W=500, U=0, E=0)
2024-07-24 18:53:37.159 INFO  <Transformacion Fact_Evaluacion_Servicio - Ordenar filas fecha_recomienda> [C:\Users\niebl\OneDrive\Escritorio\Semestre\Inteligecia de Negocio\Proyecto Fase 2\BIProyecto\proyectobi(FINAL)\Job_dim_fact.kjb  C:\proyectobi\ETLfact_Evaluacion_Servicio.ktr]  Procesamiento finalizado (I=0, O=0, R=500, W=500, U=0, E=0)
2024-07-24 18:53:37.166 INFO  <Transformacion Fact_Evaluacion_Servicio - Ordenar filas fecha completa> [C:\Users\niebl\OneDrive\Escritorio\Semestre\Inteligecia de Negocio\Proyecto Fase 2\BIProyecto\proyectobi(FINAL)\Job_dim_fact.kjb  C:\proyectobi\ETLfact_Evaluacion_Servicio.ktr]  Procesamiento finalizado (I=0, O=0, R=14976, W=14976, U=0, E=0)
2024-07-24 18:53:37.477 INFO  <Transformacion Fact_Evaluacion_Servicio - Unión por clave fecha> [C:\Users\niebl\OneDrive\Escritorio\Semestre\Inteligecia de Negocio\Proyecto Fase 2\BIProyecto\proyectobi(FINAL)\Job_dim_fact.kjb  C:\proyectobi\ETLfact_Evaluacion_Servicio.ktr]  Procesamiento finalizado (I=0, O=0, R=15476, W=500, U=0, E=0)
2024-07-24 18:53:37.479 INFO  <Transformacion Fact_Evaluacion_Servicio - Añadir secuencia cantidad> [C:\Users\niebl\OneDrive\Escritorio\Semestre\Inteligecia de Negocio\Proyecto Fase 2\BIProyecto\proyectobi(FINAL)\Job_dim_fact.kjb  C:\proyectobi\ETLfact_Evaluacion_Servicio.ktr]  Procesamiento finalizado (I=0, O=0, R=500, W=500, U=0, E=0)
2024-07-24 18:53:37.482 INFO  <Transformacion Fact_Evaluacion_Servicio - Formula> [C:\Users\niebl\OneDrive\Escritorio\Semestre\Inteligecia de Negocio\Proyecto Fase 2\BIProyecto\proyectobi(FINAL)\Job_dim_fact.kjb  C:\proyectobi\ETLfact_Evaluacion_Servicio.ktr]  Procesamiento finalizado (I=0, O=0, R=500, W=500, U=0, E=0)
2024-07-24 18:53:37.542 INFO  <Transformacion Fact_Evaluacion_Servicio - Salida Tabla> [C:\Users\niebl\OneDrive\Escritorio\Semestre\Inteligecia de Negocio\Proyecto Fase 2\BIProyecto\proyectobi(FINAL)\Job_dim_fact.kjb  C:\proyectobi\ETLfact_Evaluacion_Servicio.ktr]  Procesamiento finalizado (I=0, O=500, R=500, W=500, U=0, E=0)
2024-07-24 18:53:37.543 INFO  <Thread-865> [C:\Users\niebl\OneDrive\Escritorio\Semestre\Inteligecia de Negocio\Proyecto Fase 2\BIProyecto\proyectobi(FINAL)\Job_dim_fact.kjb]  Finished job entry [ETL fact_eval_servicio] (result=[true])
2024-07-24 18:53:37.544 INFO  <Thread-865> [C:\Users\niebl\OneDrive\Escritorio\Semestre\Inteligecia de Negocio\Proyecto Fase 2\BIProyecto\proyectobi(FINAL)\Job_dim_fact.kjb]  Finished job entry [ETL fact_reg_siniestro] (result=[true])
2024-07-24 18:53:37.544 INFO  <Thread-865> [C:\Users\niebl\OneDrive\Escritorio\Semestre\Inteligecia de Negocio\Proyecto Fase 2\BIProyecto\proyectobi(FINAL)\Job_dim_fact.kjb]  Finished job entry [ETL_fact_reg_contrato] (result=[true])
2024-07-24 18:53:37.544 INFO  <Thread-865> [C:\Users\niebl\OneDrive\Escritorio\Semestre\Inteligecia de Negocio\Proyecto Fase 2\BIProyecto\proyectobi(FINAL)\Job_dim_fact.kjb]  Finished job entry [ETL_fact_metas] (result=[true])
2024-07-24 18:53:37.544 INFO  <Thread-865> [C:\Users\niebl\OneDrive\Escritorio\Semestre\Inteligecia de Negocio\Proyecto Fase 2\BIProyecto\proyectobi(FINAL)\Job_dim_fact.kjb]  Finished job entry [ETL dim_siniestro] (result=[true])
2024-07-24 18:53:37.544 INFO  <Thread-865> [C:\Users\niebl\OneDrive\Escritorio\Semestre\Inteligecia de Negocio\Proyecto Fase 2\BIProyecto\proyectobi(FINAL)\Job_dim_fact.kjb]  Finished job entry [ETL dim_sucursal] (result=[true])
2024-07-24 18:53:37.545 INFO  <Thread-865> [C:\Users\niebl\OneDrive\Escritorio\Semestre\Inteligecia de Negocio\Proyecto Fase 2\BIProyecto\proyectobi(FINAL)\Job_dim_fact.kjb]  Finished job entry [ETL dim_estado_contrato] (result=[true])
2024-07-24 18:53:37.545 INFO  <Thread-865> [C:\Users\niebl\OneDrive\Escritorio\Semestre\Inteligecia de Negocio\Proyecto Fase 2\BIProyecto\proyectobi(FINAL)\Job_dim_fact.kjb]  Finished job entry [ELT dim_contrato] (result=[true])
2024-07-24 18:53:37.545 INFO  <Thread-865> [C:\Users\niebl\OneDrive\Escritorio\Semestre\Inteligecia de Negocio\Proyecto Fase 2\BIProyecto\proyectobi(FINAL)\Job_dim_fact.kjb]  Finished job entry [ETL dim_eval_servicio] (result=[true])
2024-07-24 18:53:37.545 INFO  <Thread-865> [C:\Users\niebl\OneDrive\Escritorio\Semestre\Inteligecia de Negocio\Proyecto Fase 2\BIProyecto\proyectobi(FINAL)\Job_dim_fact.kjb]  Finished job entry [ETL dim_cliente] (result=[true])
2024-07-24 18:53:37.546 INFO  <Thread-865> [C:\Users\niebl\OneDrive\Escritorio\Semestre\Inteligecia de Negocio\Proyecto Fase 2\BIProyecto\proyectobi(FINAL)\Job_dim_fact.kjb]  Finished job entry [ETL dim_producto] (result=[true])
2024-07-24 18:53:37.546 INFO  <Thread-865> [C:\Users\niebl\OneDrive\Escritorio\Semestre\Inteligecia de Negocio\Proyecto Fase 2\BIProyecto\proyectobi(FINAL)\Job_dim_fact.kjb]  Finished job entry [ETL dim_tiempo] (result=[true])
2024-07-24 18:53:37.546 WARN  <Thread-865> [C:\Users\niebl\OneDrive\Escritorio\Semestre\Inteligecia de Negocio\Proyecto Fase 2\BIProyecto\proyectobi(FINAL)\Job_dim_fact.kjb]  Job execution finished
2024-07-24 19:07:55.769 INFO  <Thread-1192> [C:\proyectobi\ETLfact_Registro_Siniestro.ktr]  Iniciado despacho de la transformaci?n [Transformacion Fact_Registro_Siniestro]
2024-07-24 19:07:56.177 INFO  <Transformacion Fact_Registro_Siniestro - Entrada Tabla dim_cliente> [C:\proyectobi\ETLfact_Registro_Siniestro.ktr]  Finished reading query, closing connection
2024-07-24 19:07:56.178 INFO  <Transformacion Fact_Registro_Siniestro - Entrada Tabla dim_cliente> [C:\proyectobi\ETLfact_Registro_Siniestro.ktr]  Procesamiento finalizado (I=300, O=0, R=0, W=300, U=0, E=0)
2024-07-24 19:07:56.181 INFO  <Transformacion Fact_Registro_Siniestro - Entrada Tabla dim_siniestro> [C:\proyectobi\ETLfact_Registro_Siniestro.ktr]  Finished reading query, closing connection
2024-07-24 19:07:56.183 INFO  <Transformacion Fact_Registro_Siniestro - Entrada Tabla dim_siniestro> [C:\proyectobi\ETLfact_Registro_Siniestro.ktr]  Procesamiento finalizado (I=20, O=0, R=0, W=20, U=0, E=0)
2024-07-24 19:07:56.186 INFO  <Transformacion Fact_Registro_Siniestro - Entrada Tabla Fact_Registro_Siniestro> [C:\proyectobi\ETLfact_Registro_Siniestro.ktr]  Finished reading query, closing connection
2024-07-24 19:07:56.190 INFO  <Transformacion Fact_Registro_Siniestro - Entrada Tabla Fact_Registro_Siniestro> [C:\proyectobi\ETLfact_Registro_Siniestro.ktr]  Procesamiento finalizado (I=1000, O=0, R=0, W=1000, U=0, E=0)
2024-07-24 19:07:56.200 INFO  <Transformacion Fact_Registro_Siniestro - Entrada Tabla dim_contrato> [C:\proyectobi\ETLfact_Registro_Siniestro.ktr]  Finished reading query, closing connection
2024-07-24 19:07:56.201 INFO  <Transformacion Fact_Registro_Siniestro - Entrada Tabla dim_contrato> [C:\proyectobi\ETLfact_Registro_Siniestro.ktr]  Procesamiento finalizado (I=1000, O=0, R=0, W=1000, U=0, E=0)
2024-07-24 19:07:56.205 INFO  <Transformacion Fact_Registro_Siniestro - Ordenar filas codigo cliente 2> [C:\proyectobi\ETLfact_Registro_Siniestro.ktr]  Procesamiento finalizado (I=0, O=0, R=300, W=300, U=0, E=0)
2024-07-24 19:07:56.206 INFO  <Transformacion Fact_Registro_Siniestro - Ordenar filas nro_siniestro> [C:\proyectobi\ETLfact_Registro_Siniestro.ktr]  Procesamiento finalizado (I=0, O=0, R=20, W=20, U=0, E=0)
2024-07-24 19:07:56.206 INFO  <Transformacion Fact_Registro_Siniestro - Ordenar filas nro_contrato> [C:\proyectobi\ETLfact_Registro_Siniestro.ktr]  Procesamiento finalizado (I=0, O=0, R=1000, W=1000, U=0, E=0)
2024-07-24 19:07:56.208 INFO  <Transformacion Fact_Registro_Siniestro - Ordenar filas siniestro> [C:\proyectobi\ETLfact_Registro_Siniestro.ktr]  Procesamiento finalizado (I=0, O=0, R=1000, W=1000, U=0, E=0)
2024-07-24 19:07:56.209 INFO  <Transformacion Fact_Registro_Siniestro - Entrada Tabla dim sucursal> [C:\proyectobi\ETLfact_Registro_Siniestro.ktr]  Finished reading query, closing connection
2024-07-24 19:07:56.210 INFO  <Transformacion Fact_Registro_Siniestro - Entrada Tabla dim sucursal> [C:\proyectobi\ETLfact_Registro_Siniestro.ktr]  Procesamiento finalizado (I=30, O=0, R=0, W=30, U=0, E=0)
2024-07-24 19:07:56.214 INFO  <Transformacion Fact_Registro_Siniestro - Ordenar filas sucursal 2> [C:\proyectobi\ETLfact_Registro_Siniestro.ktr]  Procesamiento finalizado (I=0, O=0, R=30, W=30, U=0, E=0)
2024-07-24 19:07:56.235 INFO  <Transformacion Fact_Registro_Siniestro - Entrada Tabla cliente> [C:\proyectobi\ETLfact_Registro_Siniestro.ktr]  Finished reading query, closing connection
2024-07-24 19:07:56.236 INFO  <Transformacion Fact_Registro_Siniestro - Entrada Tabla cliente> [C:\proyectobi\ETLfact_Registro_Siniestro.ktr]  Procesamiento finalizado (I=300, O=0, R=0, W=300, U=0, E=0)
2024-07-24 19:07:56.240 INFO  <Transformacion Fact_Registro_Siniestro - Ordenar filas codigo cliente> [C:\proyectobi\ETLfact_Registro_Siniestro.ktr]  Procesamiento finalizado (I=0, O=0, R=300, W=300, U=0, E=0)
2024-07-24 19:07:56.258 INFO  <Transformacion Fact_Registro_Siniestro - Entrada Tabla Registro Contrato> [C:\proyectobi\ETLfact_Registro_Siniestro.ktr]  Finished reading query, closing connection
2024-07-24 19:07:56.259 INFO  <Transformacion Fact_Registro_Siniestro - Entrada Tabla Registro Contrato> [C:\proyectobi\ETLfact_Registro_Siniestro.ktr]  Procesamiento finalizado (I=1000, O=0, R=0, W=1000, U=0, E=0)
2024-07-24 19:07:56.264 INFO  <Transformacion Fact_Registro_Siniestro - Entrada Tabla dim_producto> [C:\proyectobi\ETLfact_Registro_Siniestro.ktr]  Finished reading query, closing connection
2024-07-24 19:07:56.264 INFO  <Transformacion Fact_Registro_Siniestro - Ordenar filas cliente> [C:\proyectobi\ETLfact_Registro_Siniestro.ktr]  Procesamiento finalizado (I=0, O=0, R=1000, W=1000, U=0, E=0)
2024-07-24 19:07:56.264 INFO  <Transformacion Fact_Registro_Siniestro - Entrada Tabla dim_producto> [C:\proyectobi\ETLfact_Registro_Siniestro.ktr]  Procesamiento finalizado (I=30, O=0, R=0, W=30, U=0, E=0)
2024-07-24 19:07:56.268 INFO  <Transformacion Fact_Registro_Siniestro - Ordenar filas producto 2> [C:\proyectobi\ETLfact_Registro_Siniestro.ktr]  Procesamiento finalizado (I=0, O=0, R=30, W=30, U=0, E=0)
2024-07-24 19:07:56.273 INFO  <Transformacion Fact_Registro_Siniestro - Entrada Tabla fechas> [C:\proyectobi\ETLfact_Registro_Siniestro.ktr]  Finished reading query, closing connection
2024-07-24 19:07:56.274 INFO  <Transformacion Fact_Registro_Siniestro - Entrada Tabla fechas> [C:\proyectobi\ETLfact_Registro_Siniestro.ktr]  Procesamiento finalizado (I=14976, O=0, R=0, W=29952, U=0, E=0)
2024-07-24 19:07:56.523 INFO  <Transformacion Fact_Registro_Siniestro - Unión por clave sinistro> [C:\proyectobi\ETLfact_Registro_Siniestro.ktr]  Procesamiento finalizado (I=0, O=0, R=1020, W=1000, U=0, E=0)
2024-07-24 19:07:56.556 INFO  <Transformacion Fact_Registro_Siniestro - Ordenar filas contrato> [C:\proyectobi\ETLfact_Registro_Siniestro.ktr]  Procesamiento finalizado (I=0, O=0, R=1000, W=1000, U=0, E=0)
2024-07-24 19:07:56.570 INFO  <Transformacion Fact_Registro_Siniestro - Unión por clave codigo cliente> [C:\proyectobi\ETLfact_Registro_Siniestro.ktr]  Procesamiento finalizado (I=0, O=0, R=600, W=300, U=0, E=0)
2024-07-24 19:07:56.575 INFO  <Transformacion Fact_Registro_Siniestro - Ordenar filas sucursal> [C:\proyectobi\ETLfact_Registro_Siniestro.ktr]  Procesamiento finalizado (I=0, O=0, R=300, W=300, U=0, E=0)
2024-07-24 19:07:56.897 INFO  <Transformacion Fact_Registro_Siniestro - Unión por clave contrato> [C:\proyectobi\ETLfact_Registro_Siniestro.ktr]  Procesamiento finalizado (I=0, O=0, R=2000, W=1000, U=0, E=0)
2024-07-24 19:07:56.912 INFO  <Transformacion Fact_Registro_Siniestro - Unión por clave sucursal> [C:\proyectobi\ETLfact_Registro_Siniestro.ktr]  Procesamiento finalizado (I=0, O=0, R=330, W=300, U=0, E=0)
2024-07-24 19:07:56.928 INFO  <Transformacion Fact_Registro_Siniestro - Ordenar filas contrato 2> [C:\proyectobi\ETLfact_Registro_Siniestro.ktr]  Procesamiento finalizado (I=0, O=0, R=1000, W=1000, U=0, E=0)
2024-07-24 19:07:56.943 INFO  <Transformacion Fact_Registro_Siniestro - Ordenar filas cliente 2> [C:\proyectobi\ETLfact_Registro_Siniestro.ktr]  Procesamiento finalizado (I=0, O=0, R=300, W=300, U=0, E=0)
2024-07-24 19:07:57.302 INFO  <Transformacion Fact_Registro_Siniestro - Unión por clave cliente> [C:\proyectobi\ETLfact_Registro_Siniestro.ktr]  Procesamiento finalizado (I=0, O=0, R=1300, W=39, U=0, E=0)
2024-07-24 19:07:57.317 INFO  <Transformacion Fact_Registro_Siniestro - Ordenar filas producto> [C:\proyectobi\ETLfact_Registro_Siniestro.ktr]  Procesamiento finalizado (I=0, O=0, R=39, W=39, U=0, E=0)
2024-07-24 19:07:57.673 INFO  <Transformacion Fact_Registro_Siniestro - Unión por clave producto> [C:\proyectobi\ETLfact_Registro_Siniestro.ktr]  Procesamiento finalizado (I=0, O=0, R=69, W=39, U=0, E=0)
2024-07-24 19:07:57.705 INFO  <Transformacion Fact_Registro_Siniestro - Ordenar filas contrato 3> [C:\proyectobi\ETLfact_Registro_Siniestro.ktr]  Procesamiento finalizado (I=0, O=0, R=39, W=39, U=0, E=0)
2024-07-24 19:07:58.065 INFO  <Transformacion Fact_Registro_Siniestro - Unión por clave contrato 2> [C:\proyectobi\ETLfact_Registro_Siniestro.ktr]  Procesamiento finalizado (I=0, O=0, R=1039, W=39, U=0, E=0)
2024-07-24 19:07:58.080 INFO  <Transformacion Fact_Registro_Siniestro - Ordenar filas fecha_siniestro> [C:\proyectobi\ETLfact_Registro_Siniestro.ktr]  Procesamiento finalizado (I=0, O=0, R=39, W=39, U=0, E=0)
2024-07-24 19:07:58.087 INFO  <Transformacion Fact_Registro_Siniestro - Ordenar filas fecha completa> [C:\proyectobi\ETLfact_Registro_Siniestro.ktr]  Procesamiento finalizado (I=0, O=0, R=14976, W=14976, U=0, E=0)
2024-07-24 19:07:58.437 INFO  <Transformacion Fact_Registro_Siniestro - Unión por clave fecha_siniestro> [C:\proyectobi\ETLfact_Registro_Siniestro.ktr]  Procesamiento finalizado (I=0, O=0, R=15015, W=39, U=0, E=0)
2024-07-24 19:07:58.469 INFO  <Transformacion Fact_Registro_Siniestro - Ordenar filas fecha_respuesta> [C:\proyectobi\ETLfact_Registro_Siniestro.ktr]  Procesamiento finalizado (I=0, O=0, R=39, W=39, U=0, E=0)
2024-07-24 19:07:58.476 INFO  <Transformacion Fact_Registro_Siniestro - Ordenar filas fecha completa 2> [C:\proyectobi\ETLfact_Registro_Siniestro.ktr]  Procesamiento finalizado (I=0, O=0, R=14976, W=14976, U=0, E=0)
2024-07-24 19:07:58.826 INFO  <Transformacion Fact_Registro_Siniestro - Unión por clave fecha respuesta> [C:\proyectobi\ETLfact_Registro_Siniestro.ktr]  Procesamiento finalizado (I=0, O=0, R=15015, W=39, U=0, E=0)
2024-07-24 19:07:58.843 INFO  <Transformacion Fact_Registro_Siniestro - Añadir secuencia cantidad> [C:\proyectobi\ETLfact_Registro_Siniestro.ktr]  Procesamiento finalizado (I=0, O=0, R=39, W=39, U=0, E=0)
2024-07-24 19:07:58.872 INFO  <Transformacion Fact_Registro_Siniestro - Formula> [C:\proyectobi\ETLfact_Registro_Siniestro.ktr]  Procesamiento finalizado (I=0, O=0, R=39, W=39, U=0, E=0)
2024-07-24 19:12:58.707 INFO  <Thread-1302> [C:\proyectobi\ETLfact_Registro_Siniestro.ktr]  Iniciado despacho de la transformaci?n [Transformacion Fact_Registro_Siniestro]
2024-07-24 19:12:58.985 ERROR <Transformacion Fact_Registro_Siniestro - Unión por clave cliente> [C:\proyectobi\ETLfact_Registro_Siniestro.ktr]  Error desconocido
2024-07-24 19:12:58.985 ERROR <Transformacion Fact_Registro_Siniestro - Unión por clave cliente> [C:\proyectobi\ETLfact_Registro_Siniestro.ktr]  org.pentaho.di.core.exception.KettleException: 
Unable to find specified source step with name 'Ordenar filas cliente 2'.

	at org.pentaho.di.trans.steps.mergejoin.MergeJoin.processRow(MergeJoin.java:90)
	at org.pentaho.di.trans.step.RunThread.run(RunThread.java:62)
	at java.lang.Thread.run(Thread.java:748)

2024-07-24 19:12:58.993 INFO  <Transformacion Fact_Registro_Siniestro - Entrada Tabla dim_producto> [C:\proyectobi\ETLfact_Registro_Siniestro.ktr]  Finished reading query, closing connection
2024-07-24 19:12:58.995 INFO  <Transformacion Fact_Registro_Siniestro - Unión por clave cliente> [C:\proyectobi\ETLfact_Registro_Siniestro.ktr]  Procesamiento finalizado (I=0, O=0, R=0, W=0, U=0, E=1)
2024-07-24 19:12:58.994 INFO  <Transformacion Fact_Registro_Siniestro - Entrada Tabla dim sucursal> [C:\proyectobi\ETLfact_Registro_Siniestro.ktr]  Finished reading query, closing connection
2024-07-24 19:12:58.996 INFO  <Transformacion Fact_Registro_Siniestro - Entrada Tabla dim_cliente> [C:\proyectobi\ETLfact_Registro_Siniestro.ktr]  Finished reading query, closing connection
2024-07-24 19:12:58.996 INFO  <Transformacion Fact_Registro_Siniestro - Entrada Tabla dim_producto> [C:\proyectobi\ETLfact_Registro_Siniestro.ktr]  Procesamiento finalizado (I=30, O=0, R=0, W=30, U=0, E=0)
2024-07-24 19:12:58.996 INFO  <Transformacion Fact_Registro_Siniestro - Ordenar filas producto 2> [C:\proyectobi\ETLfact_Registro_Siniestro.ktr]  Procesamiento finalizado (I=0, O=0, R=1, W=0, U=0, E=0)
2024-07-24 19:12:58.998 WARN  <Transformacion Fact_Registro_Siniestro - Unión por clave cliente> [C:\proyectobi\ETLfact_Registro_Siniestro.ktr]  Transformaci?n detectada 
2024-07-24 19:12:58.998 WARN  <Transformacion Fact_Registro_Siniestro - Unión por clave cliente> [C:\proyectobi\ETLfact_Registro_Siniestro.ktr]  Transformaci?n est? matando los otros pasos!
2024-07-24 19:12:58.999 INFO  <Transformacion Fact_Registro_Siniestro - Entrada Tabla dim sucursal> [C:\proyectobi\ETLfact_Registro_Siniestro.ktr]  Procesamiento finalizado (I=30, O=0, R=0, W=30, U=0, E=0)
2024-07-24 19:12:58.999 INFO  <Transformacion Fact_Registro_Siniestro - Entrada Tabla dim_cliente> [C:\proyectobi\ETLfact_Registro_Siniestro.ktr]  Procesamiento finalizado (I=2, O=0, R=0, W=0, U=0, E=0)
2024-07-24 19:12:59.000 INFO  <Transformacion Fact_Registro_Siniestro - Ordenar filas sucursal 2> [C:\proyectobi\ETLfact_Registro_Siniestro.ktr]  Procesamiento finalizado (I=0, O=0, R=30, W=0, U=0, E=0)
2024-07-24 19:12:59.004 INFO  <Transformacion Fact_Registro_Siniestro - Entrada Tabla Fact_Registro_Siniestro> [C:\proyectobi\ETLfact_Registro_Siniestro.ktr]  Finished reading query, closing connection
2024-07-24 19:12:59.009 INFO  <Transformacion Fact_Registro_Siniestro - Entrada Tabla dim_contrato> [C:\proyectobi\ETLfact_Registro_Siniestro.ktr]  Finished reading query, closing connection
2024-07-24 19:12:59.010 INFO  <Transformacion Fact_Registro_Siniestro - Entrada Tabla dim_contrato> [C:\proyectobi\ETLfact_Registro_Siniestro.ktr]  Procesamiento finalizado (I=2, O=0, R=0, W=0, U=0, E=0)
2024-07-24 19:12:59.011 INFO  <Transformacion Fact_Registro_Siniestro - Entrada Tabla cliente> [C:\proyectobi\ETLfact_Registro_Siniestro.ktr]  Finished reading query, closing connection
2024-07-24 19:12:59.012 INFO  <Transformacion Fact_Registro_Siniestro - Entrada Tabla dim_siniestro> [C:\proyectobi\ETLfact_Registro_Siniestro.ktr]  Finished reading query, closing connection
2024-07-24 19:12:59.013 INFO  <Transformacion Fact_Registro_Siniestro - Entrada Tabla dim_siniestro> [C:\proyectobi\ETLfact_Registro_Siniestro.ktr]  Procesamiento finalizado (I=2, O=0, R=0, W=0, U=0, E=0)
2024-07-24 19:12:59.013 INFO  <Transformacion Fact_Registro_Siniestro - Entrada Tabla cliente> [C:\proyectobi\ETLfact_Registro_Siniestro.ktr]  Procesamiento finalizado (I=2, O=0, R=0, W=0, U=0, E=0)
2024-07-24 19:12:59.014 INFO  <Transformacion Fact_Registro_Siniestro - Entrada Tabla fechas> [C:\proyectobi\ETLfact_Registro_Siniestro.ktr]  Finished reading query, closing connection
2024-07-24 19:12:59.014 INFO  <Transformacion Fact_Registro_Siniestro - Entrada Tabla fechas> [C:\proyectobi\ETLfact_Registro_Siniestro.ktr]  Procesamiento finalizado (I=2, O=0, R=0, W=0, U=0, E=0)
2024-07-24 19:12:59.017 INFO  <Transformacion Fact_Registro_Siniestro - Entrada Tabla Fact_Registro_Siniestro> [C:\proyectobi\ETLfact_Registro_Siniestro.ktr]  Procesamiento finalizado (I=2, O=0, R=0, W=0, U=0, E=0)
2024-07-24 19:12:59.026 INFO  <Transformacion Fact_Registro_Siniestro - Entrada Tabla Registro Contrato> [C:\proyectobi\ETLfact_Registro_Siniestro.ktr]  Finished reading query, closing connection
2024-07-24 19:12:59.028 INFO  <Transformacion Fact_Registro_Siniestro - Entrada Tabla Registro Contrato> [C:\proyectobi\ETLfact_Registro_Siniestro.ktr]  Procesamiento finalizado (I=2, O=0, R=0, W=0, U=0, E=0)
2024-07-24 19:13:00.187 ERROR <Transformacion Fact_Registro_Siniestro - Ordenar filas producto 2> [C:\proyectobi\ETLfact_Registro_Siniestro.ktr]  Errores detectados!
2024-07-24 19:13:00.188 ERROR <Transformacion Fact_Registro_Siniestro - Ordenar filas producto 2> [C:\proyectobi\ETLfact_Registro_Siniestro.ktr]  Errores detectados!
2024-07-24 19:13:00.207 ERROR <Transformacion Fact_Registro_Siniestro - Ordenar filas producto 2> [C:\proyectobi\ETLfact_Registro_Siniestro.ktr]  Errores detectados!
2024-07-24 19:13:25.341 INFO  <Thread-1384> [C:\proyectobi\ETLfact_Registro_Siniestro.ktr]  Iniciado despacho de la transformaci?n [Transformacion Fact_Registro_Siniestro]
2024-07-24 19:13:25.643 INFO  <Transformacion Fact_Registro_Siniestro - Entrada Tabla cliente> [C:\proyectobi\ETLfact_Registro_Siniestro.ktr]  Finished reading query, closing connection
2024-07-24 19:13:25.644 INFO  <Transformacion Fact_Registro_Siniestro - Entrada Tabla dim sucursal> [C:\proyectobi\ETLfact_Registro_Siniestro.ktr]  Finished reading query, closing connection
2024-07-24 19:13:25.648 INFO  <Transformacion Fact_Registro_Siniestro - Entrada Tabla cliente> [C:\proyectobi\ETLfact_Registro_Siniestro.ktr]  Procesamiento finalizado (I=300, O=0, R=0, W=300, U=0, E=0)
2024-07-24 19:13:25.648 INFO  <Transformacion Fact_Registro_Siniestro - Entrada Tabla dim sucursal> [C:\proyectobi\ETLfact_Registro_Siniestro.ktr]  Procesamiento finalizado (I=30, O=0, R=0, W=30, U=0, E=0)
2024-07-24 19:13:25.676 INFO  <Transformacion Fact_Registro_Siniestro - Ordenar filas sucursal 2> [C:\proyectobi\ETLfact_Registro_Siniestro.ktr]  Procesamiento finalizado (I=0, O=0, R=30, W=30, U=0, E=0)
2024-07-24 19:13:25.677 INFO  <Transformacion Fact_Registro_Siniestro - Entrada Tabla dim_siniestro> [C:\proyectobi\ETLfact_Registro_Siniestro.ktr]  Finished reading query, closing connection
2024-07-24 19:13:25.677 INFO  <Transformacion Fact_Registro_Siniestro - Ordenar filas codigo cliente> [C:\proyectobi\ETLfact_Registro_Siniestro.ktr]  Procesamiento finalizado (I=0, O=0, R=300, W=300, U=0, E=0)
2024-07-24 19:13:25.679 INFO  <Transformacion Fact_Registro_Siniestro - Entrada Tabla dim_cliente> [C:\proyectobi\ETLfact_Registro_Siniestro.ktr]  Finished reading query, closing connection
2024-07-24 19:13:25.679 INFO  <Transformacion Fact_Registro_Siniestro - Entrada Tabla dim_producto> [C:\proyectobi\ETLfact_Registro_Siniestro.ktr]  Finished reading query, closing connection
2024-07-24 19:13:25.680 INFO  <Transformacion Fact_Registro_Siniestro - Entrada Tabla dim_contrato> [C:\proyectobi\ETLfact_Registro_Siniestro.ktr]  Finished reading query, closing connection
2024-07-24 19:13:25.680 INFO  <Transformacion Fact_Registro_Siniestro - Entrada Tabla Registro Contrato> [C:\proyectobi\ETLfact_Registro_Siniestro.ktr]  Finished reading query, closing connection
2024-07-24 19:13:25.685 INFO  <Transformacion Fact_Registro_Siniestro - Entrada Tabla dim_siniestro> [C:\proyectobi\ETLfact_Registro_Siniestro.ktr]  Procesamiento finalizado (I=20, O=0, R=0, W=20, U=0, E=0)
2024-07-24 19:13:25.685 INFO  <Transformacion Fact_Registro_Siniestro - Entrada Tabla dim_producto> [C:\proyectobi\ETLfact_Registro_Siniestro.ktr]  Procesamiento finalizado (I=30, O=0, R=0, W=30, U=0, E=0)
2024-07-24 19:13:25.685 INFO  <Transformacion Fact_Registro_Siniestro - Entrada Tabla Fact_Registro_Siniestro> [C:\proyectobi\ETLfact_Registro_Siniestro.ktr]  Finished reading query, closing connection
2024-07-24 19:13:25.686 INFO  <Transformacion Fact_Registro_Siniestro - Entrada Tabla dim_cliente> [C:\proyectobi\ETLfact_Registro_Siniestro.ktr]  Procesamiento finalizado (I=300, O=0, R=0, W=300, U=0, E=0)
2024-07-24 19:13:25.688 INFO  <Transformacion Fact_Registro_Siniestro - Ordenar filas codigo cliente 2> [C:\proyectobi\ETLfact_Registro_Siniestro.ktr]  Procesamiento finalizado (I=0, O=0, R=300, W=300, U=0, E=0)
2024-07-24 19:13:25.691 INFO  <Transformacion Fact_Registro_Siniestro - Ordenar filas nro_siniestro> [C:\proyectobi\ETLfact_Registro_Siniestro.ktr]  Procesamiento finalizado (I=0, O=0, R=20, W=20, U=0, E=0)
2024-07-24 19:13:25.692 INFO  <Transformacion Fact_Registro_Siniestro - Ordenar filas cliente> [C:\proyectobi\ETLfact_Registro_Siniestro.ktr]  Procesamiento finalizado (I=0, O=0, R=1000, W=1000, U=0, E=0)
2024-07-24 19:13:25.694 INFO  <Transformacion Fact_Registro_Siniestro - Ordenar filas nro_contrato> [C:\proyectobi\ETLfact_Registro_Siniestro.ktr]  Procesamiento finalizado (I=0, O=0, R=1000, W=1000, U=0, E=0)
2024-07-24 19:13:25.701 INFO  <Transformacion Fact_Registro_Siniestro - Entrada Tabla dim_contrato> [C:\proyectobi\ETLfact_Registro_Siniestro.ktr]  Procesamiento finalizado (I=1000, O=0, R=0, W=1000, U=0, E=0)
2024-07-24 19:13:25.705 INFO  <Transformacion Fact_Registro_Siniestro - Entrada Tabla Registro Contrato> [C:\proyectobi\ETLfact_Registro_Siniestro.ktr]  Procesamiento finalizado (I=1000, O=0, R=0, W=1000, U=0, E=0)
2024-07-24 19:13:25.710 INFO  <Transformacion Fact_Registro_Siniestro - Ordenar filas siniestro> [C:\proyectobi\ETLfact_Registro_Siniestro.ktr]  Procesamiento finalizado (I=0, O=0, R=1000, W=1000, U=0, E=0)
2024-07-24 19:13:25.714 INFO  <Transformacion Fact_Registro_Siniestro - Entrada Tabla Fact_Registro_Siniestro> [C:\proyectobi\ETLfact_Registro_Siniestro.ktr]  Procesamiento finalizado (I=1000, O=0, R=0, W=1000, U=0, E=0)
2024-07-24 19:13:25.725 INFO  <Transformacion Fact_Registro_Siniestro - Ordenar filas producto 2> [C:\proyectobi\ETLfact_Registro_Siniestro.ktr]  Procesamiento finalizado (I=0, O=0, R=30, W=30, U=0, E=0)
2024-07-24 19:13:25.759 INFO  <Transformacion Fact_Registro_Siniestro - Entrada Tabla fechas> [C:\proyectobi\ETLfact_Registro_Siniestro.ktr]  Finished reading query, closing connection
2024-07-24 19:13:25.760 INFO  <Transformacion Fact_Registro_Siniestro - Entrada Tabla fechas> [C:\proyectobi\ETLfact_Registro_Siniestro.ktr]  Procesamiento finalizado (I=14976, O=0, R=0, W=29952, U=0, E=0)
2024-07-24 19:13:26.008 INFO  <Transformacion Fact_Registro_Siniestro - Unión por clave codigo cliente> [C:\proyectobi\ETLfact_Registro_Siniestro.ktr]  Procesamiento finalizado (I=0, O=0, R=600, W=300, U=0, E=0)
2024-07-24 19:13:26.040 INFO  <Transformacion Fact_Registro_Siniestro - Unión por clave sinistro> [C:\proyectobi\ETLfact_Registro_Siniestro.ktr]  Procesamiento finalizado (I=0, O=0, R=1020, W=1000, U=0, E=0)
2024-07-24 19:13:26.041 INFO  <Transformacion Fact_Registro_Siniestro - Ordenar filas sucursal> [C:\proyectobi\ETLfact_Registro_Siniestro.ktr]  Procesamiento finalizado (I=0, O=0, R=300, W=300, U=0, E=0)
2024-07-24 19:13:26.059 INFO  <Transformacion Fact_Registro_Siniestro - Ordenar filas contrato> [C:\proyectobi\ETLfact_Registro_Siniestro.ktr]  Procesamiento finalizado (I=0, O=0, R=1000, W=1000, U=0, E=0)
2024-07-24 19:13:26.367 INFO  <Transformacion Fact_Registro_Siniestro - Unión por clave sucursal> [C:\proyectobi\ETLfact_Registro_Siniestro.ktr]  Procesamiento finalizado (I=0, O=0, R=330, W=300, U=0, E=0)
2024-07-24 19:13:26.382 INFO  <Transformacion Fact_Registro_Siniestro - Unión por clave contrato> [C:\proyectobi\ETLfact_Registro_Siniestro.ktr]  Procesamiento finalizado (I=0, O=0, R=2000, W=1000, U=0, E=0)
2024-07-24 19:13:26.399 INFO  <Transformacion Fact_Registro_Siniestro - Ordenar filas cliente 2> [C:\proyectobi\ETLfact_Registro_Siniestro.ktr]  Procesamiento finalizado (I=0, O=0, R=300, W=300, U=0, E=0)
2024-07-24 19:13:26.415 INFO  <Transformacion Fact_Registro_Siniestro - Ordenar filas contrato 2> [C:\proyectobi\ETLfact_Registro_Siniestro.ktr]  Procesamiento finalizado (I=0, O=0, R=1000, W=1000, U=0, E=0)
2024-07-24 19:13:26.740 INFO  <Transformacion Fact_Registro_Siniestro - Unión por clave cliente> [C:\proyectobi\ETLfact_Registro_Siniestro.ktr]  Procesamiento finalizado (I=0, O=0, R=1300, W=1000, U=0, E=0)
2024-07-24 19:13:26.775 INFO  <Transformacion Fact_Registro_Siniestro - Ordenar filas producto> [C:\proyectobi\ETLfact_Registro_Siniestro.ktr]  Procesamiento finalizado (I=0, O=0, R=1000, W=1000, U=0, E=0)
2024-07-24 19:13:27.102 INFO  <Transformacion Fact_Registro_Siniestro - Unión por clave producto> [C:\proyectobi\ETLfact_Registro_Siniestro.ktr]  Procesamiento finalizado (I=0, O=0, R=1030, W=1000, U=0, E=0)
2024-07-24 19:13:27.136 INFO  <Transformacion Fact_Registro_Siniestro - Ordenar filas contrato 3> [C:\proyectobi\ETLfact_Registro_Siniestro.ktr]  Procesamiento finalizado (I=0, O=0, R=1000, W=1000, U=0, E=0)
2024-07-24 19:13:27.477 INFO  <Transformacion Fact_Registro_Siniestro - Unión por clave contrato 2> [C:\proyectobi\ETLfact_Registro_Siniestro.ktr]  Procesamiento finalizado (I=0, O=0, R=2000, W=1000, U=0, E=0)
2024-07-24 19:13:27.512 INFO  <Transformacion Fact_Registro_Siniestro - Ordenar filas fecha_siniestro> [C:\proyectobi\ETLfact_Registro_Siniestro.ktr]  Procesamiento finalizado (I=0, O=0, R=1000, W=1000, U=0, E=0)
2024-07-24 19:13:27.518 INFO  <Transformacion Fact_Registro_Siniestro - Ordenar filas fecha completa> [C:\proyectobi\ETLfact_Registro_Siniestro.ktr]  Procesamiento finalizado (I=0, O=0, R=14976, W=14976, U=0, E=0)
2024-07-24 19:13:27.872 INFO  <Transformacion Fact_Registro_Siniestro - Unión por clave fecha_siniestro> [C:\proyectobi\ETLfact_Registro_Siniestro.ktr]  Procesamiento finalizado (I=0, O=0, R=15976, W=1000, U=0, E=0)
2024-07-24 19:13:27.891 INFO  <Transformacion Fact_Registro_Siniestro - Ordenar filas fecha_respuesta> [C:\proyectobi\ETLfact_Registro_Siniestro.ktr]  Procesamiento finalizado (I=0, O=0, R=1000, W=1000, U=0, E=0)
2024-07-24 19:13:27.895 INFO  <Transformacion Fact_Registro_Siniestro - Ordenar filas fecha completa 2> [C:\proyectobi\ETLfact_Registro_Siniestro.ktr]  Procesamiento finalizado (I=0, O=0, R=14976, W=14976, U=0, E=0)
2024-07-24 19:13:28.205 INFO  <Transformacion Fact_Registro_Siniestro - Unión por clave fecha respuesta> [C:\proyectobi\ETLfact_Registro_Siniestro.ktr]  Procesamiento finalizado (I=0, O=0, R=15976, W=1000, U=0, E=0)
2024-07-24 19:13:28.208 INFO  <Transformacion Fact_Registro_Siniestro - Añadir secuencia cantidad> [C:\proyectobi\ETLfact_Registro_Siniestro.ktr]  Procesamiento finalizado (I=0, O=0, R=1000, W=1000, U=0, E=0)
2024-07-24 19:13:28.210 INFO  <Transformacion Fact_Registro_Siniestro - Formula> [C:\proyectobi\ETLfact_Registro_Siniestro.ktr]  Procesamiento finalizado (I=0, O=0, R=1000, W=1000, U=0, E=0)
2024-07-24 19:15:10.959 INFO  <Thread-1474> [C:\proyectobi\ETLfact_Registro_Siniestro.ktr]  Iniciado despacho de la transformaci?n [Transformacion Fact_Registro_Siniestro]
2024-07-24 19:15:11.330 INFO  <Transformacion Fact_Registro_Siniestro - Entrada Tabla dim sucursal> [C:\proyectobi\ETLfact_Registro_Siniestro.ktr]  Finished reading query, closing connection
2024-07-24 19:15:11.335 INFO  <Transformacion Fact_Registro_Siniestro - Entrada Tabla cliente> [C:\proyectobi\ETLfact_Registro_Siniestro.ktr]  Finished reading query, closing connection
2024-07-24 19:15:11.337 INFO  <Transformacion Fact_Registro_Siniestro - Entrada Tabla dim sucursal> [C:\proyectobi\ETLfact_Registro_Siniestro.ktr]  Procesamiento finalizado (I=30, O=0, R=0, W=30, U=0, E=0)
2024-07-24 19:15:11.340 INFO  <Transformacion Fact_Registro_Siniestro - Entrada Tabla cliente> [C:\proyectobi\ETLfact_Registro_Siniestro.ktr]  Procesamiento finalizado (I=300, O=0, R=0, W=300, U=0, E=0)
2024-07-24 19:15:11.346 INFO  <Transformacion Fact_Registro_Siniestro - Ordenar filas sucursal 2> [C:\proyectobi\ETLfact_Registro_Siniestro.ktr]  Procesamiento finalizado (I=0, O=0, R=30, W=30, U=0, E=0)
2024-07-24 19:15:11.347 INFO  <Transformacion Fact_Registro_Siniestro - Ordenar filas codigo cliente> [C:\proyectobi\ETLfact_Registro_Siniestro.ktr]  Procesamiento finalizado (I=0, O=0, R=300, W=300, U=0, E=0)
2024-07-24 19:15:11.347 INFO  <Transformacion Fact_Registro_Siniestro - Entrada Tabla dim_producto> [C:\proyectobi\ETLfact_Registro_Siniestro.ktr]  Finished reading query, closing connection
2024-07-24 19:15:11.348 INFO  <Transformacion Fact_Registro_Siniestro - Entrada Tabla dim_producto> [C:\proyectobi\ETLfact_Registro_Siniestro.ktr]  Procesamiento finalizado (I=30, O=0, R=0, W=30, U=0, E=0)
2024-07-24 19:15:11.350 INFO  <Transformacion Fact_Registro_Siniestro - Entrada Tabla Fact_Registro_Siniestro> [C:\proyectobi\ETLfact_Registro_Siniestro.ktr]  Finished reading query, closing connection
2024-07-24 19:15:11.351 INFO  <Transformacion Fact_Registro_Siniestro - Entrada Tabla Fact_Registro_Siniestro> [C:\proyectobi\ETLfact_Registro_Siniestro.ktr]  Procesamiento finalizado (I=1000, O=0, R=0, W=1000, U=0, E=0)
2024-07-24 19:15:11.359 INFO  <Transformacion Fact_Registro_Siniestro - Entrada Tabla dim_contrato> [C:\proyectobi\ETLfact_Registro_Siniestro.ktr]  Finished reading query, closing connection
2024-07-24 19:15:11.361 INFO  <Transformacion Fact_Registro_Siniestro - Entrada Tabla dim_contrato> [C:\proyectobi\ETLfact_Registro_Siniestro.ktr]  Procesamiento finalizado (I=1000, O=0, R=0, W=1000, U=0, E=0)
2024-07-24 19:15:11.362 INFO  <Transformacion Fact_Registro_Siniestro - Ordenar filas producto 2> [C:\proyectobi\ETLfact_Registro_Siniestro.ktr]  Procesamiento finalizado (I=0, O=0, R=30, W=30, U=0, E=0)
2024-07-24 19:15:11.362 INFO  <Transformacion Fact_Registro_Siniestro - Entrada Tabla dim_cliente> [C:\proyectobi\ETLfact_Registro_Siniestro.ktr]  Finished reading query, closing connection
2024-07-24 19:15:11.365 INFO  <Transformacion Fact_Registro_Siniestro - Ordenar filas siniestro> [C:\proyectobi\ETLfact_Registro_Siniestro.ktr]  Procesamiento finalizado (I=0, O=0, R=1000, W=1000, U=0, E=0)
2024-07-24 19:15:11.369 INFO  <Transformacion Fact_Registro_Siniestro - Ordenar filas codigo cliente 2> [C:\proyectobi\ETLfact_Registro_Siniestro.ktr]  Procesamiento finalizado (I=0, O=0, R=300, W=300, U=0, E=0)
2024-07-24 19:15:11.370 INFO  <Transformacion Fact_Registro_Siniestro - Entrada Tabla dim_cliente> [C:\proyectobi\ETLfact_Registro_Siniestro.ktr]  Procesamiento finalizado (I=300, O=0, R=0, W=300, U=0, E=0)
2024-07-24 19:15:11.371 INFO  <Transformacion Fact_Registro_Siniestro - Entrada Tabla Registro Contrato> [C:\proyectobi\ETLfact_Registro_Siniestro.ktr]  Finished reading query, closing connection
2024-07-24 19:15:11.372 INFO  <Transformacion Fact_Registro_Siniestro - Entrada Tabla Registro Contrato> [C:\proyectobi\ETLfact_Registro_Siniestro.ktr]  Procesamiento finalizado (I=1000, O=0, R=0, W=1000, U=0, E=0)
2024-07-24 19:15:11.375 INFO  <Transformacion Fact_Registro_Siniestro - Entrada Tabla dim_siniestro> [C:\proyectobi\ETLfact_Registro_Siniestro.ktr]  Finished reading query, closing connection
2024-07-24 19:15:11.377 INFO  <Transformacion Fact_Registro_Siniestro - Entrada Tabla dim_siniestro> [C:\proyectobi\ETLfact_Registro_Siniestro.ktr]  Procesamiento finalizado (I=20, O=0, R=0, W=20, U=0, E=0)
2024-07-24 19:15:11.378 INFO  <Transformacion Fact_Registro_Siniestro - Ordenar filas nro_contrato> [C:\proyectobi\ETLfact_Registro_Siniestro.ktr]  Procesamiento finalizado (I=0, O=0, R=1000, W=1000, U=0, E=0)
2024-07-24 19:15:11.379 INFO  <Transformacion Fact_Registro_Siniestro - Ordenar filas cliente> [C:\proyectobi\ETLfact_Registro_Siniestro.ktr]  Procesamiento finalizado (I=0, O=0, R=1000, W=1000, U=0, E=0)
2024-07-24 19:15:11.380 INFO  <Transformacion Fact_Registro_Siniestro - Ordenar filas nro_siniestro> [C:\proyectobi\ETLfact_Registro_Siniestro.ktr]  Procesamiento finalizado (I=0, O=0, R=20, W=20, U=0, E=0)
2024-07-24 19:15:11.436 INFO  <Transformacion Fact_Registro_Siniestro - Entrada Tabla fechas> [C:\proyectobi\ETLfact_Registro_Siniestro.ktr]  Finished reading query, closing connection
2024-07-24 19:15:11.437 INFO  <Transformacion Fact_Registro_Siniestro - Entrada Tabla fechas> [C:\proyectobi\ETLfact_Registro_Siniestro.ktr]  Procesamiento finalizado (I=14976, O=0, R=0, W=29952, U=0, E=0)
2024-07-24 19:15:11.688 INFO  <Transformacion Fact_Registro_Siniestro - Unión por clave codigo cliente> [C:\proyectobi\ETLfact_Registro_Siniestro.ktr]  Procesamiento finalizado (I=0, O=0, R=600, W=300, U=0, E=0)
2024-07-24 19:15:11.688 INFO  <Transformacion Fact_Registro_Siniestro - Unión por clave sinistro> [C:\proyectobi\ETLfact_Registro_Siniestro.ktr]  Procesamiento finalizado (I=0, O=0, R=1020, W=1000, U=0, E=0)
2024-07-24 19:15:11.721 INFO  <Transformacion Fact_Registro_Siniestro - Ordenar filas sucursal> [C:\proyectobi\ETLfact_Registro_Siniestro.ktr]  Procesamiento finalizado (I=0, O=0, R=300, W=300, U=0, E=0)
2024-07-24 19:15:11.722 INFO  <Transformacion Fact_Registro_Siniestro - Ordenar filas contrato> [C:\proyectobi\ETLfact_Registro_Siniestro.ktr]  Procesamiento finalizado (I=0, O=0, R=1000, W=1000, U=0, E=0)
2024-07-24 19:15:12.066 INFO  <Transformacion Fact_Registro_Siniestro - Unión por clave sucursal> [C:\proyectobi\ETLfact_Registro_Siniestro.ktr]  Procesamiento finalizado (I=0, O=0, R=330, W=300, U=0, E=0)
2024-07-24 19:15:12.081 INFO  <Transformacion Fact_Registro_Siniestro - Unión por clave contrato> [C:\proyectobi\ETLfact_Registro_Siniestro.ktr]  Procesamiento finalizado (I=0, O=0, R=2000, W=1000, U=0, E=0)
2024-07-24 19:15:12.098 INFO  <Transformacion Fact_Registro_Siniestro - Ordenar filas cliente 2> [C:\proyectobi\ETLfact_Registro_Siniestro.ktr]  Procesamiento finalizado (I=0, O=0, R=300, W=300, U=0, E=0)
2024-07-24 19:15:12.115 INFO  <Transformacion Fact_Registro_Siniestro - Ordenar filas contrato 2> [C:\proyectobi\ETLfact_Registro_Siniestro.ktr]  Procesamiento finalizado (I=0, O=0, R=1000, W=1000, U=0, E=0)
2024-07-24 19:15:12.443 INFO  <Transformacion Fact_Registro_Siniestro - Unión por clave cliente> [C:\proyectobi\ETLfact_Registro_Siniestro.ktr]  Procesamiento finalizado (I=0, O=0, R=1300, W=1000, U=0, E=0)
2024-07-24 19:15:12.476 INFO  <Transformacion Fact_Registro_Siniestro - Ordenar filas producto> [C:\proyectobi\ETLfact_Registro_Siniestro.ktr]  Procesamiento finalizado (I=0, O=0, R=1000, W=1000, U=0, E=0)
2024-07-24 19:15:12.817 INFO  <Transformacion Fact_Registro_Siniestro - Unión por clave producto> [C:\proyectobi\ETLfact_Registro_Siniestro.ktr]  Procesamiento finalizado (I=0, O=0, R=1030, W=1000, U=0, E=0)
2024-07-24 19:15:12.850 INFO  <Transformacion Fact_Registro_Siniestro - Ordenar filas contrato 3> [C:\proyectobi\ETLfact_Registro_Siniestro.ktr]  Procesamiento finalizado (I=0, O=0, R=1000, W=1000, U=0, E=0)
2024-07-24 19:15:13.209 INFO  <Transformacion Fact_Registro_Siniestro - Unión por clave contrato 2> [C:\proyectobi\ETLfact_Registro_Siniestro.ktr]  Procesamiento finalizado (I=0, O=0, R=2000, W=1000, U=0, E=0)
2024-07-24 19:15:13.245 INFO  <Transformacion Fact_Registro_Siniestro - Ordenar filas fecha_siniestro> [C:\proyectobi\ETLfact_Registro_Siniestro.ktr]  Procesamiento finalizado (I=0, O=0, R=1000, W=1000, U=0, E=0)
2024-07-24 19:15:13.249 INFO  <Transformacion Fact_Registro_Siniestro - Ordenar filas fecha completa> [C:\proyectobi\ETLfact_Registro_Siniestro.ktr]  Procesamiento finalizado (I=0, O=0, R=14976, W=14976, U=0, E=0)
2024-07-24 19:15:13.584 INFO  <Transformacion Fact_Registro_Siniestro - Unión por clave fecha_siniestro> [C:\proyectobi\ETLfact_Registro_Siniestro.ktr]  Procesamiento finalizado (I=0, O=0, R=15976, W=1000, U=0, E=0)
2024-07-24 19:15:13.618 INFO  <Transformacion Fact_Registro_Siniestro - Ordenar filas fecha_respuesta> [C:\proyectobi\ETLfact_Registro_Siniestro.ktr]  Procesamiento finalizado (I=0, O=0, R=1000, W=1000, U=0, E=0)
2024-07-24 19:15:13.623 INFO  <Transformacion Fact_Registro_Siniestro - Ordenar filas fecha completa 2> [C:\proyectobi\ETLfact_Registro_Siniestro.ktr]  Procesamiento finalizado (I=0, O=0, R=14976, W=14976, U=0, E=0)
2024-07-24 19:15:13.931 INFO  <Transformacion Fact_Registro_Siniestro - Unión por clave fecha respuesta> [C:\proyectobi\ETLfact_Registro_Siniestro.ktr]  Procesamiento finalizado (I=0, O=0, R=15976, W=1000, U=0, E=0)
2024-07-24 19:15:13.959 INFO  <Transformacion Fact_Registro_Siniestro - Añadir secuencia cantidad> [C:\proyectobi\ETLfact_Registro_Siniestro.ktr]  Procesamiento finalizado (I=0, O=0, R=1000, W=1000, U=0, E=0)
2024-07-24 19:15:13.974 INFO  <Transformacion Fact_Registro_Siniestro - Formula> [C:\proyectobi\ETLfact_Registro_Siniestro.ktr]  Procesamiento finalizado (I=0, O=0, R=1000, W=1000, U=0, E=0)
2024-07-24 20:07:53.136 INFO  <Thread-1566> [C:\Users\niebl\OneDrive\Escritorio\Semestre\Inteligecia de Negocio\Proyecto Fase 2\BIProyecto\proyectobi(FINAL)\ETLdim_Tiempo.ktr]  Iniciado despacho de la transformaci?n [Transformacion Dim_Tiempo]
2024-07-24 20:07:53.325 INFO  <Transformacion Dim_Tiempo - Generate rows> [C:\Users\niebl\OneDrive\Escritorio\Semestre\Inteligecia de Negocio\Proyecto Fase 2\BIProyecto\proyectobi(FINAL)\ETLdim_Tiempo.ktr]  Procesamiento finalizado (I=0, O=0, R=0, W=14976, U=0, E=0)
2024-07-24 20:07:53.370 INFO  <Transformacion Dim_Tiempo - suma_dias> [C:\Users\niebl\OneDrive\Escritorio\Semestre\Inteligecia de Negocio\Proyecto Fase 2\BIProyecto\proyectobi(FINAL)\ETLdim_Tiempo.ktr]  Procesamiento finalizado (I=0, O=0, R=14976, W=14976, U=0, E=0)
2024-07-24 20:07:53.403 INFO  <Transformacion Dim_Tiempo - Calculator> [C:\Users\niebl\OneDrive\Escritorio\Semestre\Inteligecia de Negocio\Proyecto Fase 2\BIProyecto\proyectobi(FINAL)\ETLdim_Tiempo.ktr]  Procesamiento finalizado (I=0, O=0, R=14976, W=14976, U=0, E=0)
2024-07-24 20:07:53.407 INFO  <Transformacion Dim_Tiempo - Select values> [C:\Users\niebl\OneDrive\Escritorio\Semestre\Inteligecia de Negocio\Proyecto Fase 2\BIProyecto\proyectobi(FINAL)\ETLdim_Tiempo.ktr]  Procesamiento finalizado (I=0, O=0, R=14976, W=14976, U=0, E=0)
2024-07-24 20:07:53.626 INFO  <Transformacion Dim_Tiempo - Extraccion de año> [C:\Users\niebl\OneDrive\Escritorio\Semestre\Inteligecia de Negocio\Proyecto Fase 2\BIProyecto\proyectobi(FINAL)\ETLdim_Tiempo.ktr]  Procesamiento finalizado (I=0, O=0, R=14976, W=14976, U=0, E=0)
2024-07-24 20:07:53.637 INFO  <Transformacion Dim_Tiempo - Extraccion de mes> [C:\Users\niebl\OneDrive\Escritorio\Semestre\Inteligecia de Negocio\Proyecto Fase 2\BIProyecto\proyectobi(FINAL)\ETLdim_Tiempo.ktr]  Procesamiento finalizado (I=0, O=0, R=14976, W=14976, U=0, E=0)
2024-07-24 20:07:53.647 INFO  <Transformacion Dim_Tiempo - Extraccion dia año> [C:\Users\niebl\OneDrive\Escritorio\Semestre\Inteligecia de Negocio\Proyecto Fase 2\BIProyecto\proyectobi(FINAL)\ETLdim_Tiempo.ktr]  Procesamiento finalizado (I=0, O=0, R=14976, W=14976, U=0, E=0)
2024-07-24 20:07:53.922 INFO  <Transformacion Dim_Tiempo - Extraccion dia mes> [C:\Users\niebl\OneDrive\Escritorio\Semestre\Inteligecia de Negocio\Proyecto Fase 2\BIProyecto\proyectobi(FINAL)\ETLdim_Tiempo.ktr]  Procesamiento finalizado (I=0, O=0, R=14976, W=14976, U=0, E=0)
2024-07-24 20:07:53.927 INFO  <Transformacion Dim_Tiempo - Extraccion dia semana> [C:\Users\niebl\OneDrive\Escritorio\Semestre\Inteligecia de Negocio\Proyecto Fase 2\BIProyecto\proyectobi(FINAL)\ETLdim_Tiempo.ktr]  Procesamiento finalizado (I=0, O=0, R=14976, W=14976, U=0, E=0)
2024-07-24 20:07:53.936 INFO  <Transformacion Dim_Tiempo - Extraccion semana> [C:\Users\niebl\OneDrive\Escritorio\Semestre\Inteligecia de Negocio\Proyecto Fase 2\BIProyecto\proyectobi(FINAL)\ETLdim_Tiempo.ktr]  Procesamiento finalizado (I=0, O=0, R=14976, W=14976, U=0, E=0)
2024-07-24 20:07:53.941 INFO  <Transformacion Dim_Tiempo - Mapeo de valores Des_dia_semana> [C:\Users\niebl\OneDrive\Escritorio\Semestre\Inteligecia de Negocio\Proyecto Fase 2\BIProyecto\proyectobi(FINAL)\ETLdim_Tiempo.ktr]  Procesamiento finalizado (I=0, O=0, R=14976, W=14976, U=0, E=0)
2024-07-24 20:07:53.946 INFO  <Transformacion Dim_Tiempo - Mapeo de valores desc_dia_semana_corta> [C:\Users\niebl\OneDrive\Escritorio\Semestre\Inteligecia de Negocio\Proyecto Fase 2\BIProyecto\proyectobi(FINAL)\ETLdim_Tiempo.ktr]  Procesamiento finalizado (I=0, O=0, R=14976, W=14976, U=0, E=0)
2024-07-24 20:07:53.952 INFO  <Transformacion Dim_Tiempo - Mapeo de valores desc_mes> [C:\Users\niebl\OneDrive\Escritorio\Semestre\Inteligecia de Negocio\Proyecto Fase 2\BIProyecto\proyectobi(FINAL)\ETLdim_Tiempo.ktr]  Procesamiento finalizado (I=0, O=0, R=14976, W=14976, U=0, E=0)
2024-07-24 20:07:53.959 INFO  <Transformacion Dim_Tiempo - Mapeo de valores desc_mes_corta> [C:\Users\niebl\OneDrive\Escritorio\Semestre\Inteligecia de Negocio\Proyecto Fase 2\BIProyecto\proyectobi(FINAL)\ETLdim_Tiempo.ktr]  Procesamiento finalizado (I=0, O=0, R=14976, W=14976, U=0, E=0)
2024-07-24 20:07:53.976 INFO  <Transformacion Dim_Tiempo - Formula desc_trimestre> [C:\Users\niebl\OneDrive\Escritorio\Semestre\Inteligecia de Negocio\Proyecto Fase 2\BIProyecto\proyectobi(FINAL)\ETLdim_Tiempo.ktr]  Procesamiento finalizado (I=0, O=0, R=14976, W=14976, U=0, E=0)
2024-07-24 20:07:53.981 INFO  <Transformacion Dim_Tiempo - Formula desc_semestre> [C:\Users\niebl\OneDrive\Escritorio\Semestre\Inteligecia de Negocio\Proyecto Fase 2\BIProyecto\proyectobi(FINAL)\ETLdim_Tiempo.ktr]  Procesamiento finalizado (I=0, O=0, R=14976, W=14976, U=0, E=0)
2024-07-24 20:07:54.006 INFO  <Transformacion Dim_Tiempo - Añadir secuencia sk_dim_tiempo> [C:\Users\niebl\OneDrive\Escritorio\Semestre\Inteligecia de Negocio\Proyecto Fase 2\BIProyecto\proyectobi(FINAL)\ETLdim_Tiempo.ktr]  Procesamiento finalizado (I=0, O=0, R=14976, W=14976, U=0, E=0)
2024-07-24 20:12:09.197 INFO  <Thread-1608> [C:\Users\niebl\OneDrive\Escritorio\Semestre\Inteligecia de Negocio\Proyecto Fase 2\BIProyecto\proyectobi(FINAL)\ETLdim_Tiempo.ktr]  Iniciado despacho de la transformaci?n [Transformacion Dim_Tiempo]
2024-07-24 20:12:09.224 INFO  <Transformacion Dim_Tiempo - Generate rows> [C:\Users\niebl\OneDrive\Escritorio\Semestre\Inteligecia de Negocio\Proyecto Fase 2\BIProyecto\proyectobi(FINAL)\ETLdim_Tiempo.ktr]  Procesamiento finalizado (I=0, O=0, R=0, W=14976, U=0, E=0)
2024-07-24 20:12:09.286 INFO  <Transformacion Dim_Tiempo - suma_dias> [C:\Users\niebl\OneDrive\Escritorio\Semestre\Inteligecia de Negocio\Proyecto Fase 2\BIProyecto\proyectobi(FINAL)\ETLdim_Tiempo.ktr]  Procesamiento finalizado (I=0, O=0, R=14976, W=14976, U=0, E=0)
2024-07-24 20:12:09.296 INFO  <Transformacion Dim_Tiempo - Calculator> [C:\Users\niebl\OneDrive\Escritorio\Semestre\Inteligecia de Negocio\Proyecto Fase 2\BIProyecto\proyectobi(FINAL)\ETLdim_Tiempo.ktr]  Procesamiento finalizado (I=0, O=0, R=14976, W=14976, U=0, E=0)
2024-07-24 20:12:09.316 INFO  <Transformacion Dim_Tiempo - Select values> [C:\Users\niebl\OneDrive\Escritorio\Semestre\Inteligecia de Negocio\Proyecto Fase 2\BIProyecto\proyectobi(FINAL)\ETLdim_Tiempo.ktr]  Procesamiento finalizado (I=0, O=0, R=14976, W=14976, U=0, E=0)
2024-07-24 20:12:09.467 INFO  <Transformacion Dim_Tiempo - Extraccion de año> [C:\Users\niebl\OneDrive\Escritorio\Semestre\Inteligecia de Negocio\Proyecto Fase 2\BIProyecto\proyectobi(FINAL)\ETLdim_Tiempo.ktr]  Procesamiento finalizado (I=0, O=0, R=14976, W=14976, U=0, E=0)
2024-07-24 20:12:09.482 INFO  <Transformacion Dim_Tiempo - Extraccion de mes> [C:\Users\niebl\OneDrive\Escritorio\Semestre\Inteligecia de Negocio\Proyecto Fase 2\BIProyecto\proyectobi(FINAL)\ETLdim_Tiempo.ktr]  Procesamiento finalizado (I=0, O=0, R=14976, W=14976, U=0, E=0)
2024-07-24 20:12:09.550 INFO  <Transformacion Dim_Tiempo - Extraccion dia año> [C:\Users\niebl\OneDrive\Escritorio\Semestre\Inteligecia de Negocio\Proyecto Fase 2\BIProyecto\proyectobi(FINAL)\ETLdim_Tiempo.ktr]  Procesamiento finalizado (I=0, O=0, R=14976, W=14976, U=0, E=0)
2024-07-24 20:12:09.601 INFO  <Transformacion Dim_Tiempo - Extraccion dia mes> [C:\Users\niebl\OneDrive\Escritorio\Semestre\Inteligecia de Negocio\Proyecto Fase 2\BIProyecto\proyectobi(FINAL)\ETLdim_Tiempo.ktr]  Procesamiento finalizado (I=0, O=0, R=14976, W=14976, U=0, E=0)
2024-07-24 20:12:09.606 INFO  <Transformacion Dim_Tiempo - Extraccion dia semana> [C:\Users\niebl\OneDrive\Escritorio\Semestre\Inteligecia de Negocio\Proyecto Fase 2\BIProyecto\proyectobi(FINAL)\ETLdim_Tiempo.ktr]  Procesamiento finalizado (I=0, O=0, R=14976, W=14976, U=0, E=0)
2024-07-24 20:12:09.698 INFO  <Transformacion Dim_Tiempo - Extraccion semana> [C:\Users\niebl\OneDrive\Escritorio\Semestre\Inteligecia de Negocio\Proyecto Fase 2\BIProyecto\proyectobi(FINAL)\ETLdim_Tiempo.ktr]  Procesamiento finalizado (I=0, O=0, R=14976, W=14976, U=0, E=0)
2024-07-24 20:12:09.703 INFO  <Transformacion Dim_Tiempo - Mapeo de valores Des_dia_semana> [C:\Users\niebl\OneDrive\Escritorio\Semestre\Inteligecia de Negocio\Proyecto Fase 2\BIProyecto\proyectobi(FINAL)\ETLdim_Tiempo.ktr]  Procesamiento finalizado (I=0, O=0, R=14976, W=14976, U=0, E=0)
2024-07-24 20:12:09.709 INFO  <Transformacion Dim_Tiempo - Mapeo de valores desc_dia_semana_corta> [C:\Users\niebl\OneDrive\Escritorio\Semestre\Inteligecia de Negocio\Proyecto Fase 2\BIProyecto\proyectobi(FINAL)\ETLdim_Tiempo.ktr]  Procesamiento finalizado (I=0, O=0, R=14976, W=14976, U=0, E=0)
2024-07-24 20:12:09.714 INFO  <Transformacion Dim_Tiempo - Mapeo de valores desc_mes> [C:\Users\niebl\OneDrive\Escritorio\Semestre\Inteligecia de Negocio\Proyecto Fase 2\BIProyecto\proyectobi(FINAL)\ETLdim_Tiempo.ktr]  Procesamiento finalizado (I=0, O=0, R=14976, W=14976, U=0, E=0)
2024-07-24 20:12:09.719 INFO  <Transformacion Dim_Tiempo - Mapeo de valores desc_mes_corta> [C:\Users\niebl\OneDrive\Escritorio\Semestre\Inteligecia de Negocio\Proyecto Fase 2\BIProyecto\proyectobi(FINAL)\ETLdim_Tiempo.ktr]  Procesamiento finalizado (I=0, O=0, R=14976, W=14976, U=0, E=0)
2024-07-24 20:12:09.724 INFO  <Transformacion Dim_Tiempo - Formula desc_trimestre> [C:\Users\niebl\OneDrive\Escritorio\Semestre\Inteligecia de Negocio\Proyecto Fase 2\BIProyecto\proyectobi(FINAL)\ETLdim_Tiempo.ktr]  Procesamiento finalizado (I=0, O=0, R=14976, W=14976, U=0, E=0)
2024-07-24 20:12:09.728 INFO  <Transformacion Dim_Tiempo - Formula desc_semestre> [C:\Users\niebl\OneDrive\Escritorio\Semestre\Inteligecia de Negocio\Proyecto Fase 2\BIProyecto\proyectobi(FINAL)\ETLdim_Tiempo.ktr]  Procesamiento finalizado (I=0, O=0, R=14976, W=14976, U=0, E=0)
2024-07-24 20:12:09.759 INFO  <Transformacion Dim_Tiempo - Añadir secuencia sk_dim_tiempo> [C:\Users\niebl\OneDrive\Escritorio\Semestre\Inteligecia de Negocio\Proyecto Fase 2\BIProyecto\proyectobi(FINAL)\ETLdim_Tiempo.ktr]  Procesamiento finalizado (I=0, O=0, R=14976, W=14976, U=0, E=0)
2024-07-24 20:21:31.563 INFO  <Thread-1661> [C:\Users\niebl\OneDrive\Escritorio\Semestre\Inteligecia de Negocio\Proyecto Fase 2\BIProyecto\proyectobi(FINAL)\ETLdim_Contrato.ktr]  Iniciado despacho de la transformaci?n [Transformacion_ContratoLF]
2024-07-24 20:21:32.118 INFO  <Transformacion_ContratoLF - Entrada Tabla> [C:\Users\niebl\OneDrive\Escritorio\Semestre\Inteligecia de Negocio\Proyecto Fase 2\BIProyecto\proyectobi(FINAL)\ETLdim_Contrato.ktr]  Finished reading query, closing connection
2024-07-24 20:21:32.140 INFO  <Transformacion_ContratoLF - Add sequence sk_dim_contrato> [C:\Users\niebl\OneDrive\Escritorio\Semestre\Inteligecia de Negocio\Proyecto Fase 2\BIProyecto\proyectobi(FINAL)\ETLdim_Contrato.ktr]  Procesamiento finalizado (I=0, O=0, R=1000, W=1000, U=0, E=0)
2024-07-24 20:21:32.232 INFO  <Transformacion_ContratoLF - Entrada Tabla> [C:\Users\niebl\OneDrive\Escritorio\Semestre\Inteligecia de Negocio\Proyecto Fase 2\BIProyecto\proyectobi(FINAL)\ETLdim_Contrato.ktr]  Procesamiento finalizado (I=1000, O=0, R=0, W=1000, U=0, E=0)
2024-07-24 20:21:37.452 INFO  <Thread-1668> [C:\Users\niebl\OneDrive\Escritorio\Semestre\Inteligecia de Negocio\Proyecto Fase 2\BIProyecto\proyectobi(FINAL)\ETLdim_Contrato.ktr]  Iniciado despacho de la transformaci?n [Transformacion_ContratoLF]
2024-07-24 20:21:37.535 INFO  <init of Salida Tabla.0 (Thread-1671)> [C:\Users\niebl\OneDrive\Escritorio\Semestre\Inteligecia de Negocio\Proyecto Fase 2\BIProyecto\proyectobi(FINAL)\ETLdim_Contrato.ktr]  Connected to database [PostgresConexion] (commit=1000)
2024-07-24 20:21:37.551 INFO  <Transformacion_ContratoLF - Entrada Tabla> [C:\Users\niebl\OneDrive\Escritorio\Semestre\Inteligecia de Negocio\Proyecto Fase 2\BIProyecto\proyectobi(FINAL)\ETLdim_Contrato.ktr]  Finished reading query, closing connection
2024-07-24 20:21:37.552 INFO  <Transformacion_ContratoLF - Entrada Tabla> [C:\Users\niebl\OneDrive\Escritorio\Semestre\Inteligecia de Negocio\Proyecto Fase 2\BIProyecto\proyectobi(FINAL)\ETLdim_Contrato.ktr]  Procesamiento finalizado (I=1000, O=0, R=0, W=1000, U=0, E=0)
2024-07-24 20:21:37.582 INFO  <Transformacion_ContratoLF - Add sequence sk_dim_contrato> [C:\Users\niebl\OneDrive\Escritorio\Semestre\Inteligecia de Negocio\Proyecto Fase 2\BIProyecto\proyectobi(FINAL)\ETLdim_Contrato.ktr]  Procesamiento finalizado (I=0, O=0, R=1000, W=1000, U=0, E=0)
2024-07-24 20:21:37.743 ERROR <Transformacion_ContratoLF - Salida Tabla> [C:\Users\niebl\OneDrive\Escritorio\Semestre\Inteligecia de Negocio\Proyecto Fase 2\BIProyecto\proyectobi(FINAL)\ETLdim_Contrato.ktr]  Because of an error, this step can't continue: 
2024-07-24 20:21:37.743 ERROR <Transformacion_ContratoLF - Salida Tabla> [C:\Users\niebl\OneDrive\Escritorio\Semestre\Inteligecia de Negocio\Proyecto Fase 2\BIProyecto\proyectobi(FINAL)\ETLdim_Contrato.ktr]  org.pentaho.di.core.exception.KettleException: 
Error inserting row into table [dim_contrato] with values: [1], [CONTRATO_1329], [1]

Error inserting/updating row
ERROR: llave duplicada viola restricción de unicidad «pk_dim_contrato»
  Detail: Ya existe la llave (sk_dim_contrato)=(1).


	at org.pentaho.di.trans.steps.tableoutput.TableOutput.writeToTable(TableOutput.java:384)
	at org.pentaho.di.trans.steps.tableoutput.TableOutput.processRow(TableOutput.java:125)
	at org.pentaho.di.trans.step.RunThread.run(RunThread.java:62)
	at java.lang.Thread.run(Thread.java:748)
Caused by: org.pentaho.di.core.exception.KettleDatabaseException: 
Error inserting/updating row
ERROR: llave duplicada viola restricción de unicidad «pk_dim_contrato»
  Detail: Ya existe la llave (sk_dim_contrato)=(1).

	at org.pentaho.di.core.database.Database.insertRow(Database.java:1335)
	at org.pentaho.di.trans.steps.tableoutput.TableOutput.writeToTable(TableOutput.java:262)
	... 3 more
Caused by: org.postgresql.util.PSQLException: ERROR: llave duplicada viola restricción de unicidad «pk_dim_contrato»
  Detail: Ya existe la llave (sk_dim_contrato)=(1).
	at org.postgresql.core.v3.QueryExecutorImpl.receiveErrorResponse(QueryExecutorImpl.java:2552)
	at org.postgresql.core.v3.QueryExecutorImpl.processResults(QueryExecutorImpl.java:2284)
	at org.postgresql.core.v3.QueryExecutorImpl.execute(QueryExecutorImpl.java:322)
	at org.postgresql.jdbc.PgStatement.executeInternal(PgStatement.java:481)
	at org.postgresql.jdbc.PgStatement.execute(PgStatement.java:401)
	at org.postgresql.jdbc.PgPreparedStatement.executeWithFlags(PgPreparedStatement.java:164)
	at org.postgresql.jdbc.PgPreparedStatement.executeUpdate(PgPreparedStatement.java:130)
	at org.pentaho.di.core.database.Database.insertRow(Database.java:1302)
	... 4 more

2024-07-24 20:21:37.744 INFO  <Transformacion_ContratoLF - Salida Tabla> [C:\Users\niebl\OneDrive\Escritorio\Semestre\Inteligecia de Negocio\Proyecto Fase 2\BIProyecto\proyectobi(FINAL)\ETLdim_Contrato.ktr]  Procesamiento finalizado (I=0, O=0, R=1, W=0, U=0, E=1)
2024-07-24 20:21:37.745 ERROR <Transformacion_ContratoLF - Salida Tabla> [C:\Users\niebl\OneDrive\Escritorio\Semestre\Inteligecia de Negocio\Proyecto Fase 2\BIProyecto\proyectobi(FINAL)\ETLdim_Contrato.ktr]  Errores detectados!
2024-07-24 20:21:37.745 ERROR <Transformacion_ContratoLF - Salida Tabla> [C:\Users\niebl\OneDrive\Escritorio\Semestre\Inteligecia de Negocio\Proyecto Fase 2\BIProyecto\proyectobi(FINAL)\ETLdim_Contrato.ktr]  Errores detectados!
2024-07-24 20:21:37.761 ERROR <Transformacion_ContratoLF - Salida Tabla> [C:\Users\niebl\OneDrive\Escritorio\Semestre\Inteligecia de Negocio\Proyecto Fase 2\BIProyecto\proyectobi(FINAL)\ETLdim_Contrato.ktr]  Errores detectados!
2024-07-24 20:21:37.785 WARN  <Transformacion_ContratoLF - Salida Tabla> [C:\Users\niebl\OneDrive\Escritorio\Semestre\Inteligecia de Negocio\Proyecto Fase 2\BIProyecto\proyectobi(FINAL)\ETLdim_Contrato.ktr]  Transformaci?n detectada 
2024-07-24 20:21:37.785 WARN  <Transformacion_ContratoLF - Salida Tabla> [C:\Users\niebl\OneDrive\Escritorio\Semestre\Inteligecia de Negocio\Proyecto Fase 2\BIProyecto\proyectobi(FINAL)\ETLdim_Contrato.ktr]  Transformaci?n est? matando los otros pasos!
2024-07-24 20:29:29.268 INFO  <Thread-1677> [C:\Users\niebl\OneDrive\Escritorio\Semestre\Inteligecia de Negocio\Proyecto Fase 2\BIProyecto\proyectobi(FINAL)\ETLdim_Contrato.ktr]  Iniciado despacho de la transformaci?n [Transformacion_ContratoLF]
2024-07-24 20:29:29.362 INFO  <init of Salida Tabla.0 (Thread-1680)> [C:\Users\niebl\OneDrive\Escritorio\Semestre\Inteligecia de Negocio\Proyecto Fase 2\BIProyecto\proyectobi(FINAL)\ETLdim_Contrato.ktr]  Connected to database [PostgresConexion] (commit=1000)
2024-07-24 20:29:29.376 INFO  <Transformacion_ContratoLF - Entrada Tabla> [C:\Users\niebl\OneDrive\Escritorio\Semestre\Inteligecia de Negocio\Proyecto Fase 2\BIProyecto\proyectobi(FINAL)\ETLdim_Contrato.ktr]  Finished reading query, closing connection
2024-07-24 20:29:29.377 INFO  <Transformacion_ContratoLF - Entrada Tabla> [C:\Users\niebl\OneDrive\Escritorio\Semestre\Inteligecia de Negocio\Proyecto Fase 2\BIProyecto\proyectobi(FINAL)\ETLdim_Contrato.ktr]  Procesamiento finalizado (I=1000, O=0, R=0, W=1000, U=0, E=0)
2024-07-24 20:29:29.404 INFO  <Transformacion_ContratoLF - Add sequence sk_dim_contrato> [C:\Users\niebl\OneDrive\Escritorio\Semestre\Inteligecia de Negocio\Proyecto Fase 2\BIProyecto\proyectobi(FINAL)\ETLdim_Contrato.ktr]  Procesamiento finalizado (I=0, O=0, R=1000, W=1000, U=0, E=0)
2024-07-24 20:29:29.561 INFO  <Transformacion_ContratoLF - Salida Tabla> [C:\Users\niebl\OneDrive\Escritorio\Semestre\Inteligecia de Negocio\Proyecto Fase 2\BIProyecto\proyectobi(FINAL)\ETLdim_Contrato.ktr]  Procesamiento finalizado (I=0, O=1000, R=1000, W=1000, U=0, E=0)
2024-07-24 20:31:23.470 WARN  <Thread-1685> [C:\Users\niebl\OneDrive\Escritorio\Semestre\Inteligecia de Negocio\Proyecto Fase 2\BIProyecto\proyectobi(FINAL)\Job_dim_fact.kjb]  Start of job execution
2024-07-24 20:31:23.471 INFO  <Thread-1685> [C:\Users\niebl\OneDrive\Escritorio\Semestre\Inteligecia de Negocio\Proyecto Fase 2\BIProyecto\proyectobi(FINAL)\Job_dim_fact.kjb]  Starting entry [ETL dim_tiempo]
2024-07-24 20:31:23.501 INFO  <Thread-1685> [C:\Users\niebl\OneDrive\Escritorio\Semestre\Inteligecia de Negocio\Proyecto Fase 2\BIProyecto\proyectobi(FINAL)\Job_dim_fact.kjb]  Using run configuration [Pentaho local]
2024-07-24 20:31:23.502 INFO  <Thread-1685> [C:\Users\niebl\OneDrive\Escritorio\Semestre\Inteligecia de Negocio\Proyecto Fase 2\BIProyecto\proyectobi(FINAL)\Job_dim_fact.kjb  C:\proyectobi\ETLdim_Tiempo.ktr]  Iniciado despacho de la transformaci?n [Transformacion Dim_Tiempo]
2024-07-24 20:31:23.578 INFO  <init of Salida Tabla dim_tiempo.0 (Thread-1699)> [C:\Users\niebl\OneDrive\Escritorio\Semestre\Inteligecia de Negocio\Proyecto Fase 2\BIProyecto\proyectobi(FINAL)\Job_dim_fact.kjb  C:\proyectobi\ETLdim_Tiempo.ktr]  Connected to database [Postgres] (commit=1000)
2024-07-24 20:31:23.599 INFO  <Transformacion Dim_Tiempo - Generate rows> [C:\Users\niebl\OneDrive\Escritorio\Semestre\Inteligecia de Negocio\Proyecto Fase 2\BIProyecto\proyectobi(FINAL)\Job_dim_fact.kjb  C:\proyectobi\ETLdim_Tiempo.ktr]  Procesamiento finalizado (I=0, O=0, R=0, W=14976, U=0, E=0)
2024-07-24 20:31:23.615 INFO  <Transformacion Dim_Tiempo - suma_dias> [C:\Users\niebl\OneDrive\Escritorio\Semestre\Inteligecia de Negocio\Proyecto Fase 2\BIProyecto\proyectobi(FINAL)\Job_dim_fact.kjb  C:\proyectobi\ETLdim_Tiempo.ktr]  Procesamiento finalizado (I=0, O=0, R=14976, W=14976, U=0, E=0)
2024-07-24 20:31:23.668 INFO  <Transformacion Dim_Tiempo - Calculator> [C:\Users\niebl\OneDrive\Escritorio\Semestre\Inteligecia de Negocio\Proyecto Fase 2\BIProyecto\proyectobi(FINAL)\Job_dim_fact.kjb  C:\proyectobi\ETLdim_Tiempo.ktr]  Procesamiento finalizado (I=0, O=0, R=14976, W=14976, U=0, E=0)
2024-07-24 20:31:23.694 INFO  <Transformacion Dim_Tiempo - Select values> [C:\Users\niebl\OneDrive\Escritorio\Semestre\Inteligecia de Negocio\Proyecto Fase 2\BIProyecto\proyectobi(FINAL)\Job_dim_fact.kjb  C:\proyectobi\ETLdim_Tiempo.ktr]  Procesamiento finalizado (I=0, O=0, R=14976, W=14976, U=0, E=0)
2024-07-24 20:31:23.845 INFO  <Transformacion Dim_Tiempo - Extraccion de año> [C:\Users\niebl\OneDrive\Escritorio\Semestre\Inteligecia de Negocio\Proyecto Fase 2\BIProyecto\proyectobi(FINAL)\Job_dim_fact.kjb  C:\proyectobi\ETLdim_Tiempo.ktr]  Procesamiento finalizado (I=0, O=0, R=14976, W=14976, U=0, E=0)
2024-07-24 20:31:23.852 INFO  <Transformacion Dim_Tiempo - Extraccion de mes> [C:\Users\niebl\OneDrive\Escritorio\Semestre\Inteligecia de Negocio\Proyecto Fase 2\BIProyecto\proyectobi(FINAL)\Job_dim_fact.kjb  C:\proyectobi\ETLdim_Tiempo.ktr]  Procesamiento finalizado (I=0, O=0, R=14976, W=14976, U=0, E=0)
2024-07-24 20:31:23.863 INFO  <Transformacion Dim_Tiempo - Extraccion dia año> [C:\Users\niebl\OneDrive\Escritorio\Semestre\Inteligecia de Negocio\Proyecto Fase 2\BIProyecto\proyectobi(FINAL)\Job_dim_fact.kjb  C:\proyectobi\ETLdim_Tiempo.ktr]  Procesamiento finalizado (I=0, O=0, R=14976, W=14976, U=0, E=0)
2024-07-24 20:31:24.063 INFO  <Transformacion Dim_Tiempo - Extraccion dia mes> [C:\Users\niebl\OneDrive\Escritorio\Semestre\Inteligecia de Negocio\Proyecto Fase 2\BIProyecto\proyectobi(FINAL)\Job_dim_fact.kjb  C:\proyectobi\ETLdim_Tiempo.ktr]  Procesamiento finalizado (I=0, O=0, R=14976, W=14976, U=0, E=0)
2024-07-24 20:31:24.069 INFO  <Transformacion Dim_Tiempo - Extraccion dia semana> [C:\Users\niebl\OneDrive\Escritorio\Semestre\Inteligecia de Negocio\Proyecto Fase 2\BIProyecto\proyectobi(FINAL)\Job_dim_fact.kjb  C:\proyectobi\ETLdim_Tiempo.ktr]  Procesamiento finalizado (I=0, O=0, R=14976, W=14976, U=0, E=0)
2024-07-24 20:31:24.076 INFO  <Transformacion Dim_Tiempo - Extraccion semana> [C:\Users\niebl\OneDrive\Escritorio\Semestre\Inteligecia de Negocio\Proyecto Fase 2\BIProyecto\proyectobi(FINAL)\Job_dim_fact.kjb  C:\proyectobi\ETLdim_Tiempo.ktr]  Procesamiento finalizado (I=0, O=0, R=14976, W=14976, U=0, E=0)
2024-07-24 20:31:24.080 INFO  <Transformacion Dim_Tiempo - Mapeo de valores Des_dia_semana> [C:\Users\niebl\OneDrive\Escritorio\Semestre\Inteligecia de Negocio\Proyecto Fase 2\BIProyecto\proyectobi(FINAL)\Job_dim_fact.kjb  C:\proyectobi\ETLdim_Tiempo.ktr]  Procesamiento finalizado (I=0, O=0, R=14976, W=14976, U=0, E=0)
2024-07-24 20:31:24.085 INFO  <Transformacion Dim_Tiempo - Mapeo de valores desc_dia_semana_corta> [C:\Users\niebl\OneDrive\Escritorio\Semestre\Inteligecia de Negocio\Proyecto Fase 2\BIProyecto\proyectobi(FINAL)\Job_dim_fact.kjb  C:\proyectobi\ETLdim_Tiempo.ktr]  Procesamiento finalizado (I=0, O=0, R=14976, W=14976, U=0, E=0)
2024-07-24 20:31:24.089 INFO  <Transformacion Dim_Tiempo - Mapeo de valores desc_mes> [C:\Users\niebl\OneDrive\Escritorio\Semestre\Inteligecia de Negocio\Proyecto Fase 2\BIProyecto\proyectobi(FINAL)\Job_dim_fact.kjb  C:\proyectobi\ETLdim_Tiempo.ktr]  Procesamiento finalizado (I=0, O=0, R=14976, W=14976, U=0, E=0)
2024-07-24 20:31:24.094 INFO  <Transformacion Dim_Tiempo - Mapeo de valores desc_mes_corta> [C:\Users\niebl\OneDrive\Escritorio\Semestre\Inteligecia de Negocio\Proyecto Fase 2\BIProyecto\proyectobi(FINAL)\Job_dim_fact.kjb  C:\proyectobi\ETLdim_Tiempo.ktr]  Procesamiento finalizado (I=0, O=0, R=14976, W=14976, U=0, E=0)
2024-07-24 20:31:24.098 INFO  <Transformacion Dim_Tiempo - Formula desc_trimestre> [C:\Users\niebl\OneDrive\Escritorio\Semestre\Inteligecia de Negocio\Proyecto Fase 2\BIProyecto\proyectobi(FINAL)\Job_dim_fact.kjb  C:\proyectobi\ETLdim_Tiempo.ktr]  Procesamiento finalizado (I=0, O=0, R=14976, W=14976, U=0, E=0)
2024-07-24 20:31:24.102 INFO  <Transformacion Dim_Tiempo - Formula desc_semestre> [C:\Users\niebl\OneDrive\Escritorio\Semestre\Inteligecia de Negocio\Proyecto Fase 2\BIProyecto\proyectobi(FINAL)\Job_dim_fact.kjb  C:\proyectobi\ETLdim_Tiempo.ktr]  Procesamiento finalizado (I=0, O=0, R=14976, W=14976, U=0, E=0)
2024-07-24 20:31:24.815 INFO  <Transformacion Dim_Tiempo - Añadir secuencia sk_dim_tiempo> [C:\Users\niebl\OneDrive\Escritorio\Semestre\Inteligecia de Negocio\Proyecto Fase 2\BIProyecto\proyectobi(FINAL)\Job_dim_fact.kjb  C:\proyectobi\ETLdim_Tiempo.ktr]  Procesamiento finalizado (I=0, O=0, R=14976, W=14976, U=0, E=0)
2024-07-24 20:31:26.381 INFO  <Transformacion Dim_Tiempo - Salida Tabla dim_tiempo> [C:\Users\niebl\OneDrive\Escritorio\Semestre\Inteligecia de Negocio\Proyecto Fase 2\BIProyecto\proyectobi(FINAL)\Job_dim_fact.kjb  C:\proyectobi\ETLdim_Tiempo.ktr]  Procesamiento finalizado (I=0, O=14976, R=14976, W=14976, U=0, E=0)
2024-07-24 20:31:26.382 INFO  <Thread-1685> [C:\Users\niebl\OneDrive\Escritorio\Semestre\Inteligecia de Negocio\Proyecto Fase 2\BIProyecto\proyectobi(FINAL)\Job_dim_fact.kjb]  Starting entry [ETL dim_producto]
2024-07-24 20:31:26.408 INFO  <Thread-1685> [C:\Users\niebl\OneDrive\Escritorio\Semestre\Inteligecia de Negocio\Proyecto Fase 2\BIProyecto\proyectobi(FINAL)\Job_dim_fact.kjb]  Using run configuration [Pentaho local]
2024-07-24 20:31:26.409 INFO  <Thread-1685> [C:\Users\niebl\OneDrive\Escritorio\Semestre\Inteligecia de Negocio\Proyecto Fase 2\BIProyecto\proyectobi(FINAL)\Job_dim_fact.kjb  C:\proyectobi\ETLdim_Producto.ktr]  Iniciado despacho de la transformaci?n [Transformacion ProductoLF]
2024-07-24 20:31:26.514 INFO  <init of Salida Tabla.0 (Thread-1728)> [C:\Users\niebl\OneDrive\Escritorio\Semestre\Inteligecia de Negocio\Proyecto Fase 2\BIProyecto\proyectobi(FINAL)\Job_dim_fact.kjb  C:\proyectobi\ETLdim_Producto.ktr]  Connected to database [Postgres] (commit=1000)
2024-07-24 20:31:26.525 INFO  <Transformacion ProductoLF - Entrada Tabla Tipo Producto> [C:\Users\niebl\OneDrive\Escritorio\Semestre\Inteligecia de Negocio\Proyecto Fase 2\BIProyecto\proyectobi(FINAL)\Job_dim_fact.kjb  C:\proyectobi\ETLdim_Producto.ktr]  Finished reading query, closing connection
2024-07-24 20:31:26.525 INFO  <Transformacion ProductoLF - Entrada Tabla Producto> [C:\Users\niebl\OneDrive\Escritorio\Semestre\Inteligecia de Negocio\Proyecto Fase 2\BIProyecto\proyectobi(FINAL)\Job_dim_fact.kjb  C:\proyectobi\ETLdim_Producto.ktr]  Finished reading query, closing connection
2024-07-24 20:31:26.525 INFO  <Transformacion ProductoLF - Entrada Tabla Tipo Producto> [C:\Users\niebl\OneDrive\Escritorio\Semestre\Inteligecia de Negocio\Proyecto Fase 2\BIProyecto\proyectobi(FINAL)\Job_dim_fact.kjb  C:\proyectobi\ETLdim_Producto.ktr]  Procesamiento finalizado (I=4, O=0, R=0, W=4, U=0, E=0)
2024-07-24 20:31:26.526 INFO  <Transformacion ProductoLF - Entrada Tabla Producto> [C:\Users\niebl\OneDrive\Escritorio\Semestre\Inteligecia de Negocio\Proyecto Fase 2\BIProyecto\proyectobi(FINAL)\Job_dim_fact.kjb  C:\proyectobi\ETLdim_Producto.ktr]  Procesamiento finalizado (I=30, O=0, R=0, W=30, U=0, E=0)
2024-07-24 20:31:26.534 INFO  <Transformacion ProductoLF - Ordenar filas 2> [C:\Users\niebl\OneDrive\Escritorio\Semestre\Inteligecia de Negocio\Proyecto Fase 2\BIProyecto\proyectobi(FINAL)\Job_dim_fact.kjb  C:\proyectobi\ETLdim_Producto.ktr]  Procesamiento finalizado (I=0, O=0, R=30, W=30, U=0, E=0)
2024-07-24 20:31:26.536 INFO  <Transformacion ProductoLF - Ordenar filas> [C:\Users\niebl\OneDrive\Escritorio\Semestre\Inteligecia de Negocio\Proyecto Fase 2\BIProyecto\proyectobi(FINAL)\Job_dim_fact.kjb  C:\proyectobi\ETLdim_Producto.ktr]  Procesamiento finalizado (I=0, O=0, R=4, W=4, U=0, E=0)
2024-07-24 20:31:26.842 INFO  <Transformacion ProductoLF - Unión por clave> [C:\Users\niebl\OneDrive\Escritorio\Semestre\Inteligecia de Negocio\Proyecto Fase 2\BIProyecto\proyectobi(FINAL)\Job_dim_fact.kjb  C:\proyectobi\ETLdim_Producto.ktr]  Procesamiento finalizado (I=0, O=0, R=34, W=30, U=0, E=0)
2024-07-24 20:31:26.847 INFO  <Transformacion ProductoLF - Ordenar filas 3> [C:\Users\niebl\OneDrive\Escritorio\Semestre\Inteligecia de Negocio\Proyecto Fase 2\BIProyecto\proyectobi(FINAL)\Job_dim_fact.kjb  C:\proyectobi\ETLdim_Producto.ktr]  Procesamiento finalizado (I=0, O=0, R=30, W=30, U=0, E=0)
2024-07-24 20:31:26.851 INFO  <Transformacion ProductoLF - Add sequence sk_dim_producto> [C:\Users\niebl\OneDrive\Escritorio\Semestre\Inteligecia de Negocio\Proyecto Fase 2\BIProyecto\proyectobi(FINAL)\Job_dim_fact.kjb  C:\proyectobi\ETLdim_Producto.ktr]  Procesamiento finalizado (I=0, O=0, R=30, W=30, U=0, E=0)
2024-07-24 20:31:26.868 INFO  <Transformacion ProductoLF - Strings cut> [C:\Users\niebl\OneDrive\Escritorio\Semestre\Inteligecia de Negocio\Proyecto Fase 2\BIProyecto\proyectobi(FINAL)\Job_dim_fact.kjb  C:\proyectobi\ETLdim_Producto.ktr]  Procesamiento finalizado (I=0, O=0, R=30, W=30, U=0, E=0)
2024-07-24 20:31:26.899 INFO  <Transformacion ProductoLF - Salida Tabla> [C:\Users\niebl\OneDrive\Escritorio\Semestre\Inteligecia de Negocio\Proyecto Fase 2\BIProyecto\proyectobi(FINAL)\Job_dim_fact.kjb  C:\proyectobi\ETLdim_Producto.ktr]  Procesamiento finalizado (I=0, O=30, R=30, W=30, U=0, E=0)
2024-07-24 20:31:26.901 INFO  <Thread-1685> [C:\Users\niebl\OneDrive\Escritorio\Semestre\Inteligecia de Negocio\Proyecto Fase 2\BIProyecto\proyectobi(FINAL)\Job_dim_fact.kjb]  Starting entry [ETL dim_cliente]
2024-07-24 20:31:26.917 INFO  <Thread-1685> [C:\Users\niebl\OneDrive\Escritorio\Semestre\Inteligecia de Negocio\Proyecto Fase 2\BIProyecto\proyectobi(FINAL)\Job_dim_fact.kjb]  Using run configuration [Pentaho local]
2024-07-24 20:31:26.918 INFO  <Thread-1685> [C:\Users\niebl\OneDrive\Escritorio\Semestre\Inteligecia de Negocio\Proyecto Fase 2\BIProyecto\proyectobi(FINAL)\Job_dim_fact.kjb  C:\proyectobi\ETLdim_Cliente.ktr]  Iniciado despacho de la transformaci?n [Transformacion ClienteLF]
2024-07-24 20:31:26.999 INFO  <init of Salida Tabla.0 (Thread-1742)> [C:\Users\niebl\OneDrive\Escritorio\Semestre\Inteligecia de Negocio\Proyecto Fase 2\BIProyecto\proyectobi(FINAL)\Job_dim_fact.kjb  C:\proyectobi\ETLdim_Cliente.ktr]  Connected to database [Postgres] (commit=1000)
2024-07-24 20:31:27.012 INFO  <Transformacion ClienteLF - Entrada Tabla> [C:\Users\niebl\OneDrive\Escritorio\Semestre\Inteligecia de Negocio\Proyecto Fase 2\BIProyecto\proyectobi(FINAL)\Job_dim_fact.kjb  C:\proyectobi\ETLdim_Cliente.ktr]  Finished reading query, closing connection
2024-07-24 20:31:27.013 INFO  <Transformacion ClienteLF - Entrada Tabla> [C:\Users\niebl\OneDrive\Escritorio\Semestre\Inteligecia de Negocio\Proyecto Fase 2\BIProyecto\proyectobi(FINAL)\Job_dim_fact.kjb  C:\proyectobi\ETLdim_Cliente.ktr]  Procesamiento finalizado (I=300, O=0, R=0, W=300, U=0, E=0)
2024-07-24 20:31:27.040 INFO  <Transformacion ClienteLF - Add sequence Sk_dim_cliente> [C:\Users\niebl\OneDrive\Escritorio\Semestre\Inteligecia de Negocio\Proyecto Fase 2\BIProyecto\proyectobi(FINAL)\Job_dim_fact.kjb  C:\proyectobi\ETLdim_Cliente.ktr]  Procesamiento finalizado (I=0, O=0, R=300, W=300, U=0, E=0)
2024-07-24 20:31:27.059 INFO  <Transformacion ClienteLF - Salida Tabla> [C:\Users\niebl\OneDrive\Escritorio\Semestre\Inteligecia de Negocio\Proyecto Fase 2\BIProyecto\proyectobi(FINAL)\Job_dim_fact.kjb  C:\proyectobi\ETLdim_Cliente.ktr]  Procesamiento finalizado (I=0, O=300, R=300, W=300, U=0, E=0)
2024-07-24 20:31:27.060 INFO  <Thread-1685> [C:\Users\niebl\OneDrive\Escritorio\Semestre\Inteligecia de Negocio\Proyecto Fase 2\BIProyecto\proyectobi(FINAL)\Job_dim_fact.kjb]  Starting entry [ETL dim_eval_servicio]
2024-07-24 20:31:27.077 INFO  <Thread-1685> [C:\Users\niebl\OneDrive\Escritorio\Semestre\Inteligecia de Negocio\Proyecto Fase 2\BIProyecto\proyectobi(FINAL)\Job_dim_fact.kjb]  Using run configuration [Pentaho local]
2024-07-24 20:31:27.078 INFO  <Thread-1685> [C:\Users\niebl\OneDrive\Escritorio\Semestre\Inteligecia de Negocio\Proyecto Fase 2\BIProyecto\proyectobi(FINAL)\Job_dim_fact.kjb  C:\proyectobi\ETLdim_Evaluacion_Servicio.ktr]  Iniciado despacho de la transformaci?n [Transformacion Evaluacion ServicioLF]
2024-07-24 20:31:27.156 INFO  <init of Salida Tabla dim_evaluacion_servicio.0 (Thread-1748)> [C:\Users\niebl\OneDrive\Escritorio\Semestre\Inteligecia de Negocio\Proyecto Fase 2\BIProyecto\proyectobi(FINAL)\Job_dim_fact.kjb  C:\proyectobi\ETLdim_Evaluacion_Servicio.ktr]  Connected to database [Postgres] (commit=1000)
2024-07-24 20:31:27.261 INFO  <Transformacion Evaluacion ServicioLF - Entrada Tabla Evaluacion_Servicio> [C:\Users\niebl\OneDrive\Escritorio\Semestre\Inteligecia de Negocio\Proyecto Fase 2\BIProyecto\proyectobi(FINAL)\Job_dim_fact.kjb  C:\proyectobi\ETLdim_Evaluacion_Servicio.ktr]  Finished reading query, closing connection
2024-07-24 20:31:27.262 INFO  <Transformacion Evaluacion ServicioLF - Entrada Tabla Evaluacion_Servicio> [C:\Users\niebl\OneDrive\Escritorio\Semestre\Inteligecia de Negocio\Proyecto Fase 2\BIProyecto\proyectobi(FINAL)\Job_dim_fact.kjb  C:\proyectobi\ETLdim_Evaluacion_Servicio.ktr]  Procesamiento finalizado (I=6, O=0, R=0, W=6, U=0, E=0)
2024-07-24 20:31:27.277 INFO  <Transformacion Evaluacion ServicioLF - Add sequence sk_eval_serv> [C:\Users\niebl\OneDrive\Escritorio\Semestre\Inteligecia de Negocio\Proyecto Fase 2\BIProyecto\proyectobi(FINAL)\Job_dim_fact.kjb  C:\proyectobi\ETLdim_Evaluacion_Servicio.ktr]  Procesamiento finalizado (I=0, O=0, R=6, W=6, U=0, E=0)
2024-07-24 20:31:27.294 INFO  <Transformacion Evaluacion ServicioLF - Salida Tabla dim_evaluacion_servicio> [C:\Users\niebl\OneDrive\Escritorio\Semestre\Inteligecia de Negocio\Proyecto Fase 2\BIProyecto\proyectobi(FINAL)\Job_dim_fact.kjb  C:\proyectobi\ETLdim_Evaluacion_Servicio.ktr]  Procesamiento finalizado (I=0, O=6, R=6, W=6, U=0, E=0)
2024-07-24 20:31:27.296 INFO  <Thread-1685> [C:\Users\niebl\OneDrive\Escritorio\Semestre\Inteligecia de Negocio\Proyecto Fase 2\BIProyecto\proyectobi(FINAL)\Job_dim_fact.kjb]  Starting entry [ELT dim_contrato]
2024-07-24 20:31:27.313 INFO  <Thread-1685> [C:\Users\niebl\OneDrive\Escritorio\Semestre\Inteligecia de Negocio\Proyecto Fase 2\BIProyecto\proyectobi(FINAL)\Job_dim_fact.kjb]  Using run configuration [Pentaho local]
2024-07-24 20:31:27.313 INFO  <Thread-1685> [C:\Users\niebl\OneDrive\Escritorio\Semestre\Inteligecia de Negocio\Proyecto Fase 2\BIProyecto\proyectobi(FINAL)\Job_dim_fact.kjb  C:\proyectobi\ETLdim_Contrato.ktr]  Iniciado despacho de la transformaci?n [Transformacion_ContratoLF]
2024-07-24 20:31:27.394 INFO  <init of Salida Tabla.0 (Thread-1754)> [C:\Users\niebl\OneDrive\Escritorio\Semestre\Inteligecia de Negocio\Proyecto Fase 2\BIProyecto\proyectobi(FINAL)\Job_dim_fact.kjb  C:\proyectobi\ETLdim_Contrato.ktr]  Connected to database [PostgresConexion] (commit=1000)
2024-07-24 20:31:27.410 INFO  <Transformacion_ContratoLF - Entrada Tabla> [C:\Users\niebl\OneDrive\Escritorio\Semestre\Inteligecia de Negocio\Proyecto Fase 2\BIProyecto\proyectobi(FINAL)\Job_dim_fact.kjb  C:\proyectobi\ETLdim_Contrato.ktr]  Finished reading query, closing connection
2024-07-24 20:31:27.411 INFO  <Transformacion_ContratoLF - Entrada Tabla> [C:\Users\niebl\OneDrive\Escritorio\Semestre\Inteligecia de Negocio\Proyecto Fase 2\BIProyecto\proyectobi(FINAL)\Job_dim_fact.kjb  C:\proyectobi\ETLdim_Contrato.ktr]  Procesamiento finalizado (I=1000, O=0, R=0, W=1000, U=0, E=0)
2024-07-24 20:31:27.419 INFO  <Transformacion_ContratoLF - Add sequence sk_dim_contrato> [C:\Users\niebl\OneDrive\Escritorio\Semestre\Inteligecia de Negocio\Proyecto Fase 2\BIProyecto\proyectobi(FINAL)\Job_dim_fact.kjb  C:\proyectobi\ETLdim_Contrato.ktr]  Procesamiento finalizado (I=0, O=0, R=1000, W=1000, U=0, E=0)
2024-07-24 20:31:27.563 INFO  <Transformacion_ContratoLF - Salida Tabla> [C:\Users\niebl\OneDrive\Escritorio\Semestre\Inteligecia de Negocio\Proyecto Fase 2\BIProyecto\proyectobi(FINAL)\Job_dim_fact.kjb  C:\proyectobi\ETLdim_Contrato.ktr]  Procesamiento finalizado (I=0, O=1000, R=1000, W=1000, U=0, E=0)
2024-07-24 20:31:27.564 INFO  <Thread-1685> [C:\Users\niebl\OneDrive\Escritorio\Semestre\Inteligecia de Negocio\Proyecto Fase 2\BIProyecto\proyectobi(FINAL)\Job_dim_fact.kjb]  Starting entry [ETL dim_estado_contrato]
2024-07-24 20:31:27.591 INFO  <Thread-1685> [C:\Users\niebl\OneDrive\Escritorio\Semestre\Inteligecia de Negocio\Proyecto Fase 2\BIProyecto\proyectobi(FINAL)\Job_dim_fact.kjb]  Using run configuration [Pentaho local]
2024-07-24 20:31:27.591 INFO  <Thread-1685> [C:\Users\niebl\OneDrive\Escritorio\Semestre\Inteligecia de Negocio\Proyecto Fase 2\BIProyecto\proyectobi(FINAL)\Job_dim_fact.kjb  C:\proyectobi\ETLdim_Estado_Contrato.ktr]  Iniciado despacho de la transformaci?n [Transformacion Estado ContratoLF]
2024-07-24 20:31:27.708 INFO  <init of Salida Tabla dim_estado_contrato.0 (Thread-1763)> [C:\Users\niebl\OneDrive\Escritorio\Semestre\Inteligecia de Negocio\Proyecto Fase 2\BIProyecto\proyectobi(FINAL)\Job_dim_fact.kjb  C:\proyectobi\ETLdim_Estado_Contrato.ktr]  Connected to database [Postgres] (commit=1000)
2024-07-24 20:31:27.724 INFO  <Transformacion Estado ContratoLF - Entrada Tabla Estado Contrato> [C:\Users\niebl\OneDrive\Escritorio\Semestre\Inteligecia de Negocio\Proyecto Fase 2\BIProyecto\proyectobi(FINAL)\Job_dim_fact.kjb  C:\proyectobi\ETLdim_Estado_Contrato.ktr]  Finished reading query, closing connection
2024-07-24 20:31:27.724 INFO  <Transformacion Estado ContratoLF - Entrada Tabla Estado Contrato> [C:\Users\niebl\OneDrive\Escritorio\Semestre\Inteligecia de Negocio\Proyecto Fase 2\BIProyecto\proyectobi(FINAL)\Job_dim_fact.kjb  C:\proyectobi\ETLdim_Estado_Contrato.ktr]  Procesamiento finalizado (I=1000, O=0, R=0, W=1000, U=0, E=0)
2024-07-24 20:31:27.735 INFO  <Transformacion Estado ContratoLF - Seleccionar Estado Contrato> [C:\Users\niebl\OneDrive\Escritorio\Semestre\Inteligecia de Negocio\Proyecto Fase 2\BIProyecto\proyectobi(FINAL)\Job_dim_fact.kjb  C:\proyectobi\ETLdim_Estado_Contrato.ktr]  Procesamiento finalizado (I=0, O=0, R=1000, W=1000, U=0, E=0)
2024-07-24 20:31:27.767 INFO  <Transformacion Estado ContratoLF - Agrupar> [C:\Users\niebl\OneDrive\Escritorio\Semestre\Inteligecia de Negocio\Proyecto Fase 2\BIProyecto\proyectobi(FINAL)\Job_dim_fact.kjb  C:\proyectobi\ETLdim_Estado_Contrato.ktr]  Procesamiento finalizado (I=0, O=0, R=1000, W=3, U=0, E=0)
2024-07-24 20:31:27.770 INFO  <Transformacion Estado ContratoLF - Add sequence cod_estado> [C:\Users\niebl\OneDrive\Escritorio\Semestre\Inteligecia de Negocio\Proyecto Fase 2\BIProyecto\proyectobi(FINAL)\Job_dim_fact.kjb  C:\proyectobi\ETLdim_Estado_Contrato.ktr]  Procesamiento finalizado (I=0, O=0, R=3, W=3, U=0, E=0)
2024-07-24 20:31:27.775 INFO  <Transformacion Estado ContratoLF - Add sequence sk_dim_estado_contrato> [C:\Users\niebl\OneDrive\Escritorio\Semestre\Inteligecia de Negocio\Proyecto Fase 2\BIProyecto\proyectobi(FINAL)\Job_dim_fact.kjb  C:\proyectobi\ETLdim_Estado_Contrato.ktr]  Procesamiento finalizado (I=0, O=0, R=3, W=3, U=0, E=0)
2024-07-24 20:31:27.778 INFO  <Transformacion Estado ContratoLF - Salida Tabla dim_estado_contrato> [C:\Users\niebl\OneDrive\Escritorio\Semestre\Inteligecia de Negocio\Proyecto Fase 2\BIProyecto\proyectobi(FINAL)\Job_dim_fact.kjb  C:\proyectobi\ETLdim_Estado_Contrato.ktr]  Procesamiento finalizado (I=0, O=3, R=3, W=3, U=0, E=0)
2024-07-24 20:31:27.780 INFO  <Thread-1685> [C:\Users\niebl\OneDrive\Escritorio\Semestre\Inteligecia de Negocio\Proyecto Fase 2\BIProyecto\proyectobi(FINAL)\Job_dim_fact.kjb]  Starting entry [ETL dim_sucursal]
2024-07-24 20:31:27.798 INFO  <Thread-1685> [C:\Users\niebl\OneDrive\Escritorio\Semestre\Inteligecia de Negocio\Proyecto Fase 2\BIProyecto\proyectobi(FINAL)\Job_dim_fact.kjb]  Using run configuration [Pentaho local]
2024-07-24 20:31:27.798 INFO  <Thread-1685> [C:\Users\niebl\OneDrive\Escritorio\Semestre\Inteligecia de Negocio\Proyecto Fase 2\BIProyecto\proyectobi(FINAL)\Job_dim_fact.kjb  C:\proyectobi\ETLdim_Sucursal.ktr]  Iniciado despacho de la transformaci?n [Transformacion SucursalLF]
2024-07-24 20:31:27.911 INFO  <init of Salida Tabla.0 (Thread-1776)> [C:\Users\niebl\OneDrive\Escritorio\Semestre\Inteligecia de Negocio\Proyecto Fase 2\BIProyecto\proyectobi(FINAL)\Job_dim_fact.kjb  C:\proyectobi\ETLdim_Sucursal.ktr]  Connected to database [Postgres] (commit=1000)
2024-07-24 20:31:27.995 INFO  <Transformacion SucursalLF - Entrada Tabla Sucursal> [C:\Users\niebl\OneDrive\Escritorio\Semestre\Inteligecia de Negocio\Proyecto Fase 2\BIProyecto\proyectobi(FINAL)\Job_dim_fact.kjb  C:\proyectobi\ETLdim_Sucursal.ktr]  Finished reading query, closing connection
2024-07-24 20:31:27.995 INFO  <Transformacion SucursalLF - Entrada Tabla Pais> [C:\Users\niebl\OneDrive\Escritorio\Semestre\Inteligecia de Negocio\Proyecto Fase 2\BIProyecto\proyectobi(FINAL)\Job_dim_fact.kjb  C:\proyectobi\ETLdim_Sucursal.ktr]  Finished reading query, closing connection
2024-07-24 20:31:27.995 INFO  <Transformacion SucursalLF - Entrada Tabla Ciudad> [C:\Users\niebl\OneDrive\Escritorio\Semestre\Inteligecia de Negocio\Proyecto Fase 2\BIProyecto\proyectobi(FINAL)\Job_dim_fact.kjb  C:\proyectobi\ETLdim_Sucursal.ktr]  Finished reading query, closing connection
2024-07-24 20:31:27.996 INFO  <Transformacion SucursalLF - Entrada Tabla Sucursal> [C:\Users\niebl\OneDrive\Escritorio\Semestre\Inteligecia de Negocio\Proyecto Fase 2\BIProyecto\proyectobi(FINAL)\Job_dim_fact.kjb  C:\proyectobi\ETLdim_Sucursal.ktr]  Procesamiento finalizado (I=30, O=0, R=0, W=30, U=0, E=0)
2024-07-24 20:31:27.996 INFO  <Transformacion SucursalLF - Entrada Tabla Pais> [C:\Users\niebl\OneDrive\Escritorio\Semestre\Inteligecia de Negocio\Proyecto Fase 2\BIProyecto\proyectobi(FINAL)\Job_dim_fact.kjb  C:\proyectobi\ETLdim_Sucursal.ktr]  Procesamiento finalizado (I=30, O=0, R=0, W=30, U=0, E=0)
2024-07-24 20:31:27.997 INFO  <Transformacion SucursalLF - Entrada Tabla Ciudad> [C:\Users\niebl\OneDrive\Escritorio\Semestre\Inteligecia de Negocio\Proyecto Fase 2\BIProyecto\proyectobi(FINAL)\Job_dim_fact.kjb  C:\proyectobi\ETLdim_Sucursal.ktr]  Procesamiento finalizado (I=30, O=0, R=0, W=30, U=0, E=0)
2024-07-24 20:31:28.308 INFO  <Transformacion SucursalLF - Unión Sucursal-Pais> [C:\Users\niebl\OneDrive\Escritorio\Semestre\Inteligecia de Negocio\Proyecto Fase 2\BIProyecto\proyectobi(FINAL)\Job_dim_fact.kjb  C:\proyectobi\ETLdim_Sucursal.ktr]  Procesamiento finalizado (I=0, O=0, R=60, W=30, U=0, E=0)
2024-07-24 20:31:28.655 INFO  <Transformacion SucursalLF - Unión Sucursal-Pais-Ciudad> [C:\Users\niebl\OneDrive\Escritorio\Semestre\Inteligecia de Negocio\Proyecto Fase 2\BIProyecto\proyectobi(FINAL)\Job_dim_fact.kjb  C:\proyectobi\ETLdim_Sucursal.ktr]  Procesamiento finalizado (I=0, O=0, R=60, W=30, U=0, E=0)
2024-07-24 20:31:28.668 INFO  <Transformacion SucursalLF - Add sequence sk_dim_sucursal> [C:\Users\niebl\OneDrive\Escritorio\Semestre\Inteligecia de Negocio\Proyecto Fase 2\BIProyecto\proyectobi(FINAL)\Job_dim_fact.kjb  C:\proyectobi\ETLdim_Sucursal.ktr]  Procesamiento finalizado (I=0, O=0, R=30, W=30, U=0, E=0)
2024-07-24 20:31:28.687 INFO  <Transformacion SucursalLF - Salida Tabla> [C:\Users\niebl\OneDrive\Escritorio\Semestre\Inteligecia de Negocio\Proyecto Fase 2\BIProyecto\proyectobi(FINAL)\Job_dim_fact.kjb  C:\proyectobi\ETLdim_Sucursal.ktr]  Procesamiento finalizado (I=0, O=30, R=30, W=30, U=0, E=0)
2024-07-24 20:31:28.688 INFO  <Thread-1685> [C:\Users\niebl\OneDrive\Escritorio\Semestre\Inteligecia de Negocio\Proyecto Fase 2\BIProyecto\proyectobi(FINAL)\Job_dim_fact.kjb]  Starting entry [ETL dim_siniestro]
2024-07-24 20:31:28.704 INFO  <Thread-1685> [C:\Users\niebl\OneDrive\Escritorio\Semestre\Inteligecia de Negocio\Proyecto Fase 2\BIProyecto\proyectobi(FINAL)\Job_dim_fact.kjb]  Using run configuration [Pentaho local]
2024-07-24 20:31:28.705 INFO  <Thread-1685> [C:\Users\niebl\OneDrive\Escritorio\Semestre\Inteligecia de Negocio\Proyecto Fase 2\BIProyecto\proyectobi(FINAL)\Job_dim_fact.kjb  C:\proyectobi\ETLdim_Siniestro.ktr]  Iniciado despacho de la transformaci?n [Transformacion siniestroLF]
2024-07-24 20:31:28.785 INFO  <init of Salida Tabla dim_siniestro.0 (Thread-1786)> [C:\Users\niebl\OneDrive\Escritorio\Semestre\Inteligecia de Negocio\Proyecto Fase 2\BIProyecto\proyectobi(FINAL)\Job_dim_fact.kjb  C:\proyectobi\ETLdim_Siniestro.ktr]  Connected to database [Postgres] (commit=1000)
2024-07-24 20:31:28.795 INFO  <Transformacion siniestroLF - Entrada Tabla Siniestro> [C:\Users\niebl\OneDrive\Escritorio\Semestre\Inteligecia de Negocio\Proyecto Fase 2\BIProyecto\proyectobi(FINAL)\Job_dim_fact.kjb  C:\proyectobi\ETLdim_Siniestro.ktr]  Finished reading query, closing connection
2024-07-24 20:31:28.796 INFO  <Transformacion siniestroLF - Entrada Tabla Siniestro> [C:\Users\niebl\OneDrive\Escritorio\Semestre\Inteligecia de Negocio\Proyecto Fase 2\BIProyecto\proyectobi(FINAL)\Job_dim_fact.kjb  C:\proyectobi\ETLdim_Siniestro.ktr]  Procesamiento finalizado (I=20, O=0, R=0, W=20, U=0, E=0)
2024-07-24 20:31:28.798 INFO  <Transformacion siniestroLF - Add sequence sk_dim_siniestro> [C:\Users\niebl\OneDrive\Escritorio\Semestre\Inteligecia de Negocio\Proyecto Fase 2\BIProyecto\proyectobi(FINAL)\Job_dim_fact.kjb  C:\proyectobi\ETLdim_Siniestro.ktr]  Procesamiento finalizado (I=0, O=0, R=20, W=20, U=0, E=0)
2024-07-24 20:31:28.811 INFO  <Transformacion siniestroLF - Salida Tabla dim_siniestro> [C:\Users\niebl\OneDrive\Escritorio\Semestre\Inteligecia de Negocio\Proyecto Fase 2\BIProyecto\proyectobi(FINAL)\Job_dim_fact.kjb  C:\proyectobi\ETLdim_Siniestro.ktr]  Procesamiento finalizado (I=0, O=20, R=20, W=20, U=0, E=0)
2024-07-24 20:31:28.812 INFO  <Thread-1685> [C:\Users\niebl\OneDrive\Escritorio\Semestre\Inteligecia de Negocio\Proyecto Fase 2\BIProyecto\proyectobi(FINAL)\Job_dim_fact.kjb]  Starting entry [ETL_fact_metas]
2024-07-24 20:31:28.848 INFO  <Thread-1685> [C:\Users\niebl\OneDrive\Escritorio\Semestre\Inteligecia de Negocio\Proyecto Fase 2\BIProyecto\proyectobi(FINAL)\Job_dim_fact.kjb]  Using run configuration [Pentaho local]
2024-07-24 20:31:28.848 INFO  <Thread-1685> [C:\Users\niebl\OneDrive\Escritorio\Semestre\Inteligecia de Negocio\Proyecto Fase 2\BIProyecto\proyectobi(FINAL)\Job_dim_fact.kjb  C:\proyectobi\ETLfact_Metas.ktr]  Iniciado despacho de la transformaci?n [LFTransformation_fact_metas]
2024-07-24 20:31:28.998 INFO  <init of Table output.0 (Thread-1806)> [C:\Users\niebl\OneDrive\Escritorio\Semestre\Inteligecia de Negocio\Proyecto Fase 2\BIProyecto\proyectobi(FINAL)\Job_dim_fact.kjb  C:\proyectobi\ETLfact_Metas.ktr]  Connected to database [postgre] (commit=1000)
2024-07-24 20:31:29.017 INFO  <LFTransformation_fact_metas - extraer producto> [C:\Users\niebl\OneDrive\Escritorio\Semestre\Inteligecia de Negocio\Proyecto Fase 2\BIProyecto\proyectobi(FINAL)\Job_dim_fact.kjb  C:\proyectobi\ETLfact_Metas.ktr]  Finished reading query, closing connection
2024-07-24 20:31:29.018 INFO  <LFTransformation_fact_metas - extraer producto> [C:\Users\niebl\OneDrive\Escritorio\Semestre\Inteligecia de Negocio\Proyecto Fase 2\BIProyecto\proyectobi(FINAL)\Job_dim_fact.kjb  C:\proyectobi\ETLfact_Metas.ktr]  Procesamiento finalizado (I=30, O=0, R=0, W=30, U=0, E=0)
2024-07-24 20:31:29.023 INFO  <LFTransformation_fact_metas - Sort cod_prod> [C:\Users\niebl\OneDrive\Escritorio\Semestre\Inteligecia de Negocio\Proyecto Fase 2\BIProyecto\proyectobi(FINAL)\Job_dim_fact.kjb  C:\proyectobi\ETLfact_Metas.ktr]  Procesamiento finalizado (I=0, O=0, R=30, W=30, U=0, E=0)
2024-07-24 20:31:29.075 INFO  <LFTransformation_fact_metas - extraer dim_tiempo> [C:\Users\niebl\OneDrive\Escritorio\Semestre\Inteligecia de Negocio\Proyecto Fase 2\BIProyecto\proyectobi(FINAL)\Job_dim_fact.kjb  C:\proyectobi\ETLfact_Metas.ktr]  Finished reading query, closing connection
2024-07-24 20:31:29.077 INFO  <LFTransformation_fact_metas - extraer dim_tiempo> [C:\Users\niebl\OneDrive\Escritorio\Semestre\Inteligecia de Negocio\Proyecto Fase 2\BIProyecto\proyectobi(FINAL)\Job_dim_fact.kjb  C:\proyectobi\ETLfact_Metas.ktr]  Procesamiento finalizado (I=14976, O=0, R=0, W=14976, U=0, E=0)
2024-07-24 20:31:29.080 INFO  <LFTransformation_fact_metas - extraer dim_tiempo2> [C:\Users\niebl\OneDrive\Escritorio\Semestre\Inteligecia de Negocio\Proyecto Fase 2\BIProyecto\proyectobi(FINAL)\Job_dim_fact.kjb  C:\proyectobi\ETLfact_Metas.ktr]  Finished reading query, closing connection
2024-07-24 20:31:29.081 INFO  <LFTransformation_fact_metas - extraer dim_tiempo2> [C:\Users\niebl\OneDrive\Escritorio\Semestre\Inteligecia de Negocio\Proyecto Fase 2\BIProyecto\proyectobi(FINAL)\Job_dim_fact.kjb  C:\proyectobi\ETLfact_Metas.ktr]  Procesamiento finalizado (I=14976, O=0, R=0, W=14976, U=0, E=0)
2024-07-24 20:31:29.228 INFO  <LFTransformation_fact_metas - Microsoft Excel metas> [C:\Users\niebl\OneDrive\Escritorio\Semestre\Inteligecia de Negocio\Proyecto Fase 2\BIProyecto\proyectobi(FINAL)\Job_dim_fact.kjb  C:\proyectobi\ETLfact_Metas.ktr]  Procesamiento finalizado (I=390, O=0, R=0, W=390, U=0, E=0)
2024-07-24 20:31:29.233 INFO  <LFTransformation_fact_metas - Sort cod_prod 2> [C:\Users\niebl\OneDrive\Escritorio\Semestre\Inteligecia de Negocio\Proyecto Fase 2\BIProyecto\proyectobi(FINAL)\Job_dim_fact.kjb  C:\proyectobi\ETLfact_Metas.ktr]  Procesamiento finalizado (I=0, O=0, R=390, W=390, U=0, E=0)
2024-07-24 20:31:29.550 INFO  <LFTransformation_fact_metas - Merge join> [C:\Users\niebl\OneDrive\Escritorio\Semestre\Inteligecia de Negocio\Proyecto Fase 2\BIProyecto\proyectobi(FINAL)\Job_dim_fact.kjb  C:\proyectobi\ETLfact_Metas.ktr]  Procesamiento finalizado (I=0, O=0, R=420, W=390, U=0, E=0)
2024-07-24 20:31:29.554 INFO  <LFTransformation_fact_metas - Quitar cod_prod y dejar SK> [C:\Users\niebl\OneDrive\Escritorio\Semestre\Inteligecia de Negocio\Proyecto Fase 2\BIProyecto\proyectobi(FINAL)\Job_dim_fact.kjb  C:\proyectobi\ETLfact_Metas.ktr]  Procesamiento finalizado (I=0, O=0, R=390, W=390, U=0, E=0)
2024-07-24 20:31:29.557 INFO  <LFTransformation_fact_metas - Sort fecha_inicio> [C:\Users\niebl\OneDrive\Escritorio\Semestre\Inteligecia de Negocio\Proyecto Fase 2\BIProyecto\proyectobi(FINAL)\Job_dim_fact.kjb  C:\proyectobi\ETLfact_Metas.ktr]  Procesamiento finalizado (I=0, O=0, R=390, W=390, U=0, E=0)
2024-07-24 20:31:29.561 INFO  <LFTransformation_fact_metas - Sort fecha_completa> [C:\Users\niebl\OneDrive\Escritorio\Semestre\Inteligecia de Negocio\Proyecto Fase 2\BIProyecto\proyectobi(FINAL)\Job_dim_fact.kjb  C:\proyectobi\ETLfact_Metas.ktr]  Procesamiento finalizado (I=0, O=0, R=14976, W=14976, U=0, E=0)
2024-07-24 20:31:29.883 INFO  <LFTransformation_fact_metas - Merge join 2> [C:\Users\niebl\OneDrive\Escritorio\Semestre\Inteligecia de Negocio\Proyecto Fase 2\BIProyecto\proyectobi(FINAL)\Job_dim_fact.kjb  C:\proyectobi\ETLfact_Metas.ktr]  Procesamiento finalizado (I=0, O=0, R=15366, W=390, U=0, E=0)
2024-07-24 20:31:29.886 INFO  <LFTransformation_fact_metas - Select values 2> [C:\Users\niebl\OneDrive\Escritorio\Semestre\Inteligecia de Negocio\Proyecto Fase 2\BIProyecto\proyectobi(FINAL)\Job_dim_fact.kjb  C:\proyectobi\ETLfact_Metas.ktr]  Procesamiento finalizado (I=0, O=0, R=390, W=390, U=0, E=0)
2024-07-24 20:31:29.902 INFO  <LFTransformation_fact_metas - Sort fecha_final> [C:\Users\niebl\OneDrive\Escritorio\Semestre\Inteligecia de Negocio\Proyecto Fase 2\BIProyecto\proyectobi(FINAL)\Job_dim_fact.kjb  C:\proyectobi\ETLfact_Metas.ktr]  Procesamiento finalizado (I=0, O=0, R=390, W=390, U=0, E=0)
2024-07-24 20:31:29.909 INFO  <LFTransformation_fact_metas - Sort fecha_completa2> [C:\Users\niebl\OneDrive\Escritorio\Semestre\Inteligecia de Negocio\Proyecto Fase 2\BIProyecto\proyectobi(FINAL)\Job_dim_fact.kjb  C:\proyectobi\ETLfact_Metas.ktr]  Procesamiento finalizado (I=0, O=0, R=14976, W=14976, U=0, E=0)
2024-07-24 20:31:30.230 INFO  <LFTransformation_fact_metas - Merge join 3> [C:\Users\niebl\OneDrive\Escritorio\Semestre\Inteligecia de Negocio\Proyecto Fase 2\BIProyecto\proyectobi(FINAL)\Job_dim_fact.kjb  C:\proyectobi\ETLfact_Metas.ktr]  Procesamiento finalizado (I=0, O=0, R=15366, W=390, U=0, E=0)
2024-07-24 20:31:30.232 INFO  <LFTransformation_fact_metas - dejar sk_dim fec_final > [C:\Users\niebl\OneDrive\Escritorio\Semestre\Inteligecia de Negocio\Proyecto Fase 2\BIProyecto\proyectobi(FINAL)\Job_dim_fact.kjb  C:\proyectobi\ETLfact_Metas.ktr]  Procesamiento finalizado (I=0, O=0, R=390, W=390, U=0, E=0)
2024-07-24 20:31:30.282 INFO  <LFTransformation_fact_metas - Table output> [C:\Users\niebl\OneDrive\Escritorio\Semestre\Inteligecia de Negocio\Proyecto Fase 2\BIProyecto\proyectobi(FINAL)\Job_dim_fact.kjb  C:\proyectobi\ETLfact_Metas.ktr]  Procesamiento finalizado (I=0, O=390, R=390, W=390, U=0, E=0)
2024-07-24 20:31:30.284 INFO  <Thread-1685> [C:\Users\niebl\OneDrive\Escritorio\Semestre\Inteligecia de Negocio\Proyecto Fase 2\BIProyecto\proyectobi(FINAL)\Job_dim_fact.kjb]  Starting entry [ETL_fact_reg_contrato]
2024-07-24 20:31:30.318 INFO  <Thread-1685> [C:\Users\niebl\OneDrive\Escritorio\Semestre\Inteligecia de Negocio\Proyecto Fase 2\BIProyecto\proyectobi(FINAL)\Job_dim_fact.kjb]  Using run configuration [Pentaho local]
2024-07-24 20:31:30.318 INFO  <Thread-1685> [C:\Users\niebl\OneDrive\Escritorio\Semestre\Inteligecia de Negocio\Proyecto Fase 2\BIProyecto\proyectobi(FINAL)\Job_dim_fact.kjb  C:\proyectobi\ETLfact_Registro_Contrato.ktr]  Iniciado despacho de la transformaci?n [Transformacion FACT_Registro_Contrato]
2024-07-24 20:31:30.494 INFO  <init of Salida Tabla.0 (Thread-1849)> [C:\Users\niebl\OneDrive\Escritorio\Semestre\Inteligecia de Negocio\Proyecto Fase 2\BIProyecto\proyectobi(FINAL)\Job_dim_fact.kjb  C:\proyectobi\ETLfact_Registro_Contrato.ktr]  Connected to database [Postgres] (commit=1000)
2024-07-24 20:31:30.543 INFO  <Transformacion FACT_Registro_Contrato - Entrada Tabla dim_estado_contrato> [C:\Users\niebl\OneDrive\Escritorio\Semestre\Inteligecia de Negocio\Proyecto Fase 2\BIProyecto\proyectobi(FINAL)\Job_dim_fact.kjb  C:\proyectobi\ETLfact_Registro_Contrato.ktr]  Finished reading query, closing connection
2024-07-24 20:31:30.544 INFO  <Transformacion FACT_Registro_Contrato - Entrada Tabla Dim_Cliente> [C:\Users\niebl\OneDrive\Escritorio\Semestre\Inteligecia de Negocio\Proyecto Fase 2\BIProyecto\proyectobi(FINAL)\Job_dim_fact.kjb  C:\proyectobi\ETLfact_Registro_Contrato.ktr]  Finished reading query, closing connection
2024-07-24 20:31:30.545 INFO  <Transformacion FACT_Registro_Contrato - Entrada Tabla dim_estado_contrato> [C:\Users\niebl\OneDrive\Escritorio\Semestre\Inteligecia de Negocio\Proyecto Fase 2\BIProyecto\proyectobi(FINAL)\Job_dim_fact.kjb  C:\proyectobi\ETLfact_Registro_Contrato.ktr]  Procesamiento finalizado (I=3, O=0, R=0, W=3, U=0, E=0)
2024-07-24 20:31:30.546 INFO  <Transformacion FACT_Registro_Contrato - Entrada Tabla Dim_Cliente> [C:\Users\niebl\OneDrive\Escritorio\Semestre\Inteligecia de Negocio\Proyecto Fase 2\BIProyecto\proyectobi(FINAL)\Job_dim_fact.kjb  C:\proyectobi\ETLfact_Registro_Contrato.ktr]  Procesamiento finalizado (I=300, O=0, R=0, W=300, U=0, E=0)
2024-07-24 20:31:30.547 INFO  <Transformacion FACT_Registro_Contrato - Entrada Tabla dim_contrato> [C:\Users\niebl\OneDrive\Escritorio\Semestre\Inteligecia de Negocio\Proyecto Fase 2\BIProyecto\proyectobi(FINAL)\Job_dim_fact.kjb  C:\proyectobi\ETLfact_Registro_Contrato.ktr]  Finished reading query, closing connection
2024-07-24 20:31:30.547 INFO  <Transformacion FACT_Registro_Contrato - Entrada Tabla dim_producto> [C:\Users\niebl\OneDrive\Escritorio\Semestre\Inteligecia de Negocio\Proyecto Fase 2\BIProyecto\proyectobi(FINAL)\Job_dim_fact.kjb  C:\proyectobi\ETLfact_Registro_Contrato.ktr]  Finished reading query, closing connection
2024-07-24 20:31:30.547 INFO  <Transformacion FACT_Registro_Contrato - Ordenar filas descrip_estado> [C:\Users\niebl\OneDrive\Escritorio\Semestre\Inteligecia de Negocio\Proyecto Fase 2\BIProyecto\proyectobi(FINAL)\Job_dim_fact.kjb  C:\proyectobi\ETLfact_Registro_Contrato.ktr]  Procesamiento finalizado (I=0, O=0, R=3, W=3, U=0, E=0)
2024-07-24 20:31:30.549 INFO  <Transformacion FACT_Registro_Contrato - Entrada Tabla dim_contrato> [C:\Users\niebl\OneDrive\Escritorio\Semestre\Inteligecia de Negocio\Proyecto Fase 2\BIProyecto\proyectobi(FINAL)\Job_dim_fact.kjb  C:\proyectobi\ETLfact_Registro_Contrato.ktr]  Procesamiento finalizado (I=1000, O=0, R=0, W=1000, U=0, E=0)
2024-07-24 20:31:30.549 INFO  <Transformacion FACT_Registro_Contrato - Entrada Tabla dim_producto> [C:\Users\niebl\OneDrive\Escritorio\Semestre\Inteligecia de Negocio\Proyecto Fase 2\BIProyecto\proyectobi(FINAL)\Job_dim_fact.kjb  C:\proyectobi\ETLfact_Registro_Contrato.ktr]  Procesamiento finalizado (I=30, O=0, R=0, W=30, U=0, E=0)
2024-07-24 20:31:30.550 INFO  <Transformacion FACT_Registro_Contrato - Ordenar filas cod_cliente 2> [C:\Users\niebl\OneDrive\Escritorio\Semestre\Inteligecia de Negocio\Proyecto Fase 2\BIProyecto\proyectobi(FINAL)\Job_dim_fact.kjb  C:\proyectobi\ETLfact_Registro_Contrato.ktr]  Procesamiento finalizado (I=0, O=0, R=300, W=300, U=0, E=0)
2024-07-24 20:31:30.550 INFO  <Transformacion FACT_Registro_Contrato - Ordenar filas cod_producto 2> [C:\Users\niebl\OneDrive\Escritorio\Semestre\Inteligecia de Negocio\Proyecto Fase 2\BIProyecto\proyectobi(FINAL)\Job_dim_fact.kjb  C:\proyectobi\ETLfact_Registro_Contrato.ktr]  Procesamiento finalizado (I=0, O=0, R=30, W=30, U=0, E=0)
2024-07-24 20:31:30.551 INFO  <Transformacion FACT_Registro_Contrato - Ordenar filas nro_contrato 2> [C:\Users\niebl\OneDrive\Escritorio\Semestre\Inteligecia de Negocio\Proyecto Fase 2\BIProyecto\proyectobi(FINAL)\Job_dim_fact.kjb  C:\proyectobi\ETLfact_Registro_Contrato.ktr]  Procesamiento finalizado (I=0, O=0, R=1000, W=1000, U=0, E=0)
2024-07-24 20:31:30.552 INFO  <Transformacion FACT_Registro_Contrato - Entrada Tabla Registro Contrato> [C:\Users\niebl\OneDrive\Escritorio\Semestre\Inteligecia de Negocio\Proyecto Fase 2\BIProyecto\proyectobi(FINAL)\Job_dim_fact.kjb  C:\proyectobi\ETLfact_Registro_Contrato.ktr]  Finished reading query, closing connection
2024-07-24 20:31:30.553 INFO  <Transformacion FACT_Registro_Contrato - Entrada Tabla Registro Contrato> [C:\Users\niebl\OneDrive\Escritorio\Semestre\Inteligecia de Negocio\Proyecto Fase 2\BIProyecto\proyectobi(FINAL)\Job_dim_fact.kjb  C:\proyectobi\ETLfact_Registro_Contrato.ktr]  Procesamiento finalizado (I=1000, O=0, R=0, W=1000, U=0, E=0)
2024-07-24 20:31:30.560 INFO  <Transformacion FACT_Registro_Contrato - Ordenar filas cod_cliente> [C:\Users\niebl\OneDrive\Escritorio\Semestre\Inteligecia de Negocio\Proyecto Fase 2\BIProyecto\proyectobi(FINAL)\Job_dim_fact.kjb  C:\proyectobi\ETLfact_Registro_Contrato.ktr]  Procesamiento finalizado (I=0, O=0, R=1000, W=1000, U=0, E=0)
2024-07-24 20:31:30.610 INFO  <Transformacion FACT_Registro_Contrato - Entrada Tabla dim_tiempo> [C:\Users\niebl\OneDrive\Escritorio\Semestre\Inteligecia de Negocio\Proyecto Fase 2\BIProyecto\proyectobi(FINAL)\Job_dim_fact.kjb  C:\proyectobi\ETLfact_Registro_Contrato.ktr]  Finished reading query, closing connection
2024-07-24 20:31:30.611 INFO  <Transformacion FACT_Registro_Contrato - Entrada Tabla dim_tiempo> [C:\Users\niebl\OneDrive\Escritorio\Semestre\Inteligecia de Negocio\Proyecto Fase 2\BIProyecto\proyectobi(FINAL)\Job_dim_fact.kjb  C:\proyectobi\ETLfact_Registro_Contrato.ktr]  Procesamiento finalizado (I=14976, O=0, R=0, W=29952, U=0, E=0)
2024-07-24 20:31:30.881 INFO  <Transformacion FACT_Registro_Contrato - Unión por clave> [C:\Users\niebl\OneDrive\Escritorio\Semestre\Inteligecia de Negocio\Proyecto Fase 2\BIProyecto\proyectobi(FINAL)\Job_dim_fact.kjb  C:\proyectobi\ETLfact_Registro_Contrato.ktr]  Procesamiento finalizado (I=0, O=0, R=1300, W=1000, U=0, E=0)
2024-07-24 20:31:30.893 INFO  <Transformacion FACT_Registro_Contrato - Ordenar filas cod_producto> [C:\Users\niebl\OneDrive\Escritorio\Semestre\Inteligecia de Negocio\Proyecto Fase 2\BIProyecto\proyectobi(FINAL)\Job_dim_fact.kjb  C:\proyectobi\ETLfact_Registro_Contrato.ktr]  Procesamiento finalizado (I=0, O=0, R=1000, W=1000, U=0, E=0)
2024-07-24 20:31:31.213 INFO  <Transformacion FACT_Registro_Contrato - Unión por clave cod_producto> [C:\Users\niebl\OneDrive\Escritorio\Semestre\Inteligecia de Negocio\Proyecto Fase 2\BIProyecto\proyectobi(FINAL)\Job_dim_fact.kjb  C:\proyectobi\ETLfact_Registro_Contrato.ktr]  Procesamiento finalizado (I=0, O=0, R=1030, W=1000, U=0, E=0)
2024-07-24 20:31:31.230 INFO  <Transformacion FACT_Registro_Contrato - Ordenar filas nro_contrato> [C:\Users\niebl\OneDrive\Escritorio\Semestre\Inteligecia de Negocio\Proyecto Fase 2\BIProyecto\proyectobi(FINAL)\Job_dim_fact.kjb  C:\proyectobi\ETLfact_Registro_Contrato.ktr]  Procesamiento finalizado (I=0, O=0, R=1000, W=1000, U=0, E=0)
2024-07-24 20:31:31.564 INFO  <Transformacion FACT_Registro_Contrato - Unión por clave nro_contrato> [C:\Users\niebl\OneDrive\Escritorio\Semestre\Inteligecia de Negocio\Proyecto Fase 2\BIProyecto\proyectobi(FINAL)\Job_dim_fact.kjb  C:\proyectobi\ETLfact_Registro_Contrato.ktr]  Procesamiento finalizado (I=0, O=0, R=2000, W=1000, U=0, E=0)
2024-07-24 20:31:31.589 INFO  <Transformacion FACT_Registro_Contrato - Ordenar filas estado_contrato> [C:\Users\niebl\OneDrive\Escritorio\Semestre\Inteligecia de Negocio\Proyecto Fase 2\BIProyecto\proyectobi(FINAL)\Job_dim_fact.kjb  C:\proyectobi\ETLfact_Registro_Contrato.ktr]  Procesamiento finalizado (I=0, O=0, R=1000, W=1000, U=0, E=0)
2024-07-24 20:31:31.916 INFO  <Transformacion FACT_Registro_Contrato - Unión por clave estado_contrato> [C:\Users\niebl\OneDrive\Escritorio\Semestre\Inteligecia de Negocio\Proyecto Fase 2\BIProyecto\proyectobi(FINAL)\Job_dim_fact.kjb  C:\proyectobi\ETLfact_Registro_Contrato.ktr]  Procesamiento finalizado (I=0, O=0, R=1003, W=1000, U=0, E=0)
2024-07-24 20:31:31.936 INFO  <Transformacion FACT_Registro_Contrato - Ordenar filas fecha inicio> [C:\Users\niebl\OneDrive\Escritorio\Semestre\Inteligecia de Negocio\Proyecto Fase 2\BIProyecto\proyectobi(FINAL)\Job_dim_fact.kjb  C:\proyectobi\ETLfact_Registro_Contrato.ktr]  Procesamiento finalizado (I=0, O=0, R=1000, W=1000, U=0, E=0)
2024-07-24 20:31:31.942 INFO  <Transformacion FACT_Registro_Contrato - Ordenar filas dim_tiempo> [C:\Users\niebl\OneDrive\Escritorio\Semestre\Inteligecia de Negocio\Proyecto Fase 2\BIProyecto\proyectobi(FINAL)\Job_dim_fact.kjb  C:\proyectobi\ETLfact_Registro_Contrato.ktr]  Procesamiento finalizado (I=0, O=0, R=14976, W=14976, U=0, E=0)
2024-07-24 20:31:32.263 INFO  <Transformacion FACT_Registro_Contrato - Unión por clave fecha inicio> [C:\Users\niebl\OneDrive\Escritorio\Semestre\Inteligecia de Negocio\Proyecto Fase 2\BIProyecto\proyectobi(FINAL)\Job_dim_fact.kjb  C:\proyectobi\ETLfact_Registro_Contrato.ktr]  Procesamiento finalizado (I=0, O=0, R=15976, W=1000, U=0, E=0)
2024-07-24 20:31:32.269 INFO  <Transformacion FACT_Registro_Contrato - Ordenar filas fecha_fin> [C:\Users\niebl\OneDrive\Escritorio\Semestre\Inteligecia de Negocio\Proyecto Fase 2\BIProyecto\proyectobi(FINAL)\Job_dim_fact.kjb  C:\proyectobi\ETLfact_Registro_Contrato.ktr]  Procesamiento finalizado (I=0, O=0, R=1000, W=1000, U=0, E=0)
2024-07-24 20:31:32.274 INFO  <Transformacion FACT_Registro_Contrato - Ordenar filas dim_tiempo 2> [C:\Users\niebl\OneDrive\Escritorio\Semestre\Inteligecia de Negocio\Proyecto Fase 2\BIProyecto\proyectobi(FINAL)\Job_dim_fact.kjb  C:\proyectobi\ETLfact_Registro_Contrato.ktr]  Procesamiento finalizado (I=0, O=0, R=14976, W=14976, U=0, E=0)
2024-07-24 20:31:32.592 INFO  <Transformacion FACT_Registro_Contrato - Unión por clave fecha fin> [C:\Users\niebl\OneDrive\Escritorio\Semestre\Inteligecia de Negocio\Proyecto Fase 2\BIProyecto\proyectobi(FINAL)\Job_dim_fact.kjb  C:\proyectobi\ETLfact_Registro_Contrato.ktr]  Procesamiento finalizado (I=0, O=0, R=15976, W=1000, U=0, E=0)
2024-07-24 20:31:32.605 INFO  <Transformacion FACT_Registro_Contrato - Añadir secuencia utilidad> [C:\Users\niebl\OneDrive\Escritorio\Semestre\Inteligecia de Negocio\Proyecto Fase 2\BIProyecto\proyectobi(FINAL)\Job_dim_fact.kjb  C:\proyectobi\ETLfact_Registro_Contrato.ktr]  Procesamiento finalizado (I=0, O=0, R=1000, W=1000, U=0, E=0)
2024-07-24 20:31:32.729 INFO  <Transformacion FACT_Registro_Contrato - Salida Tabla> [C:\Users\niebl\OneDrive\Escritorio\Semestre\Inteligecia de Negocio\Proyecto Fase 2\BIProyecto\proyectobi(FINAL)\Job_dim_fact.kjb  C:\proyectobi\ETLfact_Registro_Contrato.ktr]  Procesamiento finalizado (I=0, O=1000, R=1000, W=1000, U=0, E=0)
2024-07-24 20:31:32.730 INFO  <Thread-1685> [C:\Users\niebl\OneDrive\Escritorio\Semestre\Inteligecia de Negocio\Proyecto Fase 2\BIProyecto\proyectobi(FINAL)\Job_dim_fact.kjb]  Starting entry [ETL fact_reg_siniestro]
2024-07-24 20:31:32.772 INFO  <Thread-1685> [C:\Users\niebl\OneDrive\Escritorio\Semestre\Inteligecia de Negocio\Proyecto Fase 2\BIProyecto\proyectobi(FINAL)\Job_dim_fact.kjb]  Using run configuration [Pentaho local]
2024-07-24 20:31:32.773 INFO  <Thread-1685> [C:\Users\niebl\OneDrive\Escritorio\Semestre\Inteligecia de Negocio\Proyecto Fase 2\BIProyecto\proyectobi(FINAL)\Job_dim_fact.kjb  C:\proyectobi\ETLfact_Registro_Siniestro.ktr]  Iniciado despacho de la transformaci?n [Transformacion Fact_Registro_Siniestro]
2024-07-24 20:31:33.034 INFO  <init of Salida Tabla Fact_Registro_Siniestro.0 (Thread-1916)> [C:\Users\niebl\OneDrive\Escritorio\Semestre\Inteligecia de Negocio\Proyecto Fase 2\BIProyecto\proyectobi(FINAL)\Job_dim_fact.kjb  C:\proyectobi\ETLfact_Registro_Siniestro.ktr]  Connected to database [Postgres] (commit=1000)
2024-07-24 20:31:33.052 INFO  <Transformacion Fact_Registro_Siniestro - Entrada Tabla dim_siniestro> [C:\Users\niebl\OneDrive\Escritorio\Semestre\Inteligecia de Negocio\Proyecto Fase 2\BIProyecto\proyectobi(FINAL)\Job_dim_fact.kjb  C:\proyectobi\ETLfact_Registro_Siniestro.ktr]  Finished reading query, closing connection
2024-07-24 20:31:33.053 INFO  <Transformacion Fact_Registro_Siniestro - Entrada Tabla dim_siniestro> [C:\Users\niebl\OneDrive\Escritorio\Semestre\Inteligecia de Negocio\Proyecto Fase 2\BIProyecto\proyectobi(FINAL)\Job_dim_fact.kjb  C:\proyectobi\ETLfact_Registro_Siniestro.ktr]  Procesamiento finalizado (I=20, O=0, R=0, W=20, U=0, E=0)
2024-07-24 20:31:33.057 INFO  <Transformacion Fact_Registro_Siniestro - Entrada Tabla dim sucursal> [C:\Users\niebl\OneDrive\Escritorio\Semestre\Inteligecia de Negocio\Proyecto Fase 2\BIProyecto\proyectobi(FINAL)\Job_dim_fact.kjb  C:\proyectobi\ETLfact_Registro_Siniestro.ktr]  Finished reading query, closing connection
2024-07-24 20:31:33.059 INFO  <Transformacion Fact_Registro_Siniestro - Entrada Tabla dim sucursal> [C:\Users\niebl\OneDrive\Escritorio\Semestre\Inteligecia de Negocio\Proyecto Fase 2\BIProyecto\proyectobi(FINAL)\Job_dim_fact.kjb  C:\proyectobi\ETLfact_Registro_Siniestro.ktr]  Procesamiento finalizado (I=30, O=0, R=0, W=30, U=0, E=0)
2024-07-24 20:31:33.064 INFO  <Transformacion Fact_Registro_Siniestro - Entrada Tabla cliente> [C:\Users\niebl\OneDrive\Escritorio\Semestre\Inteligecia de Negocio\Proyecto Fase 2\BIProyecto\proyectobi(FINAL)\Job_dim_fact.kjb  C:\proyectobi\ETLfact_Registro_Siniestro.ktr]  Finished reading query, closing connection
2024-07-24 20:31:33.064 INFO  <Transformacion Fact_Registro_Siniestro - Entrada Tabla dim_cliente> [C:\Users\niebl\OneDrive\Escritorio\Semestre\Inteligecia de Negocio\Proyecto Fase 2\BIProyecto\proyectobi(FINAL)\Job_dim_fact.kjb  C:\proyectobi\ETLfact_Registro_Siniestro.ktr]  Finished reading query, closing connection
2024-07-24 20:31:33.065 INFO  <Transformacion Fact_Registro_Siniestro - Entrada Tabla cliente> [C:\Users\niebl\OneDrive\Escritorio\Semestre\Inteligecia de Negocio\Proyecto Fase 2\BIProyecto\proyectobi(FINAL)\Job_dim_fact.kjb  C:\proyectobi\ETLfact_Registro_Siniestro.ktr]  Procesamiento finalizado (I=300, O=0, R=0, W=300, U=0, E=0)
2024-07-24 20:31:33.065 INFO  <Transformacion Fact_Registro_Siniestro - Entrada Tabla dim_cliente> [C:\Users\niebl\OneDrive\Escritorio\Semestre\Inteligecia de Negocio\Proyecto Fase 2\BIProyecto\proyectobi(FINAL)\Job_dim_fact.kjb  C:\proyectobi\ETLfact_Registro_Siniestro.ktr]  Procesamiento finalizado (I=300, O=0, R=0, W=300, U=0, E=0)
2024-07-24 20:31:33.066 INFO  <Transformacion Fact_Registro_Siniestro - Entrada Tabla dim_contrato> [C:\Users\niebl\OneDrive\Escritorio\Semestre\Inteligecia de Negocio\Proyecto Fase 2\BIProyecto\proyectobi(FINAL)\Job_dim_fact.kjb  C:\proyectobi\ETLfact_Registro_Siniestro.ktr]  Finished reading query, closing connection
2024-07-24 20:31:33.066 INFO  <Transformacion Fact_Registro_Siniestro - Entrada Tabla dim_contrato> [C:\Users\niebl\OneDrive\Escritorio\Semestre\Inteligecia de Negocio\Proyecto Fase 2\BIProyecto\proyectobi(FINAL)\Job_dim_fact.kjb  C:\proyectobi\ETLfact_Registro_Siniestro.ktr]  Procesamiento finalizado (I=1000, O=0, R=0, W=1000, U=0, E=0)
2024-07-24 20:31:33.070 INFO  <Transformacion Fact_Registro_Siniestro - Ordenar filas codigo cliente> [C:\Users\niebl\OneDrive\Escritorio\Semestre\Inteligecia de Negocio\Proyecto Fase 2\BIProyecto\proyectobi(FINAL)\Job_dim_fact.kjb  C:\proyectobi\ETLfact_Registro_Siniestro.ktr]  Procesamiento finalizado (I=0, O=0, R=300, W=300, U=0, E=0)
2024-07-24 20:31:33.070 INFO  <Transformacion Fact_Registro_Siniestro - Entrada Tabla dim_producto> [C:\Users\niebl\OneDrive\Escritorio\Semestre\Inteligecia de Negocio\Proyecto Fase 2\BIProyecto\proyectobi(FINAL)\Job_dim_fact.kjb  C:\proyectobi\ETLfact_Registro_Siniestro.ktr]  Finished reading query, closing connection
2024-07-24 20:31:33.071 INFO  <Transformacion Fact_Registro_Siniestro - Ordenar filas nro_siniestro> [C:\Users\niebl\OneDrive\Escritorio\Semestre\Inteligecia de Negocio\Proyecto Fase 2\BIProyecto\proyectobi(FINAL)\Job_dim_fact.kjb  C:\proyectobi\ETLfact_Registro_Siniestro.ktr]  Procesamiento finalizado (I=0, O=0, R=20, W=20, U=0, E=0)
2024-07-24 20:31:33.071 INFO  <Transformacion Fact_Registro_Siniestro - Ordenar filas codigo cliente 2> [C:\Users\niebl\OneDrive\Escritorio\Semestre\Inteligecia de Negocio\Proyecto Fase 2\BIProyecto\proyectobi(FINAL)\Job_dim_fact.kjb  C:\proyectobi\ETLfact_Registro_Siniestro.ktr]  Procesamiento finalizado (I=0, O=0, R=300, W=300, U=0, E=0)
2024-07-24 20:31:33.071 INFO  <Transformacion Fact_Registro_Siniestro - Entrada Tabla dim_producto> [C:\Users\niebl\OneDrive\Escritorio\Semestre\Inteligecia de Negocio\Proyecto Fase 2\BIProyecto\proyectobi(FINAL)\Job_dim_fact.kjb  C:\proyectobi\ETLfact_Registro_Siniestro.ktr]  Procesamiento finalizado (I=30, O=0, R=0, W=30, U=0, E=0)
2024-07-24 20:31:33.073 INFO  <Transformacion Fact_Registro_Siniestro - Ordenar filas sucursal 2> [C:\Users\niebl\OneDrive\Escritorio\Semestre\Inteligecia de Negocio\Proyecto Fase 2\BIProyecto\proyectobi(FINAL)\Job_dim_fact.kjb  C:\proyectobi\ETLfact_Registro_Siniestro.ktr]  Procesamiento finalizado (I=0, O=0, R=30, W=30, U=0, E=0)
2024-07-24 20:31:33.073 INFO  <Transformacion Fact_Registro_Siniestro - Ordenar filas nro_contrato> [C:\Users\niebl\OneDrive\Escritorio\Semestre\Inteligecia de Negocio\Proyecto Fase 2\BIProyecto\proyectobi(FINAL)\Job_dim_fact.kjb  C:\proyectobi\ETLfact_Registro_Siniestro.ktr]  Procesamiento finalizado (I=0, O=0, R=1000, W=1000, U=0, E=0)
2024-07-24 20:31:33.076 INFO  <Transformacion Fact_Registro_Siniestro - Ordenar filas producto 2> [C:\Users\niebl\OneDrive\Escritorio\Semestre\Inteligecia de Negocio\Proyecto Fase 2\BIProyecto\proyectobi(FINAL)\Job_dim_fact.kjb  C:\proyectobi\ETLfact_Registro_Siniestro.ktr]  Procesamiento finalizado (I=0, O=0, R=30, W=30, U=0, E=0)
2024-07-24 20:31:33.080 INFO  <Transformacion Fact_Registro_Siniestro - Entrada Tabla Fact_Registro_Siniestro> [C:\Users\niebl\OneDrive\Escritorio\Semestre\Inteligecia de Negocio\Proyecto Fase 2\BIProyecto\proyectobi(FINAL)\Job_dim_fact.kjb  C:\proyectobi\ETLfact_Registro_Siniestro.ktr]  Finished reading query, closing connection
2024-07-24 20:31:33.081 INFO  <Transformacion Fact_Registro_Siniestro - Entrada Tabla Registro Contrato> [C:\Users\niebl\OneDrive\Escritorio\Semestre\Inteligecia de Negocio\Proyecto Fase 2\BIProyecto\proyectobi(FINAL)\Job_dim_fact.kjb  C:\proyectobi\ETLfact_Registro_Siniestro.ktr]  Finished reading query, closing connection
2024-07-24 20:31:33.082 INFO  <Transformacion Fact_Registro_Siniestro - Entrada Tabla Registro Contrato> [C:\Users\niebl\OneDrive\Escritorio\Semestre\Inteligecia de Negocio\Proyecto Fase 2\BIProyecto\proyectobi(FINAL)\Job_dim_fact.kjb  C:\proyectobi\ETLfact_Registro_Siniestro.ktr]  Procesamiento finalizado (I=1000, O=0, R=0, W=1000, U=0, E=0)
2024-07-24 20:31:33.082 INFO  <Transformacion Fact_Registro_Siniestro - Entrada Tabla Fact_Registro_Siniestro> [C:\Users\niebl\OneDrive\Escritorio\Semestre\Inteligecia de Negocio\Proyecto Fase 2\BIProyecto\proyectobi(FINAL)\Job_dim_fact.kjb  C:\proyectobi\ETLfact_Registro_Siniestro.ktr]  Procesamiento finalizado (I=1000, O=0, R=0, W=1000, U=0, E=0)
2024-07-24 20:31:33.087 INFO  <Transformacion Fact_Registro_Siniestro - Ordenar filas cliente> [C:\Users\niebl\OneDrive\Escritorio\Semestre\Inteligecia de Negocio\Proyecto Fase 2\BIProyecto\proyectobi(FINAL)\Job_dim_fact.kjb  C:\proyectobi\ETLfact_Registro_Siniestro.ktr]  Procesamiento finalizado (I=0, O=0, R=1000, W=1000, U=0, E=0)
2024-07-24 20:31:33.088 INFO  <Transformacion Fact_Registro_Siniestro - Ordenar filas siniestro> [C:\Users\niebl\OneDrive\Escritorio\Semestre\Inteligecia de Negocio\Proyecto Fase 2\BIProyecto\proyectobi(FINAL)\Job_dim_fact.kjb  C:\proyectobi\ETLfact_Registro_Siniestro.ktr]  Procesamiento finalizado (I=0, O=0, R=1000, W=1000, U=0, E=0)
2024-07-24 20:31:33.133 INFO  <Transformacion Fact_Registro_Siniestro - Entrada Tabla fechas> [C:\Users\niebl\OneDrive\Escritorio\Semestre\Inteligecia de Negocio\Proyecto Fase 2\BIProyecto\proyectobi(FINAL)\Job_dim_fact.kjb  C:\proyectobi\ETLfact_Registro_Siniestro.ktr]  Finished reading query, closing connection
2024-07-24 20:31:33.134 INFO  <Transformacion Fact_Registro_Siniestro - Entrada Tabla fechas> [C:\Users\niebl\OneDrive\Escritorio\Semestre\Inteligecia de Negocio\Proyecto Fase 2\BIProyecto\proyectobi(FINAL)\Job_dim_fact.kjb  C:\proyectobi\ETLfact_Registro_Siniestro.ktr]  Procesamiento finalizado (I=14976, O=0, R=0, W=29952, U=0, E=0)
2024-07-24 20:31:33.386 INFO  <Transformacion Fact_Registro_Siniestro - Unión por clave codigo cliente> [C:\Users\niebl\OneDrive\Escritorio\Semestre\Inteligecia de Negocio\Proyecto Fase 2\BIProyecto\proyectobi(FINAL)\Job_dim_fact.kjb  C:\proyectobi\ETLfact_Registro_Siniestro.ktr]  Procesamiento finalizado (I=0, O=0, R=600, W=300, U=0, E=0)
2024-07-24 20:31:33.392 INFO  <Transformacion Fact_Registro_Siniestro - Unión por clave sinistro> [C:\Users\niebl\OneDrive\Escritorio\Semestre\Inteligecia de Negocio\Proyecto Fase 2\BIProyecto\proyectobi(FINAL)\Job_dim_fact.kjb  C:\proyectobi\ETLfact_Registro_Siniestro.ktr]  Procesamiento finalizado (I=0, O=0, R=1020, W=1000, U=0, E=0)
2024-07-24 20:31:33.402 INFO  <Transformacion Fact_Registro_Siniestro - Ordenar filas sucursal> [C:\Users\niebl\OneDrive\Escritorio\Semestre\Inteligecia de Negocio\Proyecto Fase 2\BIProyecto\proyectobi(FINAL)\Job_dim_fact.kjb  C:\proyectobi\ETLfact_Registro_Siniestro.ktr]  Procesamiento finalizado (I=0, O=0, R=300, W=300, U=0, E=0)
2024-07-24 20:31:33.403 INFO  <Transformacion Fact_Registro_Siniestro - Ordenar filas contrato> [C:\Users\niebl\OneDrive\Escritorio\Semestre\Inteligecia de Negocio\Proyecto Fase 2\BIProyecto\proyectobi(FINAL)\Job_dim_fact.kjb  C:\proyectobi\ETLfact_Registro_Siniestro.ktr]  Procesamiento finalizado (I=0, O=0, R=1000, W=1000, U=0, E=0)
2024-07-24 20:31:33.710 INFO  <Transformacion Fact_Registro_Siniestro - Unión por clave contrato> [C:\Users\niebl\OneDrive\Escritorio\Semestre\Inteligecia de Negocio\Proyecto Fase 2\BIProyecto\proyectobi(FINAL)\Job_dim_fact.kjb  C:\proyectobi\ETLfact_Registro_Siniestro.ktr]  Procesamiento finalizado (I=0, O=0, R=2000, W=1000, U=0, E=0)
2024-07-24 20:31:33.717 INFO  <Transformacion Fact_Registro_Siniestro - Ordenar filas contrato 2> [C:\Users\niebl\OneDrive\Escritorio\Semestre\Inteligecia de Negocio\Proyecto Fase 2\BIProyecto\proyectobi(FINAL)\Job_dim_fact.kjb  C:\proyectobi\ETLfact_Registro_Siniestro.ktr]  Procesamiento finalizado (I=0, O=0, R=1000, W=1000, U=0, E=0)
2024-07-24 20:31:33.731 INFO  <Transformacion Fact_Registro_Siniestro - Unión por clave sucursal> [C:\Users\niebl\OneDrive\Escritorio\Semestre\Inteligecia de Negocio\Proyecto Fase 2\BIProyecto\proyectobi(FINAL)\Job_dim_fact.kjb  C:\proyectobi\ETLfact_Registro_Siniestro.ktr]  Procesamiento finalizado (I=0, O=0, R=330, W=300, U=0, E=0)
2024-07-24 20:31:33.764 INFO  <Transformacion Fact_Registro_Siniestro - Ordenar filas cliente 2> [C:\Users\niebl\OneDrive\Escritorio\Semestre\Inteligecia de Negocio\Proyecto Fase 2\BIProyecto\proyectobi(FINAL)\Job_dim_fact.kjb  C:\proyectobi\ETLfact_Registro_Siniestro.ktr]  Procesamiento finalizado (I=0, O=0, R=300, W=300, U=0, E=0)
2024-07-24 20:31:34.080 INFO  <Transformacion Fact_Registro_Siniestro - Unión por clave cliente> [C:\Users\niebl\OneDrive\Escritorio\Semestre\Inteligecia de Negocio\Proyecto Fase 2\BIProyecto\proyectobi(FINAL)\Job_dim_fact.kjb  C:\proyectobi\ETLfact_Registro_Siniestro.ktr]  Procesamiento finalizado (I=0, O=0, R=1300, W=1000, U=0, E=0)
2024-07-24 20:31:34.099 INFO  <Transformacion Fact_Registro_Siniestro - Ordenar filas producto> [C:\Users\niebl\OneDrive\Escritorio\Semestre\Inteligecia de Negocio\Proyecto Fase 2\BIProyecto\proyectobi(FINAL)\Job_dim_fact.kjb  C:\proyectobi\ETLfact_Registro_Siniestro.ktr]  Procesamiento finalizado (I=0, O=0, R=1000, W=1000, U=0, E=0)
2024-07-24 20:31:34.404 INFO  <Transformacion Fact_Registro_Siniestro - Unión por clave producto> [C:\Users\niebl\OneDrive\Escritorio\Semestre\Inteligecia de Negocio\Proyecto Fase 2\BIProyecto\proyectobi(FINAL)\Job_dim_fact.kjb  C:\proyectobi\ETLfact_Registro_Siniestro.ktr]  Procesamiento finalizado (I=0, O=0, R=1030, W=1000, U=0, E=0)
2024-07-24 20:31:34.414 INFO  <Transformacion Fact_Registro_Siniestro - Ordenar filas contrato 3> [C:\Users\niebl\OneDrive\Escritorio\Semestre\Inteligecia de Negocio\Proyecto Fase 2\BIProyecto\proyectobi(FINAL)\Job_dim_fact.kjb  C:\proyectobi\ETLfact_Registro_Siniestro.ktr]  Procesamiento finalizado (I=0, O=0, R=1000, W=1000, U=0, E=0)
2024-07-24 20:31:34.734 INFO  <Transformacion Fact_Registro_Siniestro - Unión por clave contrato 2> [C:\Users\niebl\OneDrive\Escritorio\Semestre\Inteligecia de Negocio\Proyecto Fase 2\BIProyecto\proyectobi(FINAL)\Job_dim_fact.kjb  C:\proyectobi\ETLfact_Registro_Siniestro.ktr]  Procesamiento finalizado (I=0, O=0, R=2000, W=1000, U=0, E=0)
2024-07-24 20:31:34.744 INFO  <Transformacion Fact_Registro_Siniestro - Ordenar filas fecha_siniestro> [C:\Users\niebl\OneDrive\Escritorio\Semestre\Inteligecia de Negocio\Proyecto Fase 2\BIProyecto\proyectobi(FINAL)\Job_dim_fact.kjb  C:\proyectobi\ETLfact_Registro_Siniestro.ktr]  Procesamiento finalizado (I=0, O=0, R=1000, W=1000, U=0, E=0)
2024-07-24 20:31:34.747 INFO  <Transformacion Fact_Registro_Siniestro - Ordenar filas fecha completa> [C:\Users\niebl\OneDrive\Escritorio\Semestre\Inteligecia de Negocio\Proyecto Fase 2\BIProyecto\proyectobi(FINAL)\Job_dim_fact.kjb  C:\proyectobi\ETLfact_Registro_Siniestro.ktr]  Procesamiento finalizado (I=0, O=0, R=14976, W=14976, U=0, E=0)
2024-07-24 20:31:35.054 INFO  <Transformacion Fact_Registro_Siniestro - Unión por clave fecha_siniestro> [C:\Users\niebl\OneDrive\Escritorio\Semestre\Inteligecia de Negocio\Proyecto Fase 2\BIProyecto\proyectobi(FINAL)\Job_dim_fact.kjb  C:\proyectobi\ETLfact_Registro_Siniestro.ktr]  Procesamiento finalizado (I=0, O=0, R=15976, W=1000, U=0, E=0)
2024-07-24 20:31:35.075 INFO  <Transformacion Fact_Registro_Siniestro - Ordenar filas fecha_respuesta> [C:\Users\niebl\OneDrive\Escritorio\Semestre\Inteligecia de Negocio\Proyecto Fase 2\BIProyecto\proyectobi(FINAL)\Job_dim_fact.kjb  C:\proyectobi\ETLfact_Registro_Siniestro.ktr]  Procesamiento finalizado (I=0, O=0, R=1000, W=1000, U=0, E=0)
2024-07-24 20:31:35.080 INFO  <Transformacion Fact_Registro_Siniestro - Ordenar filas fecha completa 2> [C:\Users\niebl\OneDrive\Escritorio\Semestre\Inteligecia de Negocio\Proyecto Fase 2\BIProyecto\proyectobi(FINAL)\Job_dim_fact.kjb  C:\proyectobi\ETLfact_Registro_Siniestro.ktr]  Procesamiento finalizado (I=0, O=0, R=14976, W=14976, U=0, E=0)
2024-07-24 20:31:35.390 INFO  <Transformacion Fact_Registro_Siniestro - Unión por clave fecha respuesta> [C:\Users\niebl\OneDrive\Escritorio\Semestre\Inteligecia de Negocio\Proyecto Fase 2\BIProyecto\proyectobi(FINAL)\Job_dim_fact.kjb  C:\proyectobi\ETLfact_Registro_Siniestro.ktr]  Procesamiento finalizado (I=0, O=0, R=15976, W=1000, U=0, E=0)
2024-07-24 20:31:35.421 INFO  <Transformacion Fact_Registro_Siniestro - Añadir secuencia cantidad> [C:\Users\niebl\OneDrive\Escritorio\Semestre\Inteligecia de Negocio\Proyecto Fase 2\BIProyecto\proyectobi(FINAL)\Job_dim_fact.kjb  C:\proyectobi\ETLfact_Registro_Siniestro.ktr]  Procesamiento finalizado (I=0, O=0, R=1000, W=1000, U=0, E=0)
2024-07-24 20:31:35.438 INFO  <Transformacion Fact_Registro_Siniestro - Formula> [C:\Users\niebl\OneDrive\Escritorio\Semestre\Inteligecia de Negocio\Proyecto Fase 2\BIProyecto\proyectobi(FINAL)\Job_dim_fact.kjb  C:\proyectobi\ETLfact_Registro_Siniestro.ktr]  Procesamiento finalizado (I=0, O=0, R=1000, W=1000, U=0, E=0)
2024-07-24 20:31:35.581 INFO  <Transformacion Fact_Registro_Siniestro - Salida Tabla Fact_Registro_Siniestro> [C:\Users\niebl\OneDrive\Escritorio\Semestre\Inteligecia de Negocio\Proyecto Fase 2\BIProyecto\proyectobi(FINAL)\Job_dim_fact.kjb  C:\proyectobi\ETLfact_Registro_Siniestro.ktr]  Procesamiento finalizado (I=0, O=1000, R=1000, W=1000, U=0, E=0)
2024-07-24 20:31:35.583 INFO  <Thread-1685> [C:\Users\niebl\OneDrive\Escritorio\Semestre\Inteligecia de Negocio\Proyecto Fase 2\BIProyecto\proyectobi(FINAL)\Job_dim_fact.kjb]  Starting entry [ETL fact_eval_servicio]
2024-07-24 20:31:35.612 INFO  <Thread-1685> [C:\Users\niebl\OneDrive\Escritorio\Semestre\Inteligecia de Negocio\Proyecto Fase 2\BIProyecto\proyectobi(FINAL)\Job_dim_fact.kjb]  Using run configuration [Pentaho local]
2024-07-24 20:31:35.613 INFO  <Thread-1685> [C:\Users\niebl\OneDrive\Escritorio\Semestre\Inteligecia de Negocio\Proyecto Fase 2\BIProyecto\proyectobi(FINAL)\Job_dim_fact.kjb  C:\proyectobi\ETLfact_Evaluacion_Servicio.ktr]  Iniciado despacho de la transformaci?n [Transformacion Fact_Evaluacion_Servicio]
2024-07-24 20:31:35.791 INFO  <init of Salida Tabla.0 (Thread-1975)> [C:\Users\niebl\OneDrive\Escritorio\Semestre\Inteligecia de Negocio\Proyecto Fase 2\BIProyecto\proyectobi(FINAL)\Job_dim_fact.kjb  C:\proyectobi\ETLfact_Evaluacion_Servicio.ktr]  Connected to database [Postgres] (commit=1000)
2024-07-24 20:31:35.817 INFO  <Transformacion Fact_Evaluacion_Servicio - Entrada Tabla dim evaluacion servicio> [C:\Users\niebl\OneDrive\Escritorio\Semestre\Inteligecia de Negocio\Proyecto Fase 2\BIProyecto\proyectobi(FINAL)\Job_dim_fact.kjb  C:\proyectobi\ETLfact_Evaluacion_Servicio.ktr]  Finished reading query, closing connection
2024-07-24 20:31:35.817 INFO  <Transformacion Fact_Evaluacion_Servicio - Entrada Tabla dim cliente> [C:\Users\niebl\OneDrive\Escritorio\Semestre\Inteligecia de Negocio\Proyecto Fase 2\BIProyecto\proyectobi(FINAL)\Job_dim_fact.kjb  C:\proyectobi\ETLfact_Evaluacion_Servicio.ktr]  Finished reading query, closing connection
2024-07-24 20:31:35.818 INFO  <Transformacion Fact_Evaluacion_Servicio - Entrada Tabla dim evaluacion servicio> [C:\Users\niebl\OneDrive\Escritorio\Semestre\Inteligecia de Negocio\Proyecto Fase 2\BIProyecto\proyectobi(FINAL)\Job_dim_fact.kjb  C:\proyectobi\ETLfact_Evaluacion_Servicio.ktr]  Procesamiento finalizado (I=6, O=0, R=0, W=6, U=0, E=0)
2024-07-24 20:31:35.818 INFO  <Transformacion Fact_Evaluacion_Servicio - Entrada Tabla dim producto> [C:\Users\niebl\OneDrive\Escritorio\Semestre\Inteligecia de Negocio\Proyecto Fase 2\BIProyecto\proyectobi(FINAL)\Job_dim_fact.kjb  C:\proyectobi\ETLfact_Evaluacion_Servicio.ktr]  Finished reading query, closing connection
2024-07-24 20:31:35.818 INFO  <Transformacion Fact_Evaluacion_Servicio - Entrada Tabla dim cliente> [C:\Users\niebl\OneDrive\Escritorio\Semestre\Inteligecia de Negocio\Proyecto Fase 2\BIProyecto\proyectobi(FINAL)\Job_dim_fact.kjb  C:\proyectobi\ETLfact_Evaluacion_Servicio.ktr]  Procesamiento finalizado (I=300, O=0, R=0, W=300, U=0, E=0)
2024-07-24 20:31:35.819 INFO  <Transformacion Fact_Evaluacion_Servicio - Entrada Tabla dim producto> [C:\Users\niebl\OneDrive\Escritorio\Semestre\Inteligecia de Negocio\Proyecto Fase 2\BIProyecto\proyectobi(FINAL)\Job_dim_fact.kjb  C:\proyectobi\ETLfact_Evaluacion_Servicio.ktr]  Procesamiento finalizado (I=30, O=0, R=0, W=30, U=0, E=0)
2024-07-24 20:31:35.822 INFO  <Transformacion Fact_Evaluacion_Servicio - Entrada Tabla recomienda> [C:\Users\niebl\OneDrive\Escritorio\Semestre\Inteligecia de Negocio\Proyecto Fase 2\BIProyecto\proyectobi(FINAL)\Job_dim_fact.kjb  C:\proyectobi\ETLfact_Evaluacion_Servicio.ktr]  Finished reading query, closing connection
2024-07-24 20:31:35.823 INFO  <Transformacion Fact_Evaluacion_Servicio - Entrada Tabla recomienda> [C:\Users\niebl\OneDrive\Escritorio\Semestre\Inteligecia de Negocio\Proyecto Fase 2\BIProyecto\proyectobi(FINAL)\Job_dim_fact.kjb  C:\proyectobi\ETLfact_Evaluacion_Servicio.ktr]  Procesamiento finalizado (I=500, O=0, R=0, W=500, U=0, E=0)
2024-07-24 20:31:35.826 INFO  <Transformacion Fact_Evaluacion_Servicio - Ordenar filas 2 evaluacion servicio> [C:\Users\niebl\OneDrive\Escritorio\Semestre\Inteligecia de Negocio\Proyecto Fase 2\BIProyecto\proyectobi(FINAL)\Job_dim_fact.kjb  C:\proyectobi\ETLfact_Evaluacion_Servicio.ktr]  Procesamiento finalizado (I=0, O=0, R=6, W=6, U=0, E=0)
2024-07-24 20:31:35.826 INFO  <Transformacion Fact_Evaluacion_Servicio - Ordenar filas cod_producto> [C:\Users\niebl\OneDrive\Escritorio\Semestre\Inteligecia de Negocio\Proyecto Fase 2\BIProyecto\proyectobi(FINAL)\Job_dim_fact.kjb  C:\proyectobi\ETLfact_Evaluacion_Servicio.ktr]  Procesamiento finalizado (I=0, O=0, R=30, W=30, U=0, E=0)
2024-07-24 20:31:35.828 INFO  <Transformacion Fact_Evaluacion_Servicio - Ordenar filas codigo producto> [C:\Users\niebl\OneDrive\Escritorio\Semestre\Inteligecia de Negocio\Proyecto Fase 2\BIProyecto\proyectobi(FINAL)\Job_dim_fact.kjb  C:\proyectobi\ETLfact_Evaluacion_Servicio.ktr]  Procesamiento finalizado (I=0, O=0, R=500, W=500, U=0, E=0)
2024-07-24 20:31:35.829 INFO  <Transformacion Fact_Evaluacion_Servicio - Ordenar filas cod_cliente> [C:\Users\niebl\OneDrive\Escritorio\Semestre\Inteligecia de Negocio\Proyecto Fase 2\BIProyecto\proyectobi(FINAL)\Job_dim_fact.kjb  C:\proyectobi\ETLfact_Evaluacion_Servicio.ktr]  Procesamiento finalizado (I=0, O=0, R=300, W=300, U=0, E=0)
2024-07-24 20:31:35.871 INFO  <Transformacion Fact_Evaluacion_Servicio - Entrada Tabla dim_tiempo> [C:\Users\niebl\OneDrive\Escritorio\Semestre\Inteligecia de Negocio\Proyecto Fase 2\BIProyecto\proyectobi(FINAL)\Job_dim_fact.kjb  C:\proyectobi\ETLfact_Evaluacion_Servicio.ktr]  Finished reading query, closing connection
2024-07-24 20:31:35.888 INFO  <Transformacion Fact_Evaluacion_Servicio - Entrada Tabla dim_tiempo> [C:\Users\niebl\OneDrive\Escritorio\Semestre\Inteligecia de Negocio\Proyecto Fase 2\BIProyecto\proyectobi(FINAL)\Job_dim_fact.kjb  C:\proyectobi\ETLfact_Evaluacion_Servicio.ktr]  Procesamiento finalizado (I=14976, O=0, R=0, W=14976, U=0, E=0)
2024-07-24 20:31:36.130 INFO  <Transformacion Fact_Evaluacion_Servicio - Unión por clave codigo pruducto> [C:\Users\niebl\OneDrive\Escritorio\Semestre\Inteligecia de Negocio\Proyecto Fase 2\BIProyecto\proyectobi(FINAL)\Job_dim_fact.kjb  C:\proyectobi\ETLfact_Evaluacion_Servicio.ktr]  Procesamiento finalizado (I=0, O=0, R=530, W=500, U=0, E=0)
2024-07-24 20:31:36.144 INFO  <Transformacion Fact_Evaluacion_Servicio - Ordenar filas codigo cliente> [C:\Users\niebl\OneDrive\Escritorio\Semestre\Inteligecia de Negocio\Proyecto Fase 2\BIProyecto\proyectobi(FINAL)\Job_dim_fact.kjb  C:\proyectobi\ETLfact_Evaluacion_Servicio.ktr]  Procesamiento finalizado (I=0, O=0, R=500, W=500, U=0, E=0)
2024-07-24 20:31:36.457 INFO  <Transformacion Fact_Evaluacion_Servicio - Unión por clave codigo cliente> [C:\Users\niebl\OneDrive\Escritorio\Semestre\Inteligecia de Negocio\Proyecto Fase 2\BIProyecto\proyectobi(FINAL)\Job_dim_fact.kjb  C:\proyectobi\ETLfact_Evaluacion_Servicio.ktr]  Procesamiento finalizado (I=0, O=0, R=800, W=500, U=0, E=0)
2024-07-24 20:31:36.461 INFO  <Transformacion Fact_Evaluacion_Servicio - Ordenar filas codigo evaluacion servicio> [C:\Users\niebl\OneDrive\Escritorio\Semestre\Inteligecia de Negocio\Proyecto Fase 2\BIProyecto\proyectobi(FINAL)\Job_dim_fact.kjb  C:\proyectobi\ETLfact_Evaluacion_Servicio.ktr]  Procesamiento finalizado (I=0, O=0, R=500, W=500, U=0, E=0)
2024-07-24 20:31:36.767 INFO  <Transformacion Fact_Evaluacion_Servicio - Unión por clave evaluacion servicio> [C:\Users\niebl\OneDrive\Escritorio\Semestre\Inteligecia de Negocio\Proyecto Fase 2\BIProyecto\proyectobi(FINAL)\Job_dim_fact.kjb  C:\proyectobi\ETLfact_Evaluacion_Servicio.ktr]  Procesamiento finalizado (I=0, O=0, R=506, W=500, U=0, E=0)
2024-07-24 20:31:36.777 INFO  <Transformacion Fact_Evaluacion_Servicio - Ordenar filas fecha_recomienda> [C:\Users\niebl\OneDrive\Escritorio\Semestre\Inteligecia de Negocio\Proyecto Fase 2\BIProyecto\proyectobi(FINAL)\Job_dim_fact.kjb  C:\proyectobi\ETLfact_Evaluacion_Servicio.ktr]  Procesamiento finalizado (I=0, O=0, R=500, W=500, U=0, E=0)
2024-07-24 20:31:36.783 INFO  <Transformacion Fact_Evaluacion_Servicio - Ordenar filas fecha completa> [C:\Users\niebl\OneDrive\Escritorio\Semestre\Inteligecia de Negocio\Proyecto Fase 2\BIProyecto\proyectobi(FINAL)\Job_dim_fact.kjb  C:\proyectobi\ETLfact_Evaluacion_Servicio.ktr]  Procesamiento finalizado (I=0, O=0, R=14976, W=14976, U=0, E=0)
2024-07-24 20:31:37.092 INFO  <Transformacion Fact_Evaluacion_Servicio - Unión por clave fecha> [C:\Users\niebl\OneDrive\Escritorio\Semestre\Inteligecia de Negocio\Proyecto Fase 2\BIProyecto\proyectobi(FINAL)\Job_dim_fact.kjb  C:\proyectobi\ETLfact_Evaluacion_Servicio.ktr]  Procesamiento finalizado (I=0, O=0, R=15476, W=500, U=0, E=0)
2024-07-24 20:31:37.095 INFO  <Transformacion Fact_Evaluacion_Servicio - Añadir secuencia cantidad> [C:\Users\niebl\OneDrive\Escritorio\Semestre\Inteligecia de Negocio\Proyecto Fase 2\BIProyecto\proyectobi(FINAL)\Job_dim_fact.kjb  C:\proyectobi\ETLfact_Evaluacion_Servicio.ktr]  Procesamiento finalizado (I=0, O=0, R=500, W=500, U=0, E=0)
2024-07-24 20:31:37.099 INFO  <Transformacion Fact_Evaluacion_Servicio - Formula> [C:\Users\niebl\OneDrive\Escritorio\Semestre\Inteligecia de Negocio\Proyecto Fase 2\BIProyecto\proyectobi(FINAL)\Job_dim_fact.kjb  C:\proyectobi\ETLfact_Evaluacion_Servicio.ktr]  Procesamiento finalizado (I=0, O=0, R=500, W=500, U=0, E=0)
2024-07-24 20:31:37.186 INFO  <Transformacion Fact_Evaluacion_Servicio - Salida Tabla> [C:\Users\niebl\OneDrive\Escritorio\Semestre\Inteligecia de Negocio\Proyecto Fase 2\BIProyecto\proyectobi(FINAL)\Job_dim_fact.kjb  C:\proyectobi\ETLfact_Evaluacion_Servicio.ktr]  Procesamiento finalizado (I=0, O=500, R=500, W=500, U=0, E=0)
2024-07-24 20:31:37.187 INFO  <Thread-1685> [C:\Users\niebl\OneDrive\Escritorio\Semestre\Inteligecia de Negocio\Proyecto Fase 2\BIProyecto\proyectobi(FINAL)\Job_dim_fact.kjb]  Finished job entry [ETL fact_eval_servicio] (result=[true])
2024-07-24 20:31:37.187 INFO  <Thread-1685> [C:\Users\niebl\OneDrive\Escritorio\Semestre\Inteligecia de Negocio\Proyecto Fase 2\BIProyecto\proyectobi(FINAL)\Job_dim_fact.kjb]  Finished job entry [ETL fact_reg_siniestro] (result=[true])
2024-07-24 20:31:37.232 INFO  <Thread-1685> [C:\Users\niebl\OneDrive\Escritorio\Semestre\Inteligecia de Negocio\Proyecto Fase 2\BIProyecto\proyectobi(FINAL)\Job_dim_fact.kjb]  Finished job entry [ETL_fact_reg_contrato] (result=[true])
2024-07-24 20:31:37.232 INFO  <Thread-1685> [C:\Users\niebl\OneDrive\Escritorio\Semestre\Inteligecia de Negocio\Proyecto Fase 2\BIProyecto\proyectobi(FINAL)\Job_dim_fact.kjb]  Finished job entry [ETL_fact_metas] (result=[true])
2024-07-24 20:31:37.232 INFO  <Thread-1685> [C:\Users\niebl\OneDrive\Escritorio\Semestre\Inteligecia de Negocio\Proyecto Fase 2\BIProyecto\proyectobi(FINAL)\Job_dim_fact.kjb]  Finished job entry [ETL dim_siniestro] (result=[true])
2024-07-24 20:31:37.232 INFO  <Thread-1685> [C:\Users\niebl\OneDrive\Escritorio\Semestre\Inteligecia de Negocio\Proyecto Fase 2\BIProyecto\proyectobi(FINAL)\Job_dim_fact.kjb]  Finished job entry [ETL dim_sucursal] (result=[true])
2024-07-24 20:31:37.232 INFO  <Thread-1685> [C:\Users\niebl\OneDrive\Escritorio\Semestre\Inteligecia de Negocio\Proyecto Fase 2\BIProyecto\proyectobi(FINAL)\Job_dim_fact.kjb]  Finished job entry [ETL dim_estado_contrato] (result=[true])
2024-07-24 20:31:37.233 INFO  <Thread-1685> [C:\Users\niebl\OneDrive\Escritorio\Semestre\Inteligecia de Negocio\Proyecto Fase 2\BIProyecto\proyectobi(FINAL)\Job_dim_fact.kjb]  Finished job entry [ELT dim_contrato] (result=[true])
2024-07-24 20:31:37.233 INFO  <Thread-1685> [C:\Users\niebl\OneDrive\Escritorio\Semestre\Inteligecia de Negocio\Proyecto Fase 2\BIProyecto\proyectobi(FINAL)\Job_dim_fact.kjb]  Finished job entry [ETL dim_eval_servicio] (result=[true])
2024-07-24 20:31:37.233 INFO  <Thread-1685> [C:\Users\niebl\OneDrive\Escritorio\Semestre\Inteligecia de Negocio\Proyecto Fase 2\BIProyecto\proyectobi(FINAL)\Job_dim_fact.kjb]  Finished job entry [ETL dim_cliente] (result=[true])
2024-07-24 20:31:37.233 INFO  <Thread-1685> [C:\Users\niebl\OneDrive\Escritorio\Semestre\Inteligecia de Negocio\Proyecto Fase 2\BIProyecto\proyectobi(FINAL)\Job_dim_fact.kjb]  Finished job entry [ETL dim_producto] (result=[true])
2024-07-24 20:31:37.233 INFO  <Thread-1685> [C:\Users\niebl\OneDrive\Escritorio\Semestre\Inteligecia de Negocio\Proyecto Fase 2\BIProyecto\proyectobi(FINAL)\Job_dim_fact.kjb]  Finished job entry [ETL dim_tiempo] (result=[true])
2024-07-24 20:31:37.233 WARN  <Thread-1685> [C:\Users\niebl\OneDrive\Escritorio\Semestre\Inteligecia de Negocio\Proyecto Fase 2\BIProyecto\proyectobi(FINAL)\Job_dim_fact.kjb]  Job execution finished
