2024-07-18 12:38:10.149 INFO  <Thread-23> [C:\Users\niebl\OneDrive\Escritorio\Semestre\Inteligecia de Negocio\Proyecto Fase 2\BIProyecto\ETL\Transformacion.ktr]  Iniciado despacho de la transformaci?n [Transformacion]
2024-07-18 12:38:10.360 ERROR <Transformacion - Entrada Tabla> [C:\Users\niebl\OneDrive\Escritorio\Semestre\Inteligecia de Negocio\Proyecto Fase 2\BIProyecto\ETL\Transformacion.ktr]  Error desconocido
2024-07-18 12:38:10.361 ERROR <Transformacion - Entrada Tabla> [C:\Users\niebl\OneDrive\Escritorio\Semestre\Inteligecia de Negocio\Proyecto Fase 2\BIProyecto\ETL\Transformacion.ktr]  org.pentaho.di.core.exception.KettleDatabaseException: 
An error occurred executing SQL: 
SELECT <values> FROM <table name> WHERE <conditions>
ERROR: error de sintaxis en o cerca de «<»
  Position: 8

	at org.pentaho.di.core.database.Database.openQuery(Database.java:1776)
	at org.pentaho.di.trans.steps.tableinput.TableInput.doQuery(TableInput.java:242)
	at org.pentaho.di.trans.steps.tableinput.TableInput.processRow(TableInput.java:143)
	at org.pentaho.di.trans.step.RunThread.run(RunThread.java:62)
	at java.lang.Thread.run(Thread.java:748)
Caused by: org.postgresql.util.PSQLException: ERROR: error de sintaxis en o cerca de «<»
  Position: 8
	at org.postgresql.core.v3.QueryExecutorImpl.receiveErrorResponse(QueryExecutorImpl.java:2552)
	at org.postgresql.core.v3.QueryExecutorImpl.processResults(QueryExecutorImpl.java:2284)
	at org.postgresql.core.v3.QueryExecutorImpl.execute(QueryExecutorImpl.java:322)
	at org.postgresql.jdbc.PgStatement.executeInternal(PgStatement.java:481)
	at org.postgresql.jdbc.PgStatement.execute(PgStatement.java:401)
	at org.postgresql.jdbc.PgStatement.executeWithFlags(PgStatement.java:322)
	at org.postgresql.jdbc.PgStatement.executeCachedSql(PgStatement.java:308)
	at org.postgresql.jdbc.PgStatement.executeWithFlags(PgStatement.java:284)
	at org.postgresql.jdbc.PgStatement.executeQuery(PgStatement.java:236)
	at org.pentaho.di.core.database.Database.openQuery(Database.java:1765)
	... 4 more

2024-07-18 12:38:10.363 INFO  <Transformacion - Entrada Tabla> [C:\Users\niebl\OneDrive\Escritorio\Semestre\Inteligecia de Negocio\Proyecto Fase 2\BIProyecto\ETL\Transformacion.ktr]  Finished reading query, closing connection
2024-07-18 12:38:10.365 INFO  <Transformacion - Entrada Tabla> [C:\Users\niebl\OneDrive\Escritorio\Semestre\Inteligecia de Negocio\Proyecto Fase 2\BIProyecto\ETL\Transformacion.ktr]  Procesamiento finalizado (I=0, O=0, R=0, W=0, U=0, E=1)
2024-07-18 12:38:10.372 ERROR <Transformacion - Entrada Tabla> [C:\Users\niebl\OneDrive\Escritorio\Semestre\Inteligecia de Negocio\Proyecto Fase 2\BIProyecto\ETL\Transformacion.ktr]  Errores detectados!
2024-07-18 12:38:10.373 ERROR <Transformacion - Entrada Tabla> [C:\Users\niebl\OneDrive\Escritorio\Semestre\Inteligecia de Negocio\Proyecto Fase 2\BIProyecto\ETL\Transformacion.ktr]  Errores detectados!
2024-07-18 12:38:10.603 ERROR <Transformacion - Entrada Tabla> [C:\Users\niebl\OneDrive\Escritorio\Semestre\Inteligecia de Negocio\Proyecto Fase 2\BIProyecto\ETL\Transformacion.ktr]  Errores detectados!
2024-07-18 12:38:10.623 WARN  <Transformacion - Entrada Tabla> [C:\Users\niebl\OneDrive\Escritorio\Semestre\Inteligecia de Negocio\Proyecto Fase 2\BIProyecto\ETL\Transformacion.ktr]  Transformaci?n detectada 
2024-07-18 12:38:10.623 WARN  <Transformacion - Entrada Tabla> [C:\Users\niebl\OneDrive\Escritorio\Semestre\Inteligecia de Negocio\Proyecto Fase 2\BIProyecto\ETL\Transformacion.ktr]  Transformaci?n est? matando los otros pasos!
2024-07-18 12:38:39.978 INFO  <Thread-28> [C:\Users\niebl\OneDrive\Escritorio\Semestre\Inteligecia de Negocio\Proyecto Fase 2\BIProyecto\ETL\Transformacion.ktr]  Iniciado despacho de la transformaci?n [Transformacion]
2024-07-18 12:38:39.979 ERROR <init of Entrada Tabla.0 (Thread-29)> [C:\Users\niebl\OneDrive\Escritorio\Semestre\Inteligecia de Negocio\Proyecto Fase 2\BIProyecto\ETL\Transformacion.ktr]  You need to specify a SQL statement to read from a database.
2024-07-18 12:38:39.980 ERROR <init of Entrada Tabla.0 (Thread-29)> [C:\Users\niebl\OneDrive\Escritorio\Semestre\Inteligecia de Negocio\Proyecto Fase 2\BIProyecto\ETL\Transformacion.ktr]  Error inicializando paso [Entrada Tabla]
2024-07-18 12:38:39.980 ERROR <Thread-28> [C:\Users\niebl\OneDrive\Escritorio\Semestre\Inteligecia de Negocio\Proyecto Fase 2\BIProyecto\ETL\Transformacion.ktr]  No se ha podido inicializar el paso [Entrada Tabla.0]!
2024-07-18 12:38:39.980 INFO  <Thread-28> [C:\Users\niebl\OneDrive\Escritorio\Semestre\Inteligecia de Negocio\Proyecto Fase 2\BIProyecto\ETL\Transformacion.ktr]  Finished reading query, closing connection
2024-07-18 12:38:39.981 ERROR <Thread-28> [C:\Users\niebl\OneDrive\Escritorio\Semestre\Inteligecia de Negocio\Proyecto Fase 2\BIProyecto\ETL\Transformacion.ktr]  Errores detectados!
2024-07-18 12:38:39.990 ERROR <Thread-28> [C:\Users\niebl\OneDrive\Escritorio\Semestre\Inteligecia de Negocio\Proyecto Fase 2\BIProyecto\ETL\Transformacion.ktr]  Errores detectados!
2024-07-18 12:39:41.761 INFO  <ModalContext> [C:\Users\niebl\OneDrive\Escritorio\Semestre\Inteligecia de Negocio\Proyecto Fase 2\BIProyecto\ETL\Transformacion.ktr : Transformacion.ktr]  Iniciado despacho de la transformaci?n [C:\Users\niebl\OneDrive\Escritorio\Semestre\Inteligecia de Negocio\Proyecto Fase 2\BIProyecto\ETL\Transformacion.ktr : Transformacion]
2024-07-18 12:39:41.847 ERROR <C:\Users\niebl\OneDrive\Escritorio\Semestre\Inteligecia de Negocio\Proyecto Fase 2\BIProyecto\ETL\Transformacion.ktr : Transformacion - Entrada Tabla> [C:\Users\niebl\OneDrive\Escritorio\Semestre\Inteligecia de Negocio\Proyecto Fase 2\BIProyecto\ETL\Transformacion.ktr : Transformacion.ktr]  Error desconocido
2024-07-18 12:39:41.847 ERROR <C:\Users\niebl\OneDrive\Escritorio\Semestre\Inteligecia de Negocio\Proyecto Fase 2\BIProyecto\ETL\Transformacion.ktr : Transformacion - Entrada Tabla> [C:\Users\niebl\OneDrive\Escritorio\Semestre\Inteligecia de Negocio\Proyecto Fase 2\BIProyecto\ETL\Transformacion.ktr : Transformacion.ktr]  org.pentaho.di.core.exception.KettleDatabaseException: 
An error occurred executing SQL: 
SELECT * FROM CLIENTE;
ERROR: no existe la relación «cliente»
  Position: 15

	at org.pentaho.di.core.database.Database.openQuery(Database.java:1776)
	at org.pentaho.di.trans.steps.tableinput.TableInput.doQuery(TableInput.java:242)
	at org.pentaho.di.trans.steps.tableinput.TableInput.processRow(TableInput.java:143)
	at org.pentaho.di.trans.step.RunThread.run(RunThread.java:62)
	at java.lang.Thread.run(Thread.java:748)
Caused by: org.postgresql.util.PSQLException: ERROR: no existe la relación «cliente»
  Position: 15
	at org.postgresql.core.v3.QueryExecutorImpl.receiveErrorResponse(QueryExecutorImpl.java:2552)
	at org.postgresql.core.v3.QueryExecutorImpl.processResults(QueryExecutorImpl.java:2284)
	at org.postgresql.core.v3.QueryExecutorImpl.execute(QueryExecutorImpl.java:322)
	at org.postgresql.jdbc.PgStatement.executeInternal(PgStatement.java:481)
	at org.postgresql.jdbc.PgStatement.execute(PgStatement.java:401)
	at org.postgresql.jdbc.PgStatement.executeWithFlags(PgStatement.java:322)
	at org.postgresql.jdbc.PgStatement.executeCachedSql(PgStatement.java:308)
	at org.postgresql.jdbc.PgStatement.executeWithFlags(PgStatement.java:284)
	at org.postgresql.jdbc.PgStatement.executeQuery(PgStatement.java:236)
	at org.pentaho.di.core.database.Database.openQuery(Database.java:1765)
	... 4 more

2024-07-18 12:39:41.848 INFO  <C:\Users\niebl\OneDrive\Escritorio\Semestre\Inteligecia de Negocio\Proyecto Fase 2\BIProyecto\ETL\Transformacion.ktr : Transformacion - Entrada Tabla> [C:\Users\niebl\OneDrive\Escritorio\Semestre\Inteligecia de Negocio\Proyecto Fase 2\BIProyecto\ETL\Transformacion.ktr : Transformacion.ktr]  Finished reading query, closing connection
2024-07-18 12:39:41.848 INFO  <C:\Users\niebl\OneDrive\Escritorio\Semestre\Inteligecia de Negocio\Proyecto Fase 2\BIProyecto\ETL\Transformacion.ktr : Transformacion - Entrada Tabla> [C:\Users\niebl\OneDrive\Escritorio\Semestre\Inteligecia de Negocio\Proyecto Fase 2\BIProyecto\ETL\Transformacion.ktr : Transformacion.ktr]  Procesamiento finalizado (I=0, O=0, R=0, W=0, U=0, E=1)
2024-07-18 12:39:41.849 WARN  <C:\Users\niebl\OneDrive\Escritorio\Semestre\Inteligecia de Negocio\Proyecto Fase 2\BIProyecto\ETL\Transformacion.ktr : Transformacion - Entrada Tabla> [C:\Users\niebl\OneDrive\Escritorio\Semestre\Inteligecia de Negocio\Proyecto Fase 2\BIProyecto\ETL\Transformacion.ktr : Transformacion.ktr]  Transformaci?n detectada 
2024-07-18 12:39:41.849 WARN  <C:\Users\niebl\OneDrive\Escritorio\Semestre\Inteligecia de Negocio\Proyecto Fase 2\BIProyecto\ETL\Transformacion.ktr : Transformacion - Entrada Tabla> [C:\Users\niebl\OneDrive\Escritorio\Semestre\Inteligecia de Negocio\Proyecto Fase 2\BIProyecto\ETL\Transformacion.ktr : Transformacion.ktr]  Transformaci?n est? matando los otros pasos!
2024-07-18 12:39:58.068 INFO  <Thread-36> [C:\Users\niebl\OneDrive\Escritorio\Semestre\Inteligecia de Negocio\Proyecto Fase 2\BIProyecto\ETL\Transformacion.ktr]  Iniciado despacho de la transformaci?n [Transformacion]
2024-07-18 12:39:58.203 ERROR <Transformacion - Entrada Tabla> [C:\Users\niebl\OneDrive\Escritorio\Semestre\Inteligecia de Negocio\Proyecto Fase 2\BIProyecto\ETL\Transformacion.ktr]  Error desconocido
2024-07-18 12:39:58.204 ERROR <Transformacion - Entrada Tabla> [C:\Users\niebl\OneDrive\Escritorio\Semestre\Inteligecia de Negocio\Proyecto Fase 2\BIProyecto\ETL\Transformacion.ktr]  org.pentaho.di.core.exception.KettleDatabaseException: 
An error occurred executing SQL: 
SELECT * FROM CLIENTE;
ERROR: no existe la relación «cliente»
  Position: 15

	at org.pentaho.di.core.database.Database.openQuery(Database.java:1776)
	at org.pentaho.di.trans.steps.tableinput.TableInput.doQuery(TableInput.java:242)
	at org.pentaho.di.trans.steps.tableinput.TableInput.processRow(TableInput.java:143)
	at org.pentaho.di.trans.step.RunThread.run(RunThread.java:62)
	at java.lang.Thread.run(Thread.java:748)
Caused by: org.postgresql.util.PSQLException: ERROR: no existe la relación «cliente»
  Position: 15
	at org.postgresql.core.v3.QueryExecutorImpl.receiveErrorResponse(QueryExecutorImpl.java:2552)
	at org.postgresql.core.v3.QueryExecutorImpl.processResults(QueryExecutorImpl.java:2284)
	at org.postgresql.core.v3.QueryExecutorImpl.execute(QueryExecutorImpl.java:322)
	at org.postgresql.jdbc.PgStatement.executeInternal(PgStatement.java:481)
	at org.postgresql.jdbc.PgStatement.execute(PgStatement.java:401)
	at org.postgresql.jdbc.PgStatement.executeWithFlags(PgStatement.java:322)
	at org.postgresql.jdbc.PgStatement.executeCachedSql(PgStatement.java:308)
	at org.postgresql.jdbc.PgStatement.executeWithFlags(PgStatement.java:284)
	at org.postgresql.jdbc.PgStatement.executeQuery(PgStatement.java:236)
	at org.pentaho.di.core.database.Database.openQuery(Database.java:1765)
	... 4 more

2024-07-18 12:39:58.204 INFO  <Transformacion - Entrada Tabla> [C:\Users\niebl\OneDrive\Escritorio\Semestre\Inteligecia de Negocio\Proyecto Fase 2\BIProyecto\ETL\Transformacion.ktr]  Finished reading query, closing connection
2024-07-18 12:39:58.205 INFO  <Transformacion - Entrada Tabla> [C:\Users\niebl\OneDrive\Escritorio\Semestre\Inteligecia de Negocio\Proyecto Fase 2\BIProyecto\ETL\Transformacion.ktr]  Procesamiento finalizado (I=0, O=0, R=0, W=0, U=0, E=1)
2024-07-18 12:39:58.207 ERROR <Transformacion - Entrada Tabla> [C:\Users\niebl\OneDrive\Escritorio\Semestre\Inteligecia de Negocio\Proyecto Fase 2\BIProyecto\ETL\Transformacion.ktr]  Errores detectados!
2024-07-18 12:39:58.207 ERROR <Transformacion - Entrada Tabla> [C:\Users\niebl\OneDrive\Escritorio\Semestre\Inteligecia de Negocio\Proyecto Fase 2\BIProyecto\ETL\Transformacion.ktr]  Errores detectados!
2024-07-18 12:39:58.233 ERROR <Transformacion - Entrada Tabla> [C:\Users\niebl\OneDrive\Escritorio\Semestre\Inteligecia de Negocio\Proyecto Fase 2\BIProyecto\ETL\Transformacion.ktr]  Errores detectados!
2024-07-18 12:39:58.247 WARN  <Transformacion - Entrada Tabla> [C:\Users\niebl\OneDrive\Escritorio\Semestre\Inteligecia de Negocio\Proyecto Fase 2\BIProyecto\ETL\Transformacion.ktr]  Transformaci?n detectada 
2024-07-18 12:39:58.247 WARN  <Transformacion - Entrada Tabla> [C:\Users\niebl\OneDrive\Escritorio\Semestre\Inteligecia de Negocio\Proyecto Fase 2\BIProyecto\ETL\Transformacion.ktr]  Transformaci?n est? matando los otros pasos!
2024-07-18 12:48:53.239 INFO  <Thread-41> [C:\Users\niebl\OneDrive\Escritorio\Semestre\Inteligecia de Negocio\Proyecto Fase 2\BIProyecto\ETL\Transformacion.ktr]  Iniciado despacho de la transformaci?n [Transformacion]
2024-07-18 12:48:53.317 INFO  <Transformacion - Entrada Tabla> [C:\Users\niebl\OneDrive\Escritorio\Semestre\Inteligecia de Negocio\Proyecto Fase 2\BIProyecto\ETL\Transformacion.ktr]  Finished reading query, closing connection
2024-07-18 12:48:53.318 INFO  <Transformacion - Entrada Tabla> [C:\Users\niebl\OneDrive\Escritorio\Semestre\Inteligecia de Negocio\Proyecto Fase 2\BIProyecto\ETL\Transformacion.ktr]  Procesamiento finalizado (I=1, O=0, R=0, W=1, U=0, E=0)
2024-07-18 12:55:15.057 INFO  <Thread-55> [C:\Users\niebl\OneDrive\Escritorio\Semestre\Inteligecia de Negocio\Proyecto Fase 2\BIProyecto\ETL\Transformacion.ktr]  Iniciado despacho de la transformaci?n [Transformacion]
2024-07-18 12:55:15.213 INFO  <Transformacion - Ejecutar script SQL> [C:\Users\niebl\OneDrive\Escritorio\Semestre\Inteligecia de Negocio\Proyecto Fase 2\BIProyecto\ETL\Transformacion.ktr]  Terminado la lectura de la consulta, cerrando conexi?n.
2024-07-18 12:55:15.214 INFO  <Transformacion - Ejecutar script SQL> [C:\Users\niebl\OneDrive\Escritorio\Semestre\Inteligecia de Negocio\Proyecto Fase 2\BIProyecto\ETL\Transformacion.ktr]  Procesamiento finalizado (I=0, O=0, R=0, W=1, U=0, E=0)
2024-07-18 12:55:15.227 INFO  <Transformacion - Entrada Tabla> [C:\Users\niebl\OneDrive\Escritorio\Semestre\Inteligecia de Negocio\Proyecto Fase 2\BIProyecto\ETL\Transformacion.ktr]  Finished reading query, closing connection
2024-07-18 12:55:15.228 INFO  <Transformacion - Entrada Tabla> [C:\Users\niebl\OneDrive\Escritorio\Semestre\Inteligecia de Negocio\Proyecto Fase 2\BIProyecto\ETL\Transformacion.ktr]  Procesamiento finalizado (I=1, O=0, R=0, W=1, U=0, E=0)
2024-07-18 12:56:32.431 INFO  <Thread-65> [C:\Users\niebl\OneDrive\Escritorio\Semestre\Inteligecia de Negocio\Proyecto Fase 2\BIProyecto\ETL\Transformacion.ktr]  Iniciado despacho de la transformaci?n [Transformacion]
2024-07-18 12:56:32.592 INFO  <Transformacion - Ejecutar script SQL> [C:\Users\niebl\OneDrive\Escritorio\Semestre\Inteligecia de Negocio\Proyecto Fase 2\BIProyecto\ETL\Transformacion.ktr]  Terminado la lectura de la consulta, cerrando conexi?n.
2024-07-18 12:56:32.594 INFO  <Transformacion - Ejecutar script SQL> [C:\Users\niebl\OneDrive\Escritorio\Semestre\Inteligecia de Negocio\Proyecto Fase 2\BIProyecto\ETL\Transformacion.ktr]  Procesamiento finalizado (I=0, O=0, R=0, W=1, U=0, E=0)
2024-07-18 12:56:32.604 INFO  <Transformacion - Entrada Tabla> [C:\Users\niebl\OneDrive\Escritorio\Semestre\Inteligecia de Negocio\Proyecto Fase 2\BIProyecto\ETL\Transformacion.ktr]  Finished reading query, closing connection
2024-07-18 12:56:32.605 INFO  <Transformacion - Entrada Tabla> [C:\Users\niebl\OneDrive\Escritorio\Semestre\Inteligecia de Negocio\Proyecto Fase 2\BIProyecto\ETL\Transformacion.ktr]  Procesamiento finalizado (I=1, O=0, R=0, W=1, U=0, E=0)
2024-07-18 13:05:43.664 INFO  <Thread-77> [C:\Users\niebl\OneDrive\Escritorio\Semestre\Inteligecia de Negocio\Proyecto Fase 2\BIProyecto\ETL\Transformacion.ktr]  Iniciado despacho de la transformaci?n [Transformacion]
2024-07-18 13:05:43.757 INFO  <init of Salida Tabla.0 (Thread-79)> [C:\Users\niebl\OneDrive\Escritorio\Semestre\Inteligecia de Negocio\Proyecto Fase 2\BIProyecto\ETL\Transformacion.ktr]  Connected to database [ConexionPostgre] (commit=1000)
2024-07-18 13:05:43.770 INFO  <Transformacion - Entrada Tabla> [C:\Users\niebl\OneDrive\Escritorio\Semestre\Inteligecia de Negocio\Proyecto Fase 2\BIProyecto\ETL\Transformacion.ktr]  Finished reading query, closing connection
2024-07-18 13:05:43.771 INFO  <Transformacion - Entrada Tabla> [C:\Users\niebl\OneDrive\Escritorio\Semestre\Inteligecia de Negocio\Proyecto Fase 2\BIProyecto\ETL\Transformacion.ktr]  Procesamiento finalizado (I=1, O=0, R=0, W=1, U=0, E=0)
2024-07-18 13:05:43.779 ERROR <Transformacion - Salida Tabla> [C:\Users\niebl\OneDrive\Escritorio\Semestre\Inteligecia de Negocio\Proyecto Fase 2\BIProyecto\ETL\Transformacion.ktr]  Because of an error, this step can't continue: 
2024-07-18 13:05:43.780 ERROR <Transformacion - Salida Tabla> [C:\Users\niebl\OneDrive\Escritorio\Semestre\Inteligecia de Negocio\Proyecto Fase 2\BIProyecto\ETL\Transformacion.ktr]  org.pentaho.di.core.exception.KettleException: 
Error inserting row into table [dim_cliente] with values: [12342], [ALEMANIA]

Error inserting/updating row
ERROR: no existe la columna «cod_pais» en la relación «dim_cliente»
  Position: 43


	at org.pentaho.di.trans.steps.tableoutput.TableOutput.writeToTable(TableOutput.java:384)
	at org.pentaho.di.trans.steps.tableoutput.TableOutput.processRow(TableOutput.java:125)
	at org.pentaho.di.trans.step.RunThread.run(RunThread.java:62)
	at java.lang.Thread.run(Thread.java:748)
Caused by: org.pentaho.di.core.exception.KettleDatabaseException: 
Error inserting/updating row
ERROR: no existe la columna «cod_pais» en la relación «dim_cliente»
  Position: 43

	at org.pentaho.di.core.database.Database.insertRow(Database.java:1335)
	at org.pentaho.di.trans.steps.tableoutput.TableOutput.writeToTable(TableOutput.java:262)
	... 3 more
Caused by: org.postgresql.util.PSQLException: ERROR: no existe la columna «cod_pais» en la relación «dim_cliente»
  Position: 43
	at org.postgresql.core.v3.QueryExecutorImpl.receiveErrorResponse(QueryExecutorImpl.java:2552)
	at org.postgresql.core.v3.QueryExecutorImpl.processResults(QueryExecutorImpl.java:2284)
	at org.postgresql.core.v3.QueryExecutorImpl.execute(QueryExecutorImpl.java:322)
	at org.postgresql.jdbc.PgStatement.executeInternal(PgStatement.java:481)
	at org.postgresql.jdbc.PgStatement.execute(PgStatement.java:401)
	at org.postgresql.jdbc.PgPreparedStatement.executeWithFlags(PgPreparedStatement.java:164)
	at org.postgresql.jdbc.PgPreparedStatement.executeUpdate(PgPreparedStatement.java:130)
	at org.pentaho.di.core.database.Database.insertRow(Database.java:1302)
	... 4 more

2024-07-18 13:05:43.781 INFO  <Transformacion - Salida Tabla> [C:\Users\niebl\OneDrive\Escritorio\Semestre\Inteligecia de Negocio\Proyecto Fase 2\BIProyecto\ETL\Transformacion.ktr]  Procesamiento finalizado (I=0, O=0, R=1, W=0, U=0, E=1)
2024-07-18 13:05:43.783 ERROR <Transformacion - Salida Tabla> [C:\Users\niebl\OneDrive\Escritorio\Semestre\Inteligecia de Negocio\Proyecto Fase 2\BIProyecto\ETL\Transformacion.ktr]  Errores detectados!
2024-07-18 13:05:43.784 ERROR <Transformacion - Salida Tabla> [C:\Users\niebl\OneDrive\Escritorio\Semestre\Inteligecia de Negocio\Proyecto Fase 2\BIProyecto\ETL\Transformacion.ktr]  Errores detectados!
2024-07-18 13:05:43.812 ERROR <Transformacion - Salida Tabla> [C:\Users\niebl\OneDrive\Escritorio\Semestre\Inteligecia de Negocio\Proyecto Fase 2\BIProyecto\ETL\Transformacion.ktr]  Errores detectados!
2024-07-18 13:05:43.827 WARN  <Transformacion - Salida Tabla> [C:\Users\niebl\OneDrive\Escritorio\Semestre\Inteligecia de Negocio\Proyecto Fase 2\BIProyecto\ETL\Transformacion.ktr]  Transformaci?n detectada 
2024-07-18 13:05:43.827 WARN  <Transformacion - Salida Tabla> [C:\Users\niebl\OneDrive\Escritorio\Semestre\Inteligecia de Negocio\Proyecto Fase 2\BIProyecto\ETL\Transformacion.ktr]  Transformaci?n est? matando los otros pasos!
2024-07-18 13:26:45.008 INFO  <ModalContext> [/Transformacion_Contrato.ktr]  Iniciado despacho de la transformaci?n [/Transformacion_Contrato]
2024-07-18 13:26:45.082 INFO  </Transformacion_Contrato - Entrada Tabla> [/Transformacion_Contrato.ktr]  Finished reading query, closing connection
2024-07-18 13:26:45.083 INFO  </Transformacion_Contrato - Entrada Tabla> [/Transformacion_Contrato.ktr]  Procesamiento finalizado (I=1, O=0, R=0, W=1, U=0, E=0)
2024-07-18 13:26:45.106 INFO  </Transformacion_Contrato - dummy> [/Transformacion_Contrato.ktr]  Procesamiento finalizado (I=0, O=0, R=1, W=1, U=0, E=0)
2024-07-18 13:26:57.791 INFO  <Thread-117> [C:\Users\niebl\OneDrive\Escritorio\Semestre\Inteligecia de Negocio\Proyecto Fase 2\BIProyecto\ETL\Transformacion_Contrato.ktr]  Iniciado despacho de la transformaci?n [Transformacion_Contrato]
2024-07-18 13:26:57.973 INFO  <Transformacion_Contrato - Entrada Tabla> [C:\Users\niebl\OneDrive\Escritorio\Semestre\Inteligecia de Negocio\Proyecto Fase 2\BIProyecto\ETL\Transformacion_Contrato.ktr]  Finished reading query, closing connection
2024-07-18 13:26:57.974 INFO  <Transformacion_Contrato - Entrada Tabla> [C:\Users\niebl\OneDrive\Escritorio\Semestre\Inteligecia de Negocio\Proyecto Fase 2\BIProyecto\ETL\Transformacion_Contrato.ktr]  Procesamiento finalizado (I=1, O=0, R=0, W=1, U=0, E=0)
2024-07-18 13:28:32.419 INFO  <Thread-124> [C:\Users\niebl\OneDrive\Escritorio\Semestre\Inteligecia de Negocio\Proyecto Fase 2\BIProyecto\ETL\Transformacion_Contrato.ktr]  Iniciado despacho de la transformaci?n [Transformacion_Contrato]
2024-07-18 13:28:32.496 INFO  <init of Salida Tabla.0 (Thread-126)> [C:\Users\niebl\OneDrive\Escritorio\Semestre\Inteligecia de Negocio\Proyecto Fase 2\BIProyecto\ETL\Transformacion_Contrato.ktr]  Connected to database [PostgresConexion] (commit=1000)
2024-07-18 13:28:32.580 INFO  <Transformacion_Contrato - Entrada Tabla> [C:\Users\niebl\OneDrive\Escritorio\Semestre\Inteligecia de Negocio\Proyecto Fase 2\BIProyecto\ETL\Transformacion_Contrato.ktr]  Finished reading query, closing connection
2024-07-18 13:28:32.581 INFO  <Transformacion_Contrato - Entrada Tabla> [C:\Users\niebl\OneDrive\Escritorio\Semestre\Inteligecia de Negocio\Proyecto Fase 2\BIProyecto\ETL\Transformacion_Contrato.ktr]  Procesamiento finalizado (I=1, O=0, R=0, W=1, U=0, E=0)
2024-07-18 13:28:32.587 ERROR <Transformacion_Contrato - Salida Tabla> [C:\Users\niebl\OneDrive\Escritorio\Semestre\Inteligecia de Negocio\Proyecto Fase 2\BIProyecto\ETL\Transformacion_Contrato.ktr]  Because of an error, this step can't continue: 
2024-07-18 13:28:32.588 ERROR <Transformacion_Contrato - Salida Tabla> [C:\Users\niebl\OneDrive\Escritorio\Semestre\Inteligecia de Negocio\Proyecto Fase 2\BIProyecto\ETL\Transformacion_Contrato.ktr]  org.pentaho.di.core.exception.KettleException: 
Error inserting row into table [dim_contrato] with values: [1], [Muerte]

Error inserting/updating row
ERROR: el valor nulo en la columna «sk_dim_contrato» de la relación «dim_contrato» viola la restricción de no nulo
  Detail: La fila que falla contiene (null, 1, Muerte).


	at org.pentaho.di.trans.steps.tableoutput.TableOutput.writeToTable(TableOutput.java:384)
	at org.pentaho.di.trans.steps.tableoutput.TableOutput.processRow(TableOutput.java:125)
	at org.pentaho.di.trans.step.RunThread.run(RunThread.java:62)
	at java.lang.Thread.run(Thread.java:748)
Caused by: org.pentaho.di.core.exception.KettleDatabaseException: 
Error inserting/updating row
ERROR: el valor nulo en la columna «sk_dim_contrato» de la relación «dim_contrato» viola la restricción de no nulo
  Detail: La fila que falla contiene (null, 1, Muerte).

	at org.pentaho.di.core.database.Database.insertRow(Database.java:1335)
	at org.pentaho.di.trans.steps.tableoutput.TableOutput.writeToTable(TableOutput.java:262)
	... 3 more
Caused by: org.postgresql.util.PSQLException: ERROR: el valor nulo en la columna «sk_dim_contrato» de la relación «dim_contrato» viola la restricción de no nulo
  Detail: La fila que falla contiene (null, 1, Muerte).
	at org.postgresql.core.v3.QueryExecutorImpl.receiveErrorResponse(QueryExecutorImpl.java:2552)
	at org.postgresql.core.v3.QueryExecutorImpl.processResults(QueryExecutorImpl.java:2284)
	at org.postgresql.core.v3.QueryExecutorImpl.execute(QueryExecutorImpl.java:322)
	at org.postgresql.jdbc.PgStatement.executeInternal(PgStatement.java:481)
	at org.postgresql.jdbc.PgStatement.execute(PgStatement.java:401)
	at org.postgresql.jdbc.PgPreparedStatement.executeWithFlags(PgPreparedStatement.java:164)
	at org.postgresql.jdbc.PgPreparedStatement.executeUpdate(PgPreparedStatement.java:130)
	at org.pentaho.di.core.database.Database.insertRow(Database.java:1302)
	... 4 more

2024-07-18 13:28:32.588 INFO  <Transformacion_Contrato - Salida Tabla> [C:\Users\niebl\OneDrive\Escritorio\Semestre\Inteligecia de Negocio\Proyecto Fase 2\BIProyecto\ETL\Transformacion_Contrato.ktr]  Procesamiento finalizado (I=0, O=0, R=1, W=0, U=0, E=1)
2024-07-18 13:28:32.590 ERROR <Transformacion_Contrato - Salida Tabla> [C:\Users\niebl\OneDrive\Escritorio\Semestre\Inteligecia de Negocio\Proyecto Fase 2\BIProyecto\ETL\Transformacion_Contrato.ktr]  Errores detectados!
2024-07-18 13:28:32.591 ERROR <Transformacion_Contrato - Salida Tabla> [C:\Users\niebl\OneDrive\Escritorio\Semestre\Inteligecia de Negocio\Proyecto Fase 2\BIProyecto\ETL\Transformacion_Contrato.ktr]  Errores detectados!
2024-07-18 13:28:32.616 ERROR <Transformacion_Contrato - Salida Tabla> [C:\Users\niebl\OneDrive\Escritorio\Semestre\Inteligecia de Negocio\Proyecto Fase 2\BIProyecto\ETL\Transformacion_Contrato.ktr]  Errores detectados!
2024-07-18 13:28:32.677 WARN  <Transformacion_Contrato - Salida Tabla> [C:\Users\niebl\OneDrive\Escritorio\Semestre\Inteligecia de Negocio\Proyecto Fase 2\BIProyecto\ETL\Transformacion_Contrato.ktr]  Transformaci?n detectada 
2024-07-18 13:28:32.677 WARN  <Transformacion_Contrato - Salida Tabla> [C:\Users\niebl\OneDrive\Escritorio\Semestre\Inteligecia de Negocio\Proyecto Fase 2\BIProyecto\ETL\Transformacion_Contrato.ktr]  Transformaci?n est? matando los otros pasos!
2024-07-18 13:31:03.367 INFO  <Thread-137> [C:\Users\niebl\OneDrive\Escritorio\Semestre\Inteligecia de Negocio\Proyecto Fase 2\BIProyecto\ETL\Transformacion_Contrato.ktr]  Iniciado despacho de la transformaci?n [Transformacion_Contrato]
2024-07-18 13:31:03.450 INFO  <init of Salida Tabla.0 (Thread-139)> [C:\Users\niebl\OneDrive\Escritorio\Semestre\Inteligecia de Negocio\Proyecto Fase 2\BIProyecto\ETL\Transformacion_Contrato.ktr]  Connected to database [PostgresConexion] (commit=1000)
2024-07-18 13:31:03.698 INFO  <Transformacion_Contrato - Entrada Tabla> [C:\Users\niebl\OneDrive\Escritorio\Semestre\Inteligecia de Negocio\Proyecto Fase 2\BIProyecto\ETL\Transformacion_Contrato.ktr]  Finished reading query, closing connection
2024-07-18 13:31:03.699 INFO  <Transformacion_Contrato - Entrada Tabla> [C:\Users\niebl\OneDrive\Escritorio\Semestre\Inteligecia de Negocio\Proyecto Fase 2\BIProyecto\ETL\Transformacion_Contrato.ktr]  Procesamiento finalizado (I=1, O=0, R=0, W=1, U=0, E=0)
2024-07-18 13:31:03.703 ERROR <Transformacion_Contrato - Salida Tabla> [C:\Users\niebl\OneDrive\Escritorio\Semestre\Inteligecia de Negocio\Proyecto Fase 2\BIProyecto\ETL\Transformacion_Contrato.ktr]  Because of an error, this step can't continue: 
2024-07-18 13:31:03.704 ERROR <Transformacion_Contrato - Salida Tabla> [C:\Users\niebl\OneDrive\Escritorio\Semestre\Inteligecia de Negocio\Proyecto Fase 2\BIProyecto\ETL\Transformacion_Contrato.ktr]  org.pentaho.di.core.exception.KettleException: 
Error inserting row into table [dim_contrato] with values: [1], [Muerte]

Error inserting/updating row
ERROR: el valor nulo en la columna «sk_dim_contrato» de la relación «dim_contrato» viola la restricción de no nulo
  Detail: La fila que falla contiene (null, 1, Muerte).


	at org.pentaho.di.trans.steps.tableoutput.TableOutput.writeToTable(TableOutput.java:384)
	at org.pentaho.di.trans.steps.tableoutput.TableOutput.processRow(TableOutput.java:125)
	at org.pentaho.di.trans.step.RunThread.run(RunThread.java:62)
	at java.lang.Thread.run(Thread.java:748)
Caused by: org.pentaho.di.core.exception.KettleDatabaseException: 
Error inserting/updating row
ERROR: el valor nulo en la columna «sk_dim_contrato» de la relación «dim_contrato» viola la restricción de no nulo
  Detail: La fila que falla contiene (null, 1, Muerte).

	at org.pentaho.di.core.database.Database.insertRow(Database.java:1335)
	at org.pentaho.di.trans.steps.tableoutput.TableOutput.writeToTable(TableOutput.java:262)
	... 3 more
Caused by: org.postgresql.util.PSQLException: ERROR: el valor nulo en la columna «sk_dim_contrato» de la relación «dim_contrato» viola la restricción de no nulo
  Detail: La fila que falla contiene (null, 1, Muerte).
	at org.postgresql.core.v3.QueryExecutorImpl.receiveErrorResponse(QueryExecutorImpl.java:2552)
	at org.postgresql.core.v3.QueryExecutorImpl.processResults(QueryExecutorImpl.java:2284)
	at org.postgresql.core.v3.QueryExecutorImpl.execute(QueryExecutorImpl.java:322)
	at org.postgresql.jdbc.PgStatement.executeInternal(PgStatement.java:481)
	at org.postgresql.jdbc.PgStatement.execute(PgStatement.java:401)
	at org.postgresql.jdbc.PgPreparedStatement.executeWithFlags(PgPreparedStatement.java:164)
	at org.postgresql.jdbc.PgPreparedStatement.executeUpdate(PgPreparedStatement.java:130)
	at org.pentaho.di.core.database.Database.insertRow(Database.java:1302)
	... 4 more

2024-07-18 13:31:03.704 INFO  <Transformacion_Contrato - Salida Tabla> [C:\Users\niebl\OneDrive\Escritorio\Semestre\Inteligecia de Negocio\Proyecto Fase 2\BIProyecto\ETL\Transformacion_Contrato.ktr]  Procesamiento finalizado (I=0, O=0, R=1, W=0, U=0, E=1)
2024-07-18 13:31:03.706 ERROR <Transformacion_Contrato - Salida Tabla> [C:\Users\niebl\OneDrive\Escritorio\Semestre\Inteligecia de Negocio\Proyecto Fase 2\BIProyecto\ETL\Transformacion_Contrato.ktr]  Errores detectados!
2024-07-18 13:31:03.706 ERROR <Transformacion_Contrato - Salida Tabla> [C:\Users\niebl\OneDrive\Escritorio\Semestre\Inteligecia de Negocio\Proyecto Fase 2\BIProyecto\ETL\Transformacion_Contrato.ktr]  Errores detectados!
2024-07-18 13:31:03.733 ERROR <Transformacion_Contrato - Salida Tabla> [C:\Users\niebl\OneDrive\Escritorio\Semestre\Inteligecia de Negocio\Proyecto Fase 2\BIProyecto\ETL\Transformacion_Contrato.ktr]  Errores detectados!
2024-07-18 13:31:03.748 WARN  <Transformacion_Contrato - Salida Tabla> [C:\Users\niebl\OneDrive\Escritorio\Semestre\Inteligecia de Negocio\Proyecto Fase 2\BIProyecto\ETL\Transformacion_Contrato.ktr]  Transformaci?n detectada 
2024-07-18 13:31:03.749 WARN  <Transformacion_Contrato - Salida Tabla> [C:\Users\niebl\OneDrive\Escritorio\Semestre\Inteligecia de Negocio\Proyecto Fase 2\BIProyecto\ETL\Transformacion_Contrato.ktr]  Transformaci?n est? matando los otros pasos!
2024-07-18 13:31:16.335 INFO  <Thread-144> [C:\Users\niebl\OneDrive\Escritorio\Semestre\Inteligecia de Negocio\Proyecto Fase 2\BIProyecto\ETL\Transformacion_Contrato.ktr]  Iniciado despacho de la transformaci?n [Transformacion_Contrato]
2024-07-18 13:31:16.335 INFO  <Thread-144> [C:\Users\niebl\OneDrive\Escritorio\Semestre\Inteligecia de Negocio\Proyecto Fase 2\BIProyecto\ETL\Transformacion_Contrato.ktr]  Esta es una transformaci?n de repetici?n de: 2024/07/18 13:31:16
2024-07-18 13:31:16.425 INFO  <init of Salida Tabla.0 (Thread-146)> [C:\Users\niebl\OneDrive\Escritorio\Semestre\Inteligecia de Negocio\Proyecto Fase 2\BIProyecto\ETL\Transformacion_Contrato.ktr]  Connected to database [PostgresConexion] (commit=1000)
2024-07-18 13:31:16.439 INFO  <Transformacion_Contrato - Entrada Tabla> [C:\Users\niebl\OneDrive\Escritorio\Semestre\Inteligecia de Negocio\Proyecto Fase 2\BIProyecto\ETL\Transformacion_Contrato.ktr]  Finished reading query, closing connection
2024-07-18 13:31:16.440 INFO  <Transformacion_Contrato - Entrada Tabla> [C:\Users\niebl\OneDrive\Escritorio\Semestre\Inteligecia de Negocio\Proyecto Fase 2\BIProyecto\ETL\Transformacion_Contrato.ktr]  Procesamiento finalizado (I=1, O=0, R=0, W=1, U=0, E=0)
2024-07-18 13:31:16.444 ERROR <Transformacion_Contrato - Salida Tabla> [C:\Users\niebl\OneDrive\Escritorio\Semestre\Inteligecia de Negocio\Proyecto Fase 2\BIProyecto\ETL\Transformacion_Contrato.ktr]  Because of an error, this step can't continue: 
2024-07-18 13:31:16.445 ERROR <Transformacion_Contrato - Salida Tabla> [C:\Users\niebl\OneDrive\Escritorio\Semestre\Inteligecia de Negocio\Proyecto Fase 2\BIProyecto\ETL\Transformacion_Contrato.ktr]  org.pentaho.di.core.exception.KettleException: 
Error inserting row into table [dim_contrato] with values: [1], [Muerte]

Error inserting/updating row
ERROR: el valor nulo en la columna «sk_dim_contrato» de la relación «dim_contrato» viola la restricción de no nulo
  Detail: La fila que falla contiene (null, 1, Muerte).


	at org.pentaho.di.trans.steps.tableoutput.TableOutput.writeToTable(TableOutput.java:384)
	at org.pentaho.di.trans.steps.tableoutput.TableOutput.processRow(TableOutput.java:125)
	at org.pentaho.di.trans.step.RunThread.run(RunThread.java:62)
	at java.lang.Thread.run(Thread.java:748)
Caused by: org.pentaho.di.core.exception.KettleDatabaseException: 
Error inserting/updating row
ERROR: el valor nulo en la columna «sk_dim_contrato» de la relación «dim_contrato» viola la restricción de no nulo
  Detail: La fila que falla contiene (null, 1, Muerte).

	at org.pentaho.di.core.database.Database.insertRow(Database.java:1335)
	at org.pentaho.di.trans.steps.tableoutput.TableOutput.writeToTable(TableOutput.java:262)
	... 3 more
Caused by: org.postgresql.util.PSQLException: ERROR: el valor nulo en la columna «sk_dim_contrato» de la relación «dim_contrato» viola la restricción de no nulo
  Detail: La fila que falla contiene (null, 1, Muerte).
	at org.postgresql.core.v3.QueryExecutorImpl.receiveErrorResponse(QueryExecutorImpl.java:2552)
	at org.postgresql.core.v3.QueryExecutorImpl.processResults(QueryExecutorImpl.java:2284)
	at org.postgresql.core.v3.QueryExecutorImpl.execute(QueryExecutorImpl.java:322)
	at org.postgresql.jdbc.PgStatement.executeInternal(PgStatement.java:481)
	at org.postgresql.jdbc.PgStatement.execute(PgStatement.java:401)
	at org.postgresql.jdbc.PgPreparedStatement.executeWithFlags(PgPreparedStatement.java:164)
	at org.postgresql.jdbc.PgPreparedStatement.executeUpdate(PgPreparedStatement.java:130)
	at org.pentaho.di.core.database.Database.insertRow(Database.java:1302)
	... 4 more

2024-07-18 13:31:16.446 INFO  <Transformacion_Contrato - Salida Tabla> [C:\Users\niebl\OneDrive\Escritorio\Semestre\Inteligecia de Negocio\Proyecto Fase 2\BIProyecto\ETL\Transformacion_Contrato.ktr]  Procesamiento finalizado (I=0, O=0, R=1, W=0, U=0, E=1)
2024-07-18 13:31:16.447 ERROR <Transformacion_Contrato - Salida Tabla> [C:\Users\niebl\OneDrive\Escritorio\Semestre\Inteligecia de Negocio\Proyecto Fase 2\BIProyecto\ETL\Transformacion_Contrato.ktr]  Errores detectados!
2024-07-18 13:31:16.447 ERROR <Transformacion_Contrato - Salida Tabla> [C:\Users\niebl\OneDrive\Escritorio\Semestre\Inteligecia de Negocio\Proyecto Fase 2\BIProyecto\ETL\Transformacion_Contrato.ktr]  Errores detectados!
2024-07-18 13:31:16.476 ERROR <Transformacion_Contrato - Salida Tabla> [C:\Users\niebl\OneDrive\Escritorio\Semestre\Inteligecia de Negocio\Proyecto Fase 2\BIProyecto\ETL\Transformacion_Contrato.ktr]  Errores detectados!
2024-07-18 13:31:16.492 WARN  <Transformacion_Contrato - Salida Tabla> [C:\Users\niebl\OneDrive\Escritorio\Semestre\Inteligecia de Negocio\Proyecto Fase 2\BIProyecto\ETL\Transformacion_Contrato.ktr]  Transformaci?n detectada 
2024-07-18 13:31:16.492 WARN  <Transformacion_Contrato - Salida Tabla> [C:\Users\niebl\OneDrive\Escritorio\Semestre\Inteligecia de Negocio\Proyecto Fase 2\BIProyecto\ETL\Transformacion_Contrato.ktr]  Transformaci?n est? matando los otros pasos!
2024-07-18 13:32:36.741 INFO  <Thread-155> [C:\Users\niebl\OneDrive\Escritorio\Semestre\Inteligecia de Negocio\Proyecto Fase 2\BIProyecto\ETL\Transformacion_Contrato.ktr]  Iniciado despacho de la transformaci?n [Transformacion_Contrato]
2024-07-18 13:32:36.818 INFO  <init of Salida Tabla.0 (Thread-157)> [C:\Users\niebl\OneDrive\Escritorio\Semestre\Inteligecia de Negocio\Proyecto Fase 2\BIProyecto\ETL\Transformacion_Contrato.ktr]  Connected to database [PostgresConexion] (commit=1000)
2024-07-18 13:32:36.831 INFO  <Transformacion_Contrato - Entrada Tabla> [C:\Users\niebl\OneDrive\Escritorio\Semestre\Inteligecia de Negocio\Proyecto Fase 2\BIProyecto\ETL\Transformacion_Contrato.ktr]  Finished reading query, closing connection
2024-07-18 13:32:36.832 INFO  <Transformacion_Contrato - Entrada Tabla> [C:\Users\niebl\OneDrive\Escritorio\Semestre\Inteligecia de Negocio\Proyecto Fase 2\BIProyecto\ETL\Transformacion_Contrato.ktr]  Procesamiento finalizado (I=1, O=0, R=0, W=1, U=0, E=0)
2024-07-18 13:32:36.836 ERROR <Transformacion_Contrato - Salida Tabla> [C:\Users\niebl\OneDrive\Escritorio\Semestre\Inteligecia de Negocio\Proyecto Fase 2\BIProyecto\ETL\Transformacion_Contrato.ktr]  Because of an error, this step can't continue: 
2024-07-18 13:32:36.837 ERROR <Transformacion_Contrato - Salida Tabla> [C:\Users\niebl\OneDrive\Escritorio\Semestre\Inteligecia de Negocio\Proyecto Fase 2\BIProyecto\ETL\Transformacion_Contrato.ktr]  org.pentaho.di.core.exception.KettleException: 
Error inserting row into table [dim_contrato] with values: [1], [Muerte]

Error inserting/updating row
ERROR: el valor nulo en la columna «sk_dim_contrato» de la relación «dim_contrato» viola la restricción de no nulo
  Detail: La fila que falla contiene (null, 1, Muerte).


	at org.pentaho.di.trans.steps.tableoutput.TableOutput.writeToTable(TableOutput.java:384)
	at org.pentaho.di.trans.steps.tableoutput.TableOutput.processRow(TableOutput.java:125)
	at org.pentaho.di.trans.step.RunThread.run(RunThread.java:62)
	at java.lang.Thread.run(Thread.java:748)
Caused by: org.pentaho.di.core.exception.KettleDatabaseException: 
Error inserting/updating row
ERROR: el valor nulo en la columna «sk_dim_contrato» de la relación «dim_contrato» viola la restricción de no nulo
  Detail: La fila que falla contiene (null, 1, Muerte).

	at org.pentaho.di.core.database.Database.insertRow(Database.java:1335)
	at org.pentaho.di.trans.steps.tableoutput.TableOutput.writeToTable(TableOutput.java:262)
	... 3 more
Caused by: org.postgresql.util.PSQLException: ERROR: el valor nulo en la columna «sk_dim_contrato» de la relación «dim_contrato» viola la restricción de no nulo
  Detail: La fila que falla contiene (null, 1, Muerte).
	at org.postgresql.core.v3.QueryExecutorImpl.receiveErrorResponse(QueryExecutorImpl.java:2552)
	at org.postgresql.core.v3.QueryExecutorImpl.processResults(QueryExecutorImpl.java:2284)
	at org.postgresql.core.v3.QueryExecutorImpl.execute(QueryExecutorImpl.java:322)
	at org.postgresql.jdbc.PgStatement.executeInternal(PgStatement.java:481)
	at org.postgresql.jdbc.PgStatement.execute(PgStatement.java:401)
	at org.postgresql.jdbc.PgPreparedStatement.executeWithFlags(PgPreparedStatement.java:164)
	at org.postgresql.jdbc.PgPreparedStatement.executeUpdate(PgPreparedStatement.java:130)
	at org.pentaho.di.core.database.Database.insertRow(Database.java:1302)
	... 4 more

2024-07-18 13:32:36.837 INFO  <Transformacion_Contrato - Salida Tabla> [C:\Users\niebl\OneDrive\Escritorio\Semestre\Inteligecia de Negocio\Proyecto Fase 2\BIProyecto\ETL\Transformacion_Contrato.ktr]  Procesamiento finalizado (I=0, O=0, R=1, W=0, U=0, E=1)
2024-07-18 13:32:36.838 ERROR <Transformacion_Contrato - Salida Tabla> [C:\Users\niebl\OneDrive\Escritorio\Semestre\Inteligecia de Negocio\Proyecto Fase 2\BIProyecto\ETL\Transformacion_Contrato.ktr]  Errores detectados!
2024-07-18 13:32:36.839 ERROR <Transformacion_Contrato - Salida Tabla> [C:\Users\niebl\OneDrive\Escritorio\Semestre\Inteligecia de Negocio\Proyecto Fase 2\BIProyecto\ETL\Transformacion_Contrato.ktr]  Errores detectados!
2024-07-18 13:32:36.868 ERROR <Transformacion_Contrato - Salida Tabla> [C:\Users\niebl\OneDrive\Escritorio\Semestre\Inteligecia de Negocio\Proyecto Fase 2\BIProyecto\ETL\Transformacion_Contrato.ktr]  Errores detectados!
2024-07-18 13:32:36.883 WARN  <Transformacion_Contrato - Salida Tabla> [C:\Users\niebl\OneDrive\Escritorio\Semestre\Inteligecia de Negocio\Proyecto Fase 2\BIProyecto\ETL\Transformacion_Contrato.ktr]  Transformaci?n detectada 
2024-07-18 13:32:36.883 WARN  <Transformacion_Contrato - Salida Tabla> [C:\Users\niebl\OneDrive\Escritorio\Semestre\Inteligecia de Negocio\Proyecto Fase 2\BIProyecto\ETL\Transformacion_Contrato.ktr]  Transformaci?n est? matando los otros pasos!
2024-07-18 14:04:15.545 INFO  <Thread-163> [C:\Users\niebl\OneDrive\Escritorio\Semestre\Inteligecia de Negocio\Proyecto Fase 2\BIProyecto\ETL\Transformacion_Contrato.ktr]  Iniciado despacho de la transformaci?n [Transformacion_Contrato]
2024-07-18 14:04:15.621 INFO  <init of Salida Tabla.0 (Thread-165)> [C:\Users\niebl\OneDrive\Escritorio\Semestre\Inteligecia de Negocio\Proyecto Fase 2\BIProyecto\ETL\Transformacion_Contrato.ktr]  Connected to database [PostgresConexion] (commit=1000)
2024-07-18 14:04:15.633 INFO  <Transformacion_Contrato - Entrada Tabla> [C:\Users\niebl\OneDrive\Escritorio\Semestre\Inteligecia de Negocio\Proyecto Fase 2\BIProyecto\ETL\Transformacion_Contrato.ktr]  Finished reading query, closing connection
2024-07-18 14:04:15.634 INFO  <Transformacion_Contrato - Entrada Tabla> [C:\Users\niebl\OneDrive\Escritorio\Semestre\Inteligecia de Negocio\Proyecto Fase 2\BIProyecto\ETL\Transformacion_Contrato.ktr]  Procesamiento finalizado (I=1, O=0, R=0, W=1, U=0, E=0)
2024-07-18 14:04:15.637 ERROR <Transformacion_Contrato - Salida Tabla> [C:\Users\niebl\OneDrive\Escritorio\Semestre\Inteligecia de Negocio\Proyecto Fase 2\BIProyecto\ETL\Transformacion_Contrato.ktr]  Because of an error, this step can't continue: 
2024-07-18 14:04:15.638 ERROR <Transformacion_Contrato - Salida Tabla> [C:\Users\niebl\OneDrive\Escritorio\Semestre\Inteligecia de Negocio\Proyecto Fase 2\BIProyecto\ETL\Transformacion_Contrato.ktr]  org.pentaho.di.core.exception.KettleException: 
Error inserting row into table [dim_contrato] with values: [1], [Muerte]

Error inserting/updating row
ERROR: el valor nulo en la columna «sk_dim_contrato» de la relación «dim_contrato» viola la restricción de no nulo
  Detail: La fila que falla contiene (null, 1, Muerte).


	at org.pentaho.di.trans.steps.tableoutput.TableOutput.writeToTable(TableOutput.java:384)
	at org.pentaho.di.trans.steps.tableoutput.TableOutput.processRow(TableOutput.java:125)
	at org.pentaho.di.trans.step.RunThread.run(RunThread.java:62)
	at java.lang.Thread.run(Thread.java:748)
Caused by: org.pentaho.di.core.exception.KettleDatabaseException: 
Error inserting/updating row
ERROR: el valor nulo en la columna «sk_dim_contrato» de la relación «dim_contrato» viola la restricción de no nulo
  Detail: La fila que falla contiene (null, 1, Muerte).

	at org.pentaho.di.core.database.Database.insertRow(Database.java:1335)
	at org.pentaho.di.trans.steps.tableoutput.TableOutput.writeToTable(TableOutput.java:262)
	... 3 more
Caused by: org.postgresql.util.PSQLException: ERROR: el valor nulo en la columna «sk_dim_contrato» de la relación «dim_contrato» viola la restricción de no nulo
  Detail: La fila que falla contiene (null, 1, Muerte).
	at org.postgresql.core.v3.QueryExecutorImpl.receiveErrorResponse(QueryExecutorImpl.java:2552)
	at org.postgresql.core.v3.QueryExecutorImpl.processResults(QueryExecutorImpl.java:2284)
	at org.postgresql.core.v3.QueryExecutorImpl.execute(QueryExecutorImpl.java:322)
	at org.postgresql.jdbc.PgStatement.executeInternal(PgStatement.java:481)
	at org.postgresql.jdbc.PgStatement.execute(PgStatement.java:401)
	at org.postgresql.jdbc.PgPreparedStatement.executeWithFlags(PgPreparedStatement.java:164)
	at org.postgresql.jdbc.PgPreparedStatement.executeUpdate(PgPreparedStatement.java:130)
	at org.pentaho.di.core.database.Database.insertRow(Database.java:1302)
	... 4 more

2024-07-18 14:04:15.639 INFO  <Transformacion_Contrato - Salida Tabla> [C:\Users\niebl\OneDrive\Escritorio\Semestre\Inteligecia de Negocio\Proyecto Fase 2\BIProyecto\ETL\Transformacion_Contrato.ktr]  Procesamiento finalizado (I=0, O=0, R=1, W=0, U=0, E=1)
2024-07-18 14:04:15.641 ERROR <Transformacion_Contrato - Salida Tabla> [C:\Users\niebl\OneDrive\Escritorio\Semestre\Inteligecia de Negocio\Proyecto Fase 2\BIProyecto\ETL\Transformacion_Contrato.ktr]  Errores detectados!
2024-07-18 14:04:15.641 ERROR <Transformacion_Contrato - Salida Tabla> [C:\Users\niebl\OneDrive\Escritorio\Semestre\Inteligecia de Negocio\Proyecto Fase 2\BIProyecto\ETL\Transformacion_Contrato.ktr]  Errores detectados!
2024-07-18 14:04:15.673 ERROR <Transformacion_Contrato - Salida Tabla> [C:\Users\niebl\OneDrive\Escritorio\Semestre\Inteligecia de Negocio\Proyecto Fase 2\BIProyecto\ETL\Transformacion_Contrato.ktr]  Errores detectados!
2024-07-18 14:04:15.690 WARN  <Transformacion_Contrato - Salida Tabla> [C:\Users\niebl\OneDrive\Escritorio\Semestre\Inteligecia de Negocio\Proyecto Fase 2\BIProyecto\ETL\Transformacion_Contrato.ktr]  Transformaci?n detectada 
2024-07-18 14:04:15.690 WARN  <Transformacion_Contrato - Salida Tabla> [C:\Users\niebl\OneDrive\Escritorio\Semestre\Inteligecia de Negocio\Proyecto Fase 2\BIProyecto\ETL\Transformacion_Contrato.ktr]  Transformaci?n est? matando los otros pasos!
2024-07-18 14:09:28.288 INFO  <Thread-171> [C:\Users\niebl\OneDrive\Escritorio\Semestre\Inteligecia de Negocio\Proyecto Fase 2\BIProyecto\ETL\Transformacion_Contrato.ktr]  Iniciado despacho de la transformaci?n [Transformacion_Contrato]
2024-07-18 14:09:28.365 INFO  <init of Salida Tabla.0 (Thread-173)> [C:\Users\niebl\OneDrive\Escritorio\Semestre\Inteligecia de Negocio\Proyecto Fase 2\BIProyecto\ETL\Transformacion_Contrato.ktr]  Connected to database [PostgresConexion] (commit=1000)
2024-07-18 14:09:28.382 INFO  <Transformacion_Contrato - Entrada Tabla> [C:\Users\niebl\OneDrive\Escritorio\Semestre\Inteligecia de Negocio\Proyecto Fase 2\BIProyecto\ETL\Transformacion_Contrato.ktr]  Finished reading query, closing connection
2024-07-18 14:09:28.383 INFO  <Transformacion_Contrato - Entrada Tabla> [C:\Users\niebl\OneDrive\Escritorio\Semestre\Inteligecia de Negocio\Proyecto Fase 2\BIProyecto\ETL\Transformacion_Contrato.ktr]  Procesamiento finalizado (I=1, O=0, R=0, W=1, U=0, E=0)
2024-07-18 14:09:28.388 ERROR <Transformacion_Contrato - Salida Tabla> [C:\Users\niebl\OneDrive\Escritorio\Semestre\Inteligecia de Negocio\Proyecto Fase 2\BIProyecto\ETL\Transformacion_Contrato.ktr]  Because of an error, this step can't continue: 
2024-07-18 14:09:28.388 ERROR <Transformacion_Contrato - Salida Tabla> [C:\Users\niebl\OneDrive\Escritorio\Semestre\Inteligecia de Negocio\Proyecto Fase 2\BIProyecto\ETL\Transformacion_Contrato.ktr]  org.pentaho.di.core.exception.KettleException: 
Error inserting row into table [dim_contrato] with values: [1], [Muerte]

Error inserting/updating row
ERROR: el valor nulo en la columna «sk_dim_contrato» de la relación «dim_contrato» viola la restricción de no nulo
  Detail: La fila que falla contiene (null, 1, Muerte).


	at org.pentaho.di.trans.steps.tableoutput.TableOutput.writeToTable(TableOutput.java:384)
	at org.pentaho.di.trans.steps.tableoutput.TableOutput.processRow(TableOutput.java:125)
	at org.pentaho.di.trans.step.RunThread.run(RunThread.java:62)
	at java.lang.Thread.run(Thread.java:748)
Caused by: org.pentaho.di.core.exception.KettleDatabaseException: 
Error inserting/updating row
ERROR: el valor nulo en la columna «sk_dim_contrato» de la relación «dim_contrato» viola la restricción de no nulo
  Detail: La fila que falla contiene (null, 1, Muerte).

	at org.pentaho.di.core.database.Database.insertRow(Database.java:1335)
	at org.pentaho.di.trans.steps.tableoutput.TableOutput.writeToTable(TableOutput.java:262)
	... 3 more
Caused by: org.postgresql.util.PSQLException: ERROR: el valor nulo en la columna «sk_dim_contrato» de la relación «dim_contrato» viola la restricción de no nulo
  Detail: La fila que falla contiene (null, 1, Muerte).
	at org.postgresql.core.v3.QueryExecutorImpl.receiveErrorResponse(QueryExecutorImpl.java:2552)
	at org.postgresql.core.v3.QueryExecutorImpl.processResults(QueryExecutorImpl.java:2284)
	at org.postgresql.core.v3.QueryExecutorImpl.execute(QueryExecutorImpl.java:322)
	at org.postgresql.jdbc.PgStatement.executeInternal(PgStatement.java:481)
	at org.postgresql.jdbc.PgStatement.execute(PgStatement.java:401)
	at org.postgresql.jdbc.PgPreparedStatement.executeWithFlags(PgPreparedStatement.java:164)
	at org.postgresql.jdbc.PgPreparedStatement.executeUpdate(PgPreparedStatement.java:130)
	at org.pentaho.di.core.database.Database.insertRow(Database.java:1302)
	... 4 more

2024-07-18 14:09:28.389 INFO  <Transformacion_Contrato - Salida Tabla> [C:\Users\niebl\OneDrive\Escritorio\Semestre\Inteligecia de Negocio\Proyecto Fase 2\BIProyecto\ETL\Transformacion_Contrato.ktr]  Procesamiento finalizado (I=0, O=0, R=1, W=0, U=0, E=1)
2024-07-18 14:09:28.391 ERROR <Transformacion_Contrato - Salida Tabla> [C:\Users\niebl\OneDrive\Escritorio\Semestre\Inteligecia de Negocio\Proyecto Fase 2\BIProyecto\ETL\Transformacion_Contrato.ktr]  Errores detectados!
2024-07-18 14:09:28.392 ERROR <Transformacion_Contrato - Salida Tabla> [C:\Users\niebl\OneDrive\Escritorio\Semestre\Inteligecia de Negocio\Proyecto Fase 2\BIProyecto\ETL\Transformacion_Contrato.ktr]  Errores detectados!
2024-07-18 14:09:28.427 ERROR <Transformacion_Contrato - Salida Tabla> [C:\Users\niebl\OneDrive\Escritorio\Semestre\Inteligecia de Negocio\Proyecto Fase 2\BIProyecto\ETL\Transformacion_Contrato.ktr]  Errores detectados!
2024-07-18 14:09:28.446 WARN  <Transformacion_Contrato - Salida Tabla> [C:\Users\niebl\OneDrive\Escritorio\Semestre\Inteligecia de Negocio\Proyecto Fase 2\BIProyecto\ETL\Transformacion_Contrato.ktr]  Transformaci?n detectada 
2024-07-18 14:09:28.447 WARN  <Transformacion_Contrato - Salida Tabla> [C:\Users\niebl\OneDrive\Escritorio\Semestre\Inteligecia de Negocio\Proyecto Fase 2\BIProyecto\ETL\Transformacion_Contrato.ktr]  Transformaci?n est? matando los otros pasos!
2024-07-18 14:11:32.571 INFO  <Thread-181> [C:\Users\niebl\OneDrive\Escritorio\Semestre\Inteligecia de Negocio\Proyecto Fase 2\BIProyecto\ETL\Transformacion_Contrato.ktr]  Iniciado despacho de la transformaci?n [Transformacion_Contrato]
2024-07-18 14:11:32.648 INFO  <init of Salida Tabla.0 (Thread-183)> [C:\Users\niebl\OneDrive\Escritorio\Semestre\Inteligecia de Negocio\Proyecto Fase 2\BIProyecto\ETL\Transformacion_Contrato.ktr]  Connected to database [PostgresConexion] (commit=1000)
2024-07-18 14:11:32.660 INFO  <Transformacion_Contrato - Entrada Tabla> [C:\Users\niebl\OneDrive\Escritorio\Semestre\Inteligecia de Negocio\Proyecto Fase 2\BIProyecto\ETL\Transformacion_Contrato.ktr]  Finished reading query, closing connection
2024-07-18 14:11:32.661 INFO  <Transformacion_Contrato - Entrada Tabla> [C:\Users\niebl\OneDrive\Escritorio\Semestre\Inteligecia de Negocio\Proyecto Fase 2\BIProyecto\ETL\Transformacion_Contrato.ktr]  Procesamiento finalizado (I=1, O=0, R=0, W=1, U=0, E=0)
2024-07-18 14:11:32.664 ERROR <Transformacion_Contrato - Salida Tabla> [C:\Users\niebl\OneDrive\Escritorio\Semestre\Inteligecia de Negocio\Proyecto Fase 2\BIProyecto\ETL\Transformacion_Contrato.ktr]  Because of an error, this step can't continue: 
2024-07-18 14:11:32.665 ERROR <Transformacion_Contrato - Salida Tabla> [C:\Users\niebl\OneDrive\Escritorio\Semestre\Inteligecia de Negocio\Proyecto Fase 2\BIProyecto\ETL\Transformacion_Contrato.ktr]  org.pentaho.di.core.exception.KettleException: 
Error inserting row into table [dim_contrato] with values: [1], [Muerte]

Error inserting/updating row
ERROR: el valor nulo en la columna «sk_dim_contrato» de la relación «dim_contrato» viola la restricción de no nulo
  Detail: La fila que falla contiene (null, 1, Muerte).


	at org.pentaho.di.trans.steps.tableoutput.TableOutput.writeToTable(TableOutput.java:384)
	at org.pentaho.di.trans.steps.tableoutput.TableOutput.processRow(TableOutput.java:125)
	at org.pentaho.di.trans.step.RunThread.run(RunThread.java:62)
	at java.lang.Thread.run(Thread.java:748)
Caused by: org.pentaho.di.core.exception.KettleDatabaseException: 
Error inserting/updating row
ERROR: el valor nulo en la columna «sk_dim_contrato» de la relación «dim_contrato» viola la restricción de no nulo
  Detail: La fila que falla contiene (null, 1, Muerte).

	at org.pentaho.di.core.database.Database.insertRow(Database.java:1335)
	at org.pentaho.di.trans.steps.tableoutput.TableOutput.writeToTable(TableOutput.java:262)
	... 3 more
Caused by: org.postgresql.util.PSQLException: ERROR: el valor nulo en la columna «sk_dim_contrato» de la relación «dim_contrato» viola la restricción de no nulo
  Detail: La fila que falla contiene (null, 1, Muerte).
	at org.postgresql.core.v3.QueryExecutorImpl.receiveErrorResponse(QueryExecutorImpl.java:2552)
	at org.postgresql.core.v3.QueryExecutorImpl.processResults(QueryExecutorImpl.java:2284)
	at org.postgresql.core.v3.QueryExecutorImpl.execute(QueryExecutorImpl.java:322)
	at org.postgresql.jdbc.PgStatement.executeInternal(PgStatement.java:481)
	at org.postgresql.jdbc.PgStatement.execute(PgStatement.java:401)
	at org.postgresql.jdbc.PgPreparedStatement.executeWithFlags(PgPreparedStatement.java:164)
	at org.postgresql.jdbc.PgPreparedStatement.executeUpdate(PgPreparedStatement.java:130)
	at org.pentaho.di.core.database.Database.insertRow(Database.java:1302)
	... 4 more

2024-07-18 14:11:32.666 INFO  <Transformacion_Contrato - Salida Tabla> [C:\Users\niebl\OneDrive\Escritorio\Semestre\Inteligecia de Negocio\Proyecto Fase 2\BIProyecto\ETL\Transformacion_Contrato.ktr]  Procesamiento finalizado (I=0, O=0, R=1, W=0, U=0, E=1)
2024-07-18 14:11:32.668 ERROR <Transformacion_Contrato - Salida Tabla> [C:\Users\niebl\OneDrive\Escritorio\Semestre\Inteligecia de Negocio\Proyecto Fase 2\BIProyecto\ETL\Transformacion_Contrato.ktr]  Errores detectados!
2024-07-18 14:11:32.668 ERROR <Transformacion_Contrato - Salida Tabla> [C:\Users\niebl\OneDrive\Escritorio\Semestre\Inteligecia de Negocio\Proyecto Fase 2\BIProyecto\ETL\Transformacion_Contrato.ktr]  Errores detectados!
2024-07-18 14:11:32.703 ERROR <Transformacion_Contrato - Salida Tabla> [C:\Users\niebl\OneDrive\Escritorio\Semestre\Inteligecia de Negocio\Proyecto Fase 2\BIProyecto\ETL\Transformacion_Contrato.ktr]  Errores detectados!
2024-07-18 14:11:32.718 WARN  <Transformacion_Contrato - Salida Tabla> [C:\Users\niebl\OneDrive\Escritorio\Semestre\Inteligecia de Negocio\Proyecto Fase 2\BIProyecto\ETL\Transformacion_Contrato.ktr]  Transformaci?n detectada 
2024-07-18 14:11:32.718 WARN  <Transformacion_Contrato - Salida Tabla> [C:\Users\niebl\OneDrive\Escritorio\Semestre\Inteligecia de Negocio\Proyecto Fase 2\BIProyecto\ETL\Transformacion_Contrato.ktr]  Transformaci?n est? matando los otros pasos!
2024-07-18 14:13:41.859 INFO  <Thread-189> [C:\Users\niebl\OneDrive\Escritorio\Semestre\Inteligecia de Negocio\Proyecto Fase 2\BIProyecto\ETL\Transformacion_Contrato.ktr]  Iniciado despacho de la transformaci?n [Transformacion_Contrato]
2024-07-18 14:13:41.936 INFO  <init of Salida Tabla.0 (Thread-191)> [C:\Users\niebl\OneDrive\Escritorio\Semestre\Inteligecia de Negocio\Proyecto Fase 2\BIProyecto\ETL\Transformacion_Contrato.ktr]  Connected to database [PostgresConexion] (commit=1000)
2024-07-18 14:13:41.948 INFO  <Transformacion_Contrato - Entrada Tabla> [C:\Users\niebl\OneDrive\Escritorio\Semestre\Inteligecia de Negocio\Proyecto Fase 2\BIProyecto\ETL\Transformacion_Contrato.ktr]  Finished reading query, closing connection
2024-07-18 14:13:41.949 INFO  <Transformacion_Contrato - Entrada Tabla> [C:\Users\niebl\OneDrive\Escritorio\Semestre\Inteligecia de Negocio\Proyecto Fase 2\BIProyecto\ETL\Transformacion_Contrato.ktr]  Procesamiento finalizado (I=1, O=0, R=0, W=1, U=0, E=0)
2024-07-18 14:13:41.952 ERROR <Transformacion_Contrato - Salida Tabla> [C:\Users\niebl\OneDrive\Escritorio\Semestre\Inteligecia de Negocio\Proyecto Fase 2\BIProyecto\ETL\Transformacion_Contrato.ktr]  Because of an error, this step can't continue: 
2024-07-18 14:13:41.953 ERROR <Transformacion_Contrato - Salida Tabla> [C:\Users\niebl\OneDrive\Escritorio\Semestre\Inteligecia de Negocio\Proyecto Fase 2\BIProyecto\ETL\Transformacion_Contrato.ktr]  org.pentaho.di.core.exception.KettleException: 
Error inserting row into table [dim_contrato] with values: [1], [Muerte]

Error inserting/updating row
ERROR: el valor nulo en la columna «sk_dim_contrato» de la relación «dim_contrato» viola la restricción de no nulo
  Detail: La fila que falla contiene (null, 1, Muerte).


	at org.pentaho.di.trans.steps.tableoutput.TableOutput.writeToTable(TableOutput.java:384)
	at org.pentaho.di.trans.steps.tableoutput.TableOutput.processRow(TableOutput.java:125)
	at org.pentaho.di.trans.step.RunThread.run(RunThread.java:62)
	at java.lang.Thread.run(Thread.java:748)
Caused by: org.pentaho.di.core.exception.KettleDatabaseException: 
Error inserting/updating row
ERROR: el valor nulo en la columna «sk_dim_contrato» de la relación «dim_contrato» viola la restricción de no nulo
  Detail: La fila que falla contiene (null, 1, Muerte).

	at org.pentaho.di.core.database.Database.insertRow(Database.java:1335)
	at org.pentaho.di.trans.steps.tableoutput.TableOutput.writeToTable(TableOutput.java:262)
	... 3 more
Caused by: org.postgresql.util.PSQLException: ERROR: el valor nulo en la columna «sk_dim_contrato» de la relación «dim_contrato» viola la restricción de no nulo
  Detail: La fila que falla contiene (null, 1, Muerte).
	at org.postgresql.core.v3.QueryExecutorImpl.receiveErrorResponse(QueryExecutorImpl.java:2552)
	at org.postgresql.core.v3.QueryExecutorImpl.processResults(QueryExecutorImpl.java:2284)
	at org.postgresql.core.v3.QueryExecutorImpl.execute(QueryExecutorImpl.java:322)
	at org.postgresql.jdbc.PgStatement.executeInternal(PgStatement.java:481)
	at org.postgresql.jdbc.PgStatement.execute(PgStatement.java:401)
	at org.postgresql.jdbc.PgPreparedStatement.executeWithFlags(PgPreparedStatement.java:164)
	at org.postgresql.jdbc.PgPreparedStatement.executeUpdate(PgPreparedStatement.java:130)
	at org.pentaho.di.core.database.Database.insertRow(Database.java:1302)
	... 4 more

2024-07-18 14:13:41.954 INFO  <Transformacion_Contrato - Salida Tabla> [C:\Users\niebl\OneDrive\Escritorio\Semestre\Inteligecia de Negocio\Proyecto Fase 2\BIProyecto\ETL\Transformacion_Contrato.ktr]  Procesamiento finalizado (I=0, O=0, R=1, W=0, U=0, E=1)
2024-07-18 14:13:41.955 ERROR <Transformacion_Contrato - Salida Tabla> [C:\Users\niebl\OneDrive\Escritorio\Semestre\Inteligecia de Negocio\Proyecto Fase 2\BIProyecto\ETL\Transformacion_Contrato.ktr]  Errores detectados!
2024-07-18 14:13:41.956 ERROR <Transformacion_Contrato - Salida Tabla> [C:\Users\niebl\OneDrive\Escritorio\Semestre\Inteligecia de Negocio\Proyecto Fase 2\BIProyecto\ETL\Transformacion_Contrato.ktr]  Errores detectados!
2024-07-18 14:13:41.991 ERROR <Transformacion_Contrato - Salida Tabla> [C:\Users\niebl\OneDrive\Escritorio\Semestre\Inteligecia de Negocio\Proyecto Fase 2\BIProyecto\ETL\Transformacion_Contrato.ktr]  Errores detectados!
2024-07-18 14:13:42.006 WARN  <Transformacion_Contrato - Salida Tabla> [C:\Users\niebl\OneDrive\Escritorio\Semestre\Inteligecia de Negocio\Proyecto Fase 2\BIProyecto\ETL\Transformacion_Contrato.ktr]  Transformaci?n detectada 
2024-07-18 14:13:42.006 WARN  <Transformacion_Contrato - Salida Tabla> [C:\Users\niebl\OneDrive\Escritorio\Semestre\Inteligecia de Negocio\Proyecto Fase 2\BIProyecto\ETL\Transformacion_Contrato.ktr]  Transformaci?n est? matando los otros pasos!
2024-07-18 14:14:14.047 INFO  <Thread-197> [C:\Users\niebl\OneDrive\Escritorio\Semestre\Inteligecia de Negocio\Proyecto Fase 2\BIProyecto\ETL\Transformacion_Contrato.ktr]  Iniciado despacho de la transformaci?n [Transformacion_Contrato]
2024-07-18 14:14:14.125 INFO  <init of Salida Tabla.0 (Thread-199)> [C:\Users\niebl\OneDrive\Escritorio\Semestre\Inteligecia de Negocio\Proyecto Fase 2\BIProyecto\ETL\Transformacion_Contrato.ktr]  Connected to database [PostgresConexion] (commit=1000)
2024-07-18 14:14:14.136 INFO  <Transformacion_Contrato - Entrada Tabla> [C:\Users\niebl\OneDrive\Escritorio\Semestre\Inteligecia de Negocio\Proyecto Fase 2\BIProyecto\ETL\Transformacion_Contrato.ktr]  Finished reading query, closing connection
2024-07-18 14:14:14.137 INFO  <Transformacion_Contrato - Entrada Tabla> [C:\Users\niebl\OneDrive\Escritorio\Semestre\Inteligecia de Negocio\Proyecto Fase 2\BIProyecto\ETL\Transformacion_Contrato.ktr]  Procesamiento finalizado (I=1, O=0, R=0, W=1, U=0, E=0)
2024-07-18 14:14:14.141 ERROR <Transformacion_Contrato - Salida Tabla> [C:\Users\niebl\OneDrive\Escritorio\Semestre\Inteligecia de Negocio\Proyecto Fase 2\BIProyecto\ETL\Transformacion_Contrato.ktr]  Because of an error, this step can't continue: 
2024-07-18 14:14:14.142 ERROR <Transformacion_Contrato - Salida Tabla> [C:\Users\niebl\OneDrive\Escritorio\Semestre\Inteligecia de Negocio\Proyecto Fase 2\BIProyecto\ETL\Transformacion_Contrato.ktr]  org.pentaho.di.core.exception.KettleException: 
Error inserting row into table [dim_contrato] with values: [1], [Muerte]

Error inserting/updating row
ERROR: el valor nulo en la columna «sk_dim_contrato» de la relación «dim_contrato» viola la restricción de no nulo
  Detail: La fila que falla contiene (null, 1, Muerte).


	at org.pentaho.di.trans.steps.tableoutput.TableOutput.writeToTable(TableOutput.java:384)
	at org.pentaho.di.trans.steps.tableoutput.TableOutput.processRow(TableOutput.java:125)
	at org.pentaho.di.trans.step.RunThread.run(RunThread.java:62)
	at java.lang.Thread.run(Thread.java:748)
Caused by: org.pentaho.di.core.exception.KettleDatabaseException: 
Error inserting/updating row
ERROR: el valor nulo en la columna «sk_dim_contrato» de la relación «dim_contrato» viola la restricción de no nulo
  Detail: La fila que falla contiene (null, 1, Muerte).

	at org.pentaho.di.core.database.Database.insertRow(Database.java:1335)
	at org.pentaho.di.trans.steps.tableoutput.TableOutput.writeToTable(TableOutput.java:262)
	... 3 more
Caused by: org.postgresql.util.PSQLException: ERROR: el valor nulo en la columna «sk_dim_contrato» de la relación «dim_contrato» viola la restricción de no nulo
  Detail: La fila que falla contiene (null, 1, Muerte).
	at org.postgresql.core.v3.QueryExecutorImpl.receiveErrorResponse(QueryExecutorImpl.java:2552)
	at org.postgresql.core.v3.QueryExecutorImpl.processResults(QueryExecutorImpl.java:2284)
	at org.postgresql.core.v3.QueryExecutorImpl.execute(QueryExecutorImpl.java:322)
	at org.postgresql.jdbc.PgStatement.executeInternal(PgStatement.java:481)
	at org.postgresql.jdbc.PgStatement.execute(PgStatement.java:401)
	at org.postgresql.jdbc.PgPreparedStatement.executeWithFlags(PgPreparedStatement.java:164)
	at org.postgresql.jdbc.PgPreparedStatement.executeUpdate(PgPreparedStatement.java:130)
	at org.pentaho.di.core.database.Database.insertRow(Database.java:1302)
	... 4 more

2024-07-18 14:14:14.142 INFO  <Transformacion_Contrato - Salida Tabla> [C:\Users\niebl\OneDrive\Escritorio\Semestre\Inteligecia de Negocio\Proyecto Fase 2\BIProyecto\ETL\Transformacion_Contrato.ktr]  Procesamiento finalizado (I=0, O=0, R=1, W=0, U=0, E=1)
2024-07-18 14:14:14.143 ERROR <Transformacion_Contrato - Salida Tabla> [C:\Users\niebl\OneDrive\Escritorio\Semestre\Inteligecia de Negocio\Proyecto Fase 2\BIProyecto\ETL\Transformacion_Contrato.ktr]  Errores detectados!
2024-07-18 14:14:14.144 ERROR <Transformacion_Contrato - Salida Tabla> [C:\Users\niebl\OneDrive\Escritorio\Semestre\Inteligecia de Negocio\Proyecto Fase 2\BIProyecto\ETL\Transformacion_Contrato.ktr]  Errores detectados!
2024-07-18 14:14:14.180 ERROR <Transformacion_Contrato - Salida Tabla> [C:\Users\niebl\OneDrive\Escritorio\Semestre\Inteligecia de Negocio\Proyecto Fase 2\BIProyecto\ETL\Transformacion_Contrato.ktr]  Errores detectados!
2024-07-18 14:14:14.196 WARN  <Transformacion_Contrato - Salida Tabla> [C:\Users\niebl\OneDrive\Escritorio\Semestre\Inteligecia de Negocio\Proyecto Fase 2\BIProyecto\ETL\Transformacion_Contrato.ktr]  Transformaci?n detectada 
2024-07-18 14:14:14.196 WARN  <Transformacion_Contrato - Salida Tabla> [C:\Users\niebl\OneDrive\Escritorio\Semestre\Inteligecia de Negocio\Proyecto Fase 2\BIProyecto\ETL\Transformacion_Contrato.ktr]  Transformaci?n est? matando los otros pasos!
2024-07-18 14:14:51.393 INFO  <Thread-205> [C:\Users\niebl\OneDrive\Escritorio\Semestre\Inteligecia de Negocio\Proyecto Fase 2\BIProyecto\ETL\Transformacion_Contrato.ktr]  Iniciado despacho de la transformaci?n [Transformacion_Contrato]
2024-07-18 14:14:51.468 INFO  <init of Salida Tabla.0 (Thread-207)> [C:\Users\niebl\OneDrive\Escritorio\Semestre\Inteligecia de Negocio\Proyecto Fase 2\BIProyecto\ETL\Transformacion_Contrato.ktr]  Connected to database [PostgresConexion] (commit=1000)
2024-07-18 14:14:51.480 INFO  <Transformacion_Contrato - Entrada Tabla> [C:\Users\niebl\OneDrive\Escritorio\Semestre\Inteligecia de Negocio\Proyecto Fase 2\BIProyecto\ETL\Transformacion_Contrato.ktr]  Finished reading query, closing connection
2024-07-18 14:14:51.481 INFO  <Transformacion_Contrato - Entrada Tabla> [C:\Users\niebl\OneDrive\Escritorio\Semestre\Inteligecia de Negocio\Proyecto Fase 2\BIProyecto\ETL\Transformacion_Contrato.ktr]  Procesamiento finalizado (I=1, O=0, R=0, W=1, U=0, E=0)
2024-07-18 14:14:51.485 ERROR <Transformacion_Contrato - Salida Tabla> [C:\Users\niebl\OneDrive\Escritorio\Semestre\Inteligecia de Negocio\Proyecto Fase 2\BIProyecto\ETL\Transformacion_Contrato.ktr]  Because of an error, this step can't continue: 
2024-07-18 14:14:51.485 ERROR <Transformacion_Contrato - Salida Tabla> [C:\Users\niebl\OneDrive\Escritorio\Semestre\Inteligecia de Negocio\Proyecto Fase 2\BIProyecto\ETL\Transformacion_Contrato.ktr]  org.pentaho.di.core.exception.KettleException: 
Error inserting row into table [dim_contrato] with values: [1], [Muerte]

Error inserting/updating row
ERROR: el valor nulo en la columna «sk_dim_contrato» de la relación «dim_contrato» viola la restricción de no nulo
  Detail: La fila que falla contiene (null, 1, Muerte).


	at org.pentaho.di.trans.steps.tableoutput.TableOutput.writeToTable(TableOutput.java:384)
	at org.pentaho.di.trans.steps.tableoutput.TableOutput.processRow(TableOutput.java:125)
	at org.pentaho.di.trans.step.RunThread.run(RunThread.java:62)
	at java.lang.Thread.run(Thread.java:748)
Caused by: org.pentaho.di.core.exception.KettleDatabaseException: 
Error inserting/updating row
ERROR: el valor nulo en la columna «sk_dim_contrato» de la relación «dim_contrato» viola la restricción de no nulo
  Detail: La fila que falla contiene (null, 1, Muerte).

	at org.pentaho.di.core.database.Database.insertRow(Database.java:1335)
	at org.pentaho.di.trans.steps.tableoutput.TableOutput.writeToTable(TableOutput.java:262)
	... 3 more
Caused by: org.postgresql.util.PSQLException: ERROR: el valor nulo en la columna «sk_dim_contrato» de la relación «dim_contrato» viola la restricción de no nulo
  Detail: La fila que falla contiene (null, 1, Muerte).
	at org.postgresql.core.v3.QueryExecutorImpl.receiveErrorResponse(QueryExecutorImpl.java:2552)
	at org.postgresql.core.v3.QueryExecutorImpl.processResults(QueryExecutorImpl.java:2284)
	at org.postgresql.core.v3.QueryExecutorImpl.execute(QueryExecutorImpl.java:322)
	at org.postgresql.jdbc.PgStatement.executeInternal(PgStatement.java:481)
	at org.postgresql.jdbc.PgStatement.execute(PgStatement.java:401)
	at org.postgresql.jdbc.PgPreparedStatement.executeWithFlags(PgPreparedStatement.java:164)
	at org.postgresql.jdbc.PgPreparedStatement.executeUpdate(PgPreparedStatement.java:130)
	at org.pentaho.di.core.database.Database.insertRow(Database.java:1302)
	... 4 more

2024-07-18 14:14:51.486 INFO  <Transformacion_Contrato - Salida Tabla> [C:\Users\niebl\OneDrive\Escritorio\Semestre\Inteligecia de Negocio\Proyecto Fase 2\BIProyecto\ETL\Transformacion_Contrato.ktr]  Procesamiento finalizado (I=0, O=0, R=1, W=0, U=0, E=1)
2024-07-18 14:14:51.487 ERROR <Transformacion_Contrato - Salida Tabla> [C:\Users\niebl\OneDrive\Escritorio\Semestre\Inteligecia de Negocio\Proyecto Fase 2\BIProyecto\ETL\Transformacion_Contrato.ktr]  Errores detectados!
2024-07-18 14:14:51.488 ERROR <Transformacion_Contrato - Salida Tabla> [C:\Users\niebl\OneDrive\Escritorio\Semestre\Inteligecia de Negocio\Proyecto Fase 2\BIProyecto\ETL\Transformacion_Contrato.ktr]  Errores detectados!
2024-07-18 14:14:51.525 ERROR <Transformacion_Contrato - Salida Tabla> [C:\Users\niebl\OneDrive\Escritorio\Semestre\Inteligecia de Negocio\Proyecto Fase 2\BIProyecto\ETL\Transformacion_Contrato.ktr]  Errores detectados!
2024-07-18 14:14:51.540 WARN  <Transformacion_Contrato - Salida Tabla> [C:\Users\niebl\OneDrive\Escritorio\Semestre\Inteligecia de Negocio\Proyecto Fase 2\BIProyecto\ETL\Transformacion_Contrato.ktr]  Transformaci?n detectada 
2024-07-18 14:14:51.541 WARN  <Transformacion_Contrato - Salida Tabla> [C:\Users\niebl\OneDrive\Escritorio\Semestre\Inteligecia de Negocio\Proyecto Fase 2\BIProyecto\ETL\Transformacion_Contrato.ktr]  Transformaci?n est? matando los otros pasos!
2024-07-18 14:17:08.130 INFO  <Thread-213> [C:\Users\niebl\OneDrive\Escritorio\Semestre\Inteligecia de Negocio\Proyecto Fase 2\BIProyecto\ETL\Transformacion_Contrato.ktr]  Iniciado despacho de la transformaci?n [Transformacion_Contrato]
2024-07-18 14:17:08.207 INFO  <init of Salida Tabla.0 (Thread-215)> [C:\Users\niebl\OneDrive\Escritorio\Semestre\Inteligecia de Negocio\Proyecto Fase 2\BIProyecto\ETL\Transformacion_Contrato.ktr]  Connected to database [PostgresConexion] (commit=1000)
2024-07-18 14:17:08.218 INFO  <Transformacion_Contrato - Entrada Tabla> [C:\Users\niebl\OneDrive\Escritorio\Semestre\Inteligecia de Negocio\Proyecto Fase 2\BIProyecto\ETL\Transformacion_Contrato.ktr]  Finished reading query, closing connection
2024-07-18 14:17:08.220 INFO  <Transformacion_Contrato - Entrada Tabla> [C:\Users\niebl\OneDrive\Escritorio\Semestre\Inteligecia de Negocio\Proyecto Fase 2\BIProyecto\ETL\Transformacion_Contrato.ktr]  Procesamiento finalizado (I=1, O=0, R=0, W=1, U=0, E=0)
2024-07-18 14:17:08.224 ERROR <Transformacion_Contrato - Salida Tabla> [C:\Users\niebl\OneDrive\Escritorio\Semestre\Inteligecia de Negocio\Proyecto Fase 2\BIProyecto\ETL\Transformacion_Contrato.ktr]  Because of an error, this step can't continue: 
2024-07-18 14:17:08.224 ERROR <Transformacion_Contrato - Salida Tabla> [C:\Users\niebl\OneDrive\Escritorio\Semestre\Inteligecia de Negocio\Proyecto Fase 2\BIProyecto\ETL\Transformacion_Contrato.ktr]  org.pentaho.di.core.exception.KettleException: 
Error inserting row into table [dim_contrato] with values: [1], [Muerte]

Error inserting/updating row
ERROR: el valor nulo en la columna «sk_dim_contrato» de la relación «dim_contrato» viola la restricción de no nulo
  Detail: La fila que falla contiene (null, 1, Muerte).


	at org.pentaho.di.trans.steps.tableoutput.TableOutput.writeToTable(TableOutput.java:384)
	at org.pentaho.di.trans.steps.tableoutput.TableOutput.processRow(TableOutput.java:125)
	at org.pentaho.di.trans.step.RunThread.run(RunThread.java:62)
	at java.lang.Thread.run(Thread.java:748)
Caused by: org.pentaho.di.core.exception.KettleDatabaseException: 
Error inserting/updating row
ERROR: el valor nulo en la columna «sk_dim_contrato» de la relación «dim_contrato» viola la restricción de no nulo
  Detail: La fila que falla contiene (null, 1, Muerte).

	at org.pentaho.di.core.database.Database.insertRow(Database.java:1335)
	at org.pentaho.di.trans.steps.tableoutput.TableOutput.writeToTable(TableOutput.java:262)
	... 3 more
Caused by: org.postgresql.util.PSQLException: ERROR: el valor nulo en la columna «sk_dim_contrato» de la relación «dim_contrato» viola la restricción de no nulo
  Detail: La fila que falla contiene (null, 1, Muerte).
	at org.postgresql.core.v3.QueryExecutorImpl.receiveErrorResponse(QueryExecutorImpl.java:2552)
	at org.postgresql.core.v3.QueryExecutorImpl.processResults(QueryExecutorImpl.java:2284)
	at org.postgresql.core.v3.QueryExecutorImpl.execute(QueryExecutorImpl.java:322)
	at org.postgresql.jdbc.PgStatement.executeInternal(PgStatement.java:481)
	at org.postgresql.jdbc.PgStatement.execute(PgStatement.java:401)
	at org.postgresql.jdbc.PgPreparedStatement.executeWithFlags(PgPreparedStatement.java:164)
	at org.postgresql.jdbc.PgPreparedStatement.executeUpdate(PgPreparedStatement.java:130)
	at org.pentaho.di.core.database.Database.insertRow(Database.java:1302)
	... 4 more

2024-07-18 14:17:08.225 INFO  <Transformacion_Contrato - Salida Tabla> [C:\Users\niebl\OneDrive\Escritorio\Semestre\Inteligecia de Negocio\Proyecto Fase 2\BIProyecto\ETL\Transformacion_Contrato.ktr]  Procesamiento finalizado (I=0, O=0, R=1, W=0, U=0, E=1)
2024-07-18 14:17:08.227 ERROR <Transformacion_Contrato - Salida Tabla> [C:\Users\niebl\OneDrive\Escritorio\Semestre\Inteligecia de Negocio\Proyecto Fase 2\BIProyecto\ETL\Transformacion_Contrato.ktr]  Errores detectados!
2024-07-18 14:17:08.228 ERROR <Transformacion_Contrato - Salida Tabla> [C:\Users\niebl\OneDrive\Escritorio\Semestre\Inteligecia de Negocio\Proyecto Fase 2\BIProyecto\ETL\Transformacion_Contrato.ktr]  Errores detectados!
2024-07-18 14:17:08.268 ERROR <Transformacion_Contrato - Salida Tabla> [C:\Users\niebl\OneDrive\Escritorio\Semestre\Inteligecia de Negocio\Proyecto Fase 2\BIProyecto\ETL\Transformacion_Contrato.ktr]  Errores detectados!
2024-07-18 14:17:08.286 WARN  <Transformacion_Contrato - Salida Tabla> [C:\Users\niebl\OneDrive\Escritorio\Semestre\Inteligecia de Negocio\Proyecto Fase 2\BIProyecto\ETL\Transformacion_Contrato.ktr]  Transformaci?n detectada 
2024-07-18 14:17:08.286 WARN  <Transformacion_Contrato - Salida Tabla> [C:\Users\niebl\OneDrive\Escritorio\Semestre\Inteligecia de Negocio\Proyecto Fase 2\BIProyecto\ETL\Transformacion_Contrato.ktr]  Transformaci?n est? matando los otros pasos!
2024-07-18 14:17:16.856 INFO  <Thread-221> [C:\Users\niebl\OneDrive\Escritorio\Semestre\Inteligecia de Negocio\Proyecto Fase 2\BIProyecto\ETL\Transformacion_Contrato.ktr]  Iniciado despacho de la transformaci?n [Transformacion_Contrato]
2024-07-18 14:17:16.931 INFO  <init of Salida Tabla.0 (Thread-223)> [C:\Users\niebl\OneDrive\Escritorio\Semestre\Inteligecia de Negocio\Proyecto Fase 2\BIProyecto\ETL\Transformacion_Contrato.ktr]  Connected to database [PostgresConexion] (commit=1000)
2024-07-18 14:17:16.946 INFO  <Transformacion_Contrato - Entrada Tabla> [C:\Users\niebl\OneDrive\Escritorio\Semestre\Inteligecia de Negocio\Proyecto Fase 2\BIProyecto\ETL\Transformacion_Contrato.ktr]  Finished reading query, closing connection
2024-07-18 14:17:16.947 INFO  <Transformacion_Contrato - Entrada Tabla> [C:\Users\niebl\OneDrive\Escritorio\Semestre\Inteligecia de Negocio\Proyecto Fase 2\BIProyecto\ETL\Transformacion_Contrato.ktr]  Procesamiento finalizado (I=1, O=0, R=0, W=1, U=0, E=0)
2024-07-18 14:17:16.951 ERROR <Transformacion_Contrato - Salida Tabla> [C:\Users\niebl\OneDrive\Escritorio\Semestre\Inteligecia de Negocio\Proyecto Fase 2\BIProyecto\ETL\Transformacion_Contrato.ktr]  Because of an error, this step can't continue: 
2024-07-18 14:17:16.951 ERROR <Transformacion_Contrato - Salida Tabla> [C:\Users\niebl\OneDrive\Escritorio\Semestre\Inteligecia de Negocio\Proyecto Fase 2\BIProyecto\ETL\Transformacion_Contrato.ktr]  org.pentaho.di.core.exception.KettleException: 
Error inserting row into table [dim_contrato] with values: [1], [Muerte]

Error inserting/updating row
ERROR: el valor nulo en la columna «sk_dim_contrato» de la relación «dim_contrato» viola la restricción de no nulo
  Detail: La fila que falla contiene (null, 1, Muerte).


	at org.pentaho.di.trans.steps.tableoutput.TableOutput.writeToTable(TableOutput.java:384)
	at org.pentaho.di.trans.steps.tableoutput.TableOutput.processRow(TableOutput.java:125)
	at org.pentaho.di.trans.step.RunThread.run(RunThread.java:62)
	at java.lang.Thread.run(Thread.java:748)
Caused by: org.pentaho.di.core.exception.KettleDatabaseException: 
Error inserting/updating row
ERROR: el valor nulo en la columna «sk_dim_contrato» de la relación «dim_contrato» viola la restricción de no nulo
  Detail: La fila que falla contiene (null, 1, Muerte).

	at org.pentaho.di.core.database.Database.insertRow(Database.java:1335)
	at org.pentaho.di.trans.steps.tableoutput.TableOutput.writeToTable(TableOutput.java:262)
	... 3 more
Caused by: org.postgresql.util.PSQLException: ERROR: el valor nulo en la columna «sk_dim_contrato» de la relación «dim_contrato» viola la restricción de no nulo
  Detail: La fila que falla contiene (null, 1, Muerte).
	at org.postgresql.core.v3.QueryExecutorImpl.receiveErrorResponse(QueryExecutorImpl.java:2552)
	at org.postgresql.core.v3.QueryExecutorImpl.processResults(QueryExecutorImpl.java:2284)
	at org.postgresql.core.v3.QueryExecutorImpl.execute(QueryExecutorImpl.java:322)
	at org.postgresql.jdbc.PgStatement.executeInternal(PgStatement.java:481)
	at org.postgresql.jdbc.PgStatement.execute(PgStatement.java:401)
	at org.postgresql.jdbc.PgPreparedStatement.executeWithFlags(PgPreparedStatement.java:164)
	at org.postgresql.jdbc.PgPreparedStatement.executeUpdate(PgPreparedStatement.java:130)
	at org.pentaho.di.core.database.Database.insertRow(Database.java:1302)
	... 4 more

2024-07-18 14:17:16.952 INFO  <Transformacion_Contrato - Salida Tabla> [C:\Users\niebl\OneDrive\Escritorio\Semestre\Inteligecia de Negocio\Proyecto Fase 2\BIProyecto\ETL\Transformacion_Contrato.ktr]  Procesamiento finalizado (I=0, O=0, R=1, W=0, U=0, E=1)
2024-07-18 14:17:16.954 ERROR <Transformacion_Contrato - Salida Tabla> [C:\Users\niebl\OneDrive\Escritorio\Semestre\Inteligecia de Negocio\Proyecto Fase 2\BIProyecto\ETL\Transformacion_Contrato.ktr]  Errores detectados!
2024-07-18 14:17:16.954 ERROR <Transformacion_Contrato - Salida Tabla> [C:\Users\niebl\OneDrive\Escritorio\Semestre\Inteligecia de Negocio\Proyecto Fase 2\BIProyecto\ETL\Transformacion_Contrato.ktr]  Errores detectados!
2024-07-18 14:17:16.996 ERROR <Transformacion_Contrato - Salida Tabla> [C:\Users\niebl\OneDrive\Escritorio\Semestre\Inteligecia de Negocio\Proyecto Fase 2\BIProyecto\ETL\Transformacion_Contrato.ktr]  Errores detectados!
2024-07-18 14:17:17.014 WARN  <Transformacion_Contrato - Salida Tabla> [C:\Users\niebl\OneDrive\Escritorio\Semestre\Inteligecia de Negocio\Proyecto Fase 2\BIProyecto\ETL\Transformacion_Contrato.ktr]  Transformaci?n detectada 
2024-07-18 14:17:17.014 WARN  <Transformacion_Contrato - Salida Tabla> [C:\Users\niebl\OneDrive\Escritorio\Semestre\Inteligecia de Negocio\Proyecto Fase 2\BIProyecto\ETL\Transformacion_Contrato.ktr]  Transformaci?n est? matando los otros pasos!
2024-07-18 14:17:54.499 INFO  <Thread-229> [C:\Users\niebl\OneDrive\Escritorio\Semestre\Inteligecia de Negocio\Proyecto Fase 2\BIProyecto\ETL\Transformacion_Contrato.ktr]  Iniciado despacho de la transformaci?n [Transformacion_Contrato]
2024-07-18 14:17:54.579 INFO  <init of Salida Tabla.0 (Thread-231)> [C:\Users\niebl\OneDrive\Escritorio\Semestre\Inteligecia de Negocio\Proyecto Fase 2\BIProyecto\ETL\Transformacion_Contrato.ktr]  Connected to database [PostgresConexion] (commit=1000)
2024-07-18 14:17:54.593 INFO  <Transformacion_Contrato - Entrada Tabla> [C:\Users\niebl\OneDrive\Escritorio\Semestre\Inteligecia de Negocio\Proyecto Fase 2\BIProyecto\ETL\Transformacion_Contrato.ktr]  Finished reading query, closing connection
2024-07-18 14:17:54.595 INFO  <Transformacion_Contrato - Entrada Tabla> [C:\Users\niebl\OneDrive\Escritorio\Semestre\Inteligecia de Negocio\Proyecto Fase 2\BIProyecto\ETL\Transformacion_Contrato.ktr]  Procesamiento finalizado (I=1, O=0, R=0, W=1, U=0, E=0)
2024-07-18 14:17:54.599 ERROR <Transformacion_Contrato - Salida Tabla> [C:\Users\niebl\OneDrive\Escritorio\Semestre\Inteligecia de Negocio\Proyecto Fase 2\BIProyecto\ETL\Transformacion_Contrato.ktr]  Because of an error, this step can't continue: 
2024-07-18 14:17:54.599 ERROR <Transformacion_Contrato - Salida Tabla> [C:\Users\niebl\OneDrive\Escritorio\Semestre\Inteligecia de Negocio\Proyecto Fase 2\BIProyecto\ETL\Transformacion_Contrato.ktr]  org.pentaho.di.core.exception.KettleException: 
Error inserting row into table [dim_contrato] with values: [1], [Muerte]

Error inserting/updating row
ERROR: el valor nulo en la columna «sk_dim_contrato» de la relación «dim_contrato» viola la restricción de no nulo
  Detail: La fila que falla contiene (null, 1, Muerte).


	at org.pentaho.di.trans.steps.tableoutput.TableOutput.writeToTable(TableOutput.java:384)
	at org.pentaho.di.trans.steps.tableoutput.TableOutput.processRow(TableOutput.java:125)
	at org.pentaho.di.trans.step.RunThread.run(RunThread.java:62)
	at java.lang.Thread.run(Thread.java:748)
Caused by: org.pentaho.di.core.exception.KettleDatabaseException: 
Error inserting/updating row
ERROR: el valor nulo en la columna «sk_dim_contrato» de la relación «dim_contrato» viola la restricción de no nulo
  Detail: La fila que falla contiene (null, 1, Muerte).

	at org.pentaho.di.core.database.Database.insertRow(Database.java:1335)
	at org.pentaho.di.trans.steps.tableoutput.TableOutput.writeToTable(TableOutput.java:262)
	... 3 more
Caused by: org.postgresql.util.PSQLException: ERROR: el valor nulo en la columna «sk_dim_contrato» de la relación «dim_contrato» viola la restricción de no nulo
  Detail: La fila que falla contiene (null, 1, Muerte).
	at org.postgresql.core.v3.QueryExecutorImpl.receiveErrorResponse(QueryExecutorImpl.java:2552)
	at org.postgresql.core.v3.QueryExecutorImpl.processResults(QueryExecutorImpl.java:2284)
	at org.postgresql.core.v3.QueryExecutorImpl.execute(QueryExecutorImpl.java:322)
	at org.postgresql.jdbc.PgStatement.executeInternal(PgStatement.java:481)
	at org.postgresql.jdbc.PgStatement.execute(PgStatement.java:401)
	at org.postgresql.jdbc.PgPreparedStatement.executeWithFlags(PgPreparedStatement.java:164)
	at org.postgresql.jdbc.PgPreparedStatement.executeUpdate(PgPreparedStatement.java:130)
	at org.pentaho.di.core.database.Database.insertRow(Database.java:1302)
	... 4 more

2024-07-18 14:17:54.600 INFO  <Transformacion_Contrato - Salida Tabla> [C:\Users\niebl\OneDrive\Escritorio\Semestre\Inteligecia de Negocio\Proyecto Fase 2\BIProyecto\ETL\Transformacion_Contrato.ktr]  Procesamiento finalizado (I=0, O=0, R=1, W=0, U=0, E=1)
2024-07-18 14:17:54.601 ERROR <Transformacion_Contrato - Salida Tabla> [C:\Users\niebl\OneDrive\Escritorio\Semestre\Inteligecia de Negocio\Proyecto Fase 2\BIProyecto\ETL\Transformacion_Contrato.ktr]  Errores detectados!
2024-07-18 14:17:54.602 ERROR <Transformacion_Contrato - Salida Tabla> [C:\Users\niebl\OneDrive\Escritorio\Semestre\Inteligecia de Negocio\Proyecto Fase 2\BIProyecto\ETL\Transformacion_Contrato.ktr]  Errores detectados!
2024-07-18 14:17:54.642 ERROR <Transformacion_Contrato - Salida Tabla> [C:\Users\niebl\OneDrive\Escritorio\Semestre\Inteligecia de Negocio\Proyecto Fase 2\BIProyecto\ETL\Transformacion_Contrato.ktr]  Errores detectados!
2024-07-18 14:17:54.659 WARN  <Transformacion_Contrato - Salida Tabla> [C:\Users\niebl\OneDrive\Escritorio\Semestre\Inteligecia de Negocio\Proyecto Fase 2\BIProyecto\ETL\Transformacion_Contrato.ktr]  Transformaci?n detectada 
2024-07-18 14:17:54.659 WARN  <Transformacion_Contrato - Salida Tabla> [C:\Users\niebl\OneDrive\Escritorio\Semestre\Inteligecia de Negocio\Proyecto Fase 2\BIProyecto\ETL\Transformacion_Contrato.ktr]  Transformaci?n est? matando los otros pasos!
2024-07-18 14:19:12.992 INFO  <Thread-237> [C:\Users\niebl\OneDrive\Escritorio\Semestre\Inteligecia de Negocio\Proyecto Fase 2\BIProyecto\ETL\Transformacion_Contrato.ktr]  Iniciado despacho de la transformaci?n [Transformacion_Contrato]
2024-07-18 14:19:13.077 INFO  <init of Salida Tabla.0 (Thread-239)> [C:\Users\niebl\OneDrive\Escritorio\Semestre\Inteligecia de Negocio\Proyecto Fase 2\BIProyecto\ETL\Transformacion_Contrato.ktr]  Connected to database [PostgresConexion] (commit=1000)
2024-07-18 14:19:13.088 INFO  <Transformacion_Contrato - Entrada Tabla> [C:\Users\niebl\OneDrive\Escritorio\Semestre\Inteligecia de Negocio\Proyecto Fase 2\BIProyecto\ETL\Transformacion_Contrato.ktr]  Finished reading query, closing connection
2024-07-18 14:19:13.089 INFO  <Transformacion_Contrato - Entrada Tabla> [C:\Users\niebl\OneDrive\Escritorio\Semestre\Inteligecia de Negocio\Proyecto Fase 2\BIProyecto\ETL\Transformacion_Contrato.ktr]  Procesamiento finalizado (I=1, O=0, R=0, W=1, U=0, E=0)
2024-07-18 14:19:13.094 ERROR <Transformacion_Contrato - Salida Tabla> [C:\Users\niebl\OneDrive\Escritorio\Semestre\Inteligecia de Negocio\Proyecto Fase 2\BIProyecto\ETL\Transformacion_Contrato.ktr]  Because of an error, this step can't continue: 
2024-07-18 14:19:13.094 ERROR <Transformacion_Contrato - Salida Tabla> [C:\Users\niebl\OneDrive\Escritorio\Semestre\Inteligecia de Negocio\Proyecto Fase 2\BIProyecto\ETL\Transformacion_Contrato.ktr]  org.pentaho.di.core.exception.KettleException: 
Error inserting row into table [dim_contrato] with values: [1], [Muerte]

Error inserting/updating row
ERROR: el valor nulo en la columna «sk_dim_contrato» de la relación «dim_contrato» viola la restricción de no nulo
  Detail: La fila que falla contiene (null, 1, Muerte).


	at org.pentaho.di.trans.steps.tableoutput.TableOutput.writeToTable(TableOutput.java:384)
	at org.pentaho.di.trans.steps.tableoutput.TableOutput.processRow(TableOutput.java:125)
	at org.pentaho.di.trans.step.RunThread.run(RunThread.java:62)
	at java.lang.Thread.run(Thread.java:748)
Caused by: org.pentaho.di.core.exception.KettleDatabaseException: 
Error inserting/updating row
ERROR: el valor nulo en la columna «sk_dim_contrato» de la relación «dim_contrato» viola la restricción de no nulo
  Detail: La fila que falla contiene (null, 1, Muerte).

	at org.pentaho.di.core.database.Database.insertRow(Database.java:1335)
	at org.pentaho.di.trans.steps.tableoutput.TableOutput.writeToTable(TableOutput.java:262)
	... 3 more
Caused by: org.postgresql.util.PSQLException: ERROR: el valor nulo en la columna «sk_dim_contrato» de la relación «dim_contrato» viola la restricción de no nulo
  Detail: La fila que falla contiene (null, 1, Muerte).
	at org.postgresql.core.v3.QueryExecutorImpl.receiveErrorResponse(QueryExecutorImpl.java:2552)
	at org.postgresql.core.v3.QueryExecutorImpl.processResults(QueryExecutorImpl.java:2284)
	at org.postgresql.core.v3.QueryExecutorImpl.execute(QueryExecutorImpl.java:322)
	at org.postgresql.jdbc.PgStatement.executeInternal(PgStatement.java:481)
	at org.postgresql.jdbc.PgStatement.execute(PgStatement.java:401)
	at org.postgresql.jdbc.PgPreparedStatement.executeWithFlags(PgPreparedStatement.java:164)
	at org.postgresql.jdbc.PgPreparedStatement.executeUpdate(PgPreparedStatement.java:130)
	at org.pentaho.di.core.database.Database.insertRow(Database.java:1302)
	... 4 more

2024-07-18 14:19:13.095 INFO  <Transformacion_Contrato - Salida Tabla> [C:\Users\niebl\OneDrive\Escritorio\Semestre\Inteligecia de Negocio\Proyecto Fase 2\BIProyecto\ETL\Transformacion_Contrato.ktr]  Procesamiento finalizado (I=0, O=0, R=1, W=0, U=0, E=1)
2024-07-18 14:19:13.097 ERROR <Transformacion_Contrato - Salida Tabla> [C:\Users\niebl\OneDrive\Escritorio\Semestre\Inteligecia de Negocio\Proyecto Fase 2\BIProyecto\ETL\Transformacion_Contrato.ktr]  Errores detectados!
2024-07-18 14:19:13.097 ERROR <Transformacion_Contrato - Salida Tabla> [C:\Users\niebl\OneDrive\Escritorio\Semestre\Inteligecia de Negocio\Proyecto Fase 2\BIProyecto\ETL\Transformacion_Contrato.ktr]  Errores detectados!
2024-07-18 14:19:13.143 ERROR <Transformacion_Contrato - Salida Tabla> [C:\Users\niebl\OneDrive\Escritorio\Semestre\Inteligecia de Negocio\Proyecto Fase 2\BIProyecto\ETL\Transformacion_Contrato.ktr]  Errores detectados!
2024-07-18 14:19:13.162 WARN  <Transformacion_Contrato - Salida Tabla> [C:\Users\niebl\OneDrive\Escritorio\Semestre\Inteligecia de Negocio\Proyecto Fase 2\BIProyecto\ETL\Transformacion_Contrato.ktr]  Transformaci?n detectada 
2024-07-18 14:19:13.163 WARN  <Transformacion_Contrato - Salida Tabla> [C:\Users\niebl\OneDrive\Escritorio\Semestre\Inteligecia de Negocio\Proyecto Fase 2\BIProyecto\ETL\Transformacion_Contrato.ktr]  Transformaci?n est? matando los otros pasos!
2024-07-18 14:30:11.068 INFO  <Thread-245> [C:\Users\niebl\OneDrive\Escritorio\Semestre\Inteligecia de Negocio\Proyecto Fase 2\BIProyecto\ETL\Transformacion_Contrato.ktr]  Iniciado despacho de la transformaci?n [Transformacion_Contrato]
2024-07-18 14:30:11.147 INFO  <init of Salida Tabla.0 (Thread-247)> [C:\Users\niebl\OneDrive\Escritorio\Semestre\Inteligecia de Negocio\Proyecto Fase 2\BIProyecto\ETL\Transformacion_Contrato.ktr]  Connected to database [PostgresConexion] (commit=1000)
2024-07-18 14:30:11.401 INFO  <Transformacion_Contrato - Entrada Tabla> [C:\Users\niebl\OneDrive\Escritorio\Semestre\Inteligecia de Negocio\Proyecto Fase 2\BIProyecto\ETL\Transformacion_Contrato.ktr]  Finished reading query, closing connection
2024-07-18 14:30:11.402 INFO  <Transformacion_Contrato - Entrada Tabla> [C:\Users\niebl\OneDrive\Escritorio\Semestre\Inteligecia de Negocio\Proyecto Fase 2\BIProyecto\ETL\Transformacion_Contrato.ktr]  Procesamiento finalizado (I=1, O=0, R=0, W=1, U=0, E=0)
2024-07-18 14:30:11.406 ERROR <Transformacion_Contrato - Salida Tabla> [C:\Users\niebl\OneDrive\Escritorio\Semestre\Inteligecia de Negocio\Proyecto Fase 2\BIProyecto\ETL\Transformacion_Contrato.ktr]  Because of an error, this step can't continue: 
2024-07-18 14:30:11.407 ERROR <Transformacion_Contrato - Salida Tabla> [C:\Users\niebl\OneDrive\Escritorio\Semestre\Inteligecia de Negocio\Proyecto Fase 2\BIProyecto\ETL\Transformacion_Contrato.ktr]  org.pentaho.di.core.exception.KettleException: 
Error inserting row into table [dim_contrato] with values: [1], [Muerte]

Error inserting/updating row
ERROR: el valor nulo en la columna «sk_dim_contrato» de la relación «dim_contrato» viola la restricción de no nulo
  Detail: La fila que falla contiene (null, 1, Muerte).


	at org.pentaho.di.trans.steps.tableoutput.TableOutput.writeToTable(TableOutput.java:384)
	at org.pentaho.di.trans.steps.tableoutput.TableOutput.processRow(TableOutput.java:125)
	at org.pentaho.di.trans.step.RunThread.run(RunThread.java:62)
	at java.lang.Thread.run(Thread.java:748)
Caused by: org.pentaho.di.core.exception.KettleDatabaseException: 
Error inserting/updating row
ERROR: el valor nulo en la columna «sk_dim_contrato» de la relación «dim_contrato» viola la restricción de no nulo
  Detail: La fila que falla contiene (null, 1, Muerte).

	at org.pentaho.di.core.database.Database.insertRow(Database.java:1335)
	at org.pentaho.di.trans.steps.tableoutput.TableOutput.writeToTable(TableOutput.java:262)
	... 3 more
Caused by: org.postgresql.util.PSQLException: ERROR: el valor nulo en la columna «sk_dim_contrato» de la relación «dim_contrato» viola la restricción de no nulo
  Detail: La fila que falla contiene (null, 1, Muerte).
	at org.postgresql.core.v3.QueryExecutorImpl.receiveErrorResponse(QueryExecutorImpl.java:2552)
	at org.postgresql.core.v3.QueryExecutorImpl.processResults(QueryExecutorImpl.java:2284)
	at org.postgresql.core.v3.QueryExecutorImpl.execute(QueryExecutorImpl.java:322)
	at org.postgresql.jdbc.PgStatement.executeInternal(PgStatement.java:481)
	at org.postgresql.jdbc.PgStatement.execute(PgStatement.java:401)
	at org.postgresql.jdbc.PgPreparedStatement.executeWithFlags(PgPreparedStatement.java:164)
	at org.postgresql.jdbc.PgPreparedStatement.executeUpdate(PgPreparedStatement.java:130)
	at org.pentaho.di.core.database.Database.insertRow(Database.java:1302)
	... 4 more

2024-07-18 14:30:11.407 INFO  <Transformacion_Contrato - Salida Tabla> [C:\Users\niebl\OneDrive\Escritorio\Semestre\Inteligecia de Negocio\Proyecto Fase 2\BIProyecto\ETL\Transformacion_Contrato.ktr]  Procesamiento finalizado (I=0, O=0, R=1, W=0, U=0, E=1)
2024-07-18 14:30:11.408 ERROR <Transformacion_Contrato - Salida Tabla> [C:\Users\niebl\OneDrive\Escritorio\Semestre\Inteligecia de Negocio\Proyecto Fase 2\BIProyecto\ETL\Transformacion_Contrato.ktr]  Errores detectados!
2024-07-18 14:30:11.409 ERROR <Transformacion_Contrato - Salida Tabla> [C:\Users\niebl\OneDrive\Escritorio\Semestre\Inteligecia de Negocio\Proyecto Fase 2\BIProyecto\ETL\Transformacion_Contrato.ktr]  Errores detectados!
2024-07-18 14:30:11.453 ERROR <Transformacion_Contrato - Salida Tabla> [C:\Users\niebl\OneDrive\Escritorio\Semestre\Inteligecia de Negocio\Proyecto Fase 2\BIProyecto\ETL\Transformacion_Contrato.ktr]  Errores detectados!
2024-07-18 14:30:11.468 WARN  <Transformacion_Contrato - Salida Tabla> [C:\Users\niebl\OneDrive\Escritorio\Semestre\Inteligecia de Negocio\Proyecto Fase 2\BIProyecto\ETL\Transformacion_Contrato.ktr]  Transformaci?n detectada 
2024-07-18 14:30:11.469 WARN  <Transformacion_Contrato - Salida Tabla> [C:\Users\niebl\OneDrive\Escritorio\Semestre\Inteligecia de Negocio\Proyecto Fase 2\BIProyecto\ETL\Transformacion_Contrato.ktr]  Transformaci?n est? matando los otros pasos!
2024-07-18 14:48:37.374 INFO  <Thread-254> [C:\Users\niebl\OneDrive\Escritorio\Semestre\Inteligecia de Negocio\Proyecto Fase 2\BIProyecto\ETL\Transformacion_Contrato.ktr]  Iniciado despacho de la transformaci?n [Transformacion_Contrato]
2024-07-18 14:48:37.449 INFO  <init of Salida Tabla.0 (Thread-256)> [C:\Users\niebl\OneDrive\Escritorio\Semestre\Inteligecia de Negocio\Proyecto Fase 2\BIProyecto\ETL\Transformacion_Contrato.ktr]  Connected to database [PostgresConexion] (commit=1000)
2024-07-18 14:48:37.598 INFO  <Transformacion_Contrato - Entrada Tabla> [C:\Users\niebl\OneDrive\Escritorio\Semestre\Inteligecia de Negocio\Proyecto Fase 2\BIProyecto\ETL\Transformacion_Contrato.ktr]  Finished reading query, closing connection
2024-07-18 14:48:37.600 INFO  <Transformacion_Contrato - Entrada Tabla> [C:\Users\niebl\OneDrive\Escritorio\Semestre\Inteligecia de Negocio\Proyecto Fase 2\BIProyecto\ETL\Transformacion_Contrato.ktr]  Procesamiento finalizado (I=1, O=0, R=0, W=1, U=0, E=0)
2024-07-18 14:48:37.603 ERROR <Transformacion_Contrato - Salida Tabla> [C:\Users\niebl\OneDrive\Escritorio\Semestre\Inteligecia de Negocio\Proyecto Fase 2\BIProyecto\ETL\Transformacion_Contrato.ktr]  Because of an error, this step can't continue: 
2024-07-18 14:48:37.604 ERROR <Transformacion_Contrato - Salida Tabla> [C:\Users\niebl\OneDrive\Escritorio\Semestre\Inteligecia de Negocio\Proyecto Fase 2\BIProyecto\ETL\Transformacion_Contrato.ktr]  org.pentaho.di.core.exception.KettleException: 
Error inserting row into table [dim_contrato] with values: [1], [Muerte]

Error inserting/updating row
ERROR: el valor nulo en la columna «sk_dim_contrato» de la relación «dim_contrato» viola la restricción de no nulo
  Detail: La fila que falla contiene (null, 1, Muerte).


	at org.pentaho.di.trans.steps.tableoutput.TableOutput.writeToTable(TableOutput.java:384)
	at org.pentaho.di.trans.steps.tableoutput.TableOutput.processRow(TableOutput.java:125)
	at org.pentaho.di.trans.step.RunThread.run(RunThread.java:62)
	at java.lang.Thread.run(Thread.java:748)
Caused by: org.pentaho.di.core.exception.KettleDatabaseException: 
Error inserting/updating row
ERROR: el valor nulo en la columna «sk_dim_contrato» de la relación «dim_contrato» viola la restricción de no nulo
  Detail: La fila que falla contiene (null, 1, Muerte).

	at org.pentaho.di.core.database.Database.insertRow(Database.java:1335)
	at org.pentaho.di.trans.steps.tableoutput.TableOutput.writeToTable(TableOutput.java:262)
	... 3 more
Caused by: org.postgresql.util.PSQLException: ERROR: el valor nulo en la columna «sk_dim_contrato» de la relación «dim_contrato» viola la restricción de no nulo
  Detail: La fila que falla contiene (null, 1, Muerte).
	at org.postgresql.core.v3.QueryExecutorImpl.receiveErrorResponse(QueryExecutorImpl.java:2552)
	at org.postgresql.core.v3.QueryExecutorImpl.processResults(QueryExecutorImpl.java:2284)
	at org.postgresql.core.v3.QueryExecutorImpl.execute(QueryExecutorImpl.java:322)
	at org.postgresql.jdbc.PgStatement.executeInternal(PgStatement.java:481)
	at org.postgresql.jdbc.PgStatement.execute(PgStatement.java:401)
	at org.postgresql.jdbc.PgPreparedStatement.executeWithFlags(PgPreparedStatement.java:164)
	at org.postgresql.jdbc.PgPreparedStatement.executeUpdate(PgPreparedStatement.java:130)
	at org.pentaho.di.core.database.Database.insertRow(Database.java:1302)
	... 4 more

2024-07-18 14:48:37.605 INFO  <Transformacion_Contrato - Salida Tabla> [C:\Users\niebl\OneDrive\Escritorio\Semestre\Inteligecia de Negocio\Proyecto Fase 2\BIProyecto\ETL\Transformacion_Contrato.ktr]  Procesamiento finalizado (I=0, O=0, R=1, W=0, U=0, E=1)
2024-07-18 14:48:37.606 ERROR <Transformacion_Contrato - Salida Tabla> [C:\Users\niebl\OneDrive\Escritorio\Semestre\Inteligecia de Negocio\Proyecto Fase 2\BIProyecto\ETL\Transformacion_Contrato.ktr]  Errores detectados!
2024-07-18 14:48:37.606 ERROR <Transformacion_Contrato - Salida Tabla> [C:\Users\niebl\OneDrive\Escritorio\Semestre\Inteligecia de Negocio\Proyecto Fase 2\BIProyecto\ETL\Transformacion_Contrato.ktr]  Errores detectados!
2024-07-18 14:48:37.652 ERROR <Transformacion_Contrato - Salida Tabla> [C:\Users\niebl\OneDrive\Escritorio\Semestre\Inteligecia de Negocio\Proyecto Fase 2\BIProyecto\ETL\Transformacion_Contrato.ktr]  Errores detectados!
2024-07-18 14:48:37.668 WARN  <Transformacion_Contrato - Salida Tabla> [C:\Users\niebl\OneDrive\Escritorio\Semestre\Inteligecia de Negocio\Proyecto Fase 2\BIProyecto\ETL\Transformacion_Contrato.ktr]  Transformaci?n detectada 
2024-07-18 14:48:37.668 WARN  <Transformacion_Contrato - Salida Tabla> [C:\Users\niebl\OneDrive\Escritorio\Semestre\Inteligecia de Negocio\Proyecto Fase 2\BIProyecto\ETL\Transformacion_Contrato.ktr]  Transformaci?n est? matando los otros pasos!
2024-07-18 14:52:03.197 INFO  <Thread-262> [C:\Users\niebl\OneDrive\Escritorio\Semestre\Inteligecia de Negocio\Proyecto Fase 2\BIProyecto\ETL\Transformacion_Contrato.ktr]  Iniciado despacho de la transformaci?n [Transformacion_Contrato]
2024-07-18 14:52:03.273 INFO  <init of Salida Tabla.0 (Thread-264)> [C:\Users\niebl\OneDrive\Escritorio\Semestre\Inteligecia de Negocio\Proyecto Fase 2\BIProyecto\ETL\Transformacion_Contrato.ktr]  Connected to database [PostgresConexion] (commit=1000)
2024-07-18 14:52:03.426 INFO  <Transformacion_Contrato - Entrada Tabla> [C:\Users\niebl\OneDrive\Escritorio\Semestre\Inteligecia de Negocio\Proyecto Fase 2\BIProyecto\ETL\Transformacion_Contrato.ktr]  Finished reading query, closing connection
2024-07-18 14:52:03.426 ERROR <Transformacion_Contrato - Salida Tabla> [C:\Users\niebl\OneDrive\Escritorio\Semestre\Inteligecia de Negocio\Proyecto Fase 2\BIProyecto\ETL\Transformacion_Contrato.ktr]  Because of an error, this step can't continue: 
2024-07-18 14:52:03.426 ERROR <Transformacion_Contrato - Salida Tabla> [C:\Users\niebl\OneDrive\Escritorio\Semestre\Inteligecia de Negocio\Proyecto Fase 2\BIProyecto\ETL\Transformacion_Contrato.ktr]  org.pentaho.di.core.exception.KettleStepException: 
The tablename is not defined (empty)

	at org.pentaho.di.trans.steps.tableoutput.TableOutput.writeToTable(TableOutput.java:239)
	at org.pentaho.di.trans.steps.tableoutput.TableOutput.processRow(TableOutput.java:125)
	at org.pentaho.di.trans.step.RunThread.run(RunThread.java:62)
	at java.lang.Thread.run(Thread.java:748)

2024-07-18 14:52:03.427 INFO  <Transformacion_Contrato - Entrada Tabla> [C:\Users\niebl\OneDrive\Escritorio\Semestre\Inteligecia de Negocio\Proyecto Fase 2\BIProyecto\ETL\Transformacion_Contrato.ktr]  Procesamiento finalizado (I=1, O=0, R=0, W=1, U=0, E=0)
2024-07-18 14:52:03.428 INFO  <Transformacion_Contrato - Salida Tabla> [C:\Users\niebl\OneDrive\Escritorio\Semestre\Inteligecia de Negocio\Proyecto Fase 2\BIProyecto\ETL\Transformacion_Contrato.ktr]  Procesamiento finalizado (I=0, O=0, R=1, W=0, U=0, E=1)
2024-07-18 14:52:03.429 ERROR <Transformacion_Contrato - Salida Tabla> [C:\Users\niebl\OneDrive\Escritorio\Semestre\Inteligecia de Negocio\Proyecto Fase 2\BIProyecto\ETL\Transformacion_Contrato.ktr]  Errores detectados!
2024-07-18 14:52:03.430 ERROR <Transformacion_Contrato - Salida Tabla> [C:\Users\niebl\OneDrive\Escritorio\Semestre\Inteligecia de Negocio\Proyecto Fase 2\BIProyecto\ETL\Transformacion_Contrato.ktr]  Errores detectados!
2024-07-18 14:52:03.482 ERROR <Transformacion_Contrato - Salida Tabla> [C:\Users\niebl\OneDrive\Escritorio\Semestre\Inteligecia de Negocio\Proyecto Fase 2\BIProyecto\ETL\Transformacion_Contrato.ktr]  Errores detectados!
2024-07-18 14:52:03.498 WARN  <Transformacion_Contrato - Salida Tabla> [C:\Users\niebl\OneDrive\Escritorio\Semestre\Inteligecia de Negocio\Proyecto Fase 2\BIProyecto\ETL\Transformacion_Contrato.ktr]  Transformaci?n detectada 
2024-07-18 14:52:03.499 WARN  <Transformacion_Contrato - Salida Tabla> [C:\Users\niebl\OneDrive\Escritorio\Semestre\Inteligecia de Negocio\Proyecto Fase 2\BIProyecto\ETL\Transformacion_Contrato.ktr]  Transformaci?n est? matando los otros pasos!
2024-07-18 14:53:14.901 INFO  <Thread-270> [C:\Users\niebl\OneDrive\Escritorio\Semestre\Inteligecia de Negocio\Proyecto Fase 2\BIProyecto\ETL\Transformacion_Contrato.ktr]  Iniciado despacho de la transformaci?n [Transformacion_Contrato]
2024-07-18 14:53:14.977 INFO  <init of Salida Tabla.0 (Thread-272)> [C:\Users\niebl\OneDrive\Escritorio\Semestre\Inteligecia de Negocio\Proyecto Fase 2\BIProyecto\ETL\Transformacion_Contrato.ktr]  Connected to database [PostgresConexion] (commit=1000)
2024-07-18 14:53:14.989 INFO  <Transformacion_Contrato - Entrada Tabla> [C:\Users\niebl\OneDrive\Escritorio\Semestre\Inteligecia de Negocio\Proyecto Fase 2\BIProyecto\ETL\Transformacion_Contrato.ktr]  Finished reading query, closing connection
2024-07-18 14:53:14.989 ERROR <Transformacion_Contrato - Salida Tabla> [C:\Users\niebl\OneDrive\Escritorio\Semestre\Inteligecia de Negocio\Proyecto Fase 2\BIProyecto\ETL\Transformacion_Contrato.ktr]  Because of an error, this step can't continue: 
2024-07-18 14:53:14.989 ERROR <Transformacion_Contrato - Salida Tabla> [C:\Users\niebl\OneDrive\Escritorio\Semestre\Inteligecia de Negocio\Proyecto Fase 2\BIProyecto\ETL\Transformacion_Contrato.ktr]  org.pentaho.di.core.exception.KettleStepException: 
The tablename is not defined (empty)

	at org.pentaho.di.trans.steps.tableoutput.TableOutput.writeToTable(TableOutput.java:239)
	at org.pentaho.di.trans.steps.tableoutput.TableOutput.processRow(TableOutput.java:125)
	at org.pentaho.di.trans.step.RunThread.run(RunThread.java:62)
	at java.lang.Thread.run(Thread.java:748)

2024-07-18 14:53:14.990 INFO  <Transformacion_Contrato - Entrada Tabla> [C:\Users\niebl\OneDrive\Escritorio\Semestre\Inteligecia de Negocio\Proyecto Fase 2\BIProyecto\ETL\Transformacion_Contrato.ktr]  Procesamiento finalizado (I=1, O=0, R=0, W=1, U=0, E=0)
2024-07-18 14:53:14.991 INFO  <Transformacion_Contrato - Salida Tabla> [C:\Users\niebl\OneDrive\Escritorio\Semestre\Inteligecia de Negocio\Proyecto Fase 2\BIProyecto\ETL\Transformacion_Contrato.ktr]  Procesamiento finalizado (I=0, O=0, R=1, W=0, U=0, E=1)
2024-07-18 14:53:14.992 ERROR <Transformacion_Contrato - Salida Tabla> [C:\Users\niebl\OneDrive\Escritorio\Semestre\Inteligecia de Negocio\Proyecto Fase 2\BIProyecto\ETL\Transformacion_Contrato.ktr]  Errores detectados!
2024-07-18 14:53:14.993 ERROR <Transformacion_Contrato - Salida Tabla> [C:\Users\niebl\OneDrive\Escritorio\Semestre\Inteligecia de Negocio\Proyecto Fase 2\BIProyecto\ETL\Transformacion_Contrato.ktr]  Errores detectados!
2024-07-18 14:53:15.045 ERROR <Transformacion_Contrato - Salida Tabla> [C:\Users\niebl\OneDrive\Escritorio\Semestre\Inteligecia de Negocio\Proyecto Fase 2\BIProyecto\ETL\Transformacion_Contrato.ktr]  Errores detectados!
2024-07-18 14:53:15.061 WARN  <Transformacion_Contrato - Salida Tabla> [C:\Users\niebl\OneDrive\Escritorio\Semestre\Inteligecia de Negocio\Proyecto Fase 2\BIProyecto\ETL\Transformacion_Contrato.ktr]  Transformaci?n detectada 
2024-07-18 14:53:15.061 WARN  <Transformacion_Contrato - Salida Tabla> [C:\Users\niebl\OneDrive\Escritorio\Semestre\Inteligecia de Negocio\Proyecto Fase 2\BIProyecto\ETL\Transformacion_Contrato.ktr]  Transformaci?n est? matando los otros pasos!
2024-07-18 14:53:42.473 INFO  <Thread-278> [C:\Users\niebl\OneDrive\Escritorio\Semestre\Inteligecia de Negocio\Proyecto Fase 2\BIProyecto\ETL\Transformacion_Contrato.ktr]  Iniciado despacho de la transformaci?n [Transformacion_Contrato]
2024-07-18 14:53:42.549 INFO  <init of Salida Tabla.0 (Thread-280)> [C:\Users\niebl\OneDrive\Escritorio\Semestre\Inteligecia de Negocio\Proyecto Fase 2\BIProyecto\ETL\Transformacion_Contrato.ktr]  Connected to database [PostgresConexion] (commit=1000)
2024-07-18 14:53:42.697 INFO  <Transformacion_Contrato - Entrada Tabla> [C:\Users\niebl\OneDrive\Escritorio\Semestre\Inteligecia de Negocio\Proyecto Fase 2\BIProyecto\ETL\Transformacion_Contrato.ktr]  Finished reading query, closing connection
2024-07-18 14:53:42.698 ERROR <Transformacion_Contrato - Salida Tabla> [C:\Users\niebl\OneDrive\Escritorio\Semestre\Inteligecia de Negocio\Proyecto Fase 2\BIProyecto\ETL\Transformacion_Contrato.ktr]  Because of an error, this step can't continue: 
2024-07-18 14:53:42.698 ERROR <Transformacion_Contrato - Salida Tabla> [C:\Users\niebl\OneDrive\Escritorio\Semestre\Inteligecia de Negocio\Proyecto Fase 2\BIProyecto\ETL\Transformacion_Contrato.ktr]  org.pentaho.di.core.exception.KettleStepException: 
The tablename is not defined (empty)

	at org.pentaho.di.trans.steps.tableoutput.TableOutput.writeToTable(TableOutput.java:239)
	at org.pentaho.di.trans.steps.tableoutput.TableOutput.processRow(TableOutput.java:125)
	at org.pentaho.di.trans.step.RunThread.run(RunThread.java:62)
	at java.lang.Thread.run(Thread.java:748)

2024-07-18 14:53:42.698 INFO  <Transformacion_Contrato - Entrada Tabla> [C:\Users\niebl\OneDrive\Escritorio\Semestre\Inteligecia de Negocio\Proyecto Fase 2\BIProyecto\ETL\Transformacion_Contrato.ktr]  Procesamiento finalizado (I=1, O=0, R=0, W=1, U=0, E=0)
2024-07-18 14:53:42.699 INFO  <Transformacion_Contrato - Salida Tabla> [C:\Users\niebl\OneDrive\Escritorio\Semestre\Inteligecia de Negocio\Proyecto Fase 2\BIProyecto\ETL\Transformacion_Contrato.ktr]  Procesamiento finalizado (I=0, O=0, R=1, W=0, U=0, E=1)
2024-07-18 14:53:42.700 ERROR <Transformacion_Contrato - Salida Tabla> [C:\Users\niebl\OneDrive\Escritorio\Semestre\Inteligecia de Negocio\Proyecto Fase 2\BIProyecto\ETL\Transformacion_Contrato.ktr]  Errores detectados!
2024-07-18 14:53:42.701 ERROR <Transformacion_Contrato - Salida Tabla> [C:\Users\niebl\OneDrive\Escritorio\Semestre\Inteligecia de Negocio\Proyecto Fase 2\BIProyecto\ETL\Transformacion_Contrato.ktr]  Errores detectados!
2024-07-18 14:53:42.756 ERROR <Transformacion_Contrato - Salida Tabla> [C:\Users\niebl\OneDrive\Escritorio\Semestre\Inteligecia de Negocio\Proyecto Fase 2\BIProyecto\ETL\Transformacion_Contrato.ktr]  Errores detectados!
2024-07-18 14:53:42.771 WARN  <Transformacion_Contrato - Salida Tabla> [C:\Users\niebl\OneDrive\Escritorio\Semestre\Inteligecia de Negocio\Proyecto Fase 2\BIProyecto\ETL\Transformacion_Contrato.ktr]  Transformaci?n detectada 
2024-07-18 14:53:42.772 WARN  <Transformacion_Contrato - Salida Tabla> [C:\Users\niebl\OneDrive\Escritorio\Semestre\Inteligecia de Negocio\Proyecto Fase 2\BIProyecto\ETL\Transformacion_Contrato.ktr]  Transformaci?n est? matando los otros pasos!
2024-07-18 14:58:55.640 INFO  <Thread-292> [C:\Users\niebl\OneDrive\Escritorio\Semestre\Inteligecia de Negocio\Proyecto Fase 2\BIProyecto\ETL\Transformacion_Contrato.ktr]  Iniciado despacho de la transformaci?n [Transformacion_Contrato]
2024-07-18 14:58:55.737 INFO  <init of Salida Tabla 2.0 (Thread-295)> [C:\Users\niebl\OneDrive\Escritorio\Semestre\Inteligecia de Negocio\Proyecto Fase 2\BIProyecto\ETL\Transformacion_Contrato.ktr]  Connected to database [PostgresConexion] (commit=1000)
2024-07-18 14:58:55.737 INFO  <init of Salida Tabla.0 (Thread-294)> [C:\Users\niebl\OneDrive\Escritorio\Semestre\Inteligecia de Negocio\Proyecto Fase 2\BIProyecto\ETL\Transformacion_Contrato.ktr]  Connected to database [PostgresConexion] (commit=1000)
2024-07-18 14:58:55.818 INFO  <Transformacion_Contrato - Entrada Tabla> [C:\Users\niebl\OneDrive\Escritorio\Semestre\Inteligecia de Negocio\Proyecto Fase 2\BIProyecto\ETL\Transformacion_Contrato.ktr]  Finished reading query, closing connection
2024-07-18 14:58:55.818 ERROR <Transformacion_Contrato - Salida Tabla> [C:\Users\niebl\OneDrive\Escritorio\Semestre\Inteligecia de Negocio\Proyecto Fase 2\BIProyecto\ETL\Transformacion_Contrato.ktr]  Because of an error, this step can't continue: 
2024-07-18 14:58:55.819 ERROR <Transformacion_Contrato - Salida Tabla> [C:\Users\niebl\OneDrive\Escritorio\Semestre\Inteligecia de Negocio\Proyecto Fase 2\BIProyecto\ETL\Transformacion_Contrato.ktr]  org.pentaho.di.core.exception.KettleStepException: 
The tablename is not defined (empty)

	at org.pentaho.di.trans.steps.tableoutput.TableOutput.writeToTable(TableOutput.java:239)
	at org.pentaho.di.trans.steps.tableoutput.TableOutput.processRow(TableOutput.java:125)
	at org.pentaho.di.trans.step.RunThread.run(RunThread.java:62)
	at java.lang.Thread.run(Thread.java:748)

2024-07-18 14:58:55.819 INFO  <Transformacion_Contrato - Entrada Tabla> [C:\Users\niebl\OneDrive\Escritorio\Semestre\Inteligecia de Negocio\Proyecto Fase 2\BIProyecto\ETL\Transformacion_Contrato.ktr]  Procesamiento finalizado (I=1, O=0, R=0, W=2, U=0, E=0)
2024-07-18 14:58:55.821 INFO  <Transformacion_Contrato - Salida Tabla> [C:\Users\niebl\OneDrive\Escritorio\Semestre\Inteligecia de Negocio\Proyecto Fase 2\BIProyecto\ETL\Transformacion_Contrato.ktr]  Procesamiento finalizado (I=0, O=0, R=1, W=0, U=0, E=1)
2024-07-18 14:58:55.821 WARN  <Transformacion_Contrato - Salida Tabla> [C:\Users\niebl\OneDrive\Escritorio\Semestre\Inteligecia de Negocio\Proyecto Fase 2\BIProyecto\ETL\Transformacion_Contrato.ktr]  Transformaci?n detectada 
2024-07-18 14:58:55.821 WARN  <Transformacion_Contrato - Salida Tabla> [C:\Users\niebl\OneDrive\Escritorio\Semestre\Inteligecia de Negocio\Proyecto Fase 2\BIProyecto\ETL\Transformacion_Contrato.ktr]  Transformaci?n est? matando los otros pasos!
2024-07-18 14:58:55.824 ERROR <Transformacion_Contrato - Salida Tabla 2> [C:\Users\niebl\OneDrive\Escritorio\Semestre\Inteligecia de Negocio\Proyecto Fase 2\BIProyecto\ETL\Transformacion_Contrato.ktr]  Because of an error, this step can't continue: 
2024-07-18 14:58:55.825 ERROR <Transformacion_Contrato - Salida Tabla 2> [C:\Users\niebl\OneDrive\Escritorio\Semestre\Inteligecia de Negocio\Proyecto Fase 2\BIProyecto\ETL\Transformacion_Contrato.ktr]  org.pentaho.di.core.exception.KettleException: 
Error inserting row into table [dim_contrato] with values: [1], [Muerte]

Error inserting/updating row
ERROR: el valor nulo en la columna «sk_dim_contrato» de la relación «dim_contrato» viola la restricción de no nulo
  Detail: La fila que falla contiene (null, 1, Muerte).


	at org.pentaho.di.trans.steps.tableoutput.TableOutput.writeToTable(TableOutput.java:384)
	at org.pentaho.di.trans.steps.tableoutput.TableOutput.processRow(TableOutput.java:125)
	at org.pentaho.di.trans.step.RunThread.run(RunThread.java:62)
	at java.lang.Thread.run(Thread.java:748)
Caused by: org.pentaho.di.core.exception.KettleDatabaseException: 
Error inserting/updating row
ERROR: el valor nulo en la columna «sk_dim_contrato» de la relación «dim_contrato» viola la restricción de no nulo
  Detail: La fila que falla contiene (null, 1, Muerte).

	at org.pentaho.di.core.database.Database.insertRow(Database.java:1335)
	at org.pentaho.di.trans.steps.tableoutput.TableOutput.writeToTable(TableOutput.java:262)
	... 3 more
Caused by: org.postgresql.util.PSQLException: ERROR: el valor nulo en la columna «sk_dim_contrato» de la relación «dim_contrato» viola la restricción de no nulo
  Detail: La fila que falla contiene (null, 1, Muerte).
	at org.postgresql.core.v3.QueryExecutorImpl.receiveErrorResponse(QueryExecutorImpl.java:2552)
	at org.postgresql.core.v3.QueryExecutorImpl.processResults(QueryExecutorImpl.java:2284)
	at org.postgresql.core.v3.QueryExecutorImpl.execute(QueryExecutorImpl.java:322)
	at org.postgresql.jdbc.PgStatement.executeInternal(PgStatement.java:481)
	at org.postgresql.jdbc.PgStatement.execute(PgStatement.java:401)
	at org.postgresql.jdbc.PgPreparedStatement.executeWithFlags(PgPreparedStatement.java:164)
	at org.postgresql.jdbc.PgPreparedStatement.executeUpdate(PgPreparedStatement.java:130)
	at org.pentaho.di.core.database.Database.insertRow(Database.java:1302)
	... 4 more

2024-07-18 14:58:55.826 INFO  <Transformacion_Contrato - Salida Tabla 2> [C:\Users\niebl\OneDrive\Escritorio\Semestre\Inteligecia de Negocio\Proyecto Fase 2\BIProyecto\ETL\Transformacion_Contrato.ktr]  Procesamiento finalizado (I=0, O=0, R=1, W=0, U=0, E=1)
2024-07-18 14:58:55.912 ERROR <Transformacion_Contrato - Salida Tabla 2> [C:\Users\niebl\OneDrive\Escritorio\Semestre\Inteligecia de Negocio\Proyecto Fase 2\BIProyecto\ETL\Transformacion_Contrato.ktr]  Errores detectados!
2024-07-18 14:58:55.912 ERROR <Transformacion_Contrato - Salida Tabla 2> [C:\Users\niebl\OneDrive\Escritorio\Semestre\Inteligecia de Negocio\Proyecto Fase 2\BIProyecto\ETL\Transformacion_Contrato.ktr]  Errores detectados!
2024-07-18 14:58:55.925 ERROR <Transformacion_Contrato - Salida Tabla 2> [C:\Users\niebl\OneDrive\Escritorio\Semestre\Inteligecia de Negocio\Proyecto Fase 2\BIProyecto\ETL\Transformacion_Contrato.ktr]  Errores detectados!
2024-07-18 14:58:55.945 WARN  <Transformacion_Contrato - Salida Tabla 2> [C:\Users\niebl\OneDrive\Escritorio\Semestre\Inteligecia de Negocio\Proyecto Fase 2\BIProyecto\ETL\Transformacion_Contrato.ktr]  Transformaci?n detectada 
2024-07-18 14:58:55.945 WARN  <Transformacion_Contrato - Salida Tabla 2> [C:\Users\niebl\OneDrive\Escritorio\Semestre\Inteligecia de Negocio\Proyecto Fase 2\BIProyecto\ETL\Transformacion_Contrato.ktr]  Transformaci?n est? matando los otros pasos!
2024-07-18 15:14:23.274 INFO  <Thread-312> [C:\Users\niebl\OneDrive\Escritorio\Semestre\Inteligecia de Negocio\Proyecto Fase 2\BIProyecto\ETL\Transformacion_Contrato.ktr]  Iniciado despacho de la transformaci?n [Transformacion_Contrato]
2024-07-18 15:14:23.357 INFO  <init of Salida Tabla.0 (Thread-314)> [C:\Users\niebl\OneDrive\Escritorio\Semestre\Inteligecia de Negocio\Proyecto Fase 2\BIProyecto\ETL\Transformacion_Contrato.ktr]  Connected to database [PostgresConexion] (commit=1000)
2024-07-18 15:14:23.372 INFO  <Transformacion_Contrato - Entrada Tabla> [C:\Users\niebl\OneDrive\Escritorio\Semestre\Inteligecia de Negocio\Proyecto Fase 2\BIProyecto\ETL\Transformacion_Contrato.ktr]  Finished reading query, closing connection
2024-07-18 15:14:23.373 INFO  <Transformacion_Contrato - Entrada Tabla> [C:\Users\niebl\OneDrive\Escritorio\Semestre\Inteligecia de Negocio\Proyecto Fase 2\BIProyecto\ETL\Transformacion_Contrato.ktr]  Procesamiento finalizado (I=1, O=0, R=0, W=1, U=0, E=0)
2024-07-18 15:14:23.404 INFO  <Transformacion_Contrato - Añadir sk_dim_contrato> [C:\Users\niebl\OneDrive\Escritorio\Semestre\Inteligecia de Negocio\Proyecto Fase 2\BIProyecto\ETL\Transformacion_Contrato.ktr]  Procesamiento finalizado (I=0, O=0, R=1, W=1, U=0, E=0)
2024-07-18 15:14:54.627 INFO  <Thread-324> [C:\Users\niebl\OneDrive\Escritorio\Semestre\Inteligecia de Negocio\Proyecto Fase 2\BIProyecto\ETL\Transformacion_Contrato.ktr]  Iniciado despacho de la transformaci?n [Transformacion_Contrato]
2024-07-18 15:14:54.704 INFO  <init of Salida Tabla.0 (Thread-327)> [C:\Users\niebl\OneDrive\Escritorio\Semestre\Inteligecia de Negocio\Proyecto Fase 2\BIProyecto\ETL\Transformacion_Contrato.ktr]  Connected to database [PostgresConexion] (commit=1000)
2024-07-18 15:14:54.714 INFO  <Transformacion_Contrato - Entrada Tabla> [C:\Users\niebl\OneDrive\Escritorio\Semestre\Inteligecia de Negocio\Proyecto Fase 2\BIProyecto\ETL\Transformacion_Contrato.ktr]  Finished reading query, closing connection
2024-07-18 15:14:54.714 ERROR <Transformacion_Contrato - Salida Tabla> [C:\Users\niebl\OneDrive\Escritorio\Semestre\Inteligecia de Negocio\Proyecto Fase 2\BIProyecto\ETL\Transformacion_Contrato.ktr]  Because of an error, this step can't continue: 
2024-07-18 15:14:54.715 ERROR <Transformacion_Contrato - Salida Tabla> [C:\Users\niebl\OneDrive\Escritorio\Semestre\Inteligecia de Negocio\Proyecto Fase 2\BIProyecto\ETL\Transformacion_Contrato.ktr]  org.pentaho.di.core.exception.KettleStepException: 
The tablename is not defined (empty)

	at org.pentaho.di.trans.steps.tableoutput.TableOutput.writeToTable(TableOutput.java:239)
	at org.pentaho.di.trans.steps.tableoutput.TableOutput.processRow(TableOutput.java:125)
	at org.pentaho.di.trans.step.RunThread.run(RunThread.java:62)
	at java.lang.Thread.run(Thread.java:748)

2024-07-18 15:14:54.715 INFO  <Transformacion_Contrato - Entrada Tabla> [C:\Users\niebl\OneDrive\Escritorio\Semestre\Inteligecia de Negocio\Proyecto Fase 2\BIProyecto\ETL\Transformacion_Contrato.ktr]  Procesamiento finalizado (I=1, O=0, R=0, W=1, U=0, E=0)
2024-07-18 15:14:54.716 INFO  <Transformacion_Contrato - Salida Tabla> [C:\Users\niebl\OneDrive\Escritorio\Semestre\Inteligecia de Negocio\Proyecto Fase 2\BIProyecto\ETL\Transformacion_Contrato.ktr]  Procesamiento finalizado (I=0, O=0, R=1, W=0, U=0, E=1)
2024-07-18 15:14:54.716 WARN  <Transformacion_Contrato - Salida Tabla> [C:\Users\niebl\OneDrive\Escritorio\Semestre\Inteligecia de Negocio\Proyecto Fase 2\BIProyecto\ETL\Transformacion_Contrato.ktr]  Transformaci?n detectada 
2024-07-18 15:14:54.717 WARN  <Transformacion_Contrato - Salida Tabla> [C:\Users\niebl\OneDrive\Escritorio\Semestre\Inteligecia de Negocio\Proyecto Fase 2\BIProyecto\ETL\Transformacion_Contrato.ktr]  Transformaci?n est? matando los otros pasos!
2024-07-18 15:14:54.737 INFO  <Transformacion_Contrato - Añadir sk_dim_contrato> [C:\Users\niebl\OneDrive\Escritorio\Semestre\Inteligecia de Negocio\Proyecto Fase 2\BIProyecto\ETL\Transformacion_Contrato.ktr]  Procesamiento finalizado (I=0, O=0, R=1, W=1, U=0, E=0)
2024-07-18 15:14:54.815 ERROR <Transformacion_Contrato - Añadir sk_dim_contrato> [C:\Users\niebl\OneDrive\Escritorio\Semestre\Inteligecia de Negocio\Proyecto Fase 2\BIProyecto\ETL\Transformacion_Contrato.ktr]  Errores detectados!
2024-07-18 15:14:54.815 ERROR <Transformacion_Contrato - Añadir sk_dim_contrato> [C:\Users\niebl\OneDrive\Escritorio\Semestre\Inteligecia de Negocio\Proyecto Fase 2\BIProyecto\ETL\Transformacion_Contrato.ktr]  Errores detectados!
2024-07-18 15:14:54.827 ERROR <Transformacion_Contrato - Añadir sk_dim_contrato> [C:\Users\niebl\OneDrive\Escritorio\Semestre\Inteligecia de Negocio\Proyecto Fase 2\BIProyecto\ETL\Transformacion_Contrato.ktr]  Errores detectados!
2024-07-18 15:15:16.905 INFO  <Thread-334> [C:\Users\niebl\OneDrive\Escritorio\Semestre\Inteligecia de Negocio\Proyecto Fase 2\BIProyecto\ETL\Transformacion_Contrato.ktr]  Iniciado despacho de la transformaci?n [Transformacion_Contrato]
2024-07-18 15:15:16.989 INFO  <init of Salida Tabla.0 (Thread-337)> [C:\Users\niebl\OneDrive\Escritorio\Semestre\Inteligecia de Negocio\Proyecto Fase 2\BIProyecto\ETL\Transformacion_Contrato.ktr]  Connected to database [PostgresConexion] (commit=1000)
2024-07-18 15:15:17.003 INFO  <Transformacion_Contrato - Entrada Tabla> [C:\Users\niebl\OneDrive\Escritorio\Semestre\Inteligecia de Negocio\Proyecto Fase 2\BIProyecto\ETL\Transformacion_Contrato.ktr]  Finished reading query, closing connection
2024-07-18 15:15:17.003 ERROR <Transformacion_Contrato - Salida Tabla> [C:\Users\niebl\OneDrive\Escritorio\Semestre\Inteligecia de Negocio\Proyecto Fase 2\BIProyecto\ETL\Transformacion_Contrato.ktr]  Because of an error, this step can't continue: 
2024-07-18 15:15:17.003 ERROR <Transformacion_Contrato - Salida Tabla> [C:\Users\niebl\OneDrive\Escritorio\Semestre\Inteligecia de Negocio\Proyecto Fase 2\BIProyecto\ETL\Transformacion_Contrato.ktr]  org.pentaho.di.core.exception.KettleStepException: 
The tablename is not defined (empty)

	at org.pentaho.di.trans.steps.tableoutput.TableOutput.writeToTable(TableOutput.java:239)
	at org.pentaho.di.trans.steps.tableoutput.TableOutput.processRow(TableOutput.java:125)
	at org.pentaho.di.trans.step.RunThread.run(RunThread.java:62)
	at java.lang.Thread.run(Thread.java:748)

2024-07-18 15:15:17.004 INFO  <Transformacion_Contrato - Entrada Tabla> [C:\Users\niebl\OneDrive\Escritorio\Semestre\Inteligecia de Negocio\Proyecto Fase 2\BIProyecto\ETL\Transformacion_Contrato.ktr]  Procesamiento finalizado (I=1, O=0, R=0, W=1, U=0, E=0)
2024-07-18 15:15:17.005 INFO  <Transformacion_Contrato - Salida Tabla> [C:\Users\niebl\OneDrive\Escritorio\Semestre\Inteligecia de Negocio\Proyecto Fase 2\BIProyecto\ETL\Transformacion_Contrato.ktr]  Procesamiento finalizado (I=0, O=0, R=1, W=0, U=0, E=1)
2024-07-18 15:15:17.005 WARN  <Transformacion_Contrato - Salida Tabla> [C:\Users\niebl\OneDrive\Escritorio\Semestre\Inteligecia de Negocio\Proyecto Fase 2\BIProyecto\ETL\Transformacion_Contrato.ktr]  Transformaci?n detectada 
2024-07-18 15:15:17.006 WARN  <Transformacion_Contrato - Salida Tabla> [C:\Users\niebl\OneDrive\Escritorio\Semestre\Inteligecia de Negocio\Proyecto Fase 2\BIProyecto\ETL\Transformacion_Contrato.ktr]  Transformaci?n est? matando los otros pasos!
2024-07-18 15:15:17.027 INFO  <Transformacion_Contrato - Añadir sk_dim_contrato> [C:\Users\niebl\OneDrive\Escritorio\Semestre\Inteligecia de Negocio\Proyecto Fase 2\BIProyecto\ETL\Transformacion_Contrato.ktr]  Procesamiento finalizado (I=0, O=0, R=1, W=1, U=0, E=0)
2024-07-18 15:15:17.092 ERROR <Transformacion_Contrato - Añadir sk_dim_contrato> [C:\Users\niebl\OneDrive\Escritorio\Semestre\Inteligecia de Negocio\Proyecto Fase 2\BIProyecto\ETL\Transformacion_Contrato.ktr]  Errores detectados!
2024-07-18 15:15:17.092 ERROR <Transformacion_Contrato - Añadir sk_dim_contrato> [C:\Users\niebl\OneDrive\Escritorio\Semestre\Inteligecia de Negocio\Proyecto Fase 2\BIProyecto\ETL\Transformacion_Contrato.ktr]  Errores detectados!
2024-07-18 15:15:17.106 ERROR <Transformacion_Contrato - Añadir sk_dim_contrato> [C:\Users\niebl\OneDrive\Escritorio\Semestre\Inteligecia de Negocio\Proyecto Fase 2\BIProyecto\ETL\Transformacion_Contrato.ktr]  Errores detectados!
2024-07-18 15:17:11.783 INFO  <Thread-345> [C:\Users\niebl\OneDrive\Escritorio\Semestre\Inteligecia de Negocio\Proyecto Fase 2\BIProyecto\ETL\Transformacion_Contrato.ktr]  Iniciado despacho de la transformaci?n [Transformacion_Contrato]
2024-07-18 15:17:11.859 INFO  <init of Salida Tabla.0 (Thread-348)> [C:\Users\niebl\OneDrive\Escritorio\Semestre\Inteligecia de Negocio\Proyecto Fase 2\BIProyecto\ETL\Transformacion_Contrato.ktr]  Connected to database [PostgresConexion] (commit=1000)
2024-07-18 15:17:11.872 INFO  <Transformacion_Contrato - Entrada Tabla> [C:\Users\niebl\OneDrive\Escritorio\Semestre\Inteligecia de Negocio\Proyecto Fase 2\BIProyecto\ETL\Transformacion_Contrato.ktr]  Finished reading query, closing connection
2024-07-18 15:17:11.873 INFO  <Transformacion_Contrato - Entrada Tabla> [C:\Users\niebl\OneDrive\Escritorio\Semestre\Inteligecia de Negocio\Proyecto Fase 2\BIProyecto\ETL\Transformacion_Contrato.ktr]  Procesamiento finalizado (I=1, O=0, R=0, W=1, U=0, E=0)
2024-07-18 15:17:11.898 INFO  <Transformacion_Contrato - Añadir sk_dim_contrato> [C:\Users\niebl\OneDrive\Escritorio\Semestre\Inteligecia de Negocio\Proyecto Fase 2\BIProyecto\ETL\Transformacion_Contrato.ktr]  Procesamiento finalizado (I=0, O=0, R=1, W=1, U=0, E=0)
2024-07-18 15:17:11.933 INFO  <Transformacion_Contrato - Salida Tabla> [C:\Users\niebl\OneDrive\Escritorio\Semestre\Inteligecia de Negocio\Proyecto Fase 2\BIProyecto\ETL\Transformacion_Contrato.ktr]  Procesamiento finalizado (I=0, O=1, R=1, W=1, U=0, E=0)
2024-07-18 15:29:11.389 INFO  <ModalContext> [/Transformacion Producto.ktr]  Iniciado despacho de la transformaci?n [/Transformacion Producto]
2024-07-18 15:29:11.523 ERROR </Transformacion Producto - Entrada Tabla> [/Transformacion Producto.ktr]  Error desconocido
2024-07-18 15:29:11.524 ERROR </Transformacion Producto - Entrada Tabla> [/Transformacion Producto.ktr]  org.pentaho.di.core.exception.KettleDatabaseException: 
An error occurred executing SQL: 
SELECT <values> FROM <table name> WHERE <conditions>
ERROR: error de sintaxis en o cerca de «<»
  Position: 8

	at org.pentaho.di.core.database.Database.openQuery(Database.java:1776)
	at org.pentaho.di.trans.steps.tableinput.TableInput.doQuery(TableInput.java:242)
	at org.pentaho.di.trans.steps.tableinput.TableInput.processRow(TableInput.java:143)
	at org.pentaho.di.trans.step.RunThread.run(RunThread.java:62)
	at java.lang.Thread.run(Thread.java:748)
Caused by: org.postgresql.util.PSQLException: ERROR: error de sintaxis en o cerca de «<»
  Position: 8
	at org.postgresql.core.v3.QueryExecutorImpl.receiveErrorResponse(QueryExecutorImpl.java:2552)
	at org.postgresql.core.v3.QueryExecutorImpl.processResults(QueryExecutorImpl.java:2284)
	at org.postgresql.core.v3.QueryExecutorImpl.execute(QueryExecutorImpl.java:322)
	at org.postgresql.jdbc.PgStatement.executeInternal(PgStatement.java:481)
	at org.postgresql.jdbc.PgStatement.execute(PgStatement.java:401)
	at org.postgresql.jdbc.PgStatement.executeWithFlags(PgStatement.java:322)
	at org.postgresql.jdbc.PgStatement.executeCachedSql(PgStatement.java:308)
	at org.postgresql.jdbc.PgStatement.executeWithFlags(PgStatement.java:284)
	at org.postgresql.jdbc.PgStatement.executeQuery(PgStatement.java:236)
	at org.pentaho.di.core.database.Database.openQuery(Database.java:1765)
	... 4 more

2024-07-18 15:29:11.527 INFO  </Transformacion Producto - Entrada Tabla> [/Transformacion Producto.ktr]  Finished reading query, closing connection
2024-07-18 15:29:11.535 INFO  </Transformacion Producto - Entrada Tabla> [/Transformacion Producto.ktr]  Procesamiento finalizado (I=0, O=0, R=0, W=0, U=0, E=1)
2024-07-18 15:29:11.535 WARN  </Transformacion Producto - Entrada Tabla> [/Transformacion Producto.ktr]  Transformaci?n detectada 
2024-07-18 15:29:11.536 WARN  </Transformacion Producto - Entrada Tabla> [/Transformacion Producto.ktr]  Transformaci?n est? matando los otros pasos!
2024-07-18 15:29:20.122 INFO  <ModalContext> [/Transformacion Producto.ktr]  Iniciado despacho de la transformaci?n [/Transformacion Producto]
2024-07-18 15:29:20.124 ERROR <init of Entrada Tabla.0 (Thread-23)> [/Transformacion Producto.ktr]  You need to specify a SQL statement to read from a database.
2024-07-18 15:29:20.125 ERROR <init of Entrada Tabla.0 (Thread-23)> [/Transformacion Producto.ktr]  Error inicializando paso [Entrada Tabla]
2024-07-18 15:29:20.125 ERROR <ModalContext> [/Transformacion Producto.ktr]  No se ha podido inicializar el paso [Entrada Tabla.0]!
2024-07-18 15:29:20.125 INFO  <ModalContext> [/Transformacion Producto.ktr]  Finished reading query, closing connection
2024-07-18 15:30:32.394 INFO  <ModalContext> [/Transformacion Producto.ktr]  Iniciado despacho de la transformaci?n [/Transformacion Producto]
2024-07-18 15:30:32.478 INFO  </Transformacion Producto - Entrada Tabla> [/Transformacion Producto.ktr]  Finished reading query, closing connection
2024-07-18 15:31:44.577 INFO  <ModalContext> [/Transformacion Producto.ktr]  Iniciado despacho de la transformaci?n [/Transformacion Producto]
2024-07-18 15:31:44.654 INFO  </Transformacion Producto - Entrada Tabla Producto> [/Transformacion Producto.ktr]  Finished reading query, closing connection
2024-07-18 15:38:46.845 INFO  <Thread-51> [C:\Users\niebl\Transformacion Producto.ktr]  Iniciado despacho de la transformaci?n [Transformacion Producto]
2024-07-18 15:38:46.964 INFO  <init of Salida Tabla.0 (Thread-55)> [C:\Users\niebl\Transformacion Producto.ktr]  Connected to database [Postgres] (commit=1000)
2024-07-18 15:38:47.138 INFO  <Transformacion Producto - Entrada Tabla Tipo Producto> [C:\Users\niebl\Transformacion Producto.ktr]  Finished reading query, closing connection
2024-07-18 15:38:47.139 INFO  <Transformacion Producto - Entrada Tabla Producto> [C:\Users\niebl\Transformacion Producto.ktr]  Finished reading query, closing connection
2024-07-18 15:38:47.140 INFO  <Transformacion Producto - Entrada Tabla Tipo Producto> [C:\Users\niebl\Transformacion Producto.ktr]  Procesamiento finalizado (I=1, O=0, R=0, W=1, U=0, E=0)
2024-07-18 15:38:47.141 INFO  <Transformacion Producto - Entrada Tabla Producto> [C:\Users\niebl\Transformacion Producto.ktr]  Procesamiento finalizado (I=1, O=0, R=0, W=1, U=0, E=0)
2024-07-18 15:38:47.142 ERROR <Transformacion Producto - Salida Tabla> [C:\Users\niebl\Transformacion Producto.ktr]  Error desconocido
2024-07-18 15:38:47.142 ERROR <Transformacion Producto - Salida Tabla> [C:\Users\niebl\Transformacion Producto.ktr]  org.pentaho.di.core.exception.KettleStepException: 
Field [nb_tipo_producto] is required and couldn't be found!

	at org.pentaho.di.trans.steps.tableoutput.TableOutput.processRow(TableOutput.java:105)
	at org.pentaho.di.trans.step.RunThread.run(RunThread.java:62)
	at java.lang.Thread.run(Thread.java:748)

2024-07-18 15:38:47.144 INFO  <Transformacion Producto - Salida Tabla> [C:\Users\niebl\Transformacion Producto.ktr]  Procesamiento finalizado (I=0, O=0, R=1, W=0, U=0, E=1)
2024-07-18 15:38:47.145 WARN  <Transformacion Producto - Salida Tabla> [C:\Users\niebl\Transformacion Producto.ktr]  Transformaci?n detectada 
2024-07-18 15:38:47.146 WARN  <Transformacion Producto - Salida Tabla> [C:\Users\niebl\Transformacion Producto.ktr]  Transformaci?n est? matando los otros pasos!
2024-07-18 15:38:47.161 INFO  <Transformacion Producto - Añadir secuencia sk_dim_producto> [C:\Users\niebl\Transformacion Producto.ktr]  Procesamiento finalizado (I=0, O=0, R=1, W=1, U=0, E=0)
2024-07-18 15:38:47.270 ERROR <Transformacion Producto - Añadir secuencia sk_dim_producto> [C:\Users\niebl\Transformacion Producto.ktr]  Errores detectados!
2024-07-18 15:38:47.271 ERROR <Transformacion Producto - Añadir secuencia sk_dim_producto> [C:\Users\niebl\Transformacion Producto.ktr]  Errores detectados!
2024-07-18 15:38:47.400 ERROR <Transformacion Producto - Añadir secuencia sk_dim_producto> [C:\Users\niebl\Transformacion Producto.ktr]  Errores detectados!
2024-07-18 15:43:32.456 INFO  <Thread-64> [C:\Users\niebl\Transformacion Producto.ktr]  Iniciado despacho de la transformaci?n [Transformacion Producto]
2024-07-18 15:43:32.543 INFO  <Transformacion Producto - Entrada Tabla Producto> [C:\Users\niebl\Transformacion Producto.ktr]  Finished reading query, closing connection
2024-07-18 15:43:32.544 INFO  <Transformacion Producto - Entrada Tabla Producto> [C:\Users\niebl\Transformacion Producto.ktr]  Procesamiento finalizado (I=1, O=0, R=0, W=1, U=0, E=0)
2024-07-18 15:43:32.572 INFO  <Transformacion Producto - Añadir secuencia sk_dim_producto> [C:\Users\niebl\Transformacion Producto.ktr]  Procesamiento finalizado (I=0, O=0, R=1, W=1, U=0, E=0)
2024-07-18 15:43:43.907 INFO  <Thread-73> [C:\Users\niebl\Transformacion Producto.ktr]  Iniciado despacho de la transformaci?n [Transformacion Producto]
2024-07-18 15:43:43.985 INFO  <Transformacion Producto - Entrada Tabla Producto> [C:\Users\niebl\Transformacion Producto.ktr]  Finished reading query, closing connection
2024-07-18 15:43:43.986 INFO  <Transformacion Producto - Entrada Tabla Producto> [C:\Users\niebl\Transformacion Producto.ktr]  Procesamiento finalizado (I=1, O=0, R=0, W=1, U=0, E=0)
2024-07-18 15:43:44.008 INFO  <Transformacion Producto - Añadir secuencia sk_dim_producto> [C:\Users\niebl\Transformacion Producto.ktr]  Procesamiento finalizado (I=0, O=0, R=1, W=1, U=0, E=0)
2024-07-18 15:44:23.525 INFO  <Thread-85> [C:\Users\niebl\Transformacion Producto.ktr]  Iniciado despacho de la transformaci?n [Transformacion Producto]
2024-07-18 15:44:23.625 INFO  <Transformacion Producto - Entrada Tabla Tipo Producto> [C:\Users\niebl\Transformacion Producto.ktr]  Finished reading query, closing connection
2024-07-18 15:44:23.627 INFO  <Transformacion Producto - Entrada Tabla Producto> [C:\Users\niebl\Transformacion Producto.ktr]  Finished reading query, closing connection
2024-07-18 15:44:23.627 INFO  <Transformacion Producto - Entrada Tabla Tipo Producto> [C:\Users\niebl\Transformacion Producto.ktr]  Procesamiento finalizado (I=2, O=0, R=0, W=2, U=0, E=0)
2024-07-18 15:44:23.628 INFO  <Transformacion Producto - Entrada Tabla Producto> [C:\Users\niebl\Transformacion Producto.ktr]  Procesamiento finalizado (I=1, O=0, R=0, W=1, U=0, E=0)
2024-07-18 15:44:23.650 INFO  <Transformacion Producto - Añadir secuencia sk_dim_producto> [C:\Users\niebl\Transformacion Producto.ktr]  Procesamiento finalizado (I=0, O=0, R=1, W=1, U=0, E=0)
2024-07-18 15:45:08.327 INFO  <Thread-98> [C:\Users\niebl\Transformacion Producto.ktr]  Iniciado despacho de la transformaci?n [Transformacion Producto]
2024-07-18 15:45:08.433 INFO  <init of Salida Tabla.0 (Thread-102)> [C:\Users\niebl\Transformacion Producto.ktr]  Connected to database [Postgres] (commit=1000)
2024-07-18 15:45:08.484 INFO  <Transformacion Producto - Entrada Tabla Tipo Producto> [C:\Users\niebl\Transformacion Producto.ktr]  Finished reading query, closing connection
2024-07-18 15:45:08.484 INFO  <Transformacion Producto - Entrada Tabla Producto> [C:\Users\niebl\Transformacion Producto.ktr]  Finished reading query, closing connection
2024-07-18 15:45:08.486 INFO  <Transformacion Producto - Entrada Tabla Tipo Producto> [C:\Users\niebl\Transformacion Producto.ktr]  Procesamiento finalizado (I=2, O=0, R=0, W=2, U=0, E=0)
2024-07-18 15:45:08.486 INFO  <Transformacion Producto - Entrada Tabla Producto> [C:\Users\niebl\Transformacion Producto.ktr]  Procesamiento finalizado (I=1, O=0, R=0, W=1, U=0, E=0)
2024-07-18 15:45:08.488 ERROR <Transformacion Producto - Salida Tabla> [C:\Users\niebl\Transformacion Producto.ktr]  Error desconocido
2024-07-18 15:45:08.489 ERROR <Transformacion Producto - Salida Tabla> [C:\Users\niebl\Transformacion Producto.ktr]  org.pentaho.di.core.exception.KettleStepException: 
Field [nb_tipo_producto] is required and couldn't be found!

	at org.pentaho.di.trans.steps.tableoutput.TableOutput.processRow(TableOutput.java:105)
	at org.pentaho.di.trans.step.RunThread.run(RunThread.java:62)
	at java.lang.Thread.run(Thread.java:748)

2024-07-18 15:45:08.490 INFO  <Transformacion Producto - Salida Tabla> [C:\Users\niebl\Transformacion Producto.ktr]  Procesamiento finalizado (I=0, O=0, R=1, W=0, U=0, E=1)
2024-07-18 15:45:08.491 WARN  <Transformacion Producto - Salida Tabla> [C:\Users\niebl\Transformacion Producto.ktr]  Transformaci?n detectada 
2024-07-18 15:45:08.491 WARN  <Transformacion Producto - Salida Tabla> [C:\Users\niebl\Transformacion Producto.ktr]  Transformaci?n est? matando los otros pasos!
2024-07-18 15:45:08.516 INFO  <Transformacion Producto - Añadir secuencia sk_dim_producto> [C:\Users\niebl\Transformacion Producto.ktr]  Procesamiento finalizado (I=0, O=0, R=1, W=1, U=0, E=0)
2024-07-18 15:45:08.613 ERROR <Transformacion Producto - Añadir secuencia sk_dim_producto> [C:\Users\niebl\Transformacion Producto.ktr]  Errores detectados!
2024-07-18 15:45:08.614 ERROR <Transformacion Producto - Añadir secuencia sk_dim_producto> [C:\Users\niebl\Transformacion Producto.ktr]  Errores detectados!
2024-07-18 15:45:08.629 ERROR <Transformacion Producto - Añadir secuencia sk_dim_producto> [C:\Users\niebl\Transformacion Producto.ktr]  Errores detectados!
2024-07-18 15:45:46.399 INFO  <Thread-110> [C:\Users\niebl\Transformacion Producto.ktr]  Iniciado despacho de la transformaci?n [Transformacion Producto]
2024-07-18 15:45:46.493 INFO  <init of Salida Tabla.0 (Thread-114)> [C:\Users\niebl\Transformacion Producto.ktr]  Connected to database [Postgres] (commit=1000)
2024-07-18 15:45:46.509 INFO  <Transformacion Producto - Entrada Tabla Tipo Producto> [C:\Users\niebl\Transformacion Producto.ktr]  Finished reading query, closing connection
2024-07-18 15:45:46.509 INFO  <Transformacion Producto - Entrada Tabla Producto> [C:\Users\niebl\Transformacion Producto.ktr]  Finished reading query, closing connection
2024-07-18 15:45:46.510 INFO  <Transformacion Producto - Entrada Tabla Producto> [C:\Users\niebl\Transformacion Producto.ktr]  Procesamiento finalizado (I=1, O=0, R=0, W=1, U=0, E=0)
2024-07-18 15:45:46.511 INFO  <Transformacion Producto - Entrada Tabla Tipo Producto> [C:\Users\niebl\Transformacion Producto.ktr]  Procesamiento finalizado (I=2, O=0, R=0, W=2, U=0, E=0)
2024-07-18 15:45:46.511 ERROR <Transformacion Producto - Salida Tabla> [C:\Users\niebl\Transformacion Producto.ktr]  Error desconocido
2024-07-18 15:45:46.512 ERROR <Transformacion Producto - Salida Tabla> [C:\Users\niebl\Transformacion Producto.ktr]  org.pentaho.di.core.exception.KettleStepException: 
Field [nb_tipo_producto] is required and couldn't be found!

	at org.pentaho.di.trans.steps.tableoutput.TableOutput.processRow(TableOutput.java:105)
	at org.pentaho.di.trans.step.RunThread.run(RunThread.java:62)
	at java.lang.Thread.run(Thread.java:748)

2024-07-18 15:45:46.513 INFO  <Transformacion Producto - Salida Tabla> [C:\Users\niebl\Transformacion Producto.ktr]  Procesamiento finalizado (I=0, O=0, R=1, W=0, U=0, E=1)
2024-07-18 15:45:46.514 WARN  <Transformacion Producto - Salida Tabla> [C:\Users\niebl\Transformacion Producto.ktr]  Transformaci?n detectada 
2024-07-18 15:45:46.514 WARN  <Transformacion Producto - Salida Tabla> [C:\Users\niebl\Transformacion Producto.ktr]  Transformaci?n est? matando los otros pasos!
2024-07-18 15:45:46.539 INFO  <Transformacion Producto - Añadir secuencia sk_dim_producto> [C:\Users\niebl\Transformacion Producto.ktr]  Procesamiento finalizado (I=0, O=0, R=1, W=1, U=0, E=0)
2024-07-18 15:45:46.634 ERROR <Transformacion Producto - Añadir secuencia sk_dim_producto> [C:\Users\niebl\Transformacion Producto.ktr]  Errores detectados!
2024-07-18 15:45:46.634 ERROR <Transformacion Producto - Añadir secuencia sk_dim_producto> [C:\Users\niebl\Transformacion Producto.ktr]  Errores detectados!
2024-07-18 15:45:46.647 ERROR <Transformacion Producto - Añadir secuencia sk_dim_producto> [C:\Users\niebl\Transformacion Producto.ktr]  Errores detectados!
2024-07-18 15:47:43.278 INFO  <Thread-123> [C:\Users\niebl\Transformacion Producto.ktr]  Iniciado despacho de la transformaci?n [Transformacion Producto]
2024-07-18 15:47:43.382 INFO  <init of Salida Tabla.0 (Thread-127)> [C:\Users\niebl\Transformacion Producto.ktr]  Connected to database [Postgres] (commit=1000)
2024-07-18 15:47:43.693 INFO  <Transformacion Producto - Entrada Tabla Tipo Producto> [C:\Users\niebl\Transformacion Producto.ktr]  Finished reading query, closing connection
2024-07-18 15:47:43.694 INFO  <Transformacion Producto - Entrada Tabla Producto> [C:\Users\niebl\Transformacion Producto.ktr]  Finished reading query, closing connection
2024-07-18 15:47:43.696 INFO  <Transformacion Producto - Entrada Tabla Tipo Producto> [C:\Users\niebl\Transformacion Producto.ktr]  Procesamiento finalizado (I=2, O=0, R=0, W=2, U=0, E=0)
2024-07-18 15:47:43.696 INFO  <Transformacion Producto - Entrada Tabla Producto> [C:\Users\niebl\Transformacion Producto.ktr]  Procesamiento finalizado (I=1, O=0, R=0, W=1, U=0, E=0)
2024-07-18 15:47:43.697 ERROR <Transformacion Producto - Salida Tabla> [C:\Users\niebl\Transformacion Producto.ktr]  Error desconocido
2024-07-18 15:47:43.697 ERROR <Transformacion Producto - Salida Tabla> [C:\Users\niebl\Transformacion Producto.ktr]  org.pentaho.di.core.exception.KettleStepException: 
Field [nb_tipo_producto] is required and couldn't be found!

	at org.pentaho.di.trans.steps.tableoutput.TableOutput.processRow(TableOutput.java:105)
	at org.pentaho.di.trans.step.RunThread.run(RunThread.java:62)
	at java.lang.Thread.run(Thread.java:748)

2024-07-18 15:47:43.698 INFO  <Transformacion Producto - Salida Tabla> [C:\Users\niebl\Transformacion Producto.ktr]  Procesamiento finalizado (I=0, O=0, R=1, W=0, U=0, E=1)
2024-07-18 15:47:43.699 WARN  <Transformacion Producto - Salida Tabla> [C:\Users\niebl\Transformacion Producto.ktr]  Transformaci?n detectada 
2024-07-18 15:47:43.699 WARN  <Transformacion Producto - Salida Tabla> [C:\Users\niebl\Transformacion Producto.ktr]  Transformaci?n est? matando los otros pasos!
2024-07-18 15:47:43.721 INFO  <Transformacion Producto - Añadir secuencia sk_dim_producto> [C:\Users\niebl\Transformacion Producto.ktr]  Procesamiento finalizado (I=0, O=0, R=1, W=1, U=0, E=0)
2024-07-18 15:47:43.815 ERROR <Transformacion Producto - Añadir secuencia sk_dim_producto> [C:\Users\niebl\Transformacion Producto.ktr]  Errores detectados!
2024-07-18 15:47:43.816 ERROR <Transformacion Producto - Añadir secuencia sk_dim_producto> [C:\Users\niebl\Transformacion Producto.ktr]  Errores detectados!
2024-07-18 15:47:43.828 ERROR <Transformacion Producto - Añadir secuencia sk_dim_producto> [C:\Users\niebl\Transformacion Producto.ktr]  Errores detectados!
2024-07-18 15:56:30.527 INFO  <Thread-161> [C:\Users\niebl\Transformacion Producto.ktr]  Iniciado despacho de la transformaci?n [Transformacion Producto]
2024-07-18 15:56:30.627 INFO  <init of Salida Tabla.0 (Thread-165)> [C:\Users\niebl\Transformacion Producto.ktr]  Connected to database [Postgres] (commit=1000)
2024-07-18 15:56:30.642 INFO  <Transformacion Producto - Entrada Tabla Tipo Producto> [C:\Users\niebl\Transformacion Producto.ktr]  Finished reading query, closing connection
2024-07-18 15:56:30.642 INFO  <Transformacion Producto - Entrada Tabla Producto> [C:\Users\niebl\Transformacion Producto.ktr]  Finished reading query, closing connection
2024-07-18 15:56:30.645 INFO  <Transformacion Producto - Entrada Tabla Producto> [C:\Users\niebl\Transformacion Producto.ktr]  Procesamiento finalizado (I=1, O=0, R=0, W=1, U=0, E=0)
2024-07-18 15:56:30.646 INFO  <Transformacion Producto - Entrada Tabla Tipo Producto> [C:\Users\niebl\Transformacion Producto.ktr]  Procesamiento finalizado (I=2, O=0, R=0, W=2, U=0, E=0)
2024-07-18 15:56:31.019 INFO  <Transformacion Producto - Unión por clave> [C:\Users\niebl\Transformacion Producto.ktr]  Procesamiento finalizado (I=0, O=0, R=3, W=1, U=0, E=0)
2024-07-18 15:57:48.392 INFO  <Thread-175> [C:\Users\niebl\Transformacion Producto.ktr]  Iniciado despacho de la transformaci?n [Transformacion Producto]
2024-07-18 15:57:48.486 INFO  <init of Salida Tabla.0 (Thread-180)> [C:\Users\niebl\Transformacion Producto.ktr]  Connected to database [Postgres] (commit=1000)
2024-07-18 15:57:48.499 INFO  <Transformacion Producto - Entrada Tabla Tipo Producto> [C:\Users\niebl\Transformacion Producto.ktr]  Finished reading query, closing connection
2024-07-18 15:57:48.500 INFO  <Transformacion Producto - Entrada Tabla Tipo Producto> [C:\Users\niebl\Transformacion Producto.ktr]  Procesamiento finalizado (I=2, O=0, R=0, W=2, U=0, E=0)
2024-07-18 15:57:48.502 INFO  <Transformacion Producto - Entrada Tabla Producto> [C:\Users\niebl\Transformacion Producto.ktr]  Finished reading query, closing connection
2024-07-18 15:57:48.503 INFO  <Transformacion Producto - Entrada Tabla Producto> [C:\Users\niebl\Transformacion Producto.ktr]  Procesamiento finalizado (I=1, O=0, R=0, W=1, U=0, E=0)
2024-07-18 15:57:48.863 INFO  <Transformacion Producto - Unión por clave> [C:\Users\niebl\Transformacion Producto.ktr]  Procesamiento finalizado (I=0, O=0, R=3, W=1, U=0, E=0)
2024-07-18 15:57:48.894 INFO  <Transformacion Producto - Añadir secuencia sk_dim_producto> [C:\Users\niebl\Transformacion Producto.ktr]  Procesamiento finalizado (I=0, O=0, R=1, W=1, U=0, E=0)
2024-07-18 15:57:48.926 INFO  <Transformacion Producto - Salida Tabla> [C:\Users\niebl\Transformacion Producto.ktr]  Procesamiento finalizado (I=0, O=1, R=1, W=1, U=0, E=0)
2024-07-18 20:11:42.066 INFO  <ModalContext> [/Transformacion Cliente.ktr]  Iniciado despacho de la transformaci?n [/Transformacion Cliente]
2024-07-18 20:11:42.269 INFO  </Transformacion Cliente - Entrada Tabla Cliente> [/Transformacion Cliente.ktr]  Finished reading query, closing connection
2024-07-18 20:11:42.296 INFO  </Transformacion Cliente - dummy> [/Transformacion Cliente.ktr]  Procesamiento finalizado (I=0, O=0, R=300, W=300, U=0, E=0)
2024-07-18 20:11:42.301 INFO  </Transformacion Cliente - Entrada Tabla Cliente> [/Transformacion Cliente.ktr]  Procesamiento finalizado (I=300, O=0, R=0, W=300, U=0, E=0)
2024-07-18 20:11:52.305 INFO  <Transformation Heartbeat Thread for: /Transformacion Cliente> [/Transformacion Cliente.ktr]  Shutting down heartbeat signal for /Transformacion Cliente
2024-07-18 20:14:53.807 INFO  <Thread-30> [C:\Users\niebl\OneDrive\Escritorio\Semestre\Inteligecia de Negocio\Proyecto Fase 2\BIProyecto\ETL\Transformacion Cliente.ktr]  Iniciado despacho de la transformaci?n [Transformacion Cliente]
2024-07-18 20:14:53.815 ERROR <init of Entrada Tabla.0 (Thread-31)> [C:\Users\niebl\OneDrive\Escritorio\Semestre\Inteligecia de Negocio\Proyecto Fase 2\BIProyecto\ETL\Transformacion Cliente.ktr]  You need to specify a database connection.
2024-07-18 20:14:53.816 ERROR <init of Entrada Tabla.0 (Thread-31)> [C:\Users\niebl\OneDrive\Escritorio\Semestre\Inteligecia de Negocio\Proyecto Fase 2\BIProyecto\ETL\Transformacion Cliente.ktr]  Error inicializando paso [Entrada Tabla]
2024-07-18 20:14:53.840 ERROR <Thread-30> [C:\Users\niebl\OneDrive\Escritorio\Semestre\Inteligecia de Negocio\Proyecto Fase 2\BIProyecto\ETL\Transformacion Cliente.ktr]  No se ha podido inicializar el paso [Entrada Tabla.0]!
2024-07-18 20:14:53.841 INFO  <Thread-30> [C:\Users\niebl\OneDrive\Escritorio\Semestre\Inteligecia de Negocio\Proyecto Fase 2\BIProyecto\ETL\Transformacion Cliente.ktr]  Finished reading query, closing connection
2024-07-18 20:14:53.851 ERROR <Thread-30> [C:\Users\niebl\OneDrive\Escritorio\Semestre\Inteligecia de Negocio\Proyecto Fase 2\BIProyecto\ETL\Transformacion Cliente.ktr]  Errores detectados!
2024-07-18 20:14:54.251 ERROR <Thread-30> [C:\Users\niebl\OneDrive\Escritorio\Semestre\Inteligecia de Negocio\Proyecto Fase 2\BIProyecto\ETL\Transformacion Cliente.ktr]  Errores detectados!
2024-07-18 20:15:35.574 INFO  <Thread-35> [C:\Users\niebl\OneDrive\Escritorio\Semestre\Inteligecia de Negocio\Proyecto Fase 2\BIProyecto\ETL\Transformacion Cliente.ktr]  Iniciado despacho de la transformaci?n [Transformacion Cliente]
2024-07-18 20:15:35.746 INFO  <Transformacion Cliente - Entrada Tabla> [C:\Users\niebl\OneDrive\Escritorio\Semestre\Inteligecia de Negocio\Proyecto Fase 2\BIProyecto\ETL\Transformacion Cliente.ktr]  Finished reading query, closing connection
2024-07-18 20:15:35.747 INFO  <Transformacion Cliente - Entrada Tabla> [C:\Users\niebl\OneDrive\Escritorio\Semestre\Inteligecia de Negocio\Proyecto Fase 2\BIProyecto\ETL\Transformacion Cliente.ktr]  Procesamiento finalizado (I=300, O=0, R=0, W=300, U=0, E=0)
2024-07-18 20:15:35.768 INFO  <Transformacion Cliente - Añadir secuencia sk_dim_cliente> [C:\Users\niebl\OneDrive\Escritorio\Semestre\Inteligecia de Negocio\Proyecto Fase 2\BIProyecto\ETL\Transformacion Cliente.ktr]  Procesamiento finalizado (I=0, O=0, R=300, W=300, U=0, E=0)
2024-07-18 20:18:22.670 INFO  <Thread-44> [C:\Users\niebl\OneDrive\Escritorio\Semestre\Inteligecia de Negocio\Proyecto Fase 2\BIProyecto\ETL\Transformacion Cliente.ktr]  Iniciado despacho de la transformaci?n [Transformacion Cliente]
2024-07-18 20:18:22.772 INFO  <init of Salida Tabla.0 (Thread-47)> [C:\Users\niebl\OneDrive\Escritorio\Semestre\Inteligecia de Negocio\Proyecto Fase 2\BIProyecto\ETL\Transformacion Cliente.ktr]  Connected to database [Postgres] (commit=1000)
2024-07-18 20:18:22.799 INFO  <Transformacion Cliente - Entrada Tabla> [C:\Users\niebl\OneDrive\Escritorio\Semestre\Inteligecia de Negocio\Proyecto Fase 2\BIProyecto\ETL\Transformacion Cliente.ktr]  Finished reading query, closing connection
2024-07-18 20:18:22.800 INFO  <Transformacion Cliente - Entrada Tabla> [C:\Users\niebl\OneDrive\Escritorio\Semestre\Inteligecia de Negocio\Proyecto Fase 2\BIProyecto\ETL\Transformacion Cliente.ktr]  Procesamiento finalizado (I=300, O=0, R=0, W=300, U=0, E=0)
2024-07-18 20:18:22.835 INFO  <Transformacion Cliente - Añadir secuencia sk_dim_cliente> [C:\Users\niebl\OneDrive\Escritorio\Semestre\Inteligecia de Negocio\Proyecto Fase 2\BIProyecto\ETL\Transformacion Cliente.ktr]  Procesamiento finalizado (I=0, O=0, R=300, W=300, U=0, E=0)
2024-07-18 20:18:22.932 INFO  <Transformacion Cliente - Salida Tabla> [C:\Users\niebl\OneDrive\Escritorio\Semestre\Inteligecia de Negocio\Proyecto Fase 2\BIProyecto\ETL\Transformacion Cliente.ktr]  Procesamiento finalizado (I=0, O=300, R=300, W=300, U=0, E=0)
2024-07-18 20:24:57.409 INFO  <ModalContext> [C:\Users\niebl\OneDrive\Escritorio\Semestre\Inteligecia de Negocio\Proyecto Fase 2\BIProyecto\ETL\Transformacion Sucursal.ktr : Transformacion Sucursal.ktr]  Iniciado despacho de la transformaci?n [C:\Users\niebl\OneDrive\Escritorio\Semestre\Inteligecia de Negocio\Proyecto Fase 2\BIProyecto\ETL\Transformacion Sucursal.ktr : Transformacion Sucursal]
2024-07-18 20:24:57.493 INFO  <C:\Users\niebl\OneDrive\Escritorio\Semestre\Inteligecia de Negocio\Proyecto Fase 2\BIProyecto\ETL\Transformacion Sucursal.ktr : Transformacion Sucursal - Entrada Tabla Sucursal> [C:\Users\niebl\OneDrive\Escritorio\Semestre\Inteligecia de Negocio\Proyecto Fase 2\BIProyecto\ETL\Transformacion Sucursal.ktr : Transformacion Sucursal.ktr]  Finished reading query, closing connection
2024-07-18 20:24:57.495 INFO  <C:\Users\niebl\OneDrive\Escritorio\Semestre\Inteligecia de Negocio\Proyecto Fase 2\BIProyecto\ETL\Transformacion Sucursal.ktr : Transformacion Sucursal - Entrada Tabla Sucursal> [C:\Users\niebl\OneDrive\Escritorio\Semestre\Inteligecia de Negocio\Proyecto Fase 2\BIProyecto\ETL\Transformacion Sucursal.ktr : Transformacion Sucursal.ktr]  Procesamiento finalizado (I=30, O=0, R=0, W=30, U=0, E=0)
2024-07-18 20:24:57.519 INFO  <C:\Users\niebl\OneDrive\Escritorio\Semestre\Inteligecia de Negocio\Proyecto Fase 2\BIProyecto\ETL\Transformacion Sucursal.ktr : Transformacion Sucursal - dummy> [C:\Users\niebl\OneDrive\Escritorio\Semestre\Inteligecia de Negocio\Proyecto Fase 2\BIProyecto\ETL\Transformacion Sucursal.ktr : Transformacion Sucursal.ktr]  Procesamiento finalizado (I=0, O=0, R=30, W=30, U=0, E=0)
2024-07-18 20:25:08.653 INFO  <ModalContext> [C:\Users\niebl\OneDrive\Escritorio\Semestre\Inteligecia de Negocio\Proyecto Fase 2\BIProyecto\ETL\Transformacion Sucursal.ktr : Transformacion Sucursal.ktr]  Iniciado despacho de la transformaci?n [C:\Users\niebl\OneDrive\Escritorio\Semestre\Inteligecia de Negocio\Proyecto Fase 2\BIProyecto\ETL\Transformacion Sucursal.ktr : Transformacion Sucursal]
2024-07-18 20:25:08.732 INFO  <C:\Users\niebl\OneDrive\Escritorio\Semestre\Inteligecia de Negocio\Proyecto Fase 2\BIProyecto\ETL\Transformacion Sucursal.ktr : Transformacion Sucursal - Entrada Tabla Pais> [C:\Users\niebl\OneDrive\Escritorio\Semestre\Inteligecia de Negocio\Proyecto Fase 2\BIProyecto\ETL\Transformacion Sucursal.ktr : Transformacion Sucursal.ktr]  Finished reading query, closing connection
2024-07-18 20:25:08.733 INFO  <C:\Users\niebl\OneDrive\Escritorio\Semestre\Inteligecia de Negocio\Proyecto Fase 2\BIProyecto\ETL\Transformacion Sucursal.ktr : Transformacion Sucursal - Entrada Tabla Pais> [C:\Users\niebl\OneDrive\Escritorio\Semestre\Inteligecia de Negocio\Proyecto Fase 2\BIProyecto\ETL\Transformacion Sucursal.ktr : Transformacion Sucursal.ktr]  Procesamiento finalizado (I=31, O=0, R=0, W=31, U=0, E=0)
2024-07-18 20:25:08.751 INFO  <C:\Users\niebl\OneDrive\Escritorio\Semestre\Inteligecia de Negocio\Proyecto Fase 2\BIProyecto\ETL\Transformacion Sucursal.ktr : Transformacion Sucursal - dummy> [C:\Users\niebl\OneDrive\Escritorio\Semestre\Inteligecia de Negocio\Proyecto Fase 2\BIProyecto\ETL\Transformacion Sucursal.ktr : Transformacion Sucursal.ktr]  Procesamiento finalizado (I=0, O=0, R=31, W=31, U=0, E=0)
2024-07-18 20:25:21.442 INFO  <ModalContext> [C:\Users\niebl\OneDrive\Escritorio\Semestre\Inteligecia de Negocio\Proyecto Fase 2\BIProyecto\ETL\Transformacion Sucursal.ktr : Transformacion Sucursal.ktr]  Iniciado despacho de la transformaci?n [C:\Users\niebl\OneDrive\Escritorio\Semestre\Inteligecia de Negocio\Proyecto Fase 2\BIProyecto\ETL\Transformacion Sucursal.ktr : Transformacion Sucursal]
2024-07-18 20:25:21.530 INFO  <C:\Users\niebl\OneDrive\Escritorio\Semestre\Inteligecia de Negocio\Proyecto Fase 2\BIProyecto\ETL\Transformacion Sucursal.ktr : Transformacion Sucursal - Entrada Tabla Ciudad> [C:\Users\niebl\OneDrive\Escritorio\Semestre\Inteligecia de Negocio\Proyecto Fase 2\BIProyecto\ETL\Transformacion Sucursal.ktr : Transformacion Sucursal.ktr]  Finished reading query, closing connection
2024-07-18 20:25:21.531 INFO  <C:\Users\niebl\OneDrive\Escritorio\Semestre\Inteligecia de Negocio\Proyecto Fase 2\BIProyecto\ETL\Transformacion Sucursal.ktr : Transformacion Sucursal - Entrada Tabla Ciudad> [C:\Users\niebl\OneDrive\Escritorio\Semestre\Inteligecia de Negocio\Proyecto Fase 2\BIProyecto\ETL\Transformacion Sucursal.ktr : Transformacion Sucursal.ktr]  Procesamiento finalizado (I=30, O=0, R=0, W=30, U=0, E=0)
2024-07-18 20:25:21.558 INFO  <C:\Users\niebl\OneDrive\Escritorio\Semestre\Inteligecia de Negocio\Proyecto Fase 2\BIProyecto\ETL\Transformacion Sucursal.ktr : Transformacion Sucursal - dummy> [C:\Users\niebl\OneDrive\Escritorio\Semestre\Inteligecia de Negocio\Proyecto Fase 2\BIProyecto\ETL\Transformacion Sucursal.ktr : Transformacion Sucursal.ktr]  Procesamiento finalizado (I=0, O=0, R=30, W=30, U=0, E=0)
2024-07-18 20:25:34.250 INFO  <ModalContext> [C:\Users\niebl\OneDrive\Escritorio\Semestre\Inteligecia de Negocio\Proyecto Fase 2\BIProyecto\ETL\Transformacion Sucursal.ktr : Transformacion Sucursal.ktr]  Iniciado despacho de la transformaci?n [C:\Users\niebl\OneDrive\Escritorio\Semestre\Inteligecia de Negocio\Proyecto Fase 2\BIProyecto\ETL\Transformacion Sucursal.ktr : Transformacion Sucursal]
2024-07-18 20:25:34.330 INFO  <C:\Users\niebl\OneDrive\Escritorio\Semestre\Inteligecia de Negocio\Proyecto Fase 2\BIProyecto\ETL\Transformacion Sucursal.ktr : Transformacion Sucursal - Entrada Tabla Sucursal> [C:\Users\niebl\OneDrive\Escritorio\Semestre\Inteligecia de Negocio\Proyecto Fase 2\BIProyecto\ETL\Transformacion Sucursal.ktr : Transformacion Sucursal.ktr]  Finished reading query, closing connection
2024-07-18 20:25:34.331 INFO  <C:\Users\niebl\OneDrive\Escritorio\Semestre\Inteligecia de Negocio\Proyecto Fase 2\BIProyecto\ETL\Transformacion Sucursal.ktr : Transformacion Sucursal - Entrada Tabla Sucursal> [C:\Users\niebl\OneDrive\Escritorio\Semestre\Inteligecia de Negocio\Proyecto Fase 2\BIProyecto\ETL\Transformacion Sucursal.ktr : Transformacion Sucursal.ktr]  Procesamiento finalizado (I=30, O=0, R=0, W=30, U=0, E=0)
2024-07-18 20:25:34.355 INFO  <C:\Users\niebl\OneDrive\Escritorio\Semestre\Inteligecia de Negocio\Proyecto Fase 2\BIProyecto\ETL\Transformacion Sucursal.ktr : Transformacion Sucursal - dummy> [C:\Users\niebl\OneDrive\Escritorio\Semestre\Inteligecia de Negocio\Proyecto Fase 2\BIProyecto\ETL\Transformacion Sucursal.ktr : Transformacion Sucursal.ktr]  Procesamiento finalizado (I=0, O=0, R=30, W=30, U=0, E=0)
2024-07-18 20:27:12.943 INFO  <Thread-90> [C:\Users\niebl\OneDrive\Escritorio\Semestre\Inteligecia de Negocio\Proyecto Fase 2\BIProyecto\ETL\Transformacion Sucursal.ktr]  Iniciado despacho de la transformaci?n [Transformacion Sucursal]
2024-07-18 20:27:13.099 INFO  <Transformacion Sucursal - Entrada Tabla Pais> [C:\Users\niebl\OneDrive\Escritorio\Semestre\Inteligecia de Negocio\Proyecto Fase 2\BIProyecto\ETL\Transformacion Sucursal.ktr]  Finished reading query, closing connection
2024-07-18 20:27:13.099 INFO  <Transformacion Sucursal - Entrada Tabla Sucursal> [C:\Users\niebl\OneDrive\Escritorio\Semestre\Inteligecia de Negocio\Proyecto Fase 2\BIProyecto\ETL\Transformacion Sucursal.ktr]  Finished reading query, closing connection
2024-07-18 20:27:13.100 INFO  <Transformacion Sucursal - Entrada Tabla Ciudad> [C:\Users\niebl\OneDrive\Escritorio\Semestre\Inteligecia de Negocio\Proyecto Fase 2\BIProyecto\ETL\Transformacion Sucursal.ktr]  Finished reading query, closing connection
2024-07-18 20:27:13.100 INFO  <Transformacion Sucursal - Entrada Tabla Pais> [C:\Users\niebl\OneDrive\Escritorio\Semestre\Inteligecia de Negocio\Proyecto Fase 2\BIProyecto\ETL\Transformacion Sucursal.ktr]  Procesamiento finalizado (I=31, O=0, R=0, W=31, U=0, E=0)
2024-07-18 20:27:13.101 INFO  <Transformacion Sucursal - Entrada Tabla Ciudad> [C:\Users\niebl\OneDrive\Escritorio\Semestre\Inteligecia de Negocio\Proyecto Fase 2\BIProyecto\ETL\Transformacion Sucursal.ktr]  Procesamiento finalizado (I=30, O=0, R=0, W=30, U=0, E=0)
2024-07-18 20:27:13.102 INFO  <Transformacion Sucursal - Entrada Tabla Sucursal> [C:\Users\niebl\OneDrive\Escritorio\Semestre\Inteligecia de Negocio\Proyecto Fase 2\BIProyecto\ETL\Transformacion Sucursal.ktr]  Procesamiento finalizado (I=30, O=0, R=0, W=30, U=0, E=0)
2024-07-18 20:27:13.469 INFO  <Transformacion Sucursal - Unión por clave> [C:\Users\niebl\OneDrive\Escritorio\Semestre\Inteligecia de Negocio\Proyecto Fase 2\BIProyecto\ETL\Transformacion Sucursal.ktr]  Procesamiento finalizado (I=0, O=0, R=61, W=0, U=0, E=0)
2024-07-18 20:28:15.772 INFO  <Thread-105> [C:\Users\niebl\OneDrive\Escritorio\Semestre\Inteligecia de Negocio\Proyecto Fase 2\BIProyecto\ETL\Transformacion Sucursal.ktr]  Iniciado despacho de la transformaci?n [Transformacion Sucursal]
2024-07-18 20:28:15.890 INFO  <Transformacion Sucursal - Entrada Tabla Pais> [C:\Users\niebl\OneDrive\Escritorio\Semestre\Inteligecia de Negocio\Proyecto Fase 2\BIProyecto\ETL\Transformacion Sucursal.ktr]  Finished reading query, closing connection
2024-07-18 20:28:15.891 INFO  <Transformacion Sucursal - Entrada Tabla Pais> [C:\Users\niebl\OneDrive\Escritorio\Semestre\Inteligecia de Negocio\Proyecto Fase 2\BIProyecto\ETL\Transformacion Sucursal.ktr]  Procesamiento finalizado (I=31, O=0, R=0, W=31, U=0, E=0)
2024-07-18 20:28:15.893 INFO  <Transformacion Sucursal - Entrada Tabla Sucursal> [C:\Users\niebl\OneDrive\Escritorio\Semestre\Inteligecia de Negocio\Proyecto Fase 2\BIProyecto\ETL\Transformacion Sucursal.ktr]  Finished reading query, closing connection
2024-07-18 20:28:15.893 INFO  <Transformacion Sucursal - Entrada Tabla Ciudad> [C:\Users\niebl\OneDrive\Escritorio\Semestre\Inteligecia de Negocio\Proyecto Fase 2\BIProyecto\ETL\Transformacion Sucursal.ktr]  Finished reading query, closing connection
2024-07-18 20:28:15.895 INFO  <Transformacion Sucursal - Entrada Tabla Ciudad> [C:\Users\niebl\OneDrive\Escritorio\Semestre\Inteligecia de Negocio\Proyecto Fase 2\BIProyecto\ETL\Transformacion Sucursal.ktr]  Procesamiento finalizado (I=30, O=0, R=0, W=30, U=0, E=0)
2024-07-18 20:28:15.896 INFO  <Transformacion Sucursal - Entrada Tabla Sucursal> [C:\Users\niebl\OneDrive\Escritorio\Semestre\Inteligecia de Negocio\Proyecto Fase 2\BIProyecto\ETL\Transformacion Sucursal.ktr]  Procesamiento finalizado (I=30, O=0, R=0, W=30, U=0, E=0)
2024-07-18 20:28:16.264 INFO  <Transformacion Sucursal - Unión por clave> [C:\Users\niebl\OneDrive\Escritorio\Semestre\Inteligecia de Negocio\Proyecto Fase 2\BIProyecto\ETL\Transformacion Sucursal.ktr]  Procesamiento finalizado (I=0, O=0, R=61, W=0, U=0, E=0)
2024-07-18 20:28:56.295 INFO  <Thread-117> [C:\Users\niebl\OneDrive\Escritorio\Semestre\Inteligecia de Negocio\Proyecto Fase 2\BIProyecto\ETL\Transformacion Sucursal.ktr]  Iniciado despacho de la transformaci?n [Transformacion Sucursal]
2024-07-18 20:28:56.421 INFO  <Transformacion Sucursal - Entrada Tabla Ciudad> [C:\Users\niebl\OneDrive\Escritorio\Semestre\Inteligecia de Negocio\Proyecto Fase 2\BIProyecto\ETL\Transformacion Sucursal.ktr]  Finished reading query, closing connection
2024-07-18 20:28:56.422 INFO  <Transformacion Sucursal - Entrada Tabla Pais> [C:\Users\niebl\OneDrive\Escritorio\Semestre\Inteligecia de Negocio\Proyecto Fase 2\BIProyecto\ETL\Transformacion Sucursal.ktr]  Finished reading query, closing connection
2024-07-18 20:28:56.422 INFO  <Transformacion Sucursal - Entrada Tabla Sucursal> [C:\Users\niebl\OneDrive\Escritorio\Semestre\Inteligecia de Negocio\Proyecto Fase 2\BIProyecto\ETL\Transformacion Sucursal.ktr]  Finished reading query, closing connection
2024-07-18 20:28:56.424 INFO  <Transformacion Sucursal - Entrada Tabla Ciudad> [C:\Users\niebl\OneDrive\Escritorio\Semestre\Inteligecia de Negocio\Proyecto Fase 2\BIProyecto\ETL\Transformacion Sucursal.ktr]  Procesamiento finalizado (I=30, O=0, R=0, W=30, U=0, E=0)
2024-07-18 20:28:56.425 INFO  <Transformacion Sucursal - Entrada Tabla Sucursal> [C:\Users\niebl\OneDrive\Escritorio\Semestre\Inteligecia de Negocio\Proyecto Fase 2\BIProyecto\ETL\Transformacion Sucursal.ktr]  Procesamiento finalizado (I=30, O=0, R=0, W=30, U=0, E=0)
2024-07-18 20:28:56.425 INFO  <Transformacion Sucursal - Entrada Tabla Pais> [C:\Users\niebl\OneDrive\Escritorio\Semestre\Inteligecia de Negocio\Proyecto Fase 2\BIProyecto\ETL\Transformacion Sucursal.ktr]  Procesamiento finalizado (I=31, O=0, R=0, W=31, U=0, E=0)
2024-07-18 20:28:56.803 INFO  <Transformacion Sucursal - Unión por clave> [C:\Users\niebl\OneDrive\Escritorio\Semestre\Inteligecia de Negocio\Proyecto Fase 2\BIProyecto\ETL\Transformacion Sucursal.ktr]  Procesamiento finalizado (I=0, O=0, R=61, W=0, U=0, E=0)
2024-07-18 20:30:07.612 INFO  <Thread-132> [C:\Users\niebl\OneDrive\Escritorio\Semestre\Inteligecia de Negocio\Proyecto Fase 2\BIProyecto\ETL\Transformacion Sucursal.ktr]  Iniciado despacho de la transformaci?n [Transformacion Sucursal]
2024-07-18 20:30:07.744 INFO  <Transformacion Sucursal - Entrada Tabla Ciudad> [C:\Users\niebl\OneDrive\Escritorio\Semestre\Inteligecia de Negocio\Proyecto Fase 2\BIProyecto\ETL\Transformacion Sucursal.ktr]  Finished reading query, closing connection
2024-07-18 20:30:07.744 INFO  <Transformacion Sucursal - Entrada Tabla Pais> [C:\Users\niebl\OneDrive\Escritorio\Semestre\Inteligecia de Negocio\Proyecto Fase 2\BIProyecto\ETL\Transformacion Sucursal.ktr]  Finished reading query, closing connection
2024-07-18 20:30:07.745 INFO  <Transformacion Sucursal - Entrada Tabla Sucursal> [C:\Users\niebl\OneDrive\Escritorio\Semestre\Inteligecia de Negocio\Proyecto Fase 2\BIProyecto\ETL\Transformacion Sucursal.ktr]  Finished reading query, closing connection
2024-07-18 20:30:07.746 INFO  <Transformacion Sucursal - Entrada Tabla Ciudad> [C:\Users\niebl\OneDrive\Escritorio\Semestre\Inteligecia de Negocio\Proyecto Fase 2\BIProyecto\ETL\Transformacion Sucursal.ktr]  Procesamiento finalizado (I=30, O=0, R=0, W=30, U=0, E=0)
2024-07-18 20:30:07.747 INFO  <Transformacion Sucursal - Entrada Tabla Pais> [C:\Users\niebl\OneDrive\Escritorio\Semestre\Inteligecia de Negocio\Proyecto Fase 2\BIProyecto\ETL\Transformacion Sucursal.ktr]  Procesamiento finalizado (I=31, O=0, R=0, W=31, U=0, E=0)
2024-07-18 20:30:07.748 INFO  <Transformacion Sucursal - Entrada Tabla Sucursal> [C:\Users\niebl\OneDrive\Escritorio\Semestre\Inteligecia de Negocio\Proyecto Fase 2\BIProyecto\ETL\Transformacion Sucursal.ktr]  Procesamiento finalizado (I=30, O=0, R=0, W=30, U=0, E=0)
2024-07-18 20:30:08.114 INFO  <Transformacion Sucursal - Unión por clave> [C:\Users\niebl\OneDrive\Escritorio\Semestre\Inteligecia de Negocio\Proyecto Fase 2\BIProyecto\ETL\Transformacion Sucursal.ktr]  Procesamiento finalizado (I=0, O=0, R=61, W=0, U=0, E=0)
2024-07-18 20:30:38.300 INFO  <Thread-148> [C:\Users\niebl\OneDrive\Escritorio\Semestre\Inteligecia de Negocio\Proyecto Fase 2\BIProyecto\ETL\Transformacion Sucursal.ktr]  Iniciado despacho de la transformaci?n [Transformacion Sucursal]
2024-07-18 20:30:38.414 INFO  <Transformacion Sucursal - Entrada Tabla Pais> [C:\Users\niebl\OneDrive\Escritorio\Semestre\Inteligecia de Negocio\Proyecto Fase 2\BIProyecto\ETL\Transformacion Sucursal.ktr]  Finished reading query, closing connection
2024-07-18 20:30:38.415 INFO  <Transformacion Sucursal - Entrada Tabla Sucursal> [C:\Users\niebl\OneDrive\Escritorio\Semestre\Inteligecia de Negocio\Proyecto Fase 2\BIProyecto\ETL\Transformacion Sucursal.ktr]  Finished reading query, closing connection
2024-07-18 20:30:38.415 INFO  <Transformacion Sucursal - Entrada Tabla Ciudad> [C:\Users\niebl\OneDrive\Escritorio\Semestre\Inteligecia de Negocio\Proyecto Fase 2\BIProyecto\ETL\Transformacion Sucursal.ktr]  Finished reading query, closing connection
2024-07-18 20:30:38.416 INFO  <Transformacion Sucursal - Entrada Tabla Pais> [C:\Users\niebl\OneDrive\Escritorio\Semestre\Inteligecia de Negocio\Proyecto Fase 2\BIProyecto\ETL\Transformacion Sucursal.ktr]  Procesamiento finalizado (I=31, O=0, R=0, W=31, U=0, E=0)
2024-07-18 20:30:38.417 INFO  <Transformacion Sucursal - Entrada Tabla Sucursal> [C:\Users\niebl\OneDrive\Escritorio\Semestre\Inteligecia de Negocio\Proyecto Fase 2\BIProyecto\ETL\Transformacion Sucursal.ktr]  Procesamiento finalizado (I=30, O=0, R=0, W=30, U=0, E=0)
2024-07-18 20:30:38.418 INFO  <Transformacion Sucursal - Entrada Tabla Ciudad> [C:\Users\niebl\OneDrive\Escritorio\Semestre\Inteligecia de Negocio\Proyecto Fase 2\BIProyecto\ETL\Transformacion Sucursal.ktr]  Procesamiento finalizado (I=30, O=0, R=0, W=30, U=0, E=0)
2024-07-18 20:30:38.784 INFO  <Transformacion Sucursal - Unión por clave> [C:\Users\niebl\OneDrive\Escritorio\Semestre\Inteligecia de Negocio\Proyecto Fase 2\BIProyecto\ETL\Transformacion Sucursal.ktr]  Procesamiento finalizado (I=0, O=0, R=61, W=61, U=0, E=0)
2024-07-18 20:31:25.516 INFO  <Thread-162> [C:\Users\niebl\OneDrive\Escritorio\Semestre\Inteligecia de Negocio\Proyecto Fase 2\BIProyecto\ETL\Transformacion Sucursal.ktr]  Iniciado despacho de la transformaci?n [Transformacion Sucursal]
2024-07-18 20:31:25.632 INFO  <Transformacion Sucursal - Entrada Tabla Sucursal> [C:\Users\niebl\OneDrive\Escritorio\Semestre\Inteligecia de Negocio\Proyecto Fase 2\BIProyecto\ETL\Transformacion Sucursal.ktr]  Finished reading query, closing connection
2024-07-18 20:31:25.633 INFO  <Transformacion Sucursal - Entrada Tabla Sucursal> [C:\Users\niebl\OneDrive\Escritorio\Semestre\Inteligecia de Negocio\Proyecto Fase 2\BIProyecto\ETL\Transformacion Sucursal.ktr]  Procesamiento finalizado (I=30, O=0, R=0, W=30, U=0, E=0)
2024-07-18 20:31:25.635 INFO  <Transformacion Sucursal - Entrada Tabla Ciudad> [C:\Users\niebl\OneDrive\Escritorio\Semestre\Inteligecia de Negocio\Proyecto Fase 2\BIProyecto\ETL\Transformacion Sucursal.ktr]  Finished reading query, closing connection
2024-07-18 20:31:25.635 INFO  <Transformacion Sucursal - Entrada Tabla Pais> [C:\Users\niebl\OneDrive\Escritorio\Semestre\Inteligecia de Negocio\Proyecto Fase 2\BIProyecto\ETL\Transformacion Sucursal.ktr]  Finished reading query, closing connection
2024-07-18 20:31:25.637 INFO  <Transformacion Sucursal - Entrada Tabla Ciudad> [C:\Users\niebl\OneDrive\Escritorio\Semestre\Inteligecia de Negocio\Proyecto Fase 2\BIProyecto\ETL\Transformacion Sucursal.ktr]  Procesamiento finalizado (I=30, O=0, R=0, W=30, U=0, E=0)
2024-07-18 20:31:25.637 INFO  <Transformacion Sucursal - Entrada Tabla Pais> [C:\Users\niebl\OneDrive\Escritorio\Semestre\Inteligecia de Negocio\Proyecto Fase 2\BIProyecto\ETL\Transformacion Sucursal.ktr]  Procesamiento finalizado (I=31, O=0, R=0, W=31, U=0, E=0)
2024-07-18 20:31:26.002 INFO  <Transformacion Sucursal - Unión por clave> [C:\Users\niebl\OneDrive\Escritorio\Semestre\Inteligecia de Negocio\Proyecto Fase 2\BIProyecto\ETL\Transformacion Sucursal.ktr]  Procesamiento finalizado (I=0, O=0, R=61, W=0, U=0, E=0)
2024-07-18 20:32:04.965 INFO  <Thread-178> [C:\Users\niebl\OneDrive\Escritorio\Semestre\Inteligecia de Negocio\Proyecto Fase 2\BIProyecto\ETL\Transformacion Sucursal.ktr]  Iniciado despacho de la transformaci?n [Transformacion Sucursal]
2024-07-18 20:32:05.100 INFO  <Transformacion Sucursal - Entrada Tabla Ciudad> [C:\Users\niebl\OneDrive\Escritorio\Semestre\Inteligecia de Negocio\Proyecto Fase 2\BIProyecto\ETL\Transformacion Sucursal.ktr]  Finished reading query, closing connection
2024-07-18 20:32:05.101 INFO  <Transformacion Sucursal - Entrada Tabla Sucursal> [C:\Users\niebl\OneDrive\Escritorio\Semestre\Inteligecia de Negocio\Proyecto Fase 2\BIProyecto\ETL\Transformacion Sucursal.ktr]  Finished reading query, closing connection
2024-07-18 20:32:05.103 INFO  <Transformacion Sucursal - Entrada Tabla Ciudad> [C:\Users\niebl\OneDrive\Escritorio\Semestre\Inteligecia de Negocio\Proyecto Fase 2\BIProyecto\ETL\Transformacion Sucursal.ktr]  Procesamiento finalizado (I=30, O=0, R=0, W=30, U=0, E=0)
2024-07-18 20:32:05.104 INFO  <Transformacion Sucursal - Entrada Tabla Sucursal> [C:\Users\niebl\OneDrive\Escritorio\Semestre\Inteligecia de Negocio\Proyecto Fase 2\BIProyecto\ETL\Transformacion Sucursal.ktr]  Procesamiento finalizado (I=30, O=0, R=0, W=30, U=0, E=0)
2024-07-18 20:32:05.104 INFO  <Transformacion Sucursal - Entrada Tabla Pais> [C:\Users\niebl\OneDrive\Escritorio\Semestre\Inteligecia de Negocio\Proyecto Fase 2\BIProyecto\ETL\Transformacion Sucursal.ktr]  Finished reading query, closing connection
2024-07-18 20:32:05.106 INFO  <Transformacion Sucursal - Entrada Tabla Pais> [C:\Users\niebl\OneDrive\Escritorio\Semestre\Inteligecia de Negocio\Proyecto Fase 2\BIProyecto\ETL\Transformacion Sucursal.ktr]  Procesamiento finalizado (I=31, O=0, R=0, W=31, U=0, E=0)
2024-07-18 20:32:05.485 INFO  <Transformacion Sucursal - Unión por clave> [C:\Users\niebl\OneDrive\Escritorio\Semestre\Inteligecia de Negocio\Proyecto Fase 2\BIProyecto\ETL\Transformacion Sucursal.ktr]  Procesamiento finalizado (I=0, O=0, R=61, W=0, U=0, E=0)
2024-07-18 20:34:32.250 INFO  <Thread-195> [C:\Users\niebl\OneDrive\Escritorio\Semestre\Inteligecia de Negocio\Proyecto Fase 2\BIProyecto\ETL\Transformacion Sucursal.ktr]  Iniciado despacho de la transformaci?n [Transformacion Sucursal]
2024-07-18 20:34:32.370 INFO  <Transformacion Sucursal - Entrada Tabla Sucursal> [C:\Users\niebl\OneDrive\Escritorio\Semestre\Inteligecia de Negocio\Proyecto Fase 2\BIProyecto\ETL\Transformacion Sucursal.ktr]  Finished reading query, closing connection
2024-07-18 20:34:32.370 INFO  <Transformacion Sucursal - Entrada Tabla Pais> [C:\Users\niebl\OneDrive\Escritorio\Semestre\Inteligecia de Negocio\Proyecto Fase 2\BIProyecto\ETL\Transformacion Sucursal.ktr]  Finished reading query, closing connection
2024-07-18 20:34:32.371 INFO  <Transformacion Sucursal - Entrada Tabla Ciudad> [C:\Users\niebl\OneDrive\Escritorio\Semestre\Inteligecia de Negocio\Proyecto Fase 2\BIProyecto\ETL\Transformacion Sucursal.ktr]  Finished reading query, closing connection
2024-07-18 20:34:32.372 INFO  <Transformacion Sucursal - Entrada Tabla Pais> [C:\Users\niebl\OneDrive\Escritorio\Semestre\Inteligecia de Negocio\Proyecto Fase 2\BIProyecto\ETL\Transformacion Sucursal.ktr]  Procesamiento finalizado (I=31, O=0, R=0, W=31, U=0, E=0)
2024-07-18 20:34:32.372 INFO  <Transformacion Sucursal - Entrada Tabla Sucursal> [C:\Users\niebl\OneDrive\Escritorio\Semestre\Inteligecia de Negocio\Proyecto Fase 2\BIProyecto\ETL\Transformacion Sucursal.ktr]  Procesamiento finalizado (I=30, O=0, R=0, W=30, U=0, E=0)
2024-07-18 20:34:32.373 INFO  <Transformacion Sucursal - Entrada Tabla Ciudad> [C:\Users\niebl\OneDrive\Escritorio\Semestre\Inteligecia de Negocio\Proyecto Fase 2\BIProyecto\ETL\Transformacion Sucursal.ktr]  Procesamiento finalizado (I=30, O=0, R=0, W=60, U=0, E=0)
2024-07-18 20:34:32.735 INFO  <Transformacion Sucursal - Unión Sucursal-Pais> [C:\Users\niebl\OneDrive\Escritorio\Semestre\Inteligecia de Negocio\Proyecto Fase 2\BIProyecto\ETL\Transformacion Sucursal.ktr]  Procesamiento finalizado (I=0, O=0, R=60, W=30, U=0, E=0)
2024-07-18 20:34:32.736 INFO  <Transformacion Sucursal - Unión por clave> [C:\Users\niebl\OneDrive\Escritorio\Semestre\Inteligecia de Negocio\Proyecto Fase 2\BIProyecto\ETL\Transformacion Sucursal.ktr]  Procesamiento finalizado (I=0, O=0, R=61, W=0, U=0, E=0)
2024-07-18 20:36:07.305 INFO  <Thread-211> [C:\Users\niebl\OneDrive\Escritorio\Semestre\Inteligecia de Negocio\Proyecto Fase 2\BIProyecto\ETL\Transformacion Sucursal.ktr]  Iniciado despacho de la transformaci?n [Transformacion Sucursal]
2024-07-18 20:36:07.420 INFO  <Transformacion Sucursal - Entrada Tabla Sucursal> [C:\Users\niebl\OneDrive\Escritorio\Semestre\Inteligecia de Negocio\Proyecto Fase 2\BIProyecto\ETL\Transformacion Sucursal.ktr]  Finished reading query, closing connection
2024-07-18 20:36:07.421 INFO  <Transformacion Sucursal - Entrada Tabla Ciudad> [C:\Users\niebl\OneDrive\Escritorio\Semestre\Inteligecia de Negocio\Proyecto Fase 2\BIProyecto\ETL\Transformacion Sucursal.ktr]  Finished reading query, closing connection
2024-07-18 20:36:07.422 INFO  <Transformacion Sucursal - Entrada Tabla Sucursal> [C:\Users\niebl\OneDrive\Escritorio\Semestre\Inteligecia de Negocio\Proyecto Fase 2\BIProyecto\ETL\Transformacion Sucursal.ktr]  Procesamiento finalizado (I=30, O=0, R=0, W=30, U=0, E=0)
2024-07-18 20:36:07.422 INFO  <Transformacion Sucursal - Entrada Tabla Pais> [C:\Users\niebl\OneDrive\Escritorio\Semestre\Inteligecia de Negocio\Proyecto Fase 2\BIProyecto\ETL\Transformacion Sucursal.ktr]  Finished reading query, closing connection
2024-07-18 20:36:07.424 INFO  <Transformacion Sucursal - Entrada Tabla Ciudad> [C:\Users\niebl\OneDrive\Escritorio\Semestre\Inteligecia de Negocio\Proyecto Fase 2\BIProyecto\ETL\Transformacion Sucursal.ktr]  Procesamiento finalizado (I=30, O=0, R=0, W=30, U=0, E=0)
2024-07-18 20:36:07.425 INFO  <Transformacion Sucursal - Entrada Tabla Pais> [C:\Users\niebl\OneDrive\Escritorio\Semestre\Inteligecia de Negocio\Proyecto Fase 2\BIProyecto\ETL\Transformacion Sucursal.ktr]  Procesamiento finalizado (I=31, O=0, R=0, W=31, U=0, E=0)
2024-07-18 20:36:07.784 INFO  <Transformacion Sucursal - Unión Sucursal-Pais> [C:\Users\niebl\OneDrive\Escritorio\Semestre\Inteligecia de Negocio\Proyecto Fase 2\BIProyecto\ETL\Transformacion Sucursal.ktr]  Procesamiento finalizado (I=0, O=0, R=60, W=30, U=0, E=0)
2024-07-18 20:36:08.158 INFO  <Transformacion Sucursal - Unión Sucursal-Pais-Ciudad> [C:\Users\niebl\OneDrive\Escritorio\Semestre\Inteligecia de Negocio\Proyecto Fase 2\BIProyecto\ETL\Transformacion Sucursal.ktr]  Procesamiento finalizado (I=0, O=0, R=61, W=0, U=0, E=0)
2024-07-18 20:38:03.868 INFO  <Thread-227> [C:\Users\niebl\OneDrive\Escritorio\Semestre\Inteligecia de Negocio\Proyecto Fase 2\BIProyecto\ETL\Transformacion Sucursal.ktr]  Iniciado despacho de la transformaci?n [Transformacion Sucursal]
2024-07-18 20:38:03.991 INFO  <Transformacion Sucursal - Entrada Tabla Pais> [C:\Users\niebl\OneDrive\Escritorio\Semestre\Inteligecia de Negocio\Proyecto Fase 2\BIProyecto\ETL\Transformacion Sucursal.ktr]  Finished reading query, closing connection
2024-07-18 20:38:03.992 INFO  <Transformacion Sucursal - Entrada Tabla Ciudad> [C:\Users\niebl\OneDrive\Escritorio\Semestre\Inteligecia de Negocio\Proyecto Fase 2\BIProyecto\ETL\Transformacion Sucursal.ktr]  Finished reading query, closing connection
2024-07-18 20:38:03.992 INFO  <Transformacion Sucursal - Entrada Tabla Sucursal> [C:\Users\niebl\OneDrive\Escritorio\Semestre\Inteligecia de Negocio\Proyecto Fase 2\BIProyecto\ETL\Transformacion Sucursal.ktr]  Finished reading query, closing connection
2024-07-18 20:38:03.992 INFO  <Transformacion Sucursal - Entrada Tabla Pais> [C:\Users\niebl\OneDrive\Escritorio\Semestre\Inteligecia de Negocio\Proyecto Fase 2\BIProyecto\ETL\Transformacion Sucursal.ktr]  Procesamiento finalizado (I=30, O=0, R=0, W=30, U=0, E=0)
2024-07-18 20:38:03.994 INFO  <Transformacion Sucursal - Entrada Tabla Sucursal> [C:\Users\niebl\OneDrive\Escritorio\Semestre\Inteligecia de Negocio\Proyecto Fase 2\BIProyecto\ETL\Transformacion Sucursal.ktr]  Procesamiento finalizado (I=30, O=0, R=0, W=30, U=0, E=0)
2024-07-18 20:38:03.994 INFO  <Transformacion Sucursal - Entrada Tabla Ciudad> [C:\Users\niebl\OneDrive\Escritorio\Semestre\Inteligecia de Negocio\Proyecto Fase 2\BIProyecto\ETL\Transformacion Sucursal.ktr]  Procesamiento finalizado (I=30, O=0, R=0, W=30, U=0, E=0)
2024-07-18 20:38:04.361 INFO  <Transformacion Sucursal - Unión Sucursal-Pais> [C:\Users\niebl\OneDrive\Escritorio\Semestre\Inteligecia de Negocio\Proyecto Fase 2\BIProyecto\ETL\Transformacion Sucursal.ktr]  Procesamiento finalizado (I=0, O=0, R=60, W=30, U=0, E=0)
2024-07-18 20:38:04.734 INFO  <Transformacion Sucursal - Unión Sucursal-Pais-Ciudad> [C:\Users\niebl\OneDrive\Escritorio\Semestre\Inteligecia de Negocio\Proyecto Fase 2\BIProyecto\ETL\Transformacion Sucursal.ktr]  Procesamiento finalizado (I=0, O=0, R=60, W=30, U=0, E=0)
2024-07-18 20:39:09.244 INFO  <Thread-243> [C:\Users\niebl\OneDrive\Escritorio\Semestre\Inteligecia de Negocio\Proyecto Fase 2\BIProyecto\ETL\Transformacion Sucursal.ktr]  Iniciado despacho de la transformaci?n [Transformacion Sucursal]
2024-07-18 20:39:09.359 INFO  <Transformacion Sucursal - Entrada Tabla Pais> [C:\Users\niebl\OneDrive\Escritorio\Semestre\Inteligecia de Negocio\Proyecto Fase 2\BIProyecto\ETL\Transformacion Sucursal.ktr]  Finished reading query, closing connection
2024-07-18 20:39:09.359 INFO  <Transformacion Sucursal - Entrada Tabla Sucursal> [C:\Users\niebl\OneDrive\Escritorio\Semestre\Inteligecia de Negocio\Proyecto Fase 2\BIProyecto\ETL\Transformacion Sucursal.ktr]  Finished reading query, closing connection
2024-07-18 20:39:09.360 INFO  <Transformacion Sucursal - Entrada Tabla Ciudad> [C:\Users\niebl\OneDrive\Escritorio\Semestre\Inteligecia de Negocio\Proyecto Fase 2\BIProyecto\ETL\Transformacion Sucursal.ktr]  Finished reading query, closing connection
2024-07-18 20:39:09.362 INFO  <Transformacion Sucursal - Entrada Tabla Sucursal> [C:\Users\niebl\OneDrive\Escritorio\Semestre\Inteligecia de Negocio\Proyecto Fase 2\BIProyecto\ETL\Transformacion Sucursal.ktr]  Procesamiento finalizado (I=30, O=0, R=0, W=30, U=0, E=0)
2024-07-18 20:39:09.362 INFO  <Transformacion Sucursal - Entrada Tabla Pais> [C:\Users\niebl\OneDrive\Escritorio\Semestre\Inteligecia de Negocio\Proyecto Fase 2\BIProyecto\ETL\Transformacion Sucursal.ktr]  Procesamiento finalizado (I=30, O=0, R=0, W=30, U=0, E=0)
2024-07-18 20:39:09.364 INFO  <Transformacion Sucursal - Entrada Tabla Ciudad> [C:\Users\niebl\OneDrive\Escritorio\Semestre\Inteligecia de Negocio\Proyecto Fase 2\BIProyecto\ETL\Transformacion Sucursal.ktr]  Procesamiento finalizado (I=30, O=0, R=0, W=30, U=0, E=0)
2024-07-18 20:39:09.739 INFO  <Transformacion Sucursal - Unión Sucursal-Pais> [C:\Users\niebl\OneDrive\Escritorio\Semestre\Inteligecia de Negocio\Proyecto Fase 2\BIProyecto\ETL\Transformacion Sucursal.ktr]  Procesamiento finalizado (I=0, O=0, R=60, W=30, U=0, E=0)
2024-07-18 20:39:10.114 INFO  <Transformacion Sucursal - Unión Sucursal-Pais-Ciudad> [C:\Users\niebl\OneDrive\Escritorio\Semestre\Inteligecia de Negocio\Proyecto Fase 2\BIProyecto\ETL\Transformacion Sucursal.ktr]  Procesamiento finalizado (I=0, O=0, R=60, W=30, U=0, E=0)
2024-07-18 20:39:10.146 INFO  <Transformacion Sucursal - Añadir secuencia sk_dim_sucursal> [C:\Users\niebl\OneDrive\Escritorio\Semestre\Inteligecia de Negocio\Proyecto Fase 2\BIProyecto\ETL\Transformacion Sucursal.ktr]  Procesamiento finalizado (I=0, O=0, R=30, W=30, U=0, E=0)
2024-07-18 20:41:43.014 INFO  <Thread-267> [C:\Users\niebl\OneDrive\Escritorio\Semestre\Inteligecia de Negocio\Proyecto Fase 2\BIProyecto\ETL\Transformacion Sucursal.ktr]  Iniciado despacho de la transformaci?n [Transformacion Sucursal]
2024-07-18 20:41:43.133 INFO  <init of Salida Tabla.0 (Thread-274)> [C:\Users\niebl\OneDrive\Escritorio\Semestre\Inteligecia de Negocio\Proyecto Fase 2\BIProyecto\ETL\Transformacion Sucursal.ktr]  Connected to database [Postgres] (commit=1000)
2024-07-18 20:41:43.148 INFO  <Transformacion Sucursal - Entrada Tabla Ciudad> [C:\Users\niebl\OneDrive\Escritorio\Semestre\Inteligecia de Negocio\Proyecto Fase 2\BIProyecto\ETL\Transformacion Sucursal.ktr]  Finished reading query, closing connection
2024-07-18 20:41:43.149 INFO  <Transformacion Sucursal - Entrada Tabla Ciudad> [C:\Users\niebl\OneDrive\Escritorio\Semestre\Inteligecia de Negocio\Proyecto Fase 2\BIProyecto\ETL\Transformacion Sucursal.ktr]  Procesamiento finalizado (I=30, O=0, R=0, W=30, U=0, E=0)
2024-07-18 20:41:43.150 INFO  <Transformacion Sucursal - Entrada Tabla Pais> [C:\Users\niebl\OneDrive\Escritorio\Semestre\Inteligecia de Negocio\Proyecto Fase 2\BIProyecto\ETL\Transformacion Sucursal.ktr]  Finished reading query, closing connection
2024-07-18 20:41:43.152 INFO  <Transformacion Sucursal - Entrada Tabla Pais> [C:\Users\niebl\OneDrive\Escritorio\Semestre\Inteligecia de Negocio\Proyecto Fase 2\BIProyecto\ETL\Transformacion Sucursal.ktr]  Procesamiento finalizado (I=30, O=0, R=0, W=30, U=0, E=0)
2024-07-18 20:41:43.153 INFO  <Transformacion Sucursal - Entrada Tabla Sucursal> [C:\Users\niebl\OneDrive\Escritorio\Semestre\Inteligecia de Negocio\Proyecto Fase 2\BIProyecto\ETL\Transformacion Sucursal.ktr]  Finished reading query, closing connection
2024-07-18 20:41:43.154 INFO  <Transformacion Sucursal - Entrada Tabla Sucursal> [C:\Users\niebl\OneDrive\Escritorio\Semestre\Inteligecia de Negocio\Proyecto Fase 2\BIProyecto\ETL\Transformacion Sucursal.ktr]  Procesamiento finalizado (I=30, O=0, R=0, W=30, U=0, E=0)
2024-07-18 20:41:43.526 INFO  <Transformacion Sucursal - Unión Sucursal-Pais> [C:\Users\niebl\OneDrive\Escritorio\Semestre\Inteligecia de Negocio\Proyecto Fase 2\BIProyecto\ETL\Transformacion Sucursal.ktr]  Procesamiento finalizado (I=0, O=0, R=60, W=30, U=0, E=0)
2024-07-18 20:41:43.900 INFO  <Transformacion Sucursal - Unión Sucursal-Pais-Ciudad> [C:\Users\niebl\OneDrive\Escritorio\Semestre\Inteligecia de Negocio\Proyecto Fase 2\BIProyecto\ETL\Transformacion Sucursal.ktr]  Procesamiento finalizado (I=0, O=0, R=60, W=30, U=0, E=0)
2024-07-18 20:41:43.931 INFO  <Transformacion Sucursal - Añadir secuencia sk_dim_sucursal> [C:\Users\niebl\OneDrive\Escritorio\Semestre\Inteligecia de Negocio\Proyecto Fase 2\BIProyecto\ETL\Transformacion Sucursal.ktr]  Procesamiento finalizado (I=0, O=0, R=30, W=30, U=0, E=0)
2024-07-18 20:41:44.010 INFO  <Transformacion Sucursal - Salida Tabla> [C:\Users\niebl\OneDrive\Escritorio\Semestre\Inteligecia de Negocio\Proyecto Fase 2\BIProyecto\ETL\Transformacion Sucursal.ktr]  Procesamiento finalizado (I=0, O=30, R=30, W=30, U=0, E=0)
2024-07-18 21:00:34.849 INFO  <ModalContext> [C:\Users\niebl\OneDrive\Escritorio\Semestre\Inteligecia de Negocio\Proyecto Fase 2\BIProyecto\ETL\Transformacion Estado Contrato.ktr : Transformacion Estado Contrato.ktr]  Iniciado despacho de la transformaci?n [C:\Users\niebl\OneDrive\Escritorio\Semestre\Inteligecia de Negocio\Proyecto Fase 2\BIProyecto\ETL\Transformacion Estado Contrato.ktr : Transformacion Estado Contrato]
2024-07-18 21:00:34.966 INFO  <C:\Users\niebl\OneDrive\Escritorio\Semestre\Inteligecia de Negocio\Proyecto Fase 2\BIProyecto\ETL\Transformacion Estado Contrato.ktr : Transformacion Estado Contrato - Entrada Tabla Estado Contrato> [C:\Users\niebl\OneDrive\Escritorio\Semestre\Inteligecia de Negocio\Proyecto Fase 2\BIProyecto\ETL\Transformacion Estado Contrato.ktr : Transformacion Estado Contrato.ktr]  Finished reading query, closing connection
2024-07-18 21:00:34.968 INFO  <C:\Users\niebl\OneDrive\Escritorio\Semestre\Inteligecia de Negocio\Proyecto Fase 2\BIProyecto\ETL\Transformacion Estado Contrato.ktr : Transformacion Estado Contrato - Entrada Tabla Estado Contrato> [C:\Users\niebl\OneDrive\Escritorio\Semestre\Inteligecia de Negocio\Proyecto Fase 2\BIProyecto\ETL\Transformacion Estado Contrato.ktr : Transformacion Estado Contrato.ktr]  Procesamiento finalizado (I=1000, O=0, R=0, W=1000, U=0, E=0)
2024-07-18 21:00:34.996 INFO  <C:\Users\niebl\OneDrive\Escritorio\Semestre\Inteligecia de Negocio\Proyecto Fase 2\BIProyecto\ETL\Transformacion Estado Contrato.ktr : Transformacion Estado Contrato - dummy> [C:\Users\niebl\OneDrive\Escritorio\Semestre\Inteligecia de Negocio\Proyecto Fase 2\BIProyecto\ETL\Transformacion Estado Contrato.ktr : Transformacion Estado Contrato.ktr]  Procesamiento finalizado (I=0, O=0, R=1000, W=1000, U=0, E=0)
2024-07-18 21:03:05.478 INFO  <Thread-307> [C:\Users\niebl\OneDrive\Escritorio\Semestre\Inteligecia de Negocio\Proyecto Fase 2\BIProyecto\ETL\Transformacion Estado Contrato.ktr]  Iniciado despacho de la transformaci?n [Transformacion Estado Contrato]
2024-07-18 21:03:05.690 INFO  <Transformacion Estado Contrato - Entrada Tabla Estado Contrato> [C:\Users\niebl\OneDrive\Escritorio\Semestre\Inteligecia de Negocio\Proyecto Fase 2\BIProyecto\ETL\Transformacion Estado Contrato.ktr]  Finished reading query, closing connection
2024-07-18 21:03:05.691 INFO  <Transformacion Estado Contrato - Entrada Tabla Estado Contrato> [C:\Users\niebl\OneDrive\Escritorio\Semestre\Inteligecia de Negocio\Proyecto Fase 2\BIProyecto\ETL\Transformacion Estado Contrato.ktr]  Procesamiento finalizado (I=1000, O=0, R=0, W=1000, U=0, E=0)
2024-07-18 21:03:05.711 INFO  <Transformacion Estado Contrato - Seleccionar Estado Contrato> [C:\Users\niebl\OneDrive\Escritorio\Semestre\Inteligecia de Negocio\Proyecto Fase 2\BIProyecto\ETL\Transformacion Estado Contrato.ktr]  Procesamiento finalizado (I=0, O=0, R=1000, W=1000, U=0, E=0)
2024-07-18 21:04:49.724 INFO  <Thread-316> [C:\Users\niebl\OneDrive\Escritorio\Semestre\Inteligecia de Negocio\Proyecto Fase 2\BIProyecto\ETL\Transformacion Estado Contrato.ktr]  Iniciado despacho de la transformaci?n [Transformacion Estado Contrato]
2024-07-18 21:04:49.818 INFO  <Transformacion Estado Contrato - Entrada Tabla Estado Contrato> [C:\Users\niebl\OneDrive\Escritorio\Semestre\Inteligecia de Negocio\Proyecto Fase 2\BIProyecto\ETL\Transformacion Estado Contrato.ktr]  Finished reading query, closing connection
2024-07-18 21:04:49.820 INFO  <Transformacion Estado Contrato - Entrada Tabla Estado Contrato> [C:\Users\niebl\OneDrive\Escritorio\Semestre\Inteligecia de Negocio\Proyecto Fase 2\BIProyecto\ETL\Transformacion Estado Contrato.ktr]  Procesamiento finalizado (I=1000, O=0, R=0, W=1000, U=0, E=0)
2024-07-18 21:04:49.845 INFO  <Transformacion Estado Contrato - Seleccionar Estado Contrato> [C:\Users\niebl\OneDrive\Escritorio\Semestre\Inteligecia de Negocio\Proyecto Fase 2\BIProyecto\ETL\Transformacion Estado Contrato.ktr]  Procesamiento finalizado (I=0, O=0, R=1000, W=1000, U=0, E=0)
2024-07-18 21:07:05.550 INFO  <Thread-329> [C:\Users\niebl\OneDrive\Escritorio\Semestre\Inteligecia de Negocio\Proyecto Fase 2\BIProyecto\ETL\Transformacion Estado Contrato.ktr]  Iniciado despacho de la transformaci?n [Transformacion Estado Contrato]
2024-07-18 21:07:05.761 INFO  <Transformacion Estado Contrato - Entrada Tabla Estado Contrato> [C:\Users\niebl\OneDrive\Escritorio\Semestre\Inteligecia de Negocio\Proyecto Fase 2\BIProyecto\ETL\Transformacion Estado Contrato.ktr]  Finished reading query, closing connection
2024-07-18 21:07:05.762 INFO  <Transformacion Estado Contrato - Entrada Tabla Estado Contrato> [C:\Users\niebl\OneDrive\Escritorio\Semestre\Inteligecia de Negocio\Proyecto Fase 2\BIProyecto\ETL\Transformacion Estado Contrato.ktr]  Procesamiento finalizado (I=1000, O=0, R=0, W=1000, U=0, E=0)
2024-07-18 21:07:05.792 INFO  <Transformacion Estado Contrato - Seleccionar Estado Contrato> [C:\Users\niebl\OneDrive\Escritorio\Semestre\Inteligecia de Negocio\Proyecto Fase 2\BIProyecto\ETL\Transformacion Estado Contrato.ktr]  Procesamiento finalizado (I=0, O=0, R=1000, W=1000, U=0, E=0)
2024-07-18 21:07:05.824 INFO  <Transformacion Estado Contrato - Memory group by> [C:\Users\niebl\OneDrive\Escritorio\Semestre\Inteligecia de Negocio\Proyecto Fase 2\BIProyecto\ETL\Transformacion Estado Contrato.ktr]  Procesamiento finalizado (I=0, O=0, R=1000, W=8, U=0, E=0)
2024-07-18 21:10:59.365 INFO  <Thread-346> [C:\Users\niebl\OneDrive\Escritorio\Semestre\Inteligecia de Negocio\Proyecto Fase 2\BIProyecto\ETL\Transformacion Estado Contrato.ktr]  Iniciado despacho de la transformaci?n [Transformacion Estado Contrato]
2024-07-18 21:10:59.457 INFO  <Transformacion Estado Contrato - Entrada Tabla Estado Contrato> [C:\Users\niebl\OneDrive\Escritorio\Semestre\Inteligecia de Negocio\Proyecto Fase 2\BIProyecto\ETL\Transformacion Estado Contrato.ktr]  Finished reading query, closing connection
2024-07-18 21:10:59.459 INFO  <Transformacion Estado Contrato - Entrada Tabla Estado Contrato> [C:\Users\niebl\OneDrive\Escritorio\Semestre\Inteligecia de Negocio\Proyecto Fase 2\BIProyecto\ETL\Transformacion Estado Contrato.ktr]  Procesamiento finalizado (I=1000, O=0, R=0, W=1000, U=0, E=0)
2024-07-18 21:10:59.476 INFO  <Transformacion Estado Contrato - Seleccionar Estado Contrato> [C:\Users\niebl\OneDrive\Escritorio\Semestre\Inteligecia de Negocio\Proyecto Fase 2\BIProyecto\ETL\Transformacion Estado Contrato.ktr]  Procesamiento finalizado (I=0, O=0, R=1000, W=1000, U=0, E=0)
2024-07-18 21:10:59.508 INFO  <Transformacion Estado Contrato - Agrupar> [C:\Users\niebl\OneDrive\Escritorio\Semestre\Inteligecia de Negocio\Proyecto Fase 2\BIProyecto\ETL\Transformacion Estado Contrato.ktr]  Procesamiento finalizado (I=0, O=0, R=1000, W=8, U=0, E=0)
2024-07-18 21:10:59.540 INFO  <Transformacion Estado Contrato - Añadir secuencia cod_estado> [C:\Users\niebl\OneDrive\Escritorio\Semestre\Inteligecia de Negocio\Proyecto Fase 2\BIProyecto\ETL\Transformacion Estado Contrato.ktr]  Procesamiento finalizado (I=0, O=0, R=8, W=8, U=0, E=0)
2024-07-18 21:10:59.572 INFO  <Transformacion Estado Contrato - Añadir secuencia sk_dim_estado_contrato> [C:\Users\niebl\OneDrive\Escritorio\Semestre\Inteligecia de Negocio\Proyecto Fase 2\BIProyecto\ETL\Transformacion Estado Contrato.ktr]  Procesamiento finalizado (I=0, O=0, R=8, W=8, U=0, E=0)
2024-07-18 21:12:19.503 INFO  <Thread-365> [C:\Users\niebl\OneDrive\Escritorio\Semestre\Inteligecia de Negocio\Proyecto Fase 2\BIProyecto\ETL\Transformacion Estado Contrato.ktr]  Iniciado despacho de la transformaci?n [Transformacion Estado Contrato]
2024-07-18 21:12:19.586 INFO  <init of Salida Tabla dim_estado_contrato.0 (Thread-371)> [C:\Users\niebl\OneDrive\Escritorio\Semestre\Inteligecia de Negocio\Proyecto Fase 2\BIProyecto\ETL\Transformacion Estado Contrato.ktr]  Connected to database [Postgres] (commit=1000)
2024-07-18 21:12:19.610 INFO  <Transformacion Estado Contrato - Entrada Tabla Estado Contrato> [C:\Users\niebl\OneDrive\Escritorio\Semestre\Inteligecia de Negocio\Proyecto Fase 2\BIProyecto\ETL\Transformacion Estado Contrato.ktr]  Finished reading query, closing connection
2024-07-18 21:12:19.611 INFO  <Transformacion Estado Contrato - Entrada Tabla Estado Contrato> [C:\Users\niebl\OneDrive\Escritorio\Semestre\Inteligecia de Negocio\Proyecto Fase 2\BIProyecto\ETL\Transformacion Estado Contrato.ktr]  Procesamiento finalizado (I=1000, O=0, R=0, W=1000, U=0, E=0)
2024-07-18 21:12:19.616 INFO  <Transformacion Estado Contrato - Seleccionar Estado Contrato> [C:\Users\niebl\OneDrive\Escritorio\Semestre\Inteligecia de Negocio\Proyecto Fase 2\BIProyecto\ETL\Transformacion Estado Contrato.ktr]  Procesamiento finalizado (I=0, O=0, R=1000, W=1000, U=0, E=0)
2024-07-18 21:12:19.646 INFO  <Transformacion Estado Contrato - Agrupar> [C:\Users\niebl\OneDrive\Escritorio\Semestre\Inteligecia de Negocio\Proyecto Fase 2\BIProyecto\ETL\Transformacion Estado Contrato.ktr]  Procesamiento finalizado (I=0, O=0, R=1000, W=8, U=0, E=0)
2024-07-18 21:12:19.650 ERROR <Transformacion Estado Contrato - Salida Tabla dim_estado_contrato> [C:\Users\niebl\OneDrive\Escritorio\Semestre\Inteligecia de Negocio\Proyecto Fase 2\BIProyecto\ETL\Transformacion Estado Contrato.ktr]  Because of an error, this step can't continue: 
2024-07-18 21:12:19.651 ERROR <Transformacion Estado Contrato - Salida Tabla dim_estado_contrato> [C:\Users\niebl\OneDrive\Escritorio\Semestre\Inteligecia de Negocio\Proyecto Fase 2\BIProyecto\ETL\Transformacion Estado Contrato.ktr]  org.pentaho.di.core.exception.KettleException: 
Error inserting row into table [dim_estado_contrato] with values: [en revisión], [1], [1]

Error inserting/updating row
ERROR: no existe la columna «estado_contrato» en la relación «dim_estado_contrato»
  Position: 51


	at org.pentaho.di.trans.steps.tableoutput.TableOutput.writeToTable(TableOutput.java:384)
	at org.pentaho.di.trans.steps.tableoutput.TableOutput.processRow(TableOutput.java:125)
	at org.pentaho.di.trans.step.RunThread.run(RunThread.java:62)
	at java.lang.Thread.run(Thread.java:748)
Caused by: org.pentaho.di.core.exception.KettleDatabaseException: 
Error inserting/updating row
ERROR: no existe la columna «estado_contrato» en la relación «dim_estado_contrato»
  Position: 51

	at org.pentaho.di.core.database.Database.insertRow(Database.java:1335)
	at org.pentaho.di.trans.steps.tableoutput.TableOutput.writeToTable(TableOutput.java:262)
	... 3 more
Caused by: org.postgresql.util.PSQLException: ERROR: no existe la columna «estado_contrato» en la relación «dim_estado_contrato»
  Position: 51
	at org.postgresql.core.v3.QueryExecutorImpl.receiveErrorResponse(QueryExecutorImpl.java:2552)
	at org.postgresql.core.v3.QueryExecutorImpl.processResults(QueryExecutorImpl.java:2284)
	at org.postgresql.core.v3.QueryExecutorImpl.execute(QueryExecutorImpl.java:322)
	at org.postgresql.jdbc.PgStatement.executeInternal(PgStatement.java:481)
	at org.postgresql.jdbc.PgStatement.execute(PgStatement.java:401)
	at org.postgresql.jdbc.PgPreparedStatement.executeWithFlags(PgPreparedStatement.java:164)
	at org.postgresql.jdbc.PgPreparedStatement.executeUpdate(PgPreparedStatement.java:130)
	at org.pentaho.di.core.database.Database.insertRow(Database.java:1302)
	... 4 more

2024-07-18 21:12:19.651 INFO  <Transformacion Estado Contrato - Salida Tabla dim_estado_contrato> [C:\Users\niebl\OneDrive\Escritorio\Semestre\Inteligecia de Negocio\Proyecto Fase 2\BIProyecto\ETL\Transformacion Estado Contrato.ktr]  Procesamiento finalizado (I=0, O=0, R=1, W=0, U=0, E=1)
2024-07-18 21:12:19.652 INFO  <Transformacion Estado Contrato - Añadir secuencia sk_dim_estado_contrato> [C:\Users\niebl\OneDrive\Escritorio\Semestre\Inteligecia de Negocio\Proyecto Fase 2\BIProyecto\ETL\Transformacion Estado Contrato.ktr]  Procesamiento finalizado (I=0, O=0, R=5, W=5, U=0, E=0)
2024-07-18 21:12:19.653 WARN  <Transformacion Estado Contrato - Salida Tabla dim_estado_contrato> [C:\Users\niebl\OneDrive\Escritorio\Semestre\Inteligecia de Negocio\Proyecto Fase 2\BIProyecto\ETL\Transformacion Estado Contrato.ktr]  Transformaci?n detectada 
2024-07-18 21:12:19.653 WARN  <Transformacion Estado Contrato - Salida Tabla dim_estado_contrato> [C:\Users\niebl\OneDrive\Escritorio\Semestre\Inteligecia de Negocio\Proyecto Fase 2\BIProyecto\ETL\Transformacion Estado Contrato.ktr]  Transformaci?n est? matando los otros pasos!
2024-07-18 21:12:19.677 INFO  <Transformacion Estado Contrato - Añadir secuencia cod_estado> [C:\Users\niebl\OneDrive\Escritorio\Semestre\Inteligecia de Negocio\Proyecto Fase 2\BIProyecto\ETL\Transformacion Estado Contrato.ktr]  Procesamiento finalizado (I=0, O=0, R=8, W=8, U=0, E=0)
2024-07-18 21:12:19.835 ERROR <Transformacion Estado Contrato - Añadir secuencia sk_dim_estado_contrato> [C:\Users\niebl\OneDrive\Escritorio\Semestre\Inteligecia de Negocio\Proyecto Fase 2\BIProyecto\ETL\Transformacion Estado Contrato.ktr]  Errores detectados!
2024-07-18 21:12:19.835 ERROR <Transformacion Estado Contrato - Añadir secuencia sk_dim_estado_contrato> [C:\Users\niebl\OneDrive\Escritorio\Semestre\Inteligecia de Negocio\Proyecto Fase 2\BIProyecto\ETL\Transformacion Estado Contrato.ktr]  Errores detectados!
2024-07-18 21:12:19.847 ERROR <Transformacion Estado Contrato - Añadir secuencia sk_dim_estado_contrato> [C:\Users\niebl\OneDrive\Escritorio\Semestre\Inteligecia de Negocio\Proyecto Fase 2\BIProyecto\ETL\Transformacion Estado Contrato.ktr]  Errores detectados!
2024-07-18 21:12:52.429 INFO  <Thread-381> [C:\Users\niebl\OneDrive\Escritorio\Semestre\Inteligecia de Negocio\Proyecto Fase 2\BIProyecto\ETL\Transformacion Estado Contrato.ktr]  Iniciado despacho de la transformaci?n [Transformacion Estado Contrato]
2024-07-18 21:12:52.509 INFO  <init of Salida Tabla dim_estado_contrato.0 (Thread-387)> [C:\Users\niebl\OneDrive\Escritorio\Semestre\Inteligecia de Negocio\Proyecto Fase 2\BIProyecto\ETL\Transformacion Estado Contrato.ktr]  Connected to database [Postgres] (commit=1000)
2024-07-18 21:12:52.535 INFO  <Transformacion Estado Contrato - Entrada Tabla Estado Contrato> [C:\Users\niebl\OneDrive\Escritorio\Semestre\Inteligecia de Negocio\Proyecto Fase 2\BIProyecto\ETL\Transformacion Estado Contrato.ktr]  Finished reading query, closing connection
2024-07-18 21:12:52.536 INFO  <Transformacion Estado Contrato - Entrada Tabla Estado Contrato> [C:\Users\niebl\OneDrive\Escritorio\Semestre\Inteligecia de Negocio\Proyecto Fase 2\BIProyecto\ETL\Transformacion Estado Contrato.ktr]  Procesamiento finalizado (I=1000, O=0, R=0, W=1000, U=0, E=0)
2024-07-18 21:12:52.547 INFO  <Transformacion Estado Contrato - Seleccionar Estado Contrato> [C:\Users\niebl\OneDrive\Escritorio\Semestre\Inteligecia de Negocio\Proyecto Fase 2\BIProyecto\ETL\Transformacion Estado Contrato.ktr]  Procesamiento finalizado (I=0, O=0, R=1000, W=1000, U=0, E=0)
2024-07-18 21:12:52.580 INFO  <Transformacion Estado Contrato - Agrupar> [C:\Users\niebl\OneDrive\Escritorio\Semestre\Inteligecia de Negocio\Proyecto Fase 2\BIProyecto\ETL\Transformacion Estado Contrato.ktr]  Procesamiento finalizado (I=0, O=0, R=1000, W=8, U=0, E=0)
2024-07-18 21:12:52.611 INFO  <Transformacion Estado Contrato - Añadir secuencia cod_estado> [C:\Users\niebl\OneDrive\Escritorio\Semestre\Inteligecia de Negocio\Proyecto Fase 2\BIProyecto\ETL\Transformacion Estado Contrato.ktr]  Procesamiento finalizado (I=0, O=0, R=8, W=8, U=0, E=0)
2024-07-18 21:12:52.643 INFO  <Transformacion Estado Contrato - Añadir secuencia sk_dim_estado_contrato> [C:\Users\niebl\OneDrive\Escritorio\Semestre\Inteligecia de Negocio\Proyecto Fase 2\BIProyecto\ETL\Transformacion Estado Contrato.ktr]  Procesamiento finalizado (I=0, O=0, R=8, W=8, U=0, E=0)
2024-07-18 21:12:52.677 INFO  <Transformacion Estado Contrato - Salida Tabla dim_estado_contrato> [C:\Users\niebl\OneDrive\Escritorio\Semestre\Inteligecia de Negocio\Proyecto Fase 2\BIProyecto\ETL\Transformacion Estado Contrato.ktr]  Procesamiento finalizado (I=0, O=8, R=8, W=8, U=0, E=0)
2024-07-18 21:17:22.820 INFO  <ModalContext> [C:\Users\niebl\OneDrive\Escritorio\Semestre\Inteligecia de Negocio\Proyecto Fase 2\BIProyecto\ETL\Transformacion siniestro.ktr : Transformacion siniestro.ktr]  Iniciado despacho de la transformaci?n [C:\Users\niebl\OneDrive\Escritorio\Semestre\Inteligecia de Negocio\Proyecto Fase 2\BIProyecto\ETL\Transformacion siniestro.ktr : Transformacion siniestro]
2024-07-18 21:17:22.896 INFO  <C:\Users\niebl\OneDrive\Escritorio\Semestre\Inteligecia de Negocio\Proyecto Fase 2\BIProyecto\ETL\Transformacion siniestro.ktr : Transformacion siniestro - Entrada Tabla Siniestro> [C:\Users\niebl\OneDrive\Escritorio\Semestre\Inteligecia de Negocio\Proyecto Fase 2\BIProyecto\ETL\Transformacion siniestro.ktr : Transformacion siniestro.ktr]  Finished reading query, closing connection
2024-07-18 21:17:30.951 INFO  <ModalContext> [C:\Users\niebl\OneDrive\Escritorio\Semestre\Inteligecia de Negocio\Proyecto Fase 2\BIProyecto\ETL\Transformacion siniestro.ktr : Transformacion siniestro.ktr]  Iniciado despacho de la transformaci?n [C:\Users\niebl\OneDrive\Escritorio\Semestre\Inteligecia de Negocio\Proyecto Fase 2\BIProyecto\ETL\Transformacion siniestro.ktr : Transformacion siniestro]
2024-07-18 21:17:31.029 INFO  <C:\Users\niebl\OneDrive\Escritorio\Semestre\Inteligecia de Negocio\Proyecto Fase 2\BIProyecto\ETL\Transformacion siniestro.ktr : Transformacion siniestro - Entrada Tabla Siniestro> [C:\Users\niebl\OneDrive\Escritorio\Semestre\Inteligecia de Negocio\Proyecto Fase 2\BIProyecto\ETL\Transformacion siniestro.ktr : Transformacion siniestro.ktr]  Finished reading query, closing connection
2024-07-18 21:27:46.557 INFO  <ModalContext> [/Transformaci?n 1.ktr]  Iniciado despacho de la transformaci?n [/Transformaci?n 1]
2024-07-18 21:27:46.639 INFO  </Transformaci?n 1 - Entrada Tabla Evaluacion_Servicio> [/Transformaci?n 1.ktr]  Finished reading query, closing connection
2024-07-18 21:27:46.640 INFO  </Transformaci?n 1 - Entrada Tabla Evaluacion_Servicio> [/Transformaci?n 1.ktr]  Procesamiento finalizado (I=6, O=0, R=0, W=6, U=0, E=0)
2024-07-18 21:27:46.663 INFO  </Transformaci?n 1 - dummy> [/Transformaci?n 1.ktr]  Procesamiento finalizado (I=0, O=0, R=6, W=6, U=0, E=0)
2024-07-18 21:28:44.416 INFO  <Thread-428> [C:\Users\niebl\OneDrive\Escritorio\Semestre\Inteligecia de Negocio\Proyecto Fase 2\BIProyecto\ETL\Transformacion Evaluacion Servicio.ktr]  Iniciado despacho de la transformaci?n [Transformacion Evaluacion Servicio]
2024-07-18 21:28:44.640 INFO  <Transformacion Evaluacion Servicio - Entrada Tabla Evaluacion_Servicio> [C:\Users\niebl\OneDrive\Escritorio\Semestre\Inteligecia de Negocio\Proyecto Fase 2\BIProyecto\ETL\Transformacion Evaluacion Servicio.ktr]  Finished reading query, closing connection
2024-07-18 21:28:44.640 INFO  <Transformacion Evaluacion Servicio - Entrada Tabla Evaluacion_Servicio> [C:\Users\niebl\OneDrive\Escritorio\Semestre\Inteligecia de Negocio\Proyecto Fase 2\BIProyecto\ETL\Transformacion Evaluacion Servicio.ktr]  Procesamiento finalizado (I=6, O=0, R=0, W=6, U=0, E=0)
2024-07-18 21:28:44.661 INFO  <Transformacion Evaluacion Servicio - Añadir secuencia sk_dim_evaluacion_servicio> [C:\Users\niebl\OneDrive\Escritorio\Semestre\Inteligecia de Negocio\Proyecto Fase 2\BIProyecto\ETL\Transformacion Evaluacion Servicio.ktr]  Procesamiento finalizado (I=0, O=0, R=6, W=6, U=0, E=0)
2024-07-18 21:29:42.176 INFO  <Thread-438> [C:\Users\niebl\OneDrive\Escritorio\Semestre\Inteligecia de Negocio\Proyecto Fase 2\BIProyecto\ETL\Transformacion Evaluacion Servicio.ktr]  Iniciado despacho de la transformaci?n [Transformacion Evaluacion Servicio]
2024-07-18 21:29:42.262 INFO  <init of Salida Tabla dim_evaluacion_servicio.0 (Thread-441)> [C:\Users\niebl\OneDrive\Escritorio\Semestre\Inteligecia de Negocio\Proyecto Fase 2\BIProyecto\ETL\Transformacion Evaluacion Servicio.ktr]  Connected to database [Postgres] (commit=1000)
2024-07-18 21:29:42.274 INFO  <Transformacion Evaluacion Servicio - Entrada Tabla Evaluacion_Servicio> [C:\Users\niebl\OneDrive\Escritorio\Semestre\Inteligecia de Negocio\Proyecto Fase 2\BIProyecto\ETL\Transformacion Evaluacion Servicio.ktr]  Finished reading query, closing connection
2024-07-18 21:29:42.275 INFO  <Transformacion Evaluacion Servicio - Entrada Tabla Evaluacion_Servicio> [C:\Users\niebl\OneDrive\Escritorio\Semestre\Inteligecia de Negocio\Proyecto Fase 2\BIProyecto\ETL\Transformacion Evaluacion Servicio.ktr]  Procesamiento finalizado (I=6, O=0, R=0, W=6, U=0, E=0)
2024-07-18 21:29:42.279 ERROR <Transformacion Evaluacion Servicio - Salida Tabla dim_evaluacion_servicio> [C:\Users\niebl\OneDrive\Escritorio\Semestre\Inteligecia de Negocio\Proyecto Fase 2\BIProyecto\ETL\Transformacion Evaluacion Servicio.ktr]  Because of an error, this step can't continue: 
2024-07-18 21:29:42.280 ERROR <Transformacion Evaluacion Servicio - Salida Tabla dim_evaluacion_servicio> [C:\Users\niebl\OneDrive\Escritorio\Semestre\Inteligecia de Negocio\Proyecto Fase 2\BIProyecto\ETL\Transformacion Evaluacion Servicio.ktr]  org.pentaho.di.core.exception.KettleException: 
Error inserting row into table [dim_evaluacion_servicio] with values: [1], [Excelente], [1]

Error inserting/updating row
ERROR: no existe la columna «nb_descripcion» en la relación «dim_evaluacion_servicio»
  Position: 80


	at org.pentaho.di.trans.steps.tableoutput.TableOutput.writeToTable(TableOutput.java:384)
	at org.pentaho.di.trans.steps.tableoutput.TableOutput.processRow(TableOutput.java:125)
	at org.pentaho.di.trans.step.RunThread.run(RunThread.java:62)
	at java.lang.Thread.run(Thread.java:748)
Caused by: org.pentaho.di.core.exception.KettleDatabaseException: 
Error inserting/updating row
ERROR: no existe la columna «nb_descripcion» en la relación «dim_evaluacion_servicio»
  Position: 80

	at org.pentaho.di.core.database.Database.insertRow(Database.java:1335)
	at org.pentaho.di.trans.steps.tableoutput.TableOutput.writeToTable(TableOutput.java:262)
	... 3 more
Caused by: org.postgresql.util.PSQLException: ERROR: no existe la columna «nb_descripcion» en la relación «dim_evaluacion_servicio»
  Position: 80
	at org.postgresql.core.v3.QueryExecutorImpl.receiveErrorResponse(QueryExecutorImpl.java:2552)
	at org.postgresql.core.v3.QueryExecutorImpl.processResults(QueryExecutorImpl.java:2284)
	at org.postgresql.core.v3.QueryExecutorImpl.execute(QueryExecutorImpl.java:322)
	at org.postgresql.jdbc.PgStatement.executeInternal(PgStatement.java:481)
	at org.postgresql.jdbc.PgStatement.execute(PgStatement.java:401)
	at org.postgresql.jdbc.PgPreparedStatement.executeWithFlags(PgPreparedStatement.java:164)
	at org.postgresql.jdbc.PgPreparedStatement.executeUpdate(PgPreparedStatement.java:130)
	at org.pentaho.di.core.database.Database.insertRow(Database.java:1302)
	... 4 more

2024-07-18 21:29:42.281 INFO  <Transformacion Evaluacion Servicio - Salida Tabla dim_evaluacion_servicio> [C:\Users\niebl\OneDrive\Escritorio\Semestre\Inteligecia de Negocio\Proyecto Fase 2\BIProyecto\ETL\Transformacion Evaluacion Servicio.ktr]  Procesamiento finalizado (I=0, O=0, R=1, W=0, U=0, E=1)
2024-07-18 21:29:42.281 WARN  <Transformacion Evaluacion Servicio - Salida Tabla dim_evaluacion_servicio> [C:\Users\niebl\OneDrive\Escritorio\Semestre\Inteligecia de Negocio\Proyecto Fase 2\BIProyecto\ETL\Transformacion Evaluacion Servicio.ktr]  Transformaci?n detectada 
2024-07-18 21:29:42.282 WARN  <Transformacion Evaluacion Servicio - Salida Tabla dim_evaluacion_servicio> [C:\Users\niebl\OneDrive\Escritorio\Semestre\Inteligecia de Negocio\Proyecto Fase 2\BIProyecto\ETL\Transformacion Evaluacion Servicio.ktr]  Transformaci?n est? matando los otros pasos!
2024-07-18 21:29:42.305 INFO  <Transformacion Evaluacion Servicio - Añadir secuencia sk_dim_evaluacion_servicio> [C:\Users\niebl\OneDrive\Escritorio\Semestre\Inteligecia de Negocio\Proyecto Fase 2\BIProyecto\ETL\Transformacion Evaluacion Servicio.ktr]  Procesamiento finalizado (I=0, O=0, R=6, W=6, U=0, E=0)
2024-07-18 21:29:42.369 ERROR <Transformacion Evaluacion Servicio - Añadir secuencia sk_dim_evaluacion_servicio> [C:\Users\niebl\OneDrive\Escritorio\Semestre\Inteligecia de Negocio\Proyecto Fase 2\BIProyecto\ETL\Transformacion Evaluacion Servicio.ktr]  Errores detectados!
2024-07-18 21:29:42.369 ERROR <Transformacion Evaluacion Servicio - Añadir secuencia sk_dim_evaluacion_servicio> [C:\Users\niebl\OneDrive\Escritorio\Semestre\Inteligecia de Negocio\Proyecto Fase 2\BIProyecto\ETL\Transformacion Evaluacion Servicio.ktr]  Errores detectados!
2024-07-18 21:29:42.384 ERROR <Transformacion Evaluacion Servicio - Añadir secuencia sk_dim_evaluacion_servicio> [C:\Users\niebl\OneDrive\Escritorio\Semestre\Inteligecia de Negocio\Proyecto Fase 2\BIProyecto\ETL\Transformacion Evaluacion Servicio.ktr]  Errores detectados!
2024-07-18 21:30:06.373 INFO  <Thread-448> [C:\Users\niebl\OneDrive\Escritorio\Semestre\Inteligecia de Negocio\Proyecto Fase 2\BIProyecto\ETL\Transformacion Evaluacion Servicio.ktr]  Iniciado despacho de la transformaci?n [Transformacion Evaluacion Servicio]
2024-07-18 21:30:06.464 INFO  <init of Salida Tabla dim_evaluacion_servicio.0 (Thread-451)> [C:\Users\niebl\OneDrive\Escritorio\Semestre\Inteligecia de Negocio\Proyecto Fase 2\BIProyecto\ETL\Transformacion Evaluacion Servicio.ktr]  Connected to database [Postgres] (commit=1000)
2024-07-18 21:30:06.477 INFO  <Transformacion Evaluacion Servicio - Entrada Tabla Evaluacion_Servicio> [C:\Users\niebl\OneDrive\Escritorio\Semestre\Inteligecia de Negocio\Proyecto Fase 2\BIProyecto\ETL\Transformacion Evaluacion Servicio.ktr]  Finished reading query, closing connection
2024-07-18 21:30:06.479 INFO  <Transformacion Evaluacion Servicio - Entrada Tabla Evaluacion_Servicio> [C:\Users\niebl\OneDrive\Escritorio\Semestre\Inteligecia de Negocio\Proyecto Fase 2\BIProyecto\ETL\Transformacion Evaluacion Servicio.ktr]  Procesamiento finalizado (I=6, O=0, R=0, W=6, U=0, E=0)
2024-07-18 21:30:06.487 INFO  <Transformacion Evaluacion Servicio - Añadir secuencia sk_dim_evaluacion_servicio> [C:\Users\niebl\OneDrive\Escritorio\Semestre\Inteligecia de Negocio\Proyecto Fase 2\BIProyecto\ETL\Transformacion Evaluacion Servicio.ktr]  Procesamiento finalizado (I=0, O=0, R=6, W=6, U=0, E=0)
2024-07-18 21:30:06.556 INFO  <Transformacion Evaluacion Servicio - Salida Tabla dim_evaluacion_servicio> [C:\Users\niebl\OneDrive\Escritorio\Semestre\Inteligecia de Negocio\Proyecto Fase 2\BIProyecto\ETL\Transformacion Evaluacion Servicio.ktr]  Procesamiento finalizado (I=0, O=6, R=6, W=6, U=0, E=0)
