Graphics2D from BufferedImage lacks BUFFERED_IMAGE hint
2026/06/30 14:14:59 - org.pentaho.di.trans.steps.tableinput.TableInputMeta@ea40c9f - ERROR (version 9.4.0.0-343, build 0.0 from 2022-11-08 07.50.27 by buildguy) : Unexpected error fetching row meta data.
2026/06/30 14:14:59 - org.pentaho.di.trans.steps.tableinput.TableInputMeta@ea40c9f - ERROR (version 9.4.0.0-343, build 0.0 from 2022-11-08 07.50.27 by buildguy) : org.pentaho.di.core.exception.KettleStepException: 
2026/06/30 14:14:59 - org.pentaho.di.trans.steps.tableinput.TableInputMeta@ea40c9f - Unable to get queryfields for SQL: 
2026/06/30 14:14:59 - org.pentaho.di.trans.steps.tableinput.TableInputMeta@ea40c9f - SELECT
  cod_cliente
, cod_evaluacion_servicio
, cod_producto
, recomienda_amigo
,fecha_recomendacion
FROM seguro_g26473471.recomienda

2026/06/30 14:14:59 - org.pentaho.di.trans.steps.tableinput.TableInputMeta@ea40c9f - 
2026/06/30 14:14:59 - org.pentaho.di.trans.steps.tableinput.TableInputMeta@ea40c9f - Error occurred while trying to connect to the database
2026/06/30 14:14:59 - org.pentaho.di.trans.steps.tableinput.TableInputMeta@ea40c9f - 
2026/06/30 14:14:59 - org.pentaho.di.trans.steps.tableinput.TableInputMeta@ea40c9f - Connection failed. Verify all connection parameters and confirm that the appropriate driver is installed.
2026/06/30 14:14:59 - org.pentaho.di.trans.steps.tableinput.TableInputMeta@ea40c9f - El intento de conexión falló.
2026/06/30 14:14:59 - org.pentaho.di.trans.steps.tableinput.TableInputMeta@ea40c9f - 
2026/06/30 14:14:59 - org.pentaho.di.trans.steps.tableinput.TableInputMeta@ea40c9f - 
2026/06/30 14:14:59 - org.pentaho.di.trans.steps.tableinput.TableInputMeta@ea40c9f - 
2026/06/30 14:14:59 - org.pentaho.di.trans.steps.tableinput.TableInputMeta@ea40c9f - 	at org.pentaho.di.trans.steps.tableinput.TableInputMeta.getFields(TableInputMeta.java:275)
2026/06/30 14:14:59 - org.pentaho.di.trans.steps.tableinput.TableInputMeta@ea40c9f - 	at org.pentaho.di.trans.TransMeta.getThisStepFields(TransMeta.java:2055)
2026/06/30 14:14:59 - org.pentaho.di.trans.steps.tableinput.TableInputMeta@ea40c9f - 	at org.pentaho.di.trans.TransMeta.getStepFields(TransMeta.java:1873)
2026/06/30 14:14:59 - org.pentaho.di.trans.steps.tableinput.TableInputMeta@ea40c9f - 	at org.pentaho.di.trans.TransMeta.getStepFields(TransMeta.java:1770)
2026/06/30 14:14:59 - org.pentaho.di.trans.steps.tableinput.TableInputMeta@ea40c9f - 	at org.pentaho.di.trans.steps.tableinput.TableInputMeta.updateCachedRowMeta(TableInputMeta.java:340)
2026/06/30 14:14:59 - org.pentaho.di.trans.steps.tableinput.TableInputMeta@ea40c9f - 	at org.pentaho.di.ui.trans.steps.tableinput.TableInputDialog.ok(TableInputDialog.java:566)
2026/06/30 14:14:59 - org.pentaho.di.trans.steps.tableinput.TableInputMeta@ea40c9f - 	at org.pentaho.di.ui.trans.steps.tableinput.TableInputDialog.access$400(TableInputDialog.java:79)
2026/06/30 14:14:59 - org.pentaho.di.trans.steps.tableinput.TableInputMeta@ea40c9f - 	at org.pentaho.di.ui.trans.steps.tableinput.TableInputDialog$12.handleEvent(TableInputDialog.java:417)
2026/06/30 14:14:59 - org.pentaho.di.trans.steps.tableinput.TableInputMeta@ea40c9f - 	at org.eclipse.swt.widgets.EventTable.sendEvent(EventTable.java:89)
2026/06/30 14:14:59 - org.pentaho.di.trans.steps.tableinput.TableInputMeta@ea40c9f - 	at org.eclipse.swt.widgets.Display.sendEvent(Display.java:4209)
2026/06/30 14:14:59 - org.pentaho.di.trans.steps.tableinput.TableInputMeta@ea40c9f - 	at org.eclipse.swt.widgets.Widget.sendEvent(Widget.java:1037)
2026/06/30 14:14:59 - org.pentaho.di.trans.steps.tableinput.TableInputMeta@ea40c9f - 	at org.eclipse.swt.widgets.Display.runDeferredEvents(Display.java:4026)
2026/06/30 14:14:59 - org.pentaho.di.trans.steps.tableinput.TableInputMeta@ea40c9f - 	at org.eclipse.swt.widgets.Display.readAndDispatch(Display.java:3626)
2026/06/30 14:14:59 - org.pentaho.di.trans.steps.tableinput.TableInputMeta@ea40c9f - 	at org.pentaho.di.ui.trans.steps.tableinput.TableInputDialog.open(TableInputDialog.java:463)
2026/06/30 14:14:59 - org.pentaho.di.trans.steps.tableinput.TableInputMeta@ea40c9f - 	at org.pentaho.di.ui.spoon.delegates.SpoonStepsDelegate.editStep(SpoonStepsDelegate.java:120)
2026/06/30 14:14:59 - org.pentaho.di.trans.steps.tableinput.TableInputMeta@ea40c9f - 	at org.pentaho.di.ui.spoon.Spoon.editStep(Spoon.java:9025)
2026/06/30 14:14:59 - org.pentaho.di.trans.steps.tableinput.TableInputMeta@ea40c9f - 	at org.pentaho.di.ui.spoon.trans.TransGraph.editStep(TransGraph.java:3286)
2026/06/30 14:14:59 - org.pentaho.di.trans.steps.tableinput.TableInputMeta@ea40c9f - 	at org.pentaho.di.ui.spoon.trans.TransGraph.mouseDoubleClick(TransGraph.java:784)
2026/06/30 14:14:59 - org.pentaho.di.trans.steps.tableinput.TableInputMeta@ea40c9f - 	at org.eclipse.swt.widgets.TypedListener.handleEvent(TypedListener.java:200)
2026/06/30 14:14:59 - org.pentaho.di.trans.steps.tableinput.TableInputMeta@ea40c9f - 	at org.eclipse.swt.widgets.EventTable.sendEvent(EventTable.java:89)
2026/06/30 14:14:59 - org.pentaho.di.trans.steps.tableinput.TableInputMeta@ea40c9f - 	at org.eclipse.swt.widgets.Display.sendEvent(Display.java:4209)
2026/06/30 14:14:59 - org.pentaho.di.trans.steps.tableinput.TableInputMeta@ea40c9f - 	at org.eclipse.swt.widgets.Widget.sendEvent(Widget.java:1037)
2026/06/30 14:14:59 - org.pentaho.di.trans.steps.tableinput.TableInputMeta@ea40c9f - 	at org.eclipse.swt.widgets.Display.runDeferredEvents(Display.java:4026)
2026/06/30 14:14:59 - org.pentaho.di.trans.steps.tableinput.TableInputMeta@ea40c9f - 	at org.eclipse.swt.widgets.Display.readAndDispatch(Display.java:3626)
2026/06/30 14:14:59 - org.pentaho.di.trans.steps.tableinput.TableInputMeta@ea40c9f - 	at org.pentaho.di.ui.spoon.Spoon.readAndDispatch(Spoon.java:1432)
2026/06/30 14:14:59 - org.pentaho.di.trans.steps.tableinput.TableInputMeta@ea40c9f - 	at org.pentaho.di.ui.spoon.Spoon.waitForDispose(Spoon.java:8160)
2026/06/30 14:14:59 - org.pentaho.di.trans.steps.tableinput.TableInputMeta@ea40c9f - 	at org.pentaho.di.ui.spoon.Spoon.start(Spoon.java:9542)
2026/06/30 14:14:59 - org.pentaho.di.trans.steps.tableinput.TableInputMeta@ea40c9f - 	at org.pentaho.di.ui.spoon.Spoon.main(Spoon.java:722)
2026/06/30 14:14:59 - org.pentaho.di.trans.steps.tableinput.TableInputMeta@ea40c9f - 	at java.base/jdk.internal.reflect.DirectMethodHandleAccessor.invoke(DirectMethodHandleAccessor.java:104)
2026/06/30 14:14:59 - org.pentaho.di.trans.steps.tableinput.TableInputMeta@ea40c9f - 	at java.base/java.lang.reflect.Method.invoke(Method.java:578)
2026/06/30 14:14:59 - org.pentaho.di.trans.steps.tableinput.TableInputMeta@ea40c9f - 	at org.pentaho.commons.launcher.Launcher.main(Launcher.java:92)
2026/06/30 14:14:59 - org.pentaho.di.trans.steps.tableinput.TableInputMeta@ea40c9f - Caused by: org.pentaho.di.core.exception.KettleDatabaseException: 
2026/06/30 14:14:59 - org.pentaho.di.trans.steps.tableinput.TableInputMeta@ea40c9f - Error occurred while trying to connect to the database
2026/06/30 14:14:59 - org.pentaho.di.trans.steps.tableinput.TableInputMeta@ea40c9f - 
2026/06/30 14:14:59 - org.pentaho.di.trans.steps.tableinput.TableInputMeta@ea40c9f - Connection failed. Verify all connection parameters and confirm that the appropriate driver is installed.
2026/06/30 14:14:59 - org.pentaho.di.trans.steps.tableinput.TableInputMeta@ea40c9f - El intento de conexión falló.
2026/06/30 14:14:59 - org.pentaho.di.trans.steps.tableinput.TableInputMeta@ea40c9f - 
2026/06/30 14:14:59 - org.pentaho.di.trans.steps.tableinput.TableInputMeta@ea40c9f - 
2026/06/30 14:14:59 - org.pentaho.di.trans.steps.tableinput.TableInputMeta@ea40c9f - 	at org.pentaho.di.core.database.Database.normalConnect(Database.java:497)
2026/06/30 14:14:59 - org.pentaho.di.trans.steps.tableinput.TableInputMeta@ea40c9f - 	at org.pentaho.di.core.database.Database.connect(Database.java:389)
2026/06/30 14:14:59 - org.pentaho.di.trans.steps.tableinput.TableInputMeta@ea40c9f - 	at org.pentaho.di.core.database.Database.connect(Database.java:360)
2026/06/30 14:14:59 - org.pentaho.di.trans.steps.tableinput.TableInputMeta@ea40c9f - 	at org.pentaho.di.core.database.Database.connect(Database.java:350)
2026/06/30 14:14:59 - org.pentaho.di.trans.steps.tableinput.TableInputMeta@ea40c9f - 	at org.pentaho.di.trans.steps.tableinput.TableInputMeta.getFields(TableInputMeta.java:253)
2026/06/30 14:14:59 - org.pentaho.di.trans.steps.tableinput.TableInputMeta@ea40c9f - 	... 30 more
2026/06/30 14:14:59 - org.pentaho.di.trans.steps.tableinput.TableInputMeta@ea40c9f - Caused by: org.pentaho.di.core.exception.KettleDatabaseException: 
2026/06/30 14:14:59 - org.pentaho.di.trans.steps.tableinput.TableInputMeta@ea40c9f - Connection failed. Verify all connection parameters and confirm that the appropriate driver is installed.
2026/06/30 14:14:59 - org.pentaho.di.trans.steps.tableinput.TableInputMeta@ea40c9f - El intento de conexión falló.
2026/06/30 14:14:59 - org.pentaho.di.trans.steps.tableinput.TableInputMeta@ea40c9f - 
2026/06/30 14:14:59 - org.pentaho.di.trans.steps.tableinput.TableInputMeta@ea40c9f - 	at org.pentaho.di.core.database.Database.connectUsingClass(Database.java:605)
2026/06/30 14:14:59 - org.pentaho.di.trans.steps.tableinput.TableInputMeta@ea40c9f - 	at org.pentaho.di.core.database.Database.normalConnect(Database.java:481)
2026/06/30 14:14:59 - org.pentaho.di.trans.steps.tableinput.TableInputMeta@ea40c9f - 	... 34 more
2026/06/30 14:14:59 - org.pentaho.di.trans.steps.tableinput.TableInputMeta@ea40c9f - Caused by: org.postgresql.util.PSQLException: El intento de conexión falló.
2026/06/30 14:14:59 - org.pentaho.di.trans.steps.tableinput.TableInputMeta@ea40c9f - 	at org.postgresql.core.v3.ConnectionFactoryImpl.openConnectionImpl(ConnectionFactoryImpl.java:315)
2026/06/30 14:14:59 - org.pentaho.di.trans.steps.tableinput.TableInputMeta@ea40c9f - 	at org.postgresql.core.ConnectionFactory.openConnection(ConnectionFactory.java:51)
2026/06/30 14:14:59 - org.pentaho.di.trans.steps.tableinput.TableInputMeta@ea40c9f - 	at org.postgresql.jdbc.PgConnection.<init>(PgConnection.java:223)
2026/06/30 14:14:59 - org.pentaho.di.trans.steps.tableinput.TableInputMeta@ea40c9f - 	at org.postgresql.Driver.makeConnection(Driver.java:465)
2026/06/30 14:14:59 - org.pentaho.di.trans.steps.tableinput.TableInputMeta@ea40c9f - 	at org.postgresql.Driver.connect(Driver.java:264)
2026/06/30 14:14:59 - org.pentaho.di.trans.steps.tableinput.TableInputMeta@ea40c9f - 	at java.sql/java.sql.DriverManager.getConnection(DriverManager.java:683)
2026/06/30 14:14:59 - org.pentaho.di.trans.steps.tableinput.TableInputMeta@ea40c9f - 	at java.sql/java.sql.DriverManager.getConnection(DriverManager.java:191)
2026/06/30 14:14:59 - org.pentaho.di.trans.steps.tableinput.TableInputMeta@ea40c9f - 	at org.pentaho.di.core.database.Database.connectUsingClass(Database.java:589)
2026/06/30 14:14:59 - org.pentaho.di.trans.steps.tableinput.TableInputMeta@ea40c9f - 	... 35 more
2026/06/30 14:14:59 - org.pentaho.di.trans.steps.tableinput.TableInputMeta@ea40c9f - Caused by: java.net.UnknownHostException: db_seguros
2026/06/30 14:14:59 - org.pentaho.di.trans.steps.tableinput.TableInputMeta@ea40c9f - 	at java.base/sun.nio.ch.NioSocketImpl.connect(NioSocketImpl.java:560)
2026/06/30 14:14:59 - org.pentaho.di.trans.steps.tableinput.TableInputMeta@ea40c9f - 	at java.base/java.net.SocksSocketImpl.connect(SocksSocketImpl.java:327)
2026/06/30 14:14:59 - org.pentaho.di.trans.steps.tableinput.TableInputMeta@ea40c9f - 	at java.base/java.net.Socket.connect(Socket.java:666)
2026/06/30 14:14:59 - org.pentaho.di.trans.steps.tableinput.TableInputMeta@ea40c9f - 	at org.postgresql.core.PGStream.createSocket(PGStream.java:231)
2026/06/30 14:14:59 - org.pentaho.di.trans.steps.tableinput.TableInputMeta@ea40c9f - 	at org.postgresql.core.PGStream.<init>(PGStream.java:95)
2026/06/30 14:14:59 - org.pentaho.di.trans.steps.tableinput.TableInputMeta@ea40c9f - 	at org.postgresql.core.v3.ConnectionFactoryImpl.tryConnect(ConnectionFactoryImpl.java:98)
2026/06/30 14:14:59 - org.pentaho.di.trans.steps.tableinput.TableInputMeta@ea40c9f - 	at org.postgresql.core.v3.ConnectionFactoryImpl.openConnectionImpl(ConnectionFactoryImpl.java:213)
2026/06/30 14:14:59 - org.pentaho.di.trans.steps.tableinput.TableInputMeta@ea40c9f - 	... 42 more
2026/06/30 14:15:06 - org.pentaho.di.trans.steps.tableinput.TableInputMeta@66b3eab0 - ERROR (version 9.4.0.0-343, build 0.0 from 2022-11-08 07.50.27 by buildguy) : Unexpected error fetching row meta data.
2026/06/30 14:15:06 - org.pentaho.di.trans.steps.tableinput.TableInputMeta@66b3eab0 - ERROR (version 9.4.0.0-343, build 0.0 from 2022-11-08 07.50.27 by buildguy) : org.pentaho.di.core.exception.KettleStepException: 
2026/06/30 14:15:06 - org.pentaho.di.trans.steps.tableinput.TableInputMeta@66b3eab0 - Unable to get queryfields for SQL: 
2026/06/30 14:15:06 - org.pentaho.di.trans.steps.tableinput.TableInputMeta@66b3eab0 - SELECT
  sk_dim_producto
, cod_producto
FROM seguro_dw_g26473471.dim_producto

2026/06/30 14:15:06 - org.pentaho.di.trans.steps.tableinput.TableInputMeta@66b3eab0 - 
2026/06/30 14:15:06 - org.pentaho.di.trans.steps.tableinput.TableInputMeta@66b3eab0 - Error occurred while trying to connect to the database
2026/06/30 14:15:06 - org.pentaho.di.trans.steps.tableinput.TableInputMeta@66b3eab0 - 
2026/06/30 14:15:06 - org.pentaho.di.trans.steps.tableinput.TableInputMeta@66b3eab0 - Connection failed. Verify all connection parameters and confirm that the appropriate driver is installed.
2026/06/30 14:15:06 - org.pentaho.di.trans.steps.tableinput.TableInputMeta@66b3eab0 - El intento de conexión falló.
2026/06/30 14:15:06 - org.pentaho.di.trans.steps.tableinput.TableInputMeta@66b3eab0 - 
2026/06/30 14:15:06 - org.pentaho.di.trans.steps.tableinput.TableInputMeta@66b3eab0 - 
2026/06/30 14:15:06 - org.pentaho.di.trans.steps.tableinput.TableInputMeta@66b3eab0 - 
2026/06/30 14:15:06 - org.pentaho.di.trans.steps.tableinput.TableInputMeta@66b3eab0 - 	at org.pentaho.di.trans.steps.tableinput.TableInputMeta.getFields(TableInputMeta.java:275)
2026/06/30 14:15:06 - org.pentaho.di.trans.steps.tableinput.TableInputMeta@66b3eab0 - 	at org.pentaho.di.trans.TransMeta.getThisStepFields(TransMeta.java:2055)
2026/06/30 14:15:06 - org.pentaho.di.trans.steps.tableinput.TableInputMeta@66b3eab0 - 	at org.pentaho.di.trans.TransMeta.getStepFields(TransMeta.java:1873)
2026/06/30 14:15:06 - org.pentaho.di.trans.steps.tableinput.TableInputMeta@66b3eab0 - 	at org.pentaho.di.trans.TransMeta.getStepFields(TransMeta.java:1770)
2026/06/30 14:15:06 - org.pentaho.di.trans.steps.tableinput.TableInputMeta@66b3eab0 - 	at org.pentaho.di.trans.steps.tableinput.TableInputMeta.updateCachedRowMeta(TableInputMeta.java:340)
2026/06/30 14:15:06 - org.pentaho.di.trans.steps.tableinput.TableInputMeta@66b3eab0 - 	at org.pentaho.di.ui.trans.steps.tableinput.TableInputDialog.ok(TableInputDialog.java:566)
2026/06/30 14:15:06 - org.pentaho.di.trans.steps.tableinput.TableInputMeta@66b3eab0 - 	at org.pentaho.di.ui.trans.steps.tableinput.TableInputDialog.access$400(TableInputDialog.java:79)
2026/06/30 14:15:06 - org.pentaho.di.trans.steps.tableinput.TableInputMeta@66b3eab0 - 	at org.pentaho.di.ui.trans.steps.tableinput.TableInputDialog$12.handleEvent(TableInputDialog.java:417)
2026/06/30 14:15:06 - org.pentaho.di.trans.steps.tableinput.TableInputMeta@66b3eab0 - 	at org.eclipse.swt.widgets.EventTable.sendEvent(EventTable.java:89)
2026/06/30 14:15:06 - org.pentaho.di.trans.steps.tableinput.TableInputMeta@66b3eab0 - 	at org.eclipse.swt.widgets.Display.sendEvent(Display.java:4209)
2026/06/30 14:15:06 - org.pentaho.di.trans.steps.tableinput.TableInputMeta@66b3eab0 - 	at org.eclipse.swt.widgets.Widget.sendEvent(Widget.java:1037)
2026/06/30 14:15:06 - org.pentaho.di.trans.steps.tableinput.TableInputMeta@66b3eab0 - 	at org.eclipse.swt.widgets.Display.runDeferredEvents(Display.java:4026)
2026/06/30 14:15:06 - org.pentaho.di.trans.steps.tableinput.TableInputMeta@66b3eab0 - 	at org.eclipse.swt.widgets.Display.readAndDispatch(Display.java:3626)
2026/06/30 14:15:06 - org.pentaho.di.trans.steps.tableinput.TableInputMeta@66b3eab0 - 	at org.pentaho.di.ui.trans.steps.tableinput.TableInputDialog.open(TableInputDialog.java:463)
2026/06/30 14:15:06 - org.pentaho.di.trans.steps.tableinput.TableInputMeta@66b3eab0 - 	at org.pentaho.di.ui.spoon.delegates.SpoonStepsDelegate.editStep(SpoonStepsDelegate.java:120)
2026/06/30 14:15:06 - org.pentaho.di.trans.steps.tableinput.TableInputMeta@66b3eab0 - 	at org.pentaho.di.ui.spoon.Spoon.editStep(Spoon.java:9025)
2026/06/30 14:15:06 - org.pentaho.di.trans.steps.tableinput.TableInputMeta@66b3eab0 - 	at org.pentaho.di.ui.spoon.trans.TransGraph.editStep(TransGraph.java:3286)
2026/06/30 14:15:06 - org.pentaho.di.trans.steps.tableinput.TableInputMeta@66b3eab0 - 	at org.pentaho.di.ui.spoon.trans.TransGraph.mouseDoubleClick(TransGraph.java:784)
2026/06/30 14:15:06 - org.pentaho.di.trans.steps.tableinput.TableInputMeta@66b3eab0 - 	at org.eclipse.swt.widgets.TypedListener.handleEvent(TypedListener.java:200)
2026/06/30 14:15:06 - org.pentaho.di.trans.steps.tableinput.TableInputMeta@66b3eab0 - 	at org.eclipse.swt.widgets.EventTable.sendEvent(EventTable.java:89)
2026/06/30 14:15:06 - org.pentaho.di.trans.steps.tableinput.TableInputMeta@66b3eab0 - 	at org.eclipse.swt.widgets.Display.sendEvent(Display.java:4209)
2026/06/30 14:15:06 - org.pentaho.di.trans.steps.tableinput.TableInputMeta@66b3eab0 - 	at org.eclipse.swt.widgets.Widget.sendEvent(Widget.java:1037)
2026/06/30 14:15:06 - org.pentaho.di.trans.steps.tableinput.TableInputMeta@66b3eab0 - 	at org.eclipse.swt.widgets.Display.runDeferredEvents(Display.java:4026)
2026/06/30 14:15:06 - org.pentaho.di.trans.steps.tableinput.TableInputMeta@66b3eab0 - 	at org.eclipse.swt.widgets.Display.readAndDispatch(Display.java:3626)
2026/06/30 14:15:06 - org.pentaho.di.trans.steps.tableinput.TableInputMeta@66b3eab0 - 	at org.pentaho.di.ui.spoon.Spoon.readAndDispatch(Spoon.java:1432)
2026/06/30 14:15:06 - org.pentaho.di.trans.steps.tableinput.TableInputMeta@66b3eab0 - 	at org.pentaho.di.ui.spoon.Spoon.waitForDispose(Spoon.java:8160)
2026/06/30 14:15:06 - org.pentaho.di.trans.steps.tableinput.TableInputMeta@66b3eab0 - 	at org.pentaho.di.ui.spoon.Spoon.start(Spoon.java:9542)
2026/06/30 14:15:06 - org.pentaho.di.trans.steps.tableinput.TableInputMeta@66b3eab0 - 	at org.pentaho.di.ui.spoon.Spoon.main(Spoon.java:722)
2026/06/30 14:15:06 - org.pentaho.di.trans.steps.tableinput.TableInputMeta@66b3eab0 - 	at java.base/jdk.internal.reflect.DirectMethodHandleAccessor.invoke(DirectMethodHandleAccessor.java:104)
2026/06/30 14:15:06 - org.pentaho.di.trans.steps.tableinput.TableInputMeta@66b3eab0 - 	at java.base/java.lang.reflect.Method.invoke(Method.java:578)
2026/06/30 14:15:06 - org.pentaho.di.trans.steps.tableinput.TableInputMeta@66b3eab0 - 	at org.pentaho.commons.launcher.Launcher.main(Launcher.java:92)
2026/06/30 14:15:06 - org.pentaho.di.trans.steps.tableinput.TableInputMeta@66b3eab0 - Caused by: org.pentaho.di.core.exception.KettleDatabaseException: 
2026/06/30 14:15:06 - org.pentaho.di.trans.steps.tableinput.TableInputMeta@66b3eab0 - Error occurred while trying to connect to the database
2026/06/30 14:15:06 - org.pentaho.di.trans.steps.tableinput.TableInputMeta@66b3eab0 - 
2026/06/30 14:15:06 - org.pentaho.di.trans.steps.tableinput.TableInputMeta@66b3eab0 - Connection failed. Verify all connection parameters and confirm that the appropriate driver is installed.
2026/06/30 14:15:06 - org.pentaho.di.trans.steps.tableinput.TableInputMeta@66b3eab0 - El intento de conexión falló.
2026/06/30 14:15:06 - org.pentaho.di.trans.steps.tableinput.TableInputMeta@66b3eab0 - 
2026/06/30 14:15:06 - org.pentaho.di.trans.steps.tableinput.TableInputMeta@66b3eab0 - 
2026/06/30 14:15:06 - org.pentaho.di.trans.steps.tableinput.TableInputMeta@66b3eab0 - 	at org.pentaho.di.core.database.Database.normalConnect(Database.java:497)
2026/06/30 14:15:06 - org.pentaho.di.trans.steps.tableinput.TableInputMeta@66b3eab0 - 	at org.pentaho.di.core.database.Database.connect(Database.java:389)
2026/06/30 14:15:06 - org.pentaho.di.trans.steps.tableinput.TableInputMeta@66b3eab0 - 	at org.pentaho.di.core.database.Database.connect(Database.java:360)
2026/06/30 14:15:06 - org.pentaho.di.trans.steps.tableinput.TableInputMeta@66b3eab0 - 	at org.pentaho.di.core.database.Database.connect(Database.java:350)
2026/06/30 14:15:06 - org.pentaho.di.trans.steps.tableinput.TableInputMeta@66b3eab0 - 	at org.pentaho.di.trans.steps.tableinput.TableInputMeta.getFields(TableInputMeta.java:253)
2026/06/30 14:15:06 - org.pentaho.di.trans.steps.tableinput.TableInputMeta@66b3eab0 - 	... 30 more
2026/06/30 14:15:06 - org.pentaho.di.trans.steps.tableinput.TableInputMeta@66b3eab0 - Caused by: org.pentaho.di.core.exception.KettleDatabaseException: 
2026/06/30 14:15:06 - org.pentaho.di.trans.steps.tableinput.TableInputMeta@66b3eab0 - Connection failed. Verify all connection parameters and confirm that the appropriate driver is installed.
2026/06/30 14:15:06 - org.pentaho.di.trans.steps.tableinput.TableInputMeta@66b3eab0 - El intento de conexión falló.
2026/06/30 14:15:06 - org.pentaho.di.trans.steps.tableinput.TableInputMeta@66b3eab0 - 
2026/06/30 14:15:06 - org.pentaho.di.trans.steps.tableinput.TableInputMeta@66b3eab0 - 	at org.pentaho.di.core.database.Database.connectUsingClass(Database.java:605)
2026/06/30 14:15:06 - org.pentaho.di.trans.steps.tableinput.TableInputMeta@66b3eab0 - 	at org.pentaho.di.core.database.Database.normalConnect(Database.java:481)
2026/06/30 14:15:06 - org.pentaho.di.trans.steps.tableinput.TableInputMeta@66b3eab0 - 	... 34 more
2026/06/30 14:15:06 - org.pentaho.di.trans.steps.tableinput.TableInputMeta@66b3eab0 - Caused by: org.postgresql.util.PSQLException: El intento de conexión falló.
2026/06/30 14:15:06 - org.pentaho.di.trans.steps.tableinput.TableInputMeta@66b3eab0 - 	at org.postgresql.core.v3.ConnectionFactoryImpl.openConnectionImpl(ConnectionFactoryImpl.java:315)
2026/06/30 14:15:06 - org.pentaho.di.trans.steps.tableinput.TableInputMeta@66b3eab0 - 	at org.postgresql.core.ConnectionFactory.openConnection(ConnectionFactory.java:51)
2026/06/30 14:15:06 - org.pentaho.di.trans.steps.tableinput.TableInputMeta@66b3eab0 - 	at org.postgresql.jdbc.PgConnection.<init>(PgConnection.java:223)
2026/06/30 14:15:06 - org.pentaho.di.trans.steps.tableinput.TableInputMeta@66b3eab0 - 	at org.postgresql.Driver.makeConnection(Driver.java:465)
2026/06/30 14:15:06 - org.pentaho.di.trans.steps.tableinput.TableInputMeta@66b3eab0 - 	at org.postgresql.Driver.connect(Driver.java:264)
2026/06/30 14:15:06 - org.pentaho.di.trans.steps.tableinput.TableInputMeta@66b3eab0 - 	at java.sql/java.sql.DriverManager.getConnection(DriverManager.java:683)
2026/06/30 14:15:06 - org.pentaho.di.trans.steps.tableinput.TableInputMeta@66b3eab0 - 	at java.sql/java.sql.DriverManager.getConnection(DriverManager.java:191)
2026/06/30 14:15:06 - org.pentaho.di.trans.steps.tableinput.TableInputMeta@66b3eab0 - 	at org.pentaho.di.core.database.Database.connectUsingClass(Database.java:589)
2026/06/30 14:15:06 - org.pentaho.di.trans.steps.tableinput.TableInputMeta@66b3eab0 - 	... 35 more
2026/06/30 14:15:06 - org.pentaho.di.trans.steps.tableinput.TableInputMeta@66b3eab0 - Caused by: java.net.UnknownHostException: db_seguros
2026/06/30 14:15:06 - org.pentaho.di.trans.steps.tableinput.TableInputMeta@66b3eab0 - 	at java.base/sun.nio.ch.NioSocketImpl.connect(NioSocketImpl.java:560)
2026/06/30 14:15:06 - org.pentaho.di.trans.steps.tableinput.TableInputMeta@66b3eab0 - 	at java.base/java.net.SocksSocketImpl.connect(SocksSocketImpl.java:327)
2026/06/30 14:15:06 - org.pentaho.di.trans.steps.tableinput.TableInputMeta@66b3eab0 - 	at java.base/java.net.Socket.connect(Socket.java:666)
2026/06/30 14:15:06 - org.pentaho.di.trans.steps.tableinput.TableInputMeta@66b3eab0 - 	at org.postgresql.core.PGStream.createSocket(PGStream.java:231)
2026/06/30 14:15:06 - org.pentaho.di.trans.steps.tableinput.TableInputMeta@66b3eab0 - 	at org.postgresql.core.PGStream.<init>(PGStream.java:95)
2026/06/30 14:15:06 - org.pentaho.di.trans.steps.tableinput.TableInputMeta@66b3eab0 - 	at org.postgresql.core.v3.ConnectionFactoryImpl.tryConnect(ConnectionFactoryImpl.java:98)
2026/06/30 14:15:06 - org.pentaho.di.trans.steps.tableinput.TableInputMeta@66b3eab0 - 	at org.postgresql.core.v3.ConnectionFactoryImpl.openConnectionImpl(ConnectionFactoryImpl.java:213)
2026/06/30 14:15:06 - org.pentaho.di.trans.steps.tableinput.TableInputMeta@66b3eab0 - 	... 42 more
2026/06/30 14:15:18 - org.pentaho.di.trans.steps.tableinput.TableInputMeta@7699e60a - ERROR (version 9.4.0.0-343, build 0.0 from 2022-11-08 07.50.27 by buildguy) : Unexpected error fetching row meta data.
2026/06/30 14:15:18 - org.pentaho.di.trans.steps.tableinput.TableInputMeta@7699e60a - ERROR (version 9.4.0.0-343, build 0.0 from 2022-11-08 07.50.27 by buildguy) : org.pentaho.di.core.exception.KettleStepException: 
2026/06/30 14:15:18 - org.pentaho.di.trans.steps.tableinput.TableInputMeta@7699e60a - Unable to get queryfields for SQL: 
2026/06/30 14:15:18 - org.pentaho.di.trans.steps.tableinput.TableInputMeta@7699e60a - SELECT
  sk_dim_cliente
, cod_cliente
FROM seguro_dw_g26473471.dim_cliente

2026/06/30 14:15:18 - org.pentaho.di.trans.steps.tableinput.TableInputMeta@7699e60a - 
2026/06/30 14:15:18 - org.pentaho.di.trans.steps.tableinput.TableInputMeta@7699e60a - Error occurred while trying to connect to the database
2026/06/30 14:15:18 - org.pentaho.di.trans.steps.tableinput.TableInputMeta@7699e60a - 
2026/06/30 14:15:18 - org.pentaho.di.trans.steps.tableinput.TableInputMeta@7699e60a - Connection failed. Verify all connection parameters and confirm that the appropriate driver is installed.
2026/06/30 14:15:18 - org.pentaho.di.trans.steps.tableinput.TableInputMeta@7699e60a - El intento de conexión falló.
2026/06/30 14:15:18 - org.pentaho.di.trans.steps.tableinput.TableInputMeta@7699e60a - 
2026/06/30 14:15:18 - org.pentaho.di.trans.steps.tableinput.TableInputMeta@7699e60a - 
2026/06/30 14:15:18 - org.pentaho.di.trans.steps.tableinput.TableInputMeta@7699e60a - 
2026/06/30 14:15:18 - org.pentaho.di.trans.steps.tableinput.TableInputMeta@7699e60a - 	at org.pentaho.di.trans.steps.tableinput.TableInputMeta.getFields(TableInputMeta.java:275)
2026/06/30 14:15:18 - org.pentaho.di.trans.steps.tableinput.TableInputMeta@7699e60a - 	at org.pentaho.di.trans.TransMeta.getThisStepFields(TransMeta.java:2055)
2026/06/30 14:15:18 - org.pentaho.di.trans.steps.tableinput.TableInputMeta@7699e60a - 	at org.pentaho.di.trans.TransMeta.getStepFields(TransMeta.java:1873)
2026/06/30 14:15:18 - org.pentaho.di.trans.steps.tableinput.TableInputMeta@7699e60a - 	at org.pentaho.di.trans.TransMeta.getStepFields(TransMeta.java:1770)
2026/06/30 14:15:18 - org.pentaho.di.trans.steps.tableinput.TableInputMeta@7699e60a - 	at org.pentaho.di.trans.steps.tableinput.TableInputMeta.updateCachedRowMeta(TableInputMeta.java:340)
2026/06/30 14:15:18 - org.pentaho.di.trans.steps.tableinput.TableInputMeta@7699e60a - 	at org.pentaho.di.ui.trans.steps.tableinput.TableInputDialog.ok(TableInputDialog.java:566)
2026/06/30 14:15:18 - org.pentaho.di.trans.steps.tableinput.TableInputMeta@7699e60a - 	at org.pentaho.di.ui.trans.steps.tableinput.TableInputDialog.access$400(TableInputDialog.java:79)
2026/06/30 14:15:18 - org.pentaho.di.trans.steps.tableinput.TableInputMeta@7699e60a - 	at org.pentaho.di.ui.trans.steps.tableinput.TableInputDialog$12.handleEvent(TableInputDialog.java:417)
2026/06/30 14:15:18 - org.pentaho.di.trans.steps.tableinput.TableInputMeta@7699e60a - 	at org.eclipse.swt.widgets.EventTable.sendEvent(EventTable.java:89)
2026/06/30 14:15:18 - org.pentaho.di.trans.steps.tableinput.TableInputMeta@7699e60a - 	at org.eclipse.swt.widgets.Display.sendEvent(Display.java:4209)
2026/06/30 14:15:18 - org.pentaho.di.trans.steps.tableinput.TableInputMeta@7699e60a - 	at org.eclipse.swt.widgets.Widget.sendEvent(Widget.java:1037)
2026/06/30 14:15:18 - org.pentaho.di.trans.steps.tableinput.TableInputMeta@7699e60a - 	at org.eclipse.swt.widgets.Display.runDeferredEvents(Display.java:4026)
2026/06/30 14:15:18 - org.pentaho.di.trans.steps.tableinput.TableInputMeta@7699e60a - 	at org.eclipse.swt.widgets.Display.readAndDispatch(Display.java:3626)
2026/06/30 14:15:18 - org.pentaho.di.trans.steps.tableinput.TableInputMeta@7699e60a - 	at org.pentaho.di.ui.trans.steps.tableinput.TableInputDialog.open(TableInputDialog.java:463)
2026/06/30 14:15:18 - org.pentaho.di.trans.steps.tableinput.TableInputMeta@7699e60a - 	at org.pentaho.di.ui.spoon.delegates.SpoonStepsDelegate.editStep(SpoonStepsDelegate.java:120)
2026/06/30 14:15:18 - org.pentaho.di.trans.steps.tableinput.TableInputMeta@7699e60a - 	at org.pentaho.di.ui.spoon.Spoon.editStep(Spoon.java:9025)
2026/06/30 14:15:18 - org.pentaho.di.trans.steps.tableinput.TableInputMeta@7699e60a - 	at org.pentaho.di.ui.spoon.trans.TransGraph.editStep(TransGraph.java:3286)
2026/06/30 14:15:18 - org.pentaho.di.trans.steps.tableinput.TableInputMeta@7699e60a - 	at org.pentaho.di.ui.spoon.trans.TransGraph.mouseDoubleClick(TransGraph.java:784)
2026/06/30 14:15:18 - org.pentaho.di.trans.steps.tableinput.TableInputMeta@7699e60a - 	at org.eclipse.swt.widgets.TypedListener.handleEvent(TypedListener.java:200)
2026/06/30 14:15:18 - org.pentaho.di.trans.steps.tableinput.TableInputMeta@7699e60a - 	at org.eclipse.swt.widgets.EventTable.sendEvent(EventTable.java:89)
2026/06/30 14:15:18 - org.pentaho.di.trans.steps.tableinput.TableInputMeta@7699e60a - 	at org.eclipse.swt.widgets.Display.sendEvent(Display.java:4209)
2026/06/30 14:15:18 - org.pentaho.di.trans.steps.tableinput.TableInputMeta@7699e60a - 	at org.eclipse.swt.widgets.Widget.sendEvent(Widget.java:1037)
2026/06/30 14:15:18 - org.pentaho.di.trans.steps.tableinput.TableInputMeta@7699e60a - 	at org.eclipse.swt.widgets.Display.runDeferredEvents(Display.java:4026)
2026/06/30 14:15:18 - org.pentaho.di.trans.steps.tableinput.TableInputMeta@7699e60a - 	at org.eclipse.swt.widgets.Display.readAndDispatch(Display.java:3626)
2026/06/30 14:15:18 - org.pentaho.di.trans.steps.tableinput.TableInputMeta@7699e60a - 	at org.pentaho.di.ui.spoon.Spoon.readAndDispatch(Spoon.java:1432)
2026/06/30 14:15:18 - org.pentaho.di.trans.steps.tableinput.TableInputMeta@7699e60a - 	at org.pentaho.di.ui.spoon.Spoon.waitForDispose(Spoon.java:8160)
2026/06/30 14:15:18 - org.pentaho.di.trans.steps.tableinput.TableInputMeta@7699e60a - 	at org.pentaho.di.ui.spoon.Spoon.start(Spoon.java:9542)
2026/06/30 14:15:18 - org.pentaho.di.trans.steps.tableinput.TableInputMeta@7699e60a - 	at org.pentaho.di.ui.spoon.Spoon.main(Spoon.java:722)
2026/06/30 14:15:18 - org.pentaho.di.trans.steps.tableinput.TableInputMeta@7699e60a - 	at java.base/jdk.internal.reflect.DirectMethodHandleAccessor.invoke(DirectMethodHandleAccessor.java:104)
2026/06/30 14:15:18 - org.pentaho.di.trans.steps.tableinput.TableInputMeta@7699e60a - 	at java.base/java.lang.reflect.Method.invoke(Method.java:578)
2026/06/30 14:15:18 - org.pentaho.di.trans.steps.tableinput.TableInputMeta@7699e60a - 	at org.pentaho.commons.launcher.Launcher.main(Launcher.java:92)
2026/06/30 14:15:18 - org.pentaho.di.trans.steps.tableinput.TableInputMeta@7699e60a - Caused by: org.pentaho.di.core.exception.KettleDatabaseException: 
2026/06/30 14:15:18 - org.pentaho.di.trans.steps.tableinput.TableInputMeta@7699e60a - Error occurred while trying to connect to the database
2026/06/30 14:15:18 - org.pentaho.di.trans.steps.tableinput.TableInputMeta@7699e60a - 
2026/06/30 14:15:18 - org.pentaho.di.trans.steps.tableinput.TableInputMeta@7699e60a - Connection failed. Verify all connection parameters and confirm that the appropriate driver is installed.
2026/06/30 14:15:18 - org.pentaho.di.trans.steps.tableinput.TableInputMeta@7699e60a - El intento de conexión falló.
2026/06/30 14:15:18 - org.pentaho.di.trans.steps.tableinput.TableInputMeta@7699e60a - 
2026/06/30 14:15:18 - org.pentaho.di.trans.steps.tableinput.TableInputMeta@7699e60a - 
2026/06/30 14:15:18 - org.pentaho.di.trans.steps.tableinput.TableInputMeta@7699e60a - 	at org.pentaho.di.core.database.Database.normalConnect(Database.java:497)
2026/06/30 14:15:18 - org.pentaho.di.trans.steps.tableinput.TableInputMeta@7699e60a - 	at org.pentaho.di.core.database.Database.connect(Database.java:389)
2026/06/30 14:15:18 - org.pentaho.di.trans.steps.tableinput.TableInputMeta@7699e60a - 	at org.pentaho.di.core.database.Database.connect(Database.java:360)
2026/06/30 14:15:18 - org.pentaho.di.trans.steps.tableinput.TableInputMeta@7699e60a - 	at org.pentaho.di.core.database.Database.connect(Database.java:350)
2026/06/30 14:15:18 - org.pentaho.di.trans.steps.tableinput.TableInputMeta@7699e60a - 	at org.pentaho.di.trans.steps.tableinput.TableInputMeta.getFields(TableInputMeta.java:253)
2026/06/30 14:15:18 - org.pentaho.di.trans.steps.tableinput.TableInputMeta@7699e60a - 	... 30 more
2026/06/30 14:15:18 - org.pentaho.di.trans.steps.tableinput.TableInputMeta@7699e60a - Caused by: org.pentaho.di.core.exception.KettleDatabaseException: 
2026/06/30 14:15:18 - org.pentaho.di.trans.steps.tableinput.TableInputMeta@7699e60a - Connection failed. Verify all connection parameters and confirm that the appropriate driver is installed.
2026/06/30 14:15:18 - org.pentaho.di.trans.steps.tableinput.TableInputMeta@7699e60a - El intento de conexión falló.
2026/06/30 14:15:18 - org.pentaho.di.trans.steps.tableinput.TableInputMeta@7699e60a - 
2026/06/30 14:15:18 - org.pentaho.di.trans.steps.tableinput.TableInputMeta@7699e60a - 	at org.pentaho.di.core.database.Database.connectUsingClass(Database.java:605)
2026/06/30 14:15:18 - org.pentaho.di.trans.steps.tableinput.TableInputMeta@7699e60a - 	at org.pentaho.di.core.database.Database.normalConnect(Database.java:481)
2026/06/30 14:15:18 - org.pentaho.di.trans.steps.tableinput.TableInputMeta@7699e60a - 	... 34 more
2026/06/30 14:15:18 - org.pentaho.di.trans.steps.tableinput.TableInputMeta@7699e60a - Caused by: org.postgresql.util.PSQLException: El intento de conexión falló.
2026/06/30 14:15:18 - org.pentaho.di.trans.steps.tableinput.TableInputMeta@7699e60a - 	at org.postgresql.core.v3.ConnectionFactoryImpl.openConnectionImpl(ConnectionFactoryImpl.java:315)
2026/06/30 14:15:18 - org.pentaho.di.trans.steps.tableinput.TableInputMeta@7699e60a - 	at org.postgresql.core.ConnectionFactory.openConnection(ConnectionFactory.java:51)
2026/06/30 14:15:18 - org.pentaho.di.trans.steps.tableinput.TableInputMeta@7699e60a - 	at org.postgresql.jdbc.PgConnection.<init>(PgConnection.java:223)
2026/06/30 14:15:18 - org.pentaho.di.trans.steps.tableinput.TableInputMeta@7699e60a - 	at org.postgresql.Driver.makeConnection(Driver.java:465)
2026/06/30 14:15:18 - org.pentaho.di.trans.steps.tableinput.TableInputMeta@7699e60a - 	at org.postgresql.Driver.connect(Driver.java:264)
2026/06/30 14:15:18 - org.pentaho.di.trans.steps.tableinput.TableInputMeta@7699e60a - 	at java.sql/java.sql.DriverManager.getConnection(DriverManager.java:683)
2026/06/30 14:15:18 - org.pentaho.di.trans.steps.tableinput.TableInputMeta@7699e60a - 	at java.sql/java.sql.DriverManager.getConnection(DriverManager.java:191)
2026/06/30 14:15:18 - org.pentaho.di.trans.steps.tableinput.TableInputMeta@7699e60a - 	at org.pentaho.di.core.database.Database.connectUsingClass(Database.java:589)
2026/06/30 14:15:18 - org.pentaho.di.trans.steps.tableinput.TableInputMeta@7699e60a - 	... 35 more
2026/06/30 14:15:18 - org.pentaho.di.trans.steps.tableinput.TableInputMeta@7699e60a - Caused by: java.net.UnknownHostException: db_seguros
2026/06/30 14:15:18 - org.pentaho.di.trans.steps.tableinput.TableInputMeta@7699e60a - 	at java.base/sun.nio.ch.NioSocketImpl.connect(NioSocketImpl.java:560)
2026/06/30 14:15:18 - org.pentaho.di.trans.steps.tableinput.TableInputMeta@7699e60a - 	at java.base/java.net.SocksSocketImpl.connect(SocksSocketImpl.java:327)
2026/06/30 14:15:18 - org.pentaho.di.trans.steps.tableinput.TableInputMeta@7699e60a - 	at java.base/java.net.Socket.connect(Socket.java:666)
2026/06/30 14:15:18 - org.pentaho.di.trans.steps.tableinput.TableInputMeta@7699e60a - 	at org.postgresql.core.PGStream.createSocket(PGStream.java:231)
2026/06/30 14:15:18 - org.pentaho.di.trans.steps.tableinput.TableInputMeta@7699e60a - 	at org.postgresql.core.PGStream.<init>(PGStream.java:95)
2026/06/30 14:15:18 - org.pentaho.di.trans.steps.tableinput.TableInputMeta@7699e60a - 	at org.postgresql.core.v3.ConnectionFactoryImpl.tryConnect(ConnectionFactoryImpl.java:98)
2026/06/30 14:15:18 - org.pentaho.di.trans.steps.tableinput.TableInputMeta@7699e60a - 	at org.postgresql.core.v3.ConnectionFactoryImpl.openConnectionImpl(ConnectionFactoryImpl.java:213)
2026/06/30 14:15:18 - org.pentaho.di.trans.steps.tableinput.TableInputMeta@7699e60a - 	... 42 more
2026/06/30 14:15:27 - org.pentaho.di.trans.steps.tableinput.TableInputMeta@d1973e8 - ERROR (version 9.4.0.0-343, build 0.0 from 2022-11-08 07.50.27 by buildguy) : Unexpected error fetching row meta data.
2026/06/30 14:15:27 - org.pentaho.di.trans.steps.tableinput.TableInputMeta@d1973e8 - ERROR (version 9.4.0.0-343, build 0.0 from 2022-11-08 07.50.27 by buildguy) : org.pentaho.di.core.exception.KettleStepException: 
2026/06/30 14:15:27 - org.pentaho.di.trans.steps.tableinput.TableInputMeta@d1973e8 - Unable to get queryfields for SQL: 
2026/06/30 14:15:27 - org.pentaho.di.trans.steps.tableinput.TableInputMeta@d1973e8 - SELECT
  sk_dim_evaluacion_servicio
, cod_evaluacion_servicio
FROM seguro_dw_g26473471.dim_evaluacion_servicio

2026/06/30 14:15:27 - org.pentaho.di.trans.steps.tableinput.TableInputMeta@d1973e8 - 
2026/06/30 14:15:27 - org.pentaho.di.trans.steps.tableinput.TableInputMeta@d1973e8 - Error occurred while trying to connect to the database
2026/06/30 14:15:27 - org.pentaho.di.trans.steps.tableinput.TableInputMeta@d1973e8 - 
2026/06/30 14:15:27 - org.pentaho.di.trans.steps.tableinput.TableInputMeta@d1973e8 - Connection failed. Verify all connection parameters and confirm that the appropriate driver is installed.
2026/06/30 14:15:27 - org.pentaho.di.trans.steps.tableinput.TableInputMeta@d1973e8 - El intento de conexión falló.
2026/06/30 14:15:27 - org.pentaho.di.trans.steps.tableinput.TableInputMeta@d1973e8 - 
2026/06/30 14:15:27 - org.pentaho.di.trans.steps.tableinput.TableInputMeta@d1973e8 - 
2026/06/30 14:15:27 - org.pentaho.di.trans.steps.tableinput.TableInputMeta@d1973e8 - 
2026/06/30 14:15:27 - org.pentaho.di.trans.steps.tableinput.TableInputMeta@d1973e8 - 	at org.pentaho.di.trans.steps.tableinput.TableInputMeta.getFields(TableInputMeta.java:275)
2026/06/30 14:15:27 - org.pentaho.di.trans.steps.tableinput.TableInputMeta@d1973e8 - 	at org.pentaho.di.trans.TransMeta.getThisStepFields(TransMeta.java:2055)
2026/06/30 14:15:27 - org.pentaho.di.trans.steps.tableinput.TableInputMeta@d1973e8 - 	at org.pentaho.di.trans.TransMeta.getStepFields(TransMeta.java:1873)
2026/06/30 14:15:27 - org.pentaho.di.trans.steps.tableinput.TableInputMeta@d1973e8 - 	at org.pentaho.di.trans.TransMeta.getStepFields(TransMeta.java:1770)
2026/06/30 14:15:27 - org.pentaho.di.trans.steps.tableinput.TableInputMeta@d1973e8 - 	at org.pentaho.di.trans.steps.tableinput.TableInputMeta.updateCachedRowMeta(TableInputMeta.java:340)
2026/06/30 14:15:27 - org.pentaho.di.trans.steps.tableinput.TableInputMeta@d1973e8 - 	at org.pentaho.di.ui.trans.steps.tableinput.TableInputDialog.ok(TableInputDialog.java:566)
2026/06/30 14:15:27 - org.pentaho.di.trans.steps.tableinput.TableInputMeta@d1973e8 - 	at org.pentaho.di.ui.trans.steps.tableinput.TableInputDialog.access$400(TableInputDialog.java:79)
2026/06/30 14:15:27 - org.pentaho.di.trans.steps.tableinput.TableInputMeta@d1973e8 - 	at org.pentaho.di.ui.trans.steps.tableinput.TableInputDialog$12.handleEvent(TableInputDialog.java:417)
2026/06/30 14:15:27 - org.pentaho.di.trans.steps.tableinput.TableInputMeta@d1973e8 - 	at org.eclipse.swt.widgets.EventTable.sendEvent(EventTable.java:89)
2026/06/30 14:15:27 - org.pentaho.di.trans.steps.tableinput.TableInputMeta@d1973e8 - 	at org.eclipse.swt.widgets.Display.sendEvent(Display.java:4209)
2026/06/30 14:15:27 - org.pentaho.di.trans.steps.tableinput.TableInputMeta@d1973e8 - 	at org.eclipse.swt.widgets.Widget.sendEvent(Widget.java:1037)
2026/06/30 14:15:27 - org.pentaho.di.trans.steps.tableinput.TableInputMeta@d1973e8 - 	at org.eclipse.swt.widgets.Display.runDeferredEvents(Display.java:4026)
2026/06/30 14:15:27 - org.pentaho.di.trans.steps.tableinput.TableInputMeta@d1973e8 - 	at org.eclipse.swt.widgets.Display.readAndDispatch(Display.java:3626)
2026/06/30 14:15:27 - org.pentaho.di.trans.steps.tableinput.TableInputMeta@d1973e8 - 	at org.pentaho.di.ui.trans.steps.tableinput.TableInputDialog.open(TableInputDialog.java:463)
2026/06/30 14:15:27 - org.pentaho.di.trans.steps.tableinput.TableInputMeta@d1973e8 - 	at org.pentaho.di.ui.spoon.delegates.SpoonStepsDelegate.editStep(SpoonStepsDelegate.java:120)
2026/06/30 14:15:27 - org.pentaho.di.trans.steps.tableinput.TableInputMeta@d1973e8 - 	at org.pentaho.di.ui.spoon.Spoon.editStep(Spoon.java:9025)
2026/06/30 14:15:27 - org.pentaho.di.trans.steps.tableinput.TableInputMeta@d1973e8 - 	at org.pentaho.di.ui.spoon.trans.TransGraph.editStep(TransGraph.java:3286)
2026/06/30 14:15:27 - org.pentaho.di.trans.steps.tableinput.TableInputMeta@d1973e8 - 	at org.pentaho.di.ui.spoon.trans.TransGraph.mouseDoubleClick(TransGraph.java:784)
2026/06/30 14:15:27 - org.pentaho.di.trans.steps.tableinput.TableInputMeta@d1973e8 - 	at org.eclipse.swt.widgets.TypedListener.handleEvent(TypedListener.java:200)
2026/06/30 14:15:27 - org.pentaho.di.trans.steps.tableinput.TableInputMeta@d1973e8 - 	at org.eclipse.swt.widgets.EventTable.sendEvent(EventTable.java:89)
2026/06/30 14:15:27 - org.pentaho.di.trans.steps.tableinput.TableInputMeta@d1973e8 - 	at org.eclipse.swt.widgets.Display.sendEvent(Display.java:4209)
2026/06/30 14:15:27 - org.pentaho.di.trans.steps.tableinput.TableInputMeta@d1973e8 - 	at org.eclipse.swt.widgets.Widget.sendEvent(Widget.java:1037)
2026/06/30 14:15:27 - org.pentaho.di.trans.steps.tableinput.TableInputMeta@d1973e8 - 	at org.eclipse.swt.widgets.Display.runDeferredEvents(Display.java:4026)
2026/06/30 14:15:27 - org.pentaho.di.trans.steps.tableinput.TableInputMeta@d1973e8 - 	at org.eclipse.swt.widgets.Display.readAndDispatch(Display.java:3626)
2026/06/30 14:15:27 - org.pentaho.di.trans.steps.tableinput.TableInputMeta@d1973e8 - 	at org.pentaho.di.ui.spoon.Spoon.readAndDispatch(Spoon.java:1432)
2026/06/30 14:15:27 - org.pentaho.di.trans.steps.tableinput.TableInputMeta@d1973e8 - 	at org.pentaho.di.ui.spoon.Spoon.waitForDispose(Spoon.java:8160)
2026/06/30 14:15:27 - org.pentaho.di.trans.steps.tableinput.TableInputMeta@d1973e8 - 	at org.pentaho.di.ui.spoon.Spoon.start(Spoon.java:9542)
2026/06/30 14:15:27 - org.pentaho.di.trans.steps.tableinput.TableInputMeta@d1973e8 - 	at org.pentaho.di.ui.spoon.Spoon.main(Spoon.java:722)
2026/06/30 14:15:27 - org.pentaho.di.trans.steps.tableinput.TableInputMeta@d1973e8 - 	at java.base/jdk.internal.reflect.DirectMethodHandleAccessor.invoke(DirectMethodHandleAccessor.java:104)
2026/06/30 14:15:27 - org.pentaho.di.trans.steps.tableinput.TableInputMeta@d1973e8 - 	at java.base/java.lang.reflect.Method.invoke(Method.java:578)
2026/06/30 14:15:27 - org.pentaho.di.trans.steps.tableinput.TableInputMeta@d1973e8 - 	at org.pentaho.commons.launcher.Launcher.main(Launcher.java:92)
2026/06/30 14:15:27 - org.pentaho.di.trans.steps.tableinput.TableInputMeta@d1973e8 - Caused by: org.pentaho.di.core.exception.KettleDatabaseException: 
2026/06/30 14:15:27 - org.pentaho.di.trans.steps.tableinput.TableInputMeta@d1973e8 - Error occurred while trying to connect to the database
2026/06/30 14:15:27 - org.pentaho.di.trans.steps.tableinput.TableInputMeta@d1973e8 - 
2026/06/30 14:15:27 - org.pentaho.di.trans.steps.tableinput.TableInputMeta@d1973e8 - Connection failed. Verify all connection parameters and confirm that the appropriate driver is installed.
2026/06/30 14:15:27 - org.pentaho.di.trans.steps.tableinput.TableInputMeta@d1973e8 - El intento de conexión falló.
2026/06/30 14:15:27 - org.pentaho.di.trans.steps.tableinput.TableInputMeta@d1973e8 - 
2026/06/30 14:15:27 - org.pentaho.di.trans.steps.tableinput.TableInputMeta@d1973e8 - 
2026/06/30 14:15:27 - org.pentaho.di.trans.steps.tableinput.TableInputMeta@d1973e8 - 	at org.pentaho.di.core.database.Database.normalConnect(Database.java:497)
2026/06/30 14:15:27 - org.pentaho.di.trans.steps.tableinput.TableInputMeta@d1973e8 - 	at org.pentaho.di.core.database.Database.connect(Database.java:389)
2026/06/30 14:15:27 - org.pentaho.di.trans.steps.tableinput.TableInputMeta@d1973e8 - 	at org.pentaho.di.core.database.Database.connect(Database.java:360)
2026/06/30 14:15:27 - org.pentaho.di.trans.steps.tableinput.TableInputMeta@d1973e8 - 	at org.pentaho.di.core.database.Database.connect(Database.java:350)
2026/06/30 14:15:27 - org.pentaho.di.trans.steps.tableinput.TableInputMeta@d1973e8 - 	at org.pentaho.di.trans.steps.tableinput.TableInputMeta.getFields(TableInputMeta.java:253)
2026/06/30 14:15:27 - org.pentaho.di.trans.steps.tableinput.TableInputMeta@d1973e8 - 	... 30 more
2026/06/30 14:15:27 - org.pentaho.di.trans.steps.tableinput.TableInputMeta@d1973e8 - Caused by: org.pentaho.di.core.exception.KettleDatabaseException: 
2026/06/30 14:15:27 - org.pentaho.di.trans.steps.tableinput.TableInputMeta@d1973e8 - Connection failed. Verify all connection parameters and confirm that the appropriate driver is installed.
2026/06/30 14:15:27 - org.pentaho.di.trans.steps.tableinput.TableInputMeta@d1973e8 - El intento de conexión falló.
2026/06/30 14:15:27 - org.pentaho.di.trans.steps.tableinput.TableInputMeta@d1973e8 - 
2026/06/30 14:15:27 - org.pentaho.di.trans.steps.tableinput.TableInputMeta@d1973e8 - 	at org.pentaho.di.core.database.Database.connectUsingClass(Database.java:605)
2026/06/30 14:15:27 - org.pentaho.di.trans.steps.tableinput.TableInputMeta@d1973e8 - 	at org.pentaho.di.core.database.Database.normalConnect(Database.java:481)
2026/06/30 14:15:27 - org.pentaho.di.trans.steps.tableinput.TableInputMeta@d1973e8 - 	... 34 more
2026/06/30 14:15:27 - org.pentaho.di.trans.steps.tableinput.TableInputMeta@d1973e8 - Caused by: org.postgresql.util.PSQLException: El intento de conexión falló.
2026/06/30 14:15:27 - org.pentaho.di.trans.steps.tableinput.TableInputMeta@d1973e8 - 	at org.postgresql.core.v3.ConnectionFactoryImpl.openConnectionImpl(ConnectionFactoryImpl.java:315)
2026/06/30 14:15:27 - org.pentaho.di.trans.steps.tableinput.TableInputMeta@d1973e8 - 	at org.postgresql.core.ConnectionFactory.openConnection(ConnectionFactory.java:51)
2026/06/30 14:15:27 - org.pentaho.di.trans.steps.tableinput.TableInputMeta@d1973e8 - 	at org.postgresql.jdbc.PgConnection.<init>(PgConnection.java:223)
2026/06/30 14:15:27 - org.pentaho.di.trans.steps.tableinput.TableInputMeta@d1973e8 - 	at org.postgresql.Driver.makeConnection(Driver.java:465)
2026/06/30 14:15:27 - org.pentaho.di.trans.steps.tableinput.TableInputMeta@d1973e8 - 	at org.postgresql.Driver.connect(Driver.java:264)
2026/06/30 14:15:27 - org.pentaho.di.trans.steps.tableinput.TableInputMeta@d1973e8 - 	at java.sql/java.sql.DriverManager.getConnection(DriverManager.java:683)
2026/06/30 14:15:27 - org.pentaho.di.trans.steps.tableinput.TableInputMeta@d1973e8 - 	at java.sql/java.sql.DriverManager.getConnection(DriverManager.java:191)
2026/06/30 14:15:27 - org.pentaho.di.trans.steps.tableinput.TableInputMeta@d1973e8 - 	at org.pentaho.di.core.database.Database.connectUsingClass(Database.java:589)
2026/06/30 14:15:27 - org.pentaho.di.trans.steps.tableinput.TableInputMeta@d1973e8 - 	... 35 more
2026/06/30 14:15:27 - org.pentaho.di.trans.steps.tableinput.TableInputMeta@d1973e8 - Caused by: java.net.UnknownHostException: db_seguros
2026/06/30 14:15:27 - org.pentaho.di.trans.steps.tableinput.TableInputMeta@d1973e8 - 	at java.base/sun.nio.ch.NioSocketImpl.connect(NioSocketImpl.java:560)
2026/06/30 14:15:27 - org.pentaho.di.trans.steps.tableinput.TableInputMeta@d1973e8 - 	at java.base/java.net.SocksSocketImpl.connect(SocksSocketImpl.java:327)
2026/06/30 14:15:27 - org.pentaho.di.trans.steps.tableinput.TableInputMeta@d1973e8 - 	at java.base/java.net.Socket.connect(Socket.java:666)
2026/06/30 14:15:27 - org.pentaho.di.trans.steps.tableinput.TableInputMeta@d1973e8 - 	at org.postgresql.core.PGStream.createSocket(PGStream.java:231)
2026/06/30 14:15:27 - org.pentaho.di.trans.steps.tableinput.TableInputMeta@d1973e8 - 	at org.postgresql.core.PGStream.<init>(PGStream.java:95)
2026/06/30 14:15:27 - org.pentaho.di.trans.steps.tableinput.TableInputMeta@d1973e8 - 	at org.postgresql.core.v3.ConnectionFactoryImpl.tryConnect(ConnectionFactoryImpl.java:98)
2026/06/30 14:15:27 - org.pentaho.di.trans.steps.tableinput.TableInputMeta@d1973e8 - 	at org.postgresql.core.v3.ConnectionFactoryImpl.openConnectionImpl(ConnectionFactoryImpl.java:213)
2026/06/30 14:15:27 - org.pentaho.di.trans.steps.tableinput.TableInputMeta@d1973e8 - 	... 42 more
2026/06/30 14:15:37 - org.pentaho.di.trans.steps.tableinput.TableInputMeta@3146f3d7 - ERROR (version 9.4.0.0-343, build 0.0 from 2022-11-08 07.50.27 by buildguy) : Unexpected error fetching row meta data.
2026/06/30 14:15:37 - org.pentaho.di.trans.steps.tableinput.TableInputMeta@3146f3d7 - ERROR (version 9.4.0.0-343, build 0.0 from 2022-11-08 07.50.27 by buildguy) : org.pentaho.di.core.exception.KettleStepException: 
2026/06/30 14:15:37 - org.pentaho.di.trans.steps.tableinput.TableInputMeta@3146f3d7 - Unable to get queryfields for SQL: 
2026/06/30 14:15:37 - org.pentaho.di.trans.steps.tableinput.TableInputMeta@3146f3d7 - SELECT
  sk_dim_tiempo
, fecha_completa
FROM seguro_dw_g26473471.dim_tiempo

2026/06/30 14:15:37 - org.pentaho.di.trans.steps.tableinput.TableInputMeta@3146f3d7 - 
2026/06/30 14:15:37 - org.pentaho.di.trans.steps.tableinput.TableInputMeta@3146f3d7 - Error occurred while trying to connect to the database
2026/06/30 14:15:37 - org.pentaho.di.trans.steps.tableinput.TableInputMeta@3146f3d7 - 
2026/06/30 14:15:37 - org.pentaho.di.trans.steps.tableinput.TableInputMeta@3146f3d7 - Connection failed. Verify all connection parameters and confirm that the appropriate driver is installed.
2026/06/30 14:15:37 - org.pentaho.di.trans.steps.tableinput.TableInputMeta@3146f3d7 - El intento de conexión falló.
2026/06/30 14:15:37 - org.pentaho.di.trans.steps.tableinput.TableInputMeta@3146f3d7 - 
2026/06/30 14:15:37 - org.pentaho.di.trans.steps.tableinput.TableInputMeta@3146f3d7 - 
2026/06/30 14:15:37 - org.pentaho.di.trans.steps.tableinput.TableInputMeta@3146f3d7 - 
2026/06/30 14:15:37 - org.pentaho.di.trans.steps.tableinput.TableInputMeta@3146f3d7 - 	at org.pentaho.di.trans.steps.tableinput.TableInputMeta.getFields(TableInputMeta.java:275)
2026/06/30 14:15:37 - org.pentaho.di.trans.steps.tableinput.TableInputMeta@3146f3d7 - 	at org.pentaho.di.trans.TransMeta.getThisStepFields(TransMeta.java:2055)
2026/06/30 14:15:37 - org.pentaho.di.trans.steps.tableinput.TableInputMeta@3146f3d7 - 	at org.pentaho.di.trans.TransMeta.getStepFields(TransMeta.java:1873)
2026/06/30 14:15:37 - org.pentaho.di.trans.steps.tableinput.TableInputMeta@3146f3d7 - 	at org.pentaho.di.trans.TransMeta.getStepFields(TransMeta.java:1770)
2026/06/30 14:15:37 - org.pentaho.di.trans.steps.tableinput.TableInputMeta@3146f3d7 - 	at org.pentaho.di.trans.steps.tableinput.TableInputMeta.updateCachedRowMeta(TableInputMeta.java:340)
2026/06/30 14:15:37 - org.pentaho.di.trans.steps.tableinput.TableInputMeta@3146f3d7 - 	at org.pentaho.di.ui.trans.steps.tableinput.TableInputDialog.ok(TableInputDialog.java:566)
2026/06/30 14:15:37 - org.pentaho.di.trans.steps.tableinput.TableInputMeta@3146f3d7 - 	at org.pentaho.di.ui.trans.steps.tableinput.TableInputDialog.access$400(TableInputDialog.java:79)
2026/06/30 14:15:37 - org.pentaho.di.trans.steps.tableinput.TableInputMeta@3146f3d7 - 	at org.pentaho.di.ui.trans.steps.tableinput.TableInputDialog$12.handleEvent(TableInputDialog.java:417)
2026/06/30 14:15:37 - org.pentaho.di.trans.steps.tableinput.TableInputMeta@3146f3d7 - 	at org.eclipse.swt.widgets.EventTable.sendEvent(EventTable.java:89)
2026/06/30 14:15:37 - org.pentaho.di.trans.steps.tableinput.TableInputMeta@3146f3d7 - 	at org.eclipse.swt.widgets.Display.sendEvent(Display.java:4209)
2026/06/30 14:15:37 - org.pentaho.di.trans.steps.tableinput.TableInputMeta@3146f3d7 - 	at org.eclipse.swt.widgets.Widget.sendEvent(Widget.java:1037)
2026/06/30 14:15:37 - org.pentaho.di.trans.steps.tableinput.TableInputMeta@3146f3d7 - 	at org.eclipse.swt.widgets.Display.runDeferredEvents(Display.java:4026)
2026/06/30 14:15:37 - org.pentaho.di.trans.steps.tableinput.TableInputMeta@3146f3d7 - 	at org.eclipse.swt.widgets.Display.readAndDispatch(Display.java:3626)
2026/06/30 14:15:37 - org.pentaho.di.trans.steps.tableinput.TableInputMeta@3146f3d7 - 	at org.pentaho.di.ui.trans.steps.tableinput.TableInputDialog.open(TableInputDialog.java:463)
2026/06/30 14:15:37 - org.pentaho.di.trans.steps.tableinput.TableInputMeta@3146f3d7 - 	at org.pentaho.di.ui.spoon.delegates.SpoonStepsDelegate.editStep(SpoonStepsDelegate.java:120)
2026/06/30 14:15:37 - org.pentaho.di.trans.steps.tableinput.TableInputMeta@3146f3d7 - 	at org.pentaho.di.ui.spoon.Spoon.editStep(Spoon.java:9025)
2026/06/30 14:15:37 - org.pentaho.di.trans.steps.tableinput.TableInputMeta@3146f3d7 - 	at org.pentaho.di.ui.spoon.trans.TransGraph.editStep(TransGraph.java:3286)
2026/06/30 14:15:37 - org.pentaho.di.trans.steps.tableinput.TableInputMeta@3146f3d7 - 	at org.pentaho.di.ui.spoon.trans.TransGraph.mouseDoubleClick(TransGraph.java:784)
2026/06/30 14:15:37 - org.pentaho.di.trans.steps.tableinput.TableInputMeta@3146f3d7 - 	at org.eclipse.swt.widgets.TypedListener.handleEvent(TypedListener.java:200)
2026/06/30 14:15:37 - org.pentaho.di.trans.steps.tableinput.TableInputMeta@3146f3d7 - 	at org.eclipse.swt.widgets.EventTable.sendEvent(EventTable.java:89)
2026/06/30 14:15:37 - org.pentaho.di.trans.steps.tableinput.TableInputMeta@3146f3d7 - 	at org.eclipse.swt.widgets.Display.sendEvent(Display.java:4209)
2026/06/30 14:15:37 - org.pentaho.di.trans.steps.tableinput.TableInputMeta@3146f3d7 - 	at org.eclipse.swt.widgets.Widget.sendEvent(Widget.java:1037)
2026/06/30 14:15:37 - org.pentaho.di.trans.steps.tableinput.TableInputMeta@3146f3d7 - 	at org.eclipse.swt.widgets.Display.runDeferredEvents(Display.java:4026)
2026/06/30 14:15:37 - org.pentaho.di.trans.steps.tableinput.TableInputMeta@3146f3d7 - 	at org.eclipse.swt.widgets.Display.readAndDispatch(Display.java:3626)
2026/06/30 14:15:37 - org.pentaho.di.trans.steps.tableinput.TableInputMeta@3146f3d7 - 	at org.pentaho.di.ui.spoon.Spoon.readAndDispatch(Spoon.java:1432)
2026/06/30 14:15:37 - org.pentaho.di.trans.steps.tableinput.TableInputMeta@3146f3d7 - 	at org.pentaho.di.ui.spoon.Spoon.waitForDispose(Spoon.java:8160)
2026/06/30 14:15:37 - org.pentaho.di.trans.steps.tableinput.TableInputMeta@3146f3d7 - 	at org.pentaho.di.ui.spoon.Spoon.start(Spoon.java:9542)
2026/06/30 14:15:37 - org.pentaho.di.trans.steps.tableinput.TableInputMeta@3146f3d7 - 	at org.pentaho.di.ui.spoon.Spoon.main(Spoon.java:722)
2026/06/30 14:15:37 - org.pentaho.di.trans.steps.tableinput.TableInputMeta@3146f3d7 - 	at java.base/jdk.internal.reflect.DirectMethodHandleAccessor.invoke(DirectMethodHandleAccessor.java:104)
2026/06/30 14:15:37 - org.pentaho.di.trans.steps.tableinput.TableInputMeta@3146f3d7 - 	at java.base/java.lang.reflect.Method.invoke(Method.java:578)
2026/06/30 14:15:37 - org.pentaho.di.trans.steps.tableinput.TableInputMeta@3146f3d7 - 	at org.pentaho.commons.launcher.Launcher.main(Launcher.java:92)
2026/06/30 14:15:37 - org.pentaho.di.trans.steps.tableinput.TableInputMeta@3146f3d7 - Caused by: org.pentaho.di.core.exception.KettleDatabaseException: 
2026/06/30 14:15:37 - org.pentaho.di.trans.steps.tableinput.TableInputMeta@3146f3d7 - Error occurred while trying to connect to the database
2026/06/30 14:15:37 - org.pentaho.di.trans.steps.tableinput.TableInputMeta@3146f3d7 - 
2026/06/30 14:15:37 - org.pentaho.di.trans.steps.tableinput.TableInputMeta@3146f3d7 - Connection failed. Verify all connection parameters and confirm that the appropriate driver is installed.
2026/06/30 14:15:37 - org.pentaho.di.trans.steps.tableinput.TableInputMeta@3146f3d7 - El intento de conexión falló.
2026/06/30 14:15:37 - org.pentaho.di.trans.steps.tableinput.TableInputMeta@3146f3d7 - 
2026/06/30 14:15:37 - org.pentaho.di.trans.steps.tableinput.TableInputMeta@3146f3d7 - 
2026/06/30 14:15:37 - org.pentaho.di.trans.steps.tableinput.TableInputMeta@3146f3d7 - 	at org.pentaho.di.core.database.Database.normalConnect(Database.java:497)
2026/06/30 14:15:37 - org.pentaho.di.trans.steps.tableinput.TableInputMeta@3146f3d7 - 	at org.pentaho.di.core.database.Database.connect(Database.java:389)
2026/06/30 14:15:37 - org.pentaho.di.trans.steps.tableinput.TableInputMeta@3146f3d7 - 	at org.pentaho.di.core.database.Database.connect(Database.java:360)
2026/06/30 14:15:37 - org.pentaho.di.trans.steps.tableinput.TableInputMeta@3146f3d7 - 	at org.pentaho.di.core.database.Database.connect(Database.java:350)
2026/06/30 14:15:37 - org.pentaho.di.trans.steps.tableinput.TableInputMeta@3146f3d7 - 	at org.pentaho.di.trans.steps.tableinput.TableInputMeta.getFields(TableInputMeta.java:253)
2026/06/30 14:15:37 - org.pentaho.di.trans.steps.tableinput.TableInputMeta@3146f3d7 - 	... 30 more
2026/06/30 14:15:37 - org.pentaho.di.trans.steps.tableinput.TableInputMeta@3146f3d7 - Caused by: org.pentaho.di.core.exception.KettleDatabaseException: 
2026/06/30 14:15:37 - org.pentaho.di.trans.steps.tableinput.TableInputMeta@3146f3d7 - Connection failed. Verify all connection parameters and confirm that the appropriate driver is installed.
2026/06/30 14:15:37 - org.pentaho.di.trans.steps.tableinput.TableInputMeta@3146f3d7 - El intento de conexión falló.
2026/06/30 14:15:37 - org.pentaho.di.trans.steps.tableinput.TableInputMeta@3146f3d7 - 
2026/06/30 14:15:37 - org.pentaho.di.trans.steps.tableinput.TableInputMeta@3146f3d7 - 	at org.pentaho.di.core.database.Database.connectUsingClass(Database.java:605)
2026/06/30 14:15:37 - org.pentaho.di.trans.steps.tableinput.TableInputMeta@3146f3d7 - 	at org.pentaho.di.core.database.Database.normalConnect(Database.java:481)
2026/06/30 14:15:37 - org.pentaho.di.trans.steps.tableinput.TableInputMeta@3146f3d7 - 	... 34 more
2026/06/30 14:15:37 - org.pentaho.di.trans.steps.tableinput.TableInputMeta@3146f3d7 - Caused by: org.postgresql.util.PSQLException: El intento de conexión falló.
2026/06/30 14:15:37 - org.pentaho.di.trans.steps.tableinput.TableInputMeta@3146f3d7 - 	at org.postgresql.core.v3.ConnectionFactoryImpl.openConnectionImpl(ConnectionFactoryImpl.java:315)
2026/06/30 14:15:37 - org.pentaho.di.trans.steps.tableinput.TableInputMeta@3146f3d7 - 	at org.postgresql.core.ConnectionFactory.openConnection(ConnectionFactory.java:51)
2026/06/30 14:15:37 - org.pentaho.di.trans.steps.tableinput.TableInputMeta@3146f3d7 - 	at org.postgresql.jdbc.PgConnection.<init>(PgConnection.java:223)
2026/06/30 14:15:37 - org.pentaho.di.trans.steps.tableinput.TableInputMeta@3146f3d7 - 	at org.postgresql.Driver.makeConnection(Driver.java:465)
2026/06/30 14:15:37 - org.pentaho.di.trans.steps.tableinput.TableInputMeta@3146f3d7 - 	at org.postgresql.Driver.connect(Driver.java:264)
2026/06/30 14:15:37 - org.pentaho.di.trans.steps.tableinput.TableInputMeta@3146f3d7 - 	at java.sql/java.sql.DriverManager.getConnection(DriverManager.java:683)
2026/06/30 14:15:37 - org.pentaho.di.trans.steps.tableinput.TableInputMeta@3146f3d7 - 	at java.sql/java.sql.DriverManager.getConnection(DriverManager.java:191)
2026/06/30 14:15:37 - org.pentaho.di.trans.steps.tableinput.TableInputMeta@3146f3d7 - 	at org.pentaho.di.core.database.Database.connectUsingClass(Database.java:589)
2026/06/30 14:15:37 - org.pentaho.di.trans.steps.tableinput.TableInputMeta@3146f3d7 - 	... 35 more
2026/06/30 14:15:37 - org.pentaho.di.trans.steps.tableinput.TableInputMeta@3146f3d7 - Caused by: java.net.UnknownHostException: db_seguros
2026/06/30 14:15:37 - org.pentaho.di.trans.steps.tableinput.TableInputMeta@3146f3d7 - 	at java.base/sun.nio.ch.NioSocketImpl.connect(NioSocketImpl.java:560)
2026/06/30 14:15:37 - org.pentaho.di.trans.steps.tableinput.TableInputMeta@3146f3d7 - 	at java.base/java.net.SocksSocketImpl.connect(SocksSocketImpl.java:327)
2026/06/30 14:15:37 - org.pentaho.di.trans.steps.tableinput.TableInputMeta@3146f3d7 - 	at java.base/java.net.Socket.connect(Socket.java:666)
2026/06/30 14:15:37 - org.pentaho.di.trans.steps.tableinput.TableInputMeta@3146f3d7 - 	at org.postgresql.core.PGStream.createSocket(PGStream.java:231)
2026/06/30 14:15:37 - org.pentaho.di.trans.steps.tableinput.TableInputMeta@3146f3d7 - 	at org.postgresql.core.PGStream.<init>(PGStream.java:95)
2026/06/30 14:15:37 - org.pentaho.di.trans.steps.tableinput.TableInputMeta@3146f3d7 - 	at org.postgresql.core.v3.ConnectionFactoryImpl.tryConnect(ConnectionFactoryImpl.java:98)
2026/06/30 14:15:37 - org.pentaho.di.trans.steps.tableinput.TableInputMeta@3146f3d7 - 	at org.postgresql.core.v3.ConnectionFactoryImpl.openConnectionImpl(ConnectionFactoryImpl.java:213)
2026/06/30 14:15:37 - org.pentaho.di.trans.steps.tableinput.TableInputMeta@3146f3d7 - 	... 42 more
2026/06/30 14:15:42 - org.pentaho.di.trans.steps.tableoutput.TableOutputMeta@2ecd2aa4 - ERROR (version 9.4.0.0-343, build 0.0 from 2022-11-08 07.50.27 by buildguy) : Unable to get fields from previous steps because of an error
2026/06/30 14:15:54 - org.pentaho.di.trans.steps.tableinput.TableInputMeta@3146f3d7 - ERROR (version 9.4.0.0-343, build 0.0 from 2022-11-08 07.50.27 by buildguy) : Unexpected error fetching row meta data.
2026/06/30 14:15:54 - org.pentaho.di.trans.steps.tableinput.TableInputMeta@3146f3d7 - ERROR (version 9.4.0.0-343, build 0.0 from 2022-11-08 07.50.27 by buildguy) : org.pentaho.di.core.exception.KettleStepException: 
2026/06/30 14:15:54 - org.pentaho.di.trans.steps.tableinput.TableInputMeta@3146f3d7 - Unable to get queryfields for SQL: 
2026/06/30 14:15:54 - org.pentaho.di.trans.steps.tableinput.TableInputMeta@3146f3d7 - SELECT
  sk_dim_tiempo
, fecha_completa
FROM seguro_dw_g26473471.dim_tiempo

2026/06/30 14:15:54 - org.pentaho.di.trans.steps.tableinput.TableInputMeta@3146f3d7 - 
2026/06/30 14:15:54 - org.pentaho.di.trans.steps.tableinput.TableInputMeta@3146f3d7 - Error occurred while trying to connect to the database
2026/06/30 14:15:54 - org.pentaho.di.trans.steps.tableinput.TableInputMeta@3146f3d7 - 
2026/06/30 14:15:54 - org.pentaho.di.trans.steps.tableinput.TableInputMeta@3146f3d7 - Connection failed. Verify all connection parameters and confirm that the appropriate driver is installed.
2026/06/30 14:15:54 - org.pentaho.di.trans.steps.tableinput.TableInputMeta@3146f3d7 - El intento de conexión falló.
2026/06/30 14:15:54 - org.pentaho.di.trans.steps.tableinput.TableInputMeta@3146f3d7 - 
2026/06/30 14:15:54 - org.pentaho.di.trans.steps.tableinput.TableInputMeta@3146f3d7 - 
2026/06/30 14:15:54 - org.pentaho.di.trans.steps.tableinput.TableInputMeta@3146f3d7 - 
2026/06/30 14:15:54 - org.pentaho.di.trans.steps.tableinput.TableInputMeta@3146f3d7 - 	at org.pentaho.di.trans.steps.tableinput.TableInputMeta.getFields(TableInputMeta.java:275)
2026/06/30 14:15:54 - org.pentaho.di.trans.steps.tableinput.TableInputMeta@3146f3d7 - 	at org.pentaho.di.trans.TransMeta.getThisStepFields(TransMeta.java:2055)
2026/06/30 14:15:54 - org.pentaho.di.trans.steps.tableinput.TableInputMeta@3146f3d7 - 	at org.pentaho.di.trans.TransMeta.getStepFields(TransMeta.java:1873)
2026/06/30 14:15:54 - org.pentaho.di.trans.steps.tableinput.TableInputMeta@3146f3d7 - 	at org.pentaho.di.trans.TransMeta.getStepFields(TransMeta.java:1770)
2026/06/30 14:15:54 - org.pentaho.di.trans.steps.tableinput.TableInputMeta@3146f3d7 - 	at org.pentaho.di.trans.steps.tableinput.TableInputMeta.updateCachedRowMeta(TableInputMeta.java:340)
2026/06/30 14:15:54 - org.pentaho.di.trans.steps.tableinput.TableInputMeta@3146f3d7 - 	at org.pentaho.di.ui.trans.steps.tableinput.TableInputDialog.ok(TableInputDialog.java:566)
2026/06/30 14:15:54 - org.pentaho.di.trans.steps.tableinput.TableInputMeta@3146f3d7 - 	at org.pentaho.di.ui.trans.steps.tableinput.TableInputDialog.access$400(TableInputDialog.java:79)
2026/06/30 14:15:54 - org.pentaho.di.trans.steps.tableinput.TableInputMeta@3146f3d7 - 	at org.pentaho.di.ui.trans.steps.tableinput.TableInputDialog$12.handleEvent(TableInputDialog.java:417)
2026/06/30 14:15:54 - org.pentaho.di.trans.steps.tableinput.TableInputMeta@3146f3d7 - 	at org.eclipse.swt.widgets.EventTable.sendEvent(EventTable.java:89)
2026/06/30 14:15:54 - org.pentaho.di.trans.steps.tableinput.TableInputMeta@3146f3d7 - 	at org.eclipse.swt.widgets.Display.sendEvent(Display.java:4209)
2026/06/30 14:15:54 - org.pentaho.di.trans.steps.tableinput.TableInputMeta@3146f3d7 - 	at org.eclipse.swt.widgets.Widget.sendEvent(Widget.java:1037)
2026/06/30 14:15:54 - org.pentaho.di.trans.steps.tableinput.TableInputMeta@3146f3d7 - 	at org.eclipse.swt.widgets.Display.runDeferredEvents(Display.java:4026)
2026/06/30 14:15:54 - org.pentaho.di.trans.steps.tableinput.TableInputMeta@3146f3d7 - 	at org.eclipse.swt.widgets.Display.readAndDispatch(Display.java:3626)
2026/06/30 14:15:54 - org.pentaho.di.trans.steps.tableinput.TableInputMeta@3146f3d7 - 	at org.pentaho.di.ui.trans.steps.tableinput.TableInputDialog.open(TableInputDialog.java:463)
2026/06/30 14:15:54 - org.pentaho.di.trans.steps.tableinput.TableInputMeta@3146f3d7 - 	at org.pentaho.di.ui.spoon.delegates.SpoonStepsDelegate.editStep(SpoonStepsDelegate.java:120)
2026/06/30 14:15:54 - org.pentaho.di.trans.steps.tableinput.TableInputMeta@3146f3d7 - 	at org.pentaho.di.ui.spoon.Spoon.editStep(Spoon.java:9025)
2026/06/30 14:15:54 - org.pentaho.di.trans.steps.tableinput.TableInputMeta@3146f3d7 - 	at org.pentaho.di.ui.spoon.trans.TransGraph.editStep(TransGraph.java:3286)
2026/06/30 14:15:54 - org.pentaho.di.trans.steps.tableinput.TableInputMeta@3146f3d7 - 	at org.pentaho.di.ui.spoon.trans.TransGraph.mouseDoubleClick(TransGraph.java:784)
2026/06/30 14:15:54 - org.pentaho.di.trans.steps.tableinput.TableInputMeta@3146f3d7 - 	at org.eclipse.swt.widgets.TypedListener.handleEvent(TypedListener.java:200)
2026/06/30 14:15:54 - org.pentaho.di.trans.steps.tableinput.TableInputMeta@3146f3d7 - 	at org.eclipse.swt.widgets.EventTable.sendEvent(EventTable.java:89)
2026/06/30 14:15:54 - org.pentaho.di.trans.steps.tableinput.TableInputMeta@3146f3d7 - 	at org.eclipse.swt.widgets.Display.sendEvent(Display.java:4209)
2026/06/30 14:15:54 - org.pentaho.di.trans.steps.tableinput.TableInputMeta@3146f3d7 - 	at org.eclipse.swt.widgets.Widget.sendEvent(Widget.java:1037)
2026/06/30 14:15:54 - org.pentaho.di.trans.steps.tableinput.TableInputMeta@3146f3d7 - 	at org.eclipse.swt.widgets.Display.runDeferredEvents(Display.java:4026)
2026/06/30 14:15:54 - org.pentaho.di.trans.steps.tableinput.TableInputMeta@3146f3d7 - 	at org.eclipse.swt.widgets.Display.readAndDispatch(Display.java:3626)
2026/06/30 14:15:54 - org.pentaho.di.trans.steps.tableinput.TableInputMeta@3146f3d7 - 	at org.pentaho.di.ui.spoon.Spoon.readAndDispatch(Spoon.java:1432)
2026/06/30 14:15:54 - org.pentaho.di.trans.steps.tableinput.TableInputMeta@3146f3d7 - 	at org.pentaho.di.ui.spoon.Spoon.waitForDispose(Spoon.java:8160)
2026/06/30 14:15:54 - org.pentaho.di.trans.steps.tableinput.TableInputMeta@3146f3d7 - 	at org.pentaho.di.ui.spoon.Spoon.start(Spoon.java:9542)
2026/06/30 14:15:54 - org.pentaho.di.trans.steps.tableinput.TableInputMeta@3146f3d7 - 	at org.pentaho.di.ui.spoon.Spoon.main(Spoon.java:722)
2026/06/30 14:15:54 - org.pentaho.di.trans.steps.tableinput.TableInputMeta@3146f3d7 - 	at java.base/jdk.internal.reflect.DirectMethodHandleAccessor.invoke(DirectMethodHandleAccessor.java:104)
2026/06/30 14:15:54 - org.pentaho.di.trans.steps.tableinput.TableInputMeta@3146f3d7 - 	at java.base/java.lang.reflect.Method.invoke(Method.java:578)
2026/06/30 14:15:54 - org.pentaho.di.trans.steps.tableinput.TableInputMeta@3146f3d7 - 	at org.pentaho.commons.launcher.Launcher.main(Launcher.java:92)
2026/06/30 14:15:54 - org.pentaho.di.trans.steps.tableinput.TableInputMeta@3146f3d7 - Caused by: org.pentaho.di.core.exception.KettleDatabaseException: 
2026/06/30 14:15:54 - org.pentaho.di.trans.steps.tableinput.TableInputMeta@3146f3d7 - Error occurred while trying to connect to the database
2026/06/30 14:15:54 - org.pentaho.di.trans.steps.tableinput.TableInputMeta@3146f3d7 - 
2026/06/30 14:15:54 - org.pentaho.di.trans.steps.tableinput.TableInputMeta@3146f3d7 - Connection failed. Verify all connection parameters and confirm that the appropriate driver is installed.
2026/06/30 14:15:54 - org.pentaho.di.trans.steps.tableinput.TableInputMeta@3146f3d7 - El intento de conexión falló.
2026/06/30 14:15:54 - org.pentaho.di.trans.steps.tableinput.TableInputMeta@3146f3d7 - 
2026/06/30 14:15:54 - org.pentaho.di.trans.steps.tableinput.TableInputMeta@3146f3d7 - 
2026/06/30 14:15:54 - org.pentaho.di.trans.steps.tableinput.TableInputMeta@3146f3d7 - 	at org.pentaho.di.core.database.Database.normalConnect(Database.java:497)
2026/06/30 14:15:54 - org.pentaho.di.trans.steps.tableinput.TableInputMeta@3146f3d7 - 	at org.pentaho.di.core.database.Database.connect(Database.java:389)
2026/06/30 14:15:54 - org.pentaho.di.trans.steps.tableinput.TableInputMeta@3146f3d7 - 	at org.pentaho.di.core.database.Database.connect(Database.java:360)
2026/06/30 14:15:54 - org.pentaho.di.trans.steps.tableinput.TableInputMeta@3146f3d7 - 	at org.pentaho.di.core.database.Database.connect(Database.java:350)
2026/06/30 14:15:54 - org.pentaho.di.trans.steps.tableinput.TableInputMeta@3146f3d7 - 	at org.pentaho.di.trans.steps.tableinput.TableInputMeta.getFields(TableInputMeta.java:253)
2026/06/30 14:15:54 - org.pentaho.di.trans.steps.tableinput.TableInputMeta@3146f3d7 - 	... 30 more
2026/06/30 14:15:54 - org.pentaho.di.trans.steps.tableinput.TableInputMeta@3146f3d7 - Caused by: org.pentaho.di.core.exception.KettleDatabaseException: 
2026/06/30 14:15:54 - org.pentaho.di.trans.steps.tableinput.TableInputMeta@3146f3d7 - Connection failed. Verify all connection parameters and confirm that the appropriate driver is installed.
2026/06/30 14:15:54 - org.pentaho.di.trans.steps.tableinput.TableInputMeta@3146f3d7 - El intento de conexión falló.
2026/06/30 14:15:54 - org.pentaho.di.trans.steps.tableinput.TableInputMeta@3146f3d7 - 
2026/06/30 14:15:54 - org.pentaho.di.trans.steps.tableinput.TableInputMeta@3146f3d7 - 	at org.pentaho.di.core.database.Database.connectUsingClass(Database.java:605)
2026/06/30 14:15:54 - org.pentaho.di.trans.steps.tableinput.TableInputMeta@3146f3d7 - 	at org.pentaho.di.core.database.Database.normalConnect(Database.java:481)
2026/06/30 14:15:54 - org.pentaho.di.trans.steps.tableinput.TableInputMeta@3146f3d7 - 	... 34 more
2026/06/30 14:15:54 - org.pentaho.di.trans.steps.tableinput.TableInputMeta@3146f3d7 - Caused by: org.postgresql.util.PSQLException: El intento de conexión falló.
2026/06/30 14:15:54 - org.pentaho.di.trans.steps.tableinput.TableInputMeta@3146f3d7 - 	at org.postgresql.core.v3.ConnectionFactoryImpl.openConnectionImpl(ConnectionFactoryImpl.java:315)
2026/06/30 14:15:54 - org.pentaho.di.trans.steps.tableinput.TableInputMeta@3146f3d7 - 	at org.postgresql.core.ConnectionFactory.openConnection(ConnectionFactory.java:51)
2026/06/30 14:15:54 - org.pentaho.di.trans.steps.tableinput.TableInputMeta@3146f3d7 - 	at org.postgresql.jdbc.PgConnection.<init>(PgConnection.java:223)
2026/06/30 14:15:54 - org.pentaho.di.trans.steps.tableinput.TableInputMeta@3146f3d7 - 	at org.postgresql.Driver.makeConnection(Driver.java:465)
2026/06/30 14:15:54 - org.pentaho.di.trans.steps.tableinput.TableInputMeta@3146f3d7 - 	at org.postgresql.Driver.connect(Driver.java:264)
2026/06/30 14:15:54 - org.pentaho.di.trans.steps.tableinput.TableInputMeta@3146f3d7 - 	at java.sql/java.sql.DriverManager.getConnection(DriverManager.java:683)
2026/06/30 14:15:54 - org.pentaho.di.trans.steps.tableinput.TableInputMeta@3146f3d7 - 	at java.sql/java.sql.DriverManager.getConnection(DriverManager.java:191)
2026/06/30 14:15:54 - org.pentaho.di.trans.steps.tableinput.TableInputMeta@3146f3d7 - 	at org.pentaho.di.core.database.Database.connectUsingClass(Database.java:589)
2026/06/30 14:15:54 - org.pentaho.di.trans.steps.tableinput.TableInputMeta@3146f3d7 - 	... 35 more
2026/06/30 14:15:54 - org.pentaho.di.trans.steps.tableinput.TableInputMeta@3146f3d7 - Caused by: java.net.UnknownHostException: db_seguros
2026/06/30 14:15:54 - org.pentaho.di.trans.steps.tableinput.TableInputMeta@3146f3d7 - 	at java.base/sun.nio.ch.NioSocketImpl.connect(NioSocketImpl.java:560)
2026/06/30 14:15:54 - org.pentaho.di.trans.steps.tableinput.TableInputMeta@3146f3d7 - 	at java.base/java.net.SocksSocketImpl.connect(SocksSocketImpl.java:327)
2026/06/30 14:15:54 - org.pentaho.di.trans.steps.tableinput.TableInputMeta@3146f3d7 - 	at java.base/java.net.Socket.connect(Socket.java:666)
2026/06/30 14:15:54 - org.pentaho.di.trans.steps.tableinput.TableInputMeta@3146f3d7 - 	at org.postgresql.core.PGStream.createSocket(PGStream.java:231)
2026/06/30 14:15:54 - org.pentaho.di.trans.steps.tableinput.TableInputMeta@3146f3d7 - 	at org.postgresql.core.PGStream.<init>(PGStream.java:95)
2026/06/30 14:15:54 - org.pentaho.di.trans.steps.tableinput.TableInputMeta@3146f3d7 - 	at org.postgresql.core.v3.ConnectionFactoryImpl.tryConnect(ConnectionFactoryImpl.java:98)
2026/06/30 14:15:54 - org.pentaho.di.trans.steps.tableinput.TableInputMeta@3146f3d7 - 	at org.postgresql.core.v3.ConnectionFactoryImpl.openConnectionImpl(ConnectionFactoryImpl.java:213)
2026/06/30 14:15:54 - org.pentaho.di.trans.steps.tableinput.TableInputMeta@3146f3d7 - 	... 42 more
2026/06/30 14:15:58 - org.pentaho.di.trans.steps.tableinput.TableInputMeta@d1973e8 - ERROR (version 9.4.0.0-343, build 0.0 from 2022-11-08 07.50.27 by buildguy) : Unexpected error fetching row meta data.
2026/06/30 14:15:58 - org.pentaho.di.trans.steps.tableinput.TableInputMeta@d1973e8 - ERROR (version 9.4.0.0-343, build 0.0 from 2022-11-08 07.50.27 by buildguy) : org.pentaho.di.core.exception.KettleStepException: 
2026/06/30 14:15:58 - org.pentaho.di.trans.steps.tableinput.TableInputMeta@d1973e8 - Unable to get queryfields for SQL: 
2026/06/30 14:15:58 - org.pentaho.di.trans.steps.tableinput.TableInputMeta@d1973e8 - SELECT
  sk_dim_evaluacion_servicio
, cod_evaluacion_servicio
FROM seguro_dw_g26473471.dim_evaluacion_servicio

2026/06/30 14:15:58 - org.pentaho.di.trans.steps.tableinput.TableInputMeta@d1973e8 - 
2026/06/30 14:15:58 - org.pentaho.di.trans.steps.tableinput.TableInputMeta@d1973e8 - Error occurred while trying to connect to the database
2026/06/30 14:15:58 - org.pentaho.di.trans.steps.tableinput.TableInputMeta@d1973e8 - 
2026/06/30 14:15:58 - org.pentaho.di.trans.steps.tableinput.TableInputMeta@d1973e8 - Connection failed. Verify all connection parameters and confirm that the appropriate driver is installed.
2026/06/30 14:15:58 - org.pentaho.di.trans.steps.tableinput.TableInputMeta@d1973e8 - El intento de conexión falló.
2026/06/30 14:15:58 - org.pentaho.di.trans.steps.tableinput.TableInputMeta@d1973e8 - 
2026/06/30 14:15:58 - org.pentaho.di.trans.steps.tableinput.TableInputMeta@d1973e8 - 
2026/06/30 14:15:58 - org.pentaho.di.trans.steps.tableinput.TableInputMeta@d1973e8 - 
2026/06/30 14:15:58 - org.pentaho.di.trans.steps.tableinput.TableInputMeta@d1973e8 - 	at org.pentaho.di.trans.steps.tableinput.TableInputMeta.getFields(TableInputMeta.java:275)
2026/06/30 14:15:58 - org.pentaho.di.trans.steps.tableinput.TableInputMeta@d1973e8 - 	at org.pentaho.di.trans.TransMeta.getThisStepFields(TransMeta.java:2055)
2026/06/30 14:15:58 - org.pentaho.di.trans.steps.tableinput.TableInputMeta@d1973e8 - 	at org.pentaho.di.trans.TransMeta.getStepFields(TransMeta.java:1873)
2026/06/30 14:15:58 - org.pentaho.di.trans.steps.tableinput.TableInputMeta@d1973e8 - 	at org.pentaho.di.trans.TransMeta.getStepFields(TransMeta.java:1770)
2026/06/30 14:15:58 - org.pentaho.di.trans.steps.tableinput.TableInputMeta@d1973e8 - 	at org.pentaho.di.trans.steps.tableinput.TableInputMeta.updateCachedRowMeta(TableInputMeta.java:340)
2026/06/30 14:15:58 - org.pentaho.di.trans.steps.tableinput.TableInputMeta@d1973e8 - 	at org.pentaho.di.ui.trans.steps.tableinput.TableInputDialog.ok(TableInputDialog.java:566)
2026/06/30 14:15:58 - org.pentaho.di.trans.steps.tableinput.TableInputMeta@d1973e8 - 	at org.pentaho.di.ui.trans.steps.tableinput.TableInputDialog.access$400(TableInputDialog.java:79)
2026/06/30 14:15:58 - org.pentaho.di.trans.steps.tableinput.TableInputMeta@d1973e8 - 	at org.pentaho.di.ui.trans.steps.tableinput.TableInputDialog$12.handleEvent(TableInputDialog.java:417)
2026/06/30 14:15:58 - org.pentaho.di.trans.steps.tableinput.TableInputMeta@d1973e8 - 	at org.eclipse.swt.widgets.EventTable.sendEvent(EventTable.java:89)
2026/06/30 14:15:58 - org.pentaho.di.trans.steps.tableinput.TableInputMeta@d1973e8 - 	at org.eclipse.swt.widgets.Display.sendEvent(Display.java:4209)
2026/06/30 14:15:58 - org.pentaho.di.trans.steps.tableinput.TableInputMeta@d1973e8 - 	at org.eclipse.swt.widgets.Widget.sendEvent(Widget.java:1037)
2026/06/30 14:15:58 - org.pentaho.di.trans.steps.tableinput.TableInputMeta@d1973e8 - 	at org.eclipse.swt.widgets.Display.runDeferredEvents(Display.java:4026)
2026/06/30 14:15:58 - org.pentaho.di.trans.steps.tableinput.TableInputMeta@d1973e8 - 	at org.eclipse.swt.widgets.Display.readAndDispatch(Display.java:3626)
2026/06/30 14:15:58 - org.pentaho.di.trans.steps.tableinput.TableInputMeta@d1973e8 - 	at org.pentaho.di.ui.trans.steps.tableinput.TableInputDialog.open(TableInputDialog.java:463)
2026/06/30 14:15:58 - org.pentaho.di.trans.steps.tableinput.TableInputMeta@d1973e8 - 	at org.pentaho.di.ui.spoon.delegates.SpoonStepsDelegate.editStep(SpoonStepsDelegate.java:120)
2026/06/30 14:15:58 - org.pentaho.di.trans.steps.tableinput.TableInputMeta@d1973e8 - 	at org.pentaho.di.ui.spoon.Spoon.editStep(Spoon.java:9025)
2026/06/30 14:15:58 - org.pentaho.di.trans.steps.tableinput.TableInputMeta@d1973e8 - 	at org.pentaho.di.ui.spoon.trans.TransGraph.editStep(TransGraph.java:3286)
2026/06/30 14:15:58 - org.pentaho.di.trans.steps.tableinput.TableInputMeta@d1973e8 - 	at org.pentaho.di.ui.spoon.trans.TransGraph.mouseDoubleClick(TransGraph.java:784)
2026/06/30 14:15:58 - org.pentaho.di.trans.steps.tableinput.TableInputMeta@d1973e8 - 	at org.eclipse.swt.widgets.TypedListener.handleEvent(TypedListener.java:200)
2026/06/30 14:15:58 - org.pentaho.di.trans.steps.tableinput.TableInputMeta@d1973e8 - 	at org.eclipse.swt.widgets.EventTable.sendEvent(EventTable.java:89)
2026/06/30 14:15:58 - org.pentaho.di.trans.steps.tableinput.TableInputMeta@d1973e8 - 	at org.eclipse.swt.widgets.Display.sendEvent(Display.java:4209)
2026/06/30 14:15:58 - org.pentaho.di.trans.steps.tableinput.TableInputMeta@d1973e8 - 	at org.eclipse.swt.widgets.Widget.sendEvent(Widget.java:1037)
2026/06/30 14:15:58 - org.pentaho.di.trans.steps.tableinput.TableInputMeta@d1973e8 - 	at org.eclipse.swt.widgets.Display.runDeferredEvents(Display.java:4026)
2026/06/30 14:15:58 - org.pentaho.di.trans.steps.tableinput.TableInputMeta@d1973e8 - 	at org.eclipse.swt.widgets.Display.readAndDispatch(Display.java:3626)
2026/06/30 14:15:58 - org.pentaho.di.trans.steps.tableinput.TableInputMeta@d1973e8 - 	at org.pentaho.di.ui.spoon.Spoon.readAndDispatch(Spoon.java:1432)
2026/06/30 14:15:58 - org.pentaho.di.trans.steps.tableinput.TableInputMeta@d1973e8 - 	at org.pentaho.di.ui.spoon.Spoon.waitForDispose(Spoon.java:8160)
2026/06/30 14:15:58 - org.pentaho.di.trans.steps.tableinput.TableInputMeta@d1973e8 - 	at org.pentaho.di.ui.spoon.Spoon.start(Spoon.java:9542)
2026/06/30 14:15:58 - org.pentaho.di.trans.steps.tableinput.TableInputMeta@d1973e8 - 	at org.pentaho.di.ui.spoon.Spoon.main(Spoon.java:722)
2026/06/30 14:15:58 - org.pentaho.di.trans.steps.tableinput.TableInputMeta@d1973e8 - 	at java.base/jdk.internal.reflect.DirectMethodHandleAccessor.invoke(DirectMethodHandleAccessor.java:104)
2026/06/30 14:15:58 - org.pentaho.di.trans.steps.tableinput.TableInputMeta@d1973e8 - 	at java.base/java.lang.reflect.Method.invoke(Method.java:578)
2026/06/30 14:15:58 - org.pentaho.di.trans.steps.tableinput.TableInputMeta@d1973e8 - 	at org.pentaho.commons.launcher.Launcher.main(Launcher.java:92)
2026/06/30 14:15:58 - org.pentaho.di.trans.steps.tableinput.TableInputMeta@d1973e8 - Caused by: org.pentaho.di.core.exception.KettleDatabaseException: 
2026/06/30 14:15:58 - org.pentaho.di.trans.steps.tableinput.TableInputMeta@d1973e8 - Error occurred while trying to connect to the database
2026/06/30 14:15:58 - org.pentaho.di.trans.steps.tableinput.TableInputMeta@d1973e8 - 
2026/06/30 14:15:58 - org.pentaho.di.trans.steps.tableinput.TableInputMeta@d1973e8 - Connection failed. Verify all connection parameters and confirm that the appropriate driver is installed.
2026/06/30 14:15:58 - org.pentaho.di.trans.steps.tableinput.TableInputMeta@d1973e8 - El intento de conexión falló.
2026/06/30 14:15:58 - org.pentaho.di.trans.steps.tableinput.TableInputMeta@d1973e8 - 
2026/06/30 14:15:58 - org.pentaho.di.trans.steps.tableinput.TableInputMeta@d1973e8 - 
2026/06/30 14:15:58 - org.pentaho.di.trans.steps.tableinput.TableInputMeta@d1973e8 - 	at org.pentaho.di.core.database.Database.normalConnect(Database.java:497)
2026/06/30 14:15:58 - org.pentaho.di.trans.steps.tableinput.TableInputMeta@d1973e8 - 	at org.pentaho.di.core.database.Database.connect(Database.java:389)
2026/06/30 14:15:58 - org.pentaho.di.trans.steps.tableinput.TableInputMeta@d1973e8 - 	at org.pentaho.di.core.database.Database.connect(Database.java:360)
2026/06/30 14:15:58 - org.pentaho.di.trans.steps.tableinput.TableInputMeta@d1973e8 - 	at org.pentaho.di.core.database.Database.connect(Database.java:350)
2026/06/30 14:15:58 - org.pentaho.di.trans.steps.tableinput.TableInputMeta@d1973e8 - 	at org.pentaho.di.trans.steps.tableinput.TableInputMeta.getFields(TableInputMeta.java:253)
2026/06/30 14:15:58 - org.pentaho.di.trans.steps.tableinput.TableInputMeta@d1973e8 - 	... 30 more
2026/06/30 14:15:58 - org.pentaho.di.trans.steps.tableinput.TableInputMeta@d1973e8 - Caused by: org.pentaho.di.core.exception.KettleDatabaseException: 
2026/06/30 14:15:58 - org.pentaho.di.trans.steps.tableinput.TableInputMeta@d1973e8 - Connection failed. Verify all connection parameters and confirm that the appropriate driver is installed.
2026/06/30 14:15:58 - org.pentaho.di.trans.steps.tableinput.TableInputMeta@d1973e8 - El intento de conexión falló.
2026/06/30 14:15:58 - org.pentaho.di.trans.steps.tableinput.TableInputMeta@d1973e8 - 
2026/06/30 14:15:58 - org.pentaho.di.trans.steps.tableinput.TableInputMeta@d1973e8 - 	at org.pentaho.di.core.database.Database.connectUsingClass(Database.java:605)
2026/06/30 14:15:58 - org.pentaho.di.trans.steps.tableinput.TableInputMeta@d1973e8 - 	at org.pentaho.di.core.database.Database.normalConnect(Database.java:481)
2026/06/30 14:15:58 - org.pentaho.di.trans.steps.tableinput.TableInputMeta@d1973e8 - 	... 34 more
2026/06/30 14:15:58 - org.pentaho.di.trans.steps.tableinput.TableInputMeta@d1973e8 - Caused by: org.postgresql.util.PSQLException: El intento de conexión falló.
2026/06/30 14:15:58 - org.pentaho.di.trans.steps.tableinput.TableInputMeta@d1973e8 - 	at org.postgresql.core.v3.ConnectionFactoryImpl.openConnectionImpl(ConnectionFactoryImpl.java:315)
2026/06/30 14:15:58 - org.pentaho.di.trans.steps.tableinput.TableInputMeta@d1973e8 - 	at org.postgresql.core.ConnectionFactory.openConnection(ConnectionFactory.java:51)
2026/06/30 14:15:58 - org.pentaho.di.trans.steps.tableinput.TableInputMeta@d1973e8 - 	at org.postgresql.jdbc.PgConnection.<init>(PgConnection.java:223)
2026/06/30 14:15:58 - org.pentaho.di.trans.steps.tableinput.TableInputMeta@d1973e8 - 	at org.postgresql.Driver.makeConnection(Driver.java:465)
2026/06/30 14:15:58 - org.pentaho.di.trans.steps.tableinput.TableInputMeta@d1973e8 - 	at org.postgresql.Driver.connect(Driver.java:264)
2026/06/30 14:15:58 - org.pentaho.di.trans.steps.tableinput.TableInputMeta@d1973e8 - 	at java.sql/java.sql.DriverManager.getConnection(DriverManager.java:683)
2026/06/30 14:15:58 - org.pentaho.di.trans.steps.tableinput.TableInputMeta@d1973e8 - 	at java.sql/java.sql.DriverManager.getConnection(DriverManager.java:191)
2026/06/30 14:15:58 - org.pentaho.di.trans.steps.tableinput.TableInputMeta@d1973e8 - 	at org.pentaho.di.core.database.Database.connectUsingClass(Database.java:589)
2026/06/30 14:15:58 - org.pentaho.di.trans.steps.tableinput.TableInputMeta@d1973e8 - 	... 35 more
2026/06/30 14:15:58 - org.pentaho.di.trans.steps.tableinput.TableInputMeta@d1973e8 - Caused by: java.net.UnknownHostException: db_seguros
2026/06/30 14:15:58 - org.pentaho.di.trans.steps.tableinput.TableInputMeta@d1973e8 - 	at java.base/sun.nio.ch.NioSocketImpl.connect(NioSocketImpl.java:560)
2026/06/30 14:15:58 - org.pentaho.di.trans.steps.tableinput.TableInputMeta@d1973e8 - 	at java.base/java.net.SocksSocketImpl.connect(SocksSocketImpl.java:327)
2026/06/30 14:15:58 - org.pentaho.di.trans.steps.tableinput.TableInputMeta@d1973e8 - 	at java.base/java.net.Socket.connect(Socket.java:666)
2026/06/30 14:15:58 - org.pentaho.di.trans.steps.tableinput.TableInputMeta@d1973e8 - 	at org.postgresql.core.PGStream.createSocket(PGStream.java:231)
2026/06/30 14:15:58 - org.pentaho.di.trans.steps.tableinput.TableInputMeta@d1973e8 - 	at org.postgresql.core.PGStream.<init>(PGStream.java:95)
2026/06/30 14:15:58 - org.pentaho.di.trans.steps.tableinput.TableInputMeta@d1973e8 - 	at org.postgresql.core.v3.ConnectionFactoryImpl.tryConnect(ConnectionFactoryImpl.java:98)
2026/06/30 14:15:58 - org.pentaho.di.trans.steps.tableinput.TableInputMeta@d1973e8 - 	at org.postgresql.core.v3.ConnectionFactoryImpl.openConnectionImpl(ConnectionFactoryImpl.java:213)
2026/06/30 14:15:58 - org.pentaho.di.trans.steps.tableinput.TableInputMeta@d1973e8 - 	... 42 more
2026/06/30 14:16:11 - org.pentaho.di.trans.steps.tableinput.TableInputMeta@7699e60a - ERROR (version 9.4.0.0-343, build 0.0 from 2022-11-08 07.50.27 by buildguy) : Unexpected error fetching row meta data.
2026/06/30 14:16:11 - org.pentaho.di.trans.steps.tableinput.TableInputMeta@7699e60a - ERROR (version 9.4.0.0-343, build 0.0 from 2022-11-08 07.50.27 by buildguy) : org.pentaho.di.core.exception.KettleStepException: 
2026/06/30 14:16:11 - org.pentaho.di.trans.steps.tableinput.TableInputMeta@7699e60a - Unable to get queryfields for SQL: 
2026/06/30 14:16:11 - org.pentaho.di.trans.steps.tableinput.TableInputMeta@7699e60a - SELECT
  sk_dim_cliente
, cod_cliente
FROM seguro_dw_g26473471.dim_cliente

2026/06/30 14:16:11 - org.pentaho.di.trans.steps.tableinput.TableInputMeta@7699e60a - 
2026/06/30 14:16:11 - org.pentaho.di.trans.steps.tableinput.TableInputMeta@7699e60a - Error occurred while trying to connect to the database
2026/06/30 14:16:11 - org.pentaho.di.trans.steps.tableinput.TableInputMeta@7699e60a - 
2026/06/30 14:16:11 - org.pentaho.di.trans.steps.tableinput.TableInputMeta@7699e60a - Connection failed. Verify all connection parameters and confirm that the appropriate driver is installed.
2026/06/30 14:16:11 - org.pentaho.di.trans.steps.tableinput.TableInputMeta@7699e60a - El intento de conexión falló.
2026/06/30 14:16:11 - org.pentaho.di.trans.steps.tableinput.TableInputMeta@7699e60a - 
2026/06/30 14:16:11 - org.pentaho.di.trans.steps.tableinput.TableInputMeta@7699e60a - 
2026/06/30 14:16:11 - org.pentaho.di.trans.steps.tableinput.TableInputMeta@7699e60a - 
2026/06/30 14:16:11 - org.pentaho.di.trans.steps.tableinput.TableInputMeta@7699e60a - 	at org.pentaho.di.trans.steps.tableinput.TableInputMeta.getFields(TableInputMeta.java:275)
2026/06/30 14:16:11 - org.pentaho.di.trans.steps.tableinput.TableInputMeta@7699e60a - 	at org.pentaho.di.trans.TransMeta.getThisStepFields(TransMeta.java:2055)
2026/06/30 14:16:11 - org.pentaho.di.trans.steps.tableinput.TableInputMeta@7699e60a - 	at org.pentaho.di.trans.TransMeta.getStepFields(TransMeta.java:1873)
2026/06/30 14:16:11 - org.pentaho.di.trans.steps.tableinput.TableInputMeta@7699e60a - 	at org.pentaho.di.trans.TransMeta.getStepFields(TransMeta.java:1770)
2026/06/30 14:16:11 - org.pentaho.di.trans.steps.tableinput.TableInputMeta@7699e60a - 	at org.pentaho.di.trans.steps.tableinput.TableInputMeta.updateCachedRowMeta(TableInputMeta.java:340)
2026/06/30 14:16:11 - org.pentaho.di.trans.steps.tableinput.TableInputMeta@7699e60a - 	at org.pentaho.di.ui.trans.steps.tableinput.TableInputDialog.ok(TableInputDialog.java:566)
2026/06/30 14:16:11 - org.pentaho.di.trans.steps.tableinput.TableInputMeta@7699e60a - 	at org.pentaho.di.ui.trans.steps.tableinput.TableInputDialog.access$400(TableInputDialog.java:79)
2026/06/30 14:16:11 - org.pentaho.di.trans.steps.tableinput.TableInputMeta@7699e60a - 	at org.pentaho.di.ui.trans.steps.tableinput.TableInputDialog$12.handleEvent(TableInputDialog.java:417)
2026/06/30 14:16:11 - org.pentaho.di.trans.steps.tableinput.TableInputMeta@7699e60a - 	at org.eclipse.swt.widgets.EventTable.sendEvent(EventTable.java:89)
2026/06/30 14:16:11 - org.pentaho.di.trans.steps.tableinput.TableInputMeta@7699e60a - 	at org.eclipse.swt.widgets.Display.sendEvent(Display.java:4209)
2026/06/30 14:16:11 - org.pentaho.di.trans.steps.tableinput.TableInputMeta@7699e60a - 	at org.eclipse.swt.widgets.Widget.sendEvent(Widget.java:1037)
2026/06/30 14:16:11 - org.pentaho.di.trans.steps.tableinput.TableInputMeta@7699e60a - 	at org.eclipse.swt.widgets.Display.runDeferredEvents(Display.java:4026)
2026/06/30 14:16:11 - org.pentaho.di.trans.steps.tableinput.TableInputMeta@7699e60a - 	at org.eclipse.swt.widgets.Display.readAndDispatch(Display.java:3626)
2026/06/30 14:16:11 - org.pentaho.di.trans.steps.tableinput.TableInputMeta@7699e60a - 	at org.pentaho.di.ui.trans.steps.tableinput.TableInputDialog.open(TableInputDialog.java:463)
2026/06/30 14:16:11 - org.pentaho.di.trans.steps.tableinput.TableInputMeta@7699e60a - 	at org.pentaho.di.ui.spoon.delegates.SpoonStepsDelegate.editStep(SpoonStepsDelegate.java:120)
2026/06/30 14:16:11 - org.pentaho.di.trans.steps.tableinput.TableInputMeta@7699e60a - 	at org.pentaho.di.ui.spoon.Spoon.editStep(Spoon.java:9025)
2026/06/30 14:16:11 - org.pentaho.di.trans.steps.tableinput.TableInputMeta@7699e60a - 	at org.pentaho.di.ui.spoon.trans.TransGraph.editStep(TransGraph.java:3286)
2026/06/30 14:16:11 - org.pentaho.di.trans.steps.tableinput.TableInputMeta@7699e60a - 	at org.pentaho.di.ui.spoon.trans.TransGraph.mouseDoubleClick(TransGraph.java:784)
2026/06/30 14:16:11 - org.pentaho.di.trans.steps.tableinput.TableInputMeta@7699e60a - 	at org.eclipse.swt.widgets.TypedListener.handleEvent(TypedListener.java:200)
2026/06/30 14:16:11 - org.pentaho.di.trans.steps.tableinput.TableInputMeta@7699e60a - 	at org.eclipse.swt.widgets.EventTable.sendEvent(EventTable.java:89)
2026/06/30 14:16:11 - org.pentaho.di.trans.steps.tableinput.TableInputMeta@7699e60a - 	at org.eclipse.swt.widgets.Display.sendEvent(Display.java:4209)
2026/06/30 14:16:11 - org.pentaho.di.trans.steps.tableinput.TableInputMeta@7699e60a - 	at org.eclipse.swt.widgets.Widget.sendEvent(Widget.java:1037)
2026/06/30 14:16:11 - org.pentaho.di.trans.steps.tableinput.TableInputMeta@7699e60a - 	at org.eclipse.swt.widgets.Display.runDeferredEvents(Display.java:4026)
2026/06/30 14:16:11 - org.pentaho.di.trans.steps.tableinput.TableInputMeta@7699e60a - 	at org.eclipse.swt.widgets.Display.readAndDispatch(Display.java:3626)
2026/06/30 14:16:11 - org.pentaho.di.trans.steps.tableinput.TableInputMeta@7699e60a - 	at org.pentaho.di.ui.spoon.Spoon.readAndDispatch(Spoon.java:1432)
2026/06/30 14:16:11 - org.pentaho.di.trans.steps.tableinput.TableInputMeta@7699e60a - 	at org.pentaho.di.ui.spoon.Spoon.waitForDispose(Spoon.java:8160)
2026/06/30 14:16:11 - org.pentaho.di.trans.steps.tableinput.TableInputMeta@7699e60a - 	at org.pentaho.di.ui.spoon.Spoon.start(Spoon.java:9542)
2026/06/30 14:16:11 - org.pentaho.di.trans.steps.tableinput.TableInputMeta@7699e60a - 	at org.pentaho.di.ui.spoon.Spoon.main(Spoon.java:722)
2026/06/30 14:16:11 - org.pentaho.di.trans.steps.tableinput.TableInputMeta@7699e60a - 	at java.base/jdk.internal.reflect.DirectMethodHandleAccessor.invoke(DirectMethodHandleAccessor.java:104)
2026/06/30 14:16:11 - org.pentaho.di.trans.steps.tableinput.TableInputMeta@7699e60a - 	at java.base/java.lang.reflect.Method.invoke(Method.java:578)
2026/06/30 14:16:11 - org.pentaho.di.trans.steps.tableinput.TableInputMeta@7699e60a - 	at org.pentaho.commons.launcher.Launcher.main(Launcher.java:92)
2026/06/30 14:16:11 - org.pentaho.di.trans.steps.tableinput.TableInputMeta@7699e60a - Caused by: org.pentaho.di.core.exception.KettleDatabaseException: 
2026/06/30 14:16:11 - org.pentaho.di.trans.steps.tableinput.TableInputMeta@7699e60a - Error occurred while trying to connect to the database
2026/06/30 14:16:11 - org.pentaho.di.trans.steps.tableinput.TableInputMeta@7699e60a - 
2026/06/30 14:16:11 - org.pentaho.di.trans.steps.tableinput.TableInputMeta@7699e60a - Connection failed. Verify all connection parameters and confirm that the appropriate driver is installed.
2026/06/30 14:16:11 - org.pentaho.di.trans.steps.tableinput.TableInputMeta@7699e60a - El intento de conexión falló.
2026/06/30 14:16:11 - org.pentaho.di.trans.steps.tableinput.TableInputMeta@7699e60a - 
2026/06/30 14:16:11 - org.pentaho.di.trans.steps.tableinput.TableInputMeta@7699e60a - 
2026/06/30 14:16:11 - org.pentaho.di.trans.steps.tableinput.TableInputMeta@7699e60a - 	at org.pentaho.di.core.database.Database.normalConnect(Database.java:497)
2026/06/30 14:16:11 - org.pentaho.di.trans.steps.tableinput.TableInputMeta@7699e60a - 	at org.pentaho.di.core.database.Database.connect(Database.java:389)
2026/06/30 14:16:11 - org.pentaho.di.trans.steps.tableinput.TableInputMeta@7699e60a - 	at org.pentaho.di.core.database.Database.connect(Database.java:360)
2026/06/30 14:16:11 - org.pentaho.di.trans.steps.tableinput.TableInputMeta@7699e60a - 	at org.pentaho.di.core.database.Database.connect(Database.java:350)
2026/06/30 14:16:11 - org.pentaho.di.trans.steps.tableinput.TableInputMeta@7699e60a - 	at org.pentaho.di.trans.steps.tableinput.TableInputMeta.getFields(TableInputMeta.java:253)
2026/06/30 14:16:11 - org.pentaho.di.trans.steps.tableinput.TableInputMeta@7699e60a - 	... 30 more
2026/06/30 14:16:11 - org.pentaho.di.trans.steps.tableinput.TableInputMeta@7699e60a - Caused by: org.pentaho.di.core.exception.KettleDatabaseException: 
2026/06/30 14:16:11 - org.pentaho.di.trans.steps.tableinput.TableInputMeta@7699e60a - Connection failed. Verify all connection parameters and confirm that the appropriate driver is installed.
2026/06/30 14:16:11 - org.pentaho.di.trans.steps.tableinput.TableInputMeta@7699e60a - El intento de conexión falló.
2026/06/30 14:16:11 - org.pentaho.di.trans.steps.tableinput.TableInputMeta@7699e60a - 
2026/06/30 14:16:11 - org.pentaho.di.trans.steps.tableinput.TableInputMeta@7699e60a - 	at org.pentaho.di.core.database.Database.connectUsingClass(Database.java:605)
2026/06/30 14:16:11 - org.pentaho.di.trans.steps.tableinput.TableInputMeta@7699e60a - 	at org.pentaho.di.core.database.Database.normalConnect(Database.java:481)
2026/06/30 14:16:11 - org.pentaho.di.trans.steps.tableinput.TableInputMeta@7699e60a - 	... 34 more
2026/06/30 14:16:11 - org.pentaho.di.trans.steps.tableinput.TableInputMeta@7699e60a - Caused by: org.postgresql.util.PSQLException: El intento de conexión falló.
2026/06/30 14:16:11 - org.pentaho.di.trans.steps.tableinput.TableInputMeta@7699e60a - 	at org.postgresql.core.v3.ConnectionFactoryImpl.openConnectionImpl(ConnectionFactoryImpl.java:315)
2026/06/30 14:16:11 - org.pentaho.di.trans.steps.tableinput.TableInputMeta@7699e60a - 	at org.postgresql.core.ConnectionFactory.openConnection(ConnectionFactory.java:51)
2026/06/30 14:16:11 - org.pentaho.di.trans.steps.tableinput.TableInputMeta@7699e60a - 	at org.postgresql.jdbc.PgConnection.<init>(PgConnection.java:223)
2026/06/30 14:16:11 - org.pentaho.di.trans.steps.tableinput.TableInputMeta@7699e60a - 	at org.postgresql.Driver.makeConnection(Driver.java:465)
2026/06/30 14:16:11 - org.pentaho.di.trans.steps.tableinput.TableInputMeta@7699e60a - 	at org.postgresql.Driver.connect(Driver.java:264)
2026/06/30 14:16:11 - org.pentaho.di.trans.steps.tableinput.TableInputMeta@7699e60a - 	at java.sql/java.sql.DriverManager.getConnection(DriverManager.java:683)
2026/06/30 14:16:11 - org.pentaho.di.trans.steps.tableinput.TableInputMeta@7699e60a - 	at java.sql/java.sql.DriverManager.getConnection(DriverManager.java:191)
2026/06/30 14:16:11 - org.pentaho.di.trans.steps.tableinput.TableInputMeta@7699e60a - 	at org.pentaho.di.core.database.Database.connectUsingClass(Database.java:589)
2026/06/30 14:16:11 - org.pentaho.di.trans.steps.tableinput.TableInputMeta@7699e60a - 	... 35 more
2026/06/30 14:16:11 - org.pentaho.di.trans.steps.tableinput.TableInputMeta@7699e60a - Caused by: java.net.UnknownHostException: db_seguros
2026/06/30 14:16:11 - org.pentaho.di.trans.steps.tableinput.TableInputMeta@7699e60a - 	at java.base/sun.nio.ch.NioSocketImpl.connect(NioSocketImpl.java:560)
2026/06/30 14:16:11 - org.pentaho.di.trans.steps.tableinput.TableInputMeta@7699e60a - 	at java.base/java.net.SocksSocketImpl.connect(SocksSocketImpl.java:327)
2026/06/30 14:16:11 - org.pentaho.di.trans.steps.tableinput.TableInputMeta@7699e60a - 	at java.base/java.net.Socket.connect(Socket.java:666)
2026/06/30 14:16:11 - org.pentaho.di.trans.steps.tableinput.TableInputMeta@7699e60a - 	at org.postgresql.core.PGStream.createSocket(PGStream.java:231)
2026/06/30 14:16:11 - org.pentaho.di.trans.steps.tableinput.TableInputMeta@7699e60a - 	at org.postgresql.core.PGStream.<init>(PGStream.java:95)
2026/06/30 14:16:11 - org.pentaho.di.trans.steps.tableinput.TableInputMeta@7699e60a - 	at org.postgresql.core.v3.ConnectionFactoryImpl.tryConnect(ConnectionFactoryImpl.java:98)
2026/06/30 14:16:11 - org.pentaho.di.trans.steps.tableinput.TableInputMeta@7699e60a - 	at org.postgresql.core.v3.ConnectionFactoryImpl.openConnectionImpl(ConnectionFactoryImpl.java:213)
2026/06/30 14:16:11 - org.pentaho.di.trans.steps.tableinput.TableInputMeta@7699e60a - 	... 42 more
2026/06/30 14:16:15 - org.pentaho.di.trans.steps.tableinput.TableInputMeta@66b3eab0 - ERROR (version 9.4.0.0-343, build 0.0 from 2022-11-08 07.50.27 by buildguy) : Unexpected error fetching row meta data.
2026/06/30 14:16:15 - org.pentaho.di.trans.steps.tableinput.TableInputMeta@66b3eab0 - ERROR (version 9.4.0.0-343, build 0.0 from 2022-11-08 07.50.27 by buildguy) : org.pentaho.di.core.exception.KettleStepException: 
2026/06/30 14:16:15 - org.pentaho.di.trans.steps.tableinput.TableInputMeta@66b3eab0 - Unable to get queryfields for SQL: 
2026/06/30 14:16:15 - org.pentaho.di.trans.steps.tableinput.TableInputMeta@66b3eab0 - SELECT
  sk_dim_producto
, cod_producto
FROM seguro_dw_g26473471.dim_producto

2026/06/30 14:16:15 - org.pentaho.di.trans.steps.tableinput.TableInputMeta@66b3eab0 - 
2026/06/30 14:16:15 - org.pentaho.di.trans.steps.tableinput.TableInputMeta@66b3eab0 - Error occurred while trying to connect to the database
2026/06/30 14:16:15 - org.pentaho.di.trans.steps.tableinput.TableInputMeta@66b3eab0 - 
2026/06/30 14:16:15 - org.pentaho.di.trans.steps.tableinput.TableInputMeta@66b3eab0 - Connection failed. Verify all connection parameters and confirm that the appropriate driver is installed.
2026/06/30 14:16:15 - org.pentaho.di.trans.steps.tableinput.TableInputMeta@66b3eab0 - El intento de conexión falló.
2026/06/30 14:16:15 - org.pentaho.di.trans.steps.tableinput.TableInputMeta@66b3eab0 - 
2026/06/30 14:16:15 - org.pentaho.di.trans.steps.tableinput.TableInputMeta@66b3eab0 - 
2026/06/30 14:16:15 - org.pentaho.di.trans.steps.tableinput.TableInputMeta@66b3eab0 - 
2026/06/30 14:16:15 - org.pentaho.di.trans.steps.tableinput.TableInputMeta@66b3eab0 - 	at org.pentaho.di.trans.steps.tableinput.TableInputMeta.getFields(TableInputMeta.java:275)
2026/06/30 14:16:15 - org.pentaho.di.trans.steps.tableinput.TableInputMeta@66b3eab0 - 	at org.pentaho.di.trans.TransMeta.getThisStepFields(TransMeta.java:2055)
2026/06/30 14:16:15 - org.pentaho.di.trans.steps.tableinput.TableInputMeta@66b3eab0 - 	at org.pentaho.di.trans.TransMeta.getStepFields(TransMeta.java:1873)
2026/06/30 14:16:15 - org.pentaho.di.trans.steps.tableinput.TableInputMeta@66b3eab0 - 	at org.pentaho.di.trans.TransMeta.getStepFields(TransMeta.java:1770)
2026/06/30 14:16:15 - org.pentaho.di.trans.steps.tableinput.TableInputMeta@66b3eab0 - 	at org.pentaho.di.trans.steps.tableinput.TableInputMeta.updateCachedRowMeta(TableInputMeta.java:340)
2026/06/30 14:16:15 - org.pentaho.di.trans.steps.tableinput.TableInputMeta@66b3eab0 - 	at org.pentaho.di.ui.trans.steps.tableinput.TableInputDialog.ok(TableInputDialog.java:566)
2026/06/30 14:16:15 - org.pentaho.di.trans.steps.tableinput.TableInputMeta@66b3eab0 - 	at org.pentaho.di.ui.trans.steps.tableinput.TableInputDialog.access$400(TableInputDialog.java:79)
2026/06/30 14:16:15 - org.pentaho.di.trans.steps.tableinput.TableInputMeta@66b3eab0 - 	at org.pentaho.di.ui.trans.steps.tableinput.TableInputDialog$12.handleEvent(TableInputDialog.java:417)
2026/06/30 14:16:15 - org.pentaho.di.trans.steps.tableinput.TableInputMeta@66b3eab0 - 	at org.eclipse.swt.widgets.EventTable.sendEvent(EventTable.java:89)
2026/06/30 14:16:15 - org.pentaho.di.trans.steps.tableinput.TableInputMeta@66b3eab0 - 	at org.eclipse.swt.widgets.Display.sendEvent(Display.java:4209)
2026/06/30 14:16:15 - org.pentaho.di.trans.steps.tableinput.TableInputMeta@66b3eab0 - 	at org.eclipse.swt.widgets.Widget.sendEvent(Widget.java:1037)
2026/06/30 14:16:15 - org.pentaho.di.trans.steps.tableinput.TableInputMeta@66b3eab0 - 	at org.eclipse.swt.widgets.Display.runDeferredEvents(Display.java:4026)
2026/06/30 14:16:15 - org.pentaho.di.trans.steps.tableinput.TableInputMeta@66b3eab0 - 	at org.eclipse.swt.widgets.Display.readAndDispatch(Display.java:3626)
2026/06/30 14:16:15 - org.pentaho.di.trans.steps.tableinput.TableInputMeta@66b3eab0 - 	at org.pentaho.di.ui.trans.steps.tableinput.TableInputDialog.open(TableInputDialog.java:463)
2026/06/30 14:16:15 - org.pentaho.di.trans.steps.tableinput.TableInputMeta@66b3eab0 - 	at org.pentaho.di.ui.spoon.delegates.SpoonStepsDelegate.editStep(SpoonStepsDelegate.java:120)
2026/06/30 14:16:15 - org.pentaho.di.trans.steps.tableinput.TableInputMeta@66b3eab0 - 	at org.pentaho.di.ui.spoon.Spoon.editStep(Spoon.java:9025)
2026/06/30 14:16:15 - org.pentaho.di.trans.steps.tableinput.TableInputMeta@66b3eab0 - 	at org.pentaho.di.ui.spoon.trans.TransGraph.editStep(TransGraph.java:3286)
2026/06/30 14:16:15 - org.pentaho.di.trans.steps.tableinput.TableInputMeta@66b3eab0 - 	at org.pentaho.di.ui.spoon.trans.TransGraph.mouseDoubleClick(TransGraph.java:784)
2026/06/30 14:16:15 - org.pentaho.di.trans.steps.tableinput.TableInputMeta@66b3eab0 - 	at org.eclipse.swt.widgets.TypedListener.handleEvent(TypedListener.java:200)
2026/06/30 14:16:15 - org.pentaho.di.trans.steps.tableinput.TableInputMeta@66b3eab0 - 	at org.eclipse.swt.widgets.EventTable.sendEvent(EventTable.java:89)
2026/06/30 14:16:15 - org.pentaho.di.trans.steps.tableinput.TableInputMeta@66b3eab0 - 	at org.eclipse.swt.widgets.Display.sendEvent(Display.java:4209)
2026/06/30 14:16:15 - org.pentaho.di.trans.steps.tableinput.TableInputMeta@66b3eab0 - 	at org.eclipse.swt.widgets.Widget.sendEvent(Widget.java:1037)
2026/06/30 14:16:15 - org.pentaho.di.trans.steps.tableinput.TableInputMeta@66b3eab0 - 	at org.eclipse.swt.widgets.Display.runDeferredEvents(Display.java:4026)
2026/06/30 14:16:15 - org.pentaho.di.trans.steps.tableinput.TableInputMeta@66b3eab0 - 	at org.eclipse.swt.widgets.Display.readAndDispatch(Display.java:3626)
2026/06/30 14:16:15 - org.pentaho.di.trans.steps.tableinput.TableInputMeta@66b3eab0 - 	at org.pentaho.di.ui.spoon.Spoon.readAndDispatch(Spoon.java:1432)
2026/06/30 14:16:15 - org.pentaho.di.trans.steps.tableinput.TableInputMeta@66b3eab0 - 	at org.pentaho.di.ui.spoon.Spoon.waitForDispose(Spoon.java:8160)
2026/06/30 14:16:15 - org.pentaho.di.trans.steps.tableinput.TableInputMeta@66b3eab0 - 	at org.pentaho.di.ui.spoon.Spoon.start(Spoon.java:9542)
2026/06/30 14:16:15 - org.pentaho.di.trans.steps.tableinput.TableInputMeta@66b3eab0 - 	at org.pentaho.di.ui.spoon.Spoon.main(Spoon.java:722)
2026/06/30 14:16:15 - org.pentaho.di.trans.steps.tableinput.TableInputMeta@66b3eab0 - 	at java.base/jdk.internal.reflect.DirectMethodHandleAccessor.invoke(DirectMethodHandleAccessor.java:104)
2026/06/30 14:16:15 - org.pentaho.di.trans.steps.tableinput.TableInputMeta@66b3eab0 - 	at java.base/java.lang.reflect.Method.invoke(Method.java:578)
2026/06/30 14:16:15 - org.pentaho.di.trans.steps.tableinput.TableInputMeta@66b3eab0 - 	at org.pentaho.commons.launcher.Launcher.main(Launcher.java:92)
2026/06/30 14:16:15 - org.pentaho.di.trans.steps.tableinput.TableInputMeta@66b3eab0 - Caused by: org.pentaho.di.core.exception.KettleDatabaseException: 
2026/06/30 14:16:15 - org.pentaho.di.trans.steps.tableinput.TableInputMeta@66b3eab0 - Error occurred while trying to connect to the database
2026/06/30 14:16:15 - org.pentaho.di.trans.steps.tableinput.TableInputMeta@66b3eab0 - 
2026/06/30 14:16:15 - org.pentaho.di.trans.steps.tableinput.TableInputMeta@66b3eab0 - Connection failed. Verify all connection parameters and confirm that the appropriate driver is installed.
2026/06/30 14:16:15 - org.pentaho.di.trans.steps.tableinput.TableInputMeta@66b3eab0 - El intento de conexión falló.
2026/06/30 14:16:15 - org.pentaho.di.trans.steps.tableinput.TableInputMeta@66b3eab0 - 
2026/06/30 14:16:15 - org.pentaho.di.trans.steps.tableinput.TableInputMeta@66b3eab0 - 
2026/06/30 14:16:15 - org.pentaho.di.trans.steps.tableinput.TableInputMeta@66b3eab0 - 	at org.pentaho.di.core.database.Database.normalConnect(Database.java:497)
2026/06/30 14:16:15 - org.pentaho.di.trans.steps.tableinput.TableInputMeta@66b3eab0 - 	at org.pentaho.di.core.database.Database.connect(Database.java:389)
2026/06/30 14:16:15 - org.pentaho.di.trans.steps.tableinput.TableInputMeta@66b3eab0 - 	at org.pentaho.di.core.database.Database.connect(Database.java:360)
2026/06/30 14:16:15 - org.pentaho.di.trans.steps.tableinput.TableInputMeta@66b3eab0 - 	at org.pentaho.di.core.database.Database.connect(Database.java:350)
2026/06/30 14:16:15 - org.pentaho.di.trans.steps.tableinput.TableInputMeta@66b3eab0 - 	at org.pentaho.di.trans.steps.tableinput.TableInputMeta.getFields(TableInputMeta.java:253)
2026/06/30 14:16:15 - org.pentaho.di.trans.steps.tableinput.TableInputMeta@66b3eab0 - 	... 30 more
2026/06/30 14:16:15 - org.pentaho.di.trans.steps.tableinput.TableInputMeta@66b3eab0 - Caused by: org.pentaho.di.core.exception.KettleDatabaseException: 
2026/06/30 14:16:15 - org.pentaho.di.trans.steps.tableinput.TableInputMeta@66b3eab0 - Connection failed. Verify all connection parameters and confirm that the appropriate driver is installed.
2026/06/30 14:16:15 - org.pentaho.di.trans.steps.tableinput.TableInputMeta@66b3eab0 - El intento de conexión falló.
2026/06/30 14:16:15 - org.pentaho.di.trans.steps.tableinput.TableInputMeta@66b3eab0 - 
2026/06/30 14:16:15 - org.pentaho.di.trans.steps.tableinput.TableInputMeta@66b3eab0 - 	at org.pentaho.di.core.database.Database.connectUsingClass(Database.java:605)
2026/06/30 14:16:15 - org.pentaho.di.trans.steps.tableinput.TableInputMeta@66b3eab0 - 	at org.pentaho.di.core.database.Database.normalConnect(Database.java:481)
2026/06/30 14:16:15 - org.pentaho.di.trans.steps.tableinput.TableInputMeta@66b3eab0 - 	... 34 more
2026/06/30 14:16:15 - org.pentaho.di.trans.steps.tableinput.TableInputMeta@66b3eab0 - Caused by: org.postgresql.util.PSQLException: El intento de conexión falló.
2026/06/30 14:16:15 - org.pentaho.di.trans.steps.tableinput.TableInputMeta@66b3eab0 - 	at org.postgresql.core.v3.ConnectionFactoryImpl.openConnectionImpl(ConnectionFactoryImpl.java:315)
2026/06/30 14:16:15 - org.pentaho.di.trans.steps.tableinput.TableInputMeta@66b3eab0 - 	at org.postgresql.core.ConnectionFactory.openConnection(ConnectionFactory.java:51)
2026/06/30 14:16:15 - org.pentaho.di.trans.steps.tableinput.TableInputMeta@66b3eab0 - 	at org.postgresql.jdbc.PgConnection.<init>(PgConnection.java:223)
2026/06/30 14:16:15 - org.pentaho.di.trans.steps.tableinput.TableInputMeta@66b3eab0 - 	at org.postgresql.Driver.makeConnection(Driver.java:465)
2026/06/30 14:16:15 - org.pentaho.di.trans.steps.tableinput.TableInputMeta@66b3eab0 - 	at org.postgresql.Driver.connect(Driver.java:264)
2026/06/30 14:16:15 - org.pentaho.di.trans.steps.tableinput.TableInputMeta@66b3eab0 - 	at java.sql/java.sql.DriverManager.getConnection(DriverManager.java:683)
2026/06/30 14:16:15 - org.pentaho.di.trans.steps.tableinput.TableInputMeta@66b3eab0 - 	at java.sql/java.sql.DriverManager.getConnection(DriverManager.java:191)
2026/06/30 14:16:15 - org.pentaho.di.trans.steps.tableinput.TableInputMeta@66b3eab0 - 	at org.pentaho.di.core.database.Database.connectUsingClass(Database.java:589)
2026/06/30 14:16:15 - org.pentaho.di.trans.steps.tableinput.TableInputMeta@66b3eab0 - 	... 35 more
2026/06/30 14:16:15 - org.pentaho.di.trans.steps.tableinput.TableInputMeta@66b3eab0 - Caused by: java.net.UnknownHostException: db_seguros
2026/06/30 14:16:15 - org.pentaho.di.trans.steps.tableinput.TableInputMeta@66b3eab0 - 	at java.base/sun.nio.ch.NioSocketImpl.connect(NioSocketImpl.java:560)
2026/06/30 14:16:15 - org.pentaho.di.trans.steps.tableinput.TableInputMeta@66b3eab0 - 	at java.base/java.net.SocksSocketImpl.connect(SocksSocketImpl.java:327)
2026/06/30 14:16:15 - org.pentaho.di.trans.steps.tableinput.TableInputMeta@66b3eab0 - 	at java.base/java.net.Socket.connect(Socket.java:666)
2026/06/30 14:16:15 - org.pentaho.di.trans.steps.tableinput.TableInputMeta@66b3eab0 - 	at org.postgresql.core.PGStream.createSocket(PGStream.java:231)
2026/06/30 14:16:15 - org.pentaho.di.trans.steps.tableinput.TableInputMeta@66b3eab0 - 	at org.postgresql.core.PGStream.<init>(PGStream.java:95)
2026/06/30 14:16:15 - org.pentaho.di.trans.steps.tableinput.TableInputMeta@66b3eab0 - 	at org.postgresql.core.v3.ConnectionFactoryImpl.tryConnect(ConnectionFactoryImpl.java:98)
2026/06/30 14:16:15 - org.pentaho.di.trans.steps.tableinput.TableInputMeta@66b3eab0 - 	at org.postgresql.core.v3.ConnectionFactoryImpl.openConnectionImpl(ConnectionFactoryImpl.java:213)
2026/06/30 14:16:15 - org.pentaho.di.trans.steps.tableinput.TableInputMeta@66b3eab0 - 	... 42 more
2026/06/30 14:16:25 - org.pentaho.di.trans.steps.tableinput.TableInputMeta@ea40c9f - ERROR (version 9.4.0.0-343, build 0.0 from 2022-11-08 07.50.27 by buildguy) : Unexpected error fetching row meta data.
2026/06/30 14:16:25 - org.pentaho.di.trans.steps.tableinput.TableInputMeta@ea40c9f - ERROR (version 9.4.0.0-343, build 0.0 from 2022-11-08 07.50.27 by buildguy) : org.pentaho.di.core.exception.KettleStepException: 
2026/06/30 14:16:25 - org.pentaho.di.trans.steps.tableinput.TableInputMeta@ea40c9f - Unable to get queryfields for SQL: 
2026/06/30 14:16:25 - org.pentaho.di.trans.steps.tableinput.TableInputMeta@ea40c9f - SELECT
  cod_cliente
, cod_evaluacion_servicio
, cod_producto
, recomienda_amigo
,fecha_recomendacion
FROM seguro_g26473471.recomienda

2026/06/30 14:16:25 - org.pentaho.di.trans.steps.tableinput.TableInputMeta@ea40c9f - 
2026/06/30 14:16:25 - org.pentaho.di.trans.steps.tableinput.TableInputMeta@ea40c9f - Error occurred while trying to connect to the database
2026/06/30 14:16:25 - org.pentaho.di.trans.steps.tableinput.TableInputMeta@ea40c9f - 
2026/06/30 14:16:25 - org.pentaho.di.trans.steps.tableinput.TableInputMeta@ea40c9f - Connection failed. Verify all connection parameters and confirm that the appropriate driver is installed.
2026/06/30 14:16:25 - org.pentaho.di.trans.steps.tableinput.TableInputMeta@ea40c9f - El intento de conexión falló.
2026/06/30 14:16:25 - org.pentaho.di.trans.steps.tableinput.TableInputMeta@ea40c9f - 
2026/06/30 14:16:25 - org.pentaho.di.trans.steps.tableinput.TableInputMeta@ea40c9f - 
2026/06/30 14:16:25 - org.pentaho.di.trans.steps.tableinput.TableInputMeta@ea40c9f - 
2026/06/30 14:16:25 - org.pentaho.di.trans.steps.tableinput.TableInputMeta@ea40c9f - 	at org.pentaho.di.trans.steps.tableinput.TableInputMeta.getFields(TableInputMeta.java:275)
2026/06/30 14:16:25 - org.pentaho.di.trans.steps.tableinput.TableInputMeta@ea40c9f - 	at org.pentaho.di.trans.TransMeta.getThisStepFields(TransMeta.java:2055)
2026/06/30 14:16:25 - org.pentaho.di.trans.steps.tableinput.TableInputMeta@ea40c9f - 	at org.pentaho.di.trans.TransMeta.getStepFields(TransMeta.java:1873)
2026/06/30 14:16:25 - org.pentaho.di.trans.steps.tableinput.TableInputMeta@ea40c9f - 	at org.pentaho.di.trans.TransMeta.getStepFields(TransMeta.java:1770)
2026/06/30 14:16:25 - org.pentaho.di.trans.steps.tableinput.TableInputMeta@ea40c9f - 	at org.pentaho.di.trans.steps.tableinput.TableInputMeta.updateCachedRowMeta(TableInputMeta.java:340)
2026/06/30 14:16:25 - org.pentaho.di.trans.steps.tableinput.TableInputMeta@ea40c9f - 	at org.pentaho.di.ui.trans.steps.tableinput.TableInputDialog.ok(TableInputDialog.java:566)
2026/06/30 14:16:25 - org.pentaho.di.trans.steps.tableinput.TableInputMeta@ea40c9f - 	at org.pentaho.di.ui.trans.steps.tableinput.TableInputDialog.access$400(TableInputDialog.java:79)
2026/06/30 14:16:25 - org.pentaho.di.trans.steps.tableinput.TableInputMeta@ea40c9f - 	at org.pentaho.di.ui.trans.steps.tableinput.TableInputDialog$12.handleEvent(TableInputDialog.java:417)
2026/06/30 14:16:25 - org.pentaho.di.trans.steps.tableinput.TableInputMeta@ea40c9f - 	at org.eclipse.swt.widgets.EventTable.sendEvent(EventTable.java:89)
2026/06/30 14:16:25 - org.pentaho.di.trans.steps.tableinput.TableInputMeta@ea40c9f - 	at org.eclipse.swt.widgets.Display.sendEvent(Display.java:4209)
2026/06/30 14:16:25 - org.pentaho.di.trans.steps.tableinput.TableInputMeta@ea40c9f - 	at org.eclipse.swt.widgets.Widget.sendEvent(Widget.java:1037)
2026/06/30 14:16:25 - org.pentaho.di.trans.steps.tableinput.TableInputMeta@ea40c9f - 	at org.eclipse.swt.widgets.Display.runDeferredEvents(Display.java:4026)
2026/06/30 14:16:25 - org.pentaho.di.trans.steps.tableinput.TableInputMeta@ea40c9f - 	at org.eclipse.swt.widgets.Display.readAndDispatch(Display.java:3626)
2026/06/30 14:16:25 - org.pentaho.di.trans.steps.tableinput.TableInputMeta@ea40c9f - 	at org.pentaho.di.ui.trans.steps.tableinput.TableInputDialog.open(TableInputDialog.java:463)
2026/06/30 14:16:25 - org.pentaho.di.trans.steps.tableinput.TableInputMeta@ea40c9f - 	at org.pentaho.di.ui.spoon.delegates.SpoonStepsDelegate.editStep(SpoonStepsDelegate.java:120)
2026/06/30 14:16:25 - org.pentaho.di.trans.steps.tableinput.TableInputMeta@ea40c9f - 	at org.pentaho.di.ui.spoon.Spoon.editStep(Spoon.java:9025)
2026/06/30 14:16:25 - org.pentaho.di.trans.steps.tableinput.TableInputMeta@ea40c9f - 	at org.pentaho.di.ui.spoon.trans.TransGraph.editStep(TransGraph.java:3286)
2026/06/30 14:16:25 - org.pentaho.di.trans.steps.tableinput.TableInputMeta@ea40c9f - 	at org.pentaho.di.ui.spoon.trans.TransGraph.mouseDoubleClick(TransGraph.java:784)
2026/06/30 14:16:25 - org.pentaho.di.trans.steps.tableinput.TableInputMeta@ea40c9f - 	at org.eclipse.swt.widgets.TypedListener.handleEvent(TypedListener.java:200)
2026/06/30 14:16:25 - org.pentaho.di.trans.steps.tableinput.TableInputMeta@ea40c9f - 	at org.eclipse.swt.widgets.EventTable.sendEvent(EventTable.java:89)
2026/06/30 14:16:25 - org.pentaho.di.trans.steps.tableinput.TableInputMeta@ea40c9f - 	at org.eclipse.swt.widgets.Display.sendEvent(Display.java:4209)
2026/06/30 14:16:25 - org.pentaho.di.trans.steps.tableinput.TableInputMeta@ea40c9f - 	at org.eclipse.swt.widgets.Widget.sendEvent(Widget.java:1037)
2026/06/30 14:16:25 - org.pentaho.di.trans.steps.tableinput.TableInputMeta@ea40c9f - 	at org.eclipse.swt.widgets.Display.runDeferredEvents(Display.java:4026)
2026/06/30 14:16:25 - org.pentaho.di.trans.steps.tableinput.TableInputMeta@ea40c9f - 	at org.eclipse.swt.widgets.Display.readAndDispatch(Display.java:3626)
2026/06/30 14:16:25 - org.pentaho.di.trans.steps.tableinput.TableInputMeta@ea40c9f - 	at org.pentaho.di.ui.spoon.Spoon.readAndDispatch(Spoon.java:1432)
2026/06/30 14:16:25 - org.pentaho.di.trans.steps.tableinput.TableInputMeta@ea40c9f - 	at org.pentaho.di.ui.spoon.Spoon.waitForDispose(Spoon.java:8160)
2026/06/30 14:16:25 - org.pentaho.di.trans.steps.tableinput.TableInputMeta@ea40c9f - 	at org.pentaho.di.ui.spoon.Spoon.start(Spoon.java:9542)
2026/06/30 14:16:25 - org.pentaho.di.trans.steps.tableinput.TableInputMeta@ea40c9f - 	at org.pentaho.di.ui.spoon.Spoon.main(Spoon.java:722)
2026/06/30 14:16:25 - org.pentaho.di.trans.steps.tableinput.TableInputMeta@ea40c9f - 	at java.base/jdk.internal.reflect.DirectMethodHandleAccessor.invoke(DirectMethodHandleAccessor.java:104)
2026/06/30 14:16:25 - org.pentaho.di.trans.steps.tableinput.TableInputMeta@ea40c9f - 	at java.base/java.lang.reflect.Method.invoke(Method.java:578)
2026/06/30 14:16:25 - org.pentaho.di.trans.steps.tableinput.TableInputMeta@ea40c9f - 	at org.pentaho.commons.launcher.Launcher.main(Launcher.java:92)
2026/06/30 14:16:25 - org.pentaho.di.trans.steps.tableinput.TableInputMeta@ea40c9f - Caused by: org.pentaho.di.core.exception.KettleDatabaseException: 
2026/06/30 14:16:25 - org.pentaho.di.trans.steps.tableinput.TableInputMeta@ea40c9f - Error occurred while trying to connect to the database
2026/06/30 14:16:25 - org.pentaho.di.trans.steps.tableinput.TableInputMeta@ea40c9f - 
2026/06/30 14:16:25 - org.pentaho.di.trans.steps.tableinput.TableInputMeta@ea40c9f - Connection failed. Verify all connection parameters and confirm that the appropriate driver is installed.
2026/06/30 14:16:25 - org.pentaho.di.trans.steps.tableinput.TableInputMeta@ea40c9f - El intento de conexión falló.
2026/06/30 14:16:25 - org.pentaho.di.trans.steps.tableinput.TableInputMeta@ea40c9f - 
2026/06/30 14:16:25 - org.pentaho.di.trans.steps.tableinput.TableInputMeta@ea40c9f - 
2026/06/30 14:16:25 - org.pentaho.di.trans.steps.tableinput.TableInputMeta@ea40c9f - 	at org.pentaho.di.core.database.Database.normalConnect(Database.java:497)
2026/06/30 14:16:25 - org.pentaho.di.trans.steps.tableinput.TableInputMeta@ea40c9f - 	at org.pentaho.di.core.database.Database.connect(Database.java:389)
2026/06/30 14:16:25 - org.pentaho.di.trans.steps.tableinput.TableInputMeta@ea40c9f - 	at org.pentaho.di.core.database.Database.connect(Database.java:360)
2026/06/30 14:16:25 - org.pentaho.di.trans.steps.tableinput.TableInputMeta@ea40c9f - 	at org.pentaho.di.core.database.Database.connect(Database.java:350)
2026/06/30 14:16:25 - org.pentaho.di.trans.steps.tableinput.TableInputMeta@ea40c9f - 	at org.pentaho.di.trans.steps.tableinput.TableInputMeta.getFields(TableInputMeta.java:253)
2026/06/30 14:16:25 - org.pentaho.di.trans.steps.tableinput.TableInputMeta@ea40c9f - 	... 30 more
2026/06/30 14:16:25 - org.pentaho.di.trans.steps.tableinput.TableInputMeta@ea40c9f - Caused by: org.pentaho.di.core.exception.KettleDatabaseException: 
2026/06/30 14:16:25 - org.pentaho.di.trans.steps.tableinput.TableInputMeta@ea40c9f - Connection failed. Verify all connection parameters and confirm that the appropriate driver is installed.
2026/06/30 14:16:25 - org.pentaho.di.trans.steps.tableinput.TableInputMeta@ea40c9f - El intento de conexión falló.
2026/06/30 14:16:25 - org.pentaho.di.trans.steps.tableinput.TableInputMeta@ea40c9f - 
2026/06/30 14:16:25 - org.pentaho.di.trans.steps.tableinput.TableInputMeta@ea40c9f - 	at org.pentaho.di.core.database.Database.connectUsingClass(Database.java:605)
2026/06/30 14:16:25 - org.pentaho.di.trans.steps.tableinput.TableInputMeta@ea40c9f - 	at org.pentaho.di.core.database.Database.normalConnect(Database.java:481)
2026/06/30 14:16:25 - org.pentaho.di.trans.steps.tableinput.TableInputMeta@ea40c9f - 	... 34 more
2026/06/30 14:16:25 - org.pentaho.di.trans.steps.tableinput.TableInputMeta@ea40c9f - Caused by: org.postgresql.util.PSQLException: El intento de conexión falló.
2026/06/30 14:16:25 - org.pentaho.di.trans.steps.tableinput.TableInputMeta@ea40c9f - 	at org.postgresql.core.v3.ConnectionFactoryImpl.openConnectionImpl(ConnectionFactoryImpl.java:315)
2026/06/30 14:16:25 - org.pentaho.di.trans.steps.tableinput.TableInputMeta@ea40c9f - 	at org.postgresql.core.ConnectionFactory.openConnection(ConnectionFactory.java:51)
2026/06/30 14:16:25 - org.pentaho.di.trans.steps.tableinput.TableInputMeta@ea40c9f - 	at org.postgresql.jdbc.PgConnection.<init>(PgConnection.java:223)
2026/06/30 14:16:25 - org.pentaho.di.trans.steps.tableinput.TableInputMeta@ea40c9f - 	at org.postgresql.Driver.makeConnection(Driver.java:465)
2026/06/30 14:16:25 - org.pentaho.di.trans.steps.tableinput.TableInputMeta@ea40c9f - 	at org.postgresql.Driver.connect(Driver.java:264)
2026/06/30 14:16:25 - org.pentaho.di.trans.steps.tableinput.TableInputMeta@ea40c9f - 	at java.sql/java.sql.DriverManager.getConnection(DriverManager.java:683)
2026/06/30 14:16:25 - org.pentaho.di.trans.steps.tableinput.TableInputMeta@ea40c9f - 	at java.sql/java.sql.DriverManager.getConnection(DriverManager.java:191)
2026/06/30 14:16:25 - org.pentaho.di.trans.steps.tableinput.TableInputMeta@ea40c9f - 	at org.pentaho.di.core.database.Database.connectUsingClass(Database.java:589)
2026/06/30 14:16:25 - org.pentaho.di.trans.steps.tableinput.TableInputMeta@ea40c9f - 	... 35 more
2026/06/30 14:16:25 - org.pentaho.di.trans.steps.tableinput.TableInputMeta@ea40c9f - Caused by: java.net.UnknownHostException: db_seguros
2026/06/30 14:16:25 - org.pentaho.di.trans.steps.tableinput.TableInputMeta@ea40c9f - 	at java.base/sun.nio.ch.NioSocketImpl.connect(NioSocketImpl.java:560)
2026/06/30 14:16:25 - org.pentaho.di.trans.steps.tableinput.TableInputMeta@ea40c9f - 	at java.base/java.net.SocksSocketImpl.connect(SocksSocketImpl.java:327)
2026/06/30 14:16:25 - org.pentaho.di.trans.steps.tableinput.TableInputMeta@ea40c9f - 	at java.base/java.net.Socket.connect(Socket.java:666)
2026/06/30 14:16:25 - org.pentaho.di.trans.steps.tableinput.TableInputMeta@ea40c9f - 	at org.postgresql.core.PGStream.createSocket(PGStream.java:231)
2026/06/30 14:16:25 - org.pentaho.di.trans.steps.tableinput.TableInputMeta@ea40c9f - 	at org.postgresql.core.PGStream.<init>(PGStream.java:95)
2026/06/30 14:16:25 - org.pentaho.di.trans.steps.tableinput.TableInputMeta@ea40c9f - 	at org.postgresql.core.v3.ConnectionFactoryImpl.tryConnect(ConnectionFactoryImpl.java:98)
2026/06/30 14:16:25 - org.pentaho.di.trans.steps.tableinput.TableInputMeta@ea40c9f - 	at org.postgresql.core.v3.ConnectionFactoryImpl.openConnectionImpl(ConnectionFactoryImpl.java:213)
2026/06/30 14:16:25 - org.pentaho.di.trans.steps.tableinput.TableInputMeta@ea40c9f - 	... 42 more
2026/06/30 14:17:51 - org.pentaho.di.trans.steps.tableinput.TableInputMeta@15a591d9 - ERROR (version 9.4.0.0-343, build 0.0 from 2022-11-08 07.50.27 by buildguy) : Unexpected error fetching row meta data.
2026/06/30 14:17:51 - org.pentaho.di.trans.steps.tableinput.TableInputMeta@15a591d9 - ERROR (version 9.4.0.0-343, build 0.0 from 2022-11-08 07.50.27 by buildguy) : org.pentaho.di.core.exception.KettleStepException: 
2026/06/30 14:17:51 - org.pentaho.di.trans.steps.tableinput.TableInputMeta@15a591d9 - Unable to get queryfields for SQL: 
2026/06/30 14:17:51 - org.pentaho.di.trans.steps.tableinput.TableInputMeta@15a591d9 - SELECT 
sk_dim_producto,
cod_producto
FROM
seguro_dw_g26473471.dim_producto
order by
cod_producto
2026/06/30 14:17:51 - org.pentaho.di.trans.steps.tableinput.TableInputMeta@15a591d9 - 
2026/06/30 14:17:51 - org.pentaho.di.trans.steps.tableinput.TableInputMeta@15a591d9 - Error occurred while trying to connect to the database
2026/06/30 14:17:51 - org.pentaho.di.trans.steps.tableinput.TableInputMeta@15a591d9 - 
2026/06/30 14:17:51 - org.pentaho.di.trans.steps.tableinput.TableInputMeta@15a591d9 - Connection failed. Verify all connection parameters and confirm that the appropriate driver is installed.
2026/06/30 14:17:51 - org.pentaho.di.trans.steps.tableinput.TableInputMeta@15a591d9 - El intento de conexión falló.
2026/06/30 14:17:51 - org.pentaho.di.trans.steps.tableinput.TableInputMeta@15a591d9 - 
2026/06/30 14:17:51 - org.pentaho.di.trans.steps.tableinput.TableInputMeta@15a591d9 - 
2026/06/30 14:17:51 - org.pentaho.di.trans.steps.tableinput.TableInputMeta@15a591d9 - 
2026/06/30 14:17:51 - org.pentaho.di.trans.steps.tableinput.TableInputMeta@15a591d9 - 	at org.pentaho.di.trans.steps.tableinput.TableInputMeta.getFields(TableInputMeta.java:275)
2026/06/30 14:17:51 - org.pentaho.di.trans.steps.tableinput.TableInputMeta@15a591d9 - 	at org.pentaho.di.trans.TransMeta.getThisStepFields(TransMeta.java:2055)
2026/06/30 14:17:51 - org.pentaho.di.trans.steps.tableinput.TableInputMeta@15a591d9 - 	at org.pentaho.di.trans.TransMeta.getStepFields(TransMeta.java:1873)
2026/06/30 14:17:51 - org.pentaho.di.trans.steps.tableinput.TableInputMeta@15a591d9 - 	at org.pentaho.di.trans.TransMeta.getStepFields(TransMeta.java:1770)
2026/06/30 14:17:51 - org.pentaho.di.trans.steps.tableinput.TableInputMeta@15a591d9 - 	at org.pentaho.di.trans.steps.tableinput.TableInputMeta.updateCachedRowMeta(TableInputMeta.java:340)
2026/06/30 14:17:51 - org.pentaho.di.trans.steps.tableinput.TableInputMeta@15a591d9 - 	at org.pentaho.di.ui.trans.steps.tableinput.TableInputDialog.ok(TableInputDialog.java:566)
2026/06/30 14:17:51 - org.pentaho.di.trans.steps.tableinput.TableInputMeta@15a591d9 - 	at org.pentaho.di.ui.trans.steps.tableinput.TableInputDialog.access$400(TableInputDialog.java:79)
2026/06/30 14:17:51 - org.pentaho.di.trans.steps.tableinput.TableInputMeta@15a591d9 - 	at org.pentaho.di.ui.trans.steps.tableinput.TableInputDialog$12.handleEvent(TableInputDialog.java:417)
2026/06/30 14:17:51 - org.pentaho.di.trans.steps.tableinput.TableInputMeta@15a591d9 - 	at org.eclipse.swt.widgets.EventTable.sendEvent(EventTable.java:89)
2026/06/30 14:17:51 - org.pentaho.di.trans.steps.tableinput.TableInputMeta@15a591d9 - 	at org.eclipse.swt.widgets.Display.sendEvent(Display.java:4209)
2026/06/30 14:17:51 - org.pentaho.di.trans.steps.tableinput.TableInputMeta@15a591d9 - 	at org.eclipse.swt.widgets.Widget.sendEvent(Widget.java:1037)
2026/06/30 14:17:51 - org.pentaho.di.trans.steps.tableinput.TableInputMeta@15a591d9 - 	at org.eclipse.swt.widgets.Display.runDeferredEvents(Display.java:4026)
2026/06/30 14:17:51 - org.pentaho.di.trans.steps.tableinput.TableInputMeta@15a591d9 - 	at org.eclipse.swt.widgets.Display.readAndDispatch(Display.java:3626)
2026/06/30 14:17:51 - org.pentaho.di.trans.steps.tableinput.TableInputMeta@15a591d9 - 	at org.pentaho.di.ui.trans.steps.tableinput.TableInputDialog.open(TableInputDialog.java:463)
2026/06/30 14:17:51 - org.pentaho.di.trans.steps.tableinput.TableInputMeta@15a591d9 - 	at org.pentaho.di.ui.spoon.delegates.SpoonStepsDelegate.editStep(SpoonStepsDelegate.java:120)
2026/06/30 14:17:51 - org.pentaho.di.trans.steps.tableinput.TableInputMeta@15a591d9 - 	at org.pentaho.di.ui.spoon.Spoon.editStep(Spoon.java:9025)
2026/06/30 14:17:51 - org.pentaho.di.trans.steps.tableinput.TableInputMeta@15a591d9 - 	at org.pentaho.di.ui.spoon.trans.TransGraph.editStep(TransGraph.java:3286)
2026/06/30 14:17:51 - org.pentaho.di.trans.steps.tableinput.TableInputMeta@15a591d9 - 	at org.pentaho.di.ui.spoon.trans.TransGraph.mouseDoubleClick(TransGraph.java:784)
2026/06/30 14:17:51 - org.pentaho.di.trans.steps.tableinput.TableInputMeta@15a591d9 - 	at org.eclipse.swt.widgets.TypedListener.handleEvent(TypedListener.java:200)
2026/06/30 14:17:51 - org.pentaho.di.trans.steps.tableinput.TableInputMeta@15a591d9 - 	at org.eclipse.swt.widgets.EventTable.sendEvent(EventTable.java:89)
2026/06/30 14:17:51 - org.pentaho.di.trans.steps.tableinput.TableInputMeta@15a591d9 - 	at org.eclipse.swt.widgets.Display.sendEvent(Display.java:4209)
2026/06/30 14:17:51 - org.pentaho.di.trans.steps.tableinput.TableInputMeta@15a591d9 - 	at org.eclipse.swt.widgets.Widget.sendEvent(Widget.java:1037)
2026/06/30 14:17:51 - org.pentaho.di.trans.steps.tableinput.TableInputMeta@15a591d9 - 	at org.eclipse.swt.widgets.Display.runDeferredEvents(Display.java:4026)
2026/06/30 14:17:51 - org.pentaho.di.trans.steps.tableinput.TableInputMeta@15a591d9 - 	at org.eclipse.swt.widgets.Display.readAndDispatch(Display.java:3626)
2026/06/30 14:17:51 - org.pentaho.di.trans.steps.tableinput.TableInputMeta@15a591d9 - 	at org.pentaho.di.ui.spoon.Spoon.readAndDispatch(Spoon.java:1432)
2026/06/30 14:17:51 - org.pentaho.di.trans.steps.tableinput.TableInputMeta@15a591d9 - 	at org.pentaho.di.ui.spoon.Spoon.waitForDispose(Spoon.java:8160)
2026/06/30 14:17:51 - org.pentaho.di.trans.steps.tableinput.TableInputMeta@15a591d9 - 	at org.pentaho.di.ui.spoon.Spoon.start(Spoon.java:9542)
2026/06/30 14:17:51 - org.pentaho.di.trans.steps.tableinput.TableInputMeta@15a591d9 - 	at org.pentaho.di.ui.spoon.Spoon.main(Spoon.java:722)
2026/06/30 14:17:51 - org.pentaho.di.trans.steps.tableinput.TableInputMeta@15a591d9 - 	at java.base/jdk.internal.reflect.DirectMethodHandleAccessor.invoke(DirectMethodHandleAccessor.java:104)
2026/06/30 14:17:51 - org.pentaho.di.trans.steps.tableinput.TableInputMeta@15a591d9 - 	at java.base/java.lang.reflect.Method.invoke(Method.java:578)
2026/06/30 14:17:51 - org.pentaho.di.trans.steps.tableinput.TableInputMeta@15a591d9 - 	at org.pentaho.commons.launcher.Launcher.main(Launcher.java:92)
2026/06/30 14:17:51 - org.pentaho.di.trans.steps.tableinput.TableInputMeta@15a591d9 - Caused by: org.pentaho.di.core.exception.KettleDatabaseException: 
2026/06/30 14:17:51 - org.pentaho.di.trans.steps.tableinput.TableInputMeta@15a591d9 - Error occurred while trying to connect to the database
2026/06/30 14:17:51 - org.pentaho.di.trans.steps.tableinput.TableInputMeta@15a591d9 - 
2026/06/30 14:17:51 - org.pentaho.di.trans.steps.tableinput.TableInputMeta@15a591d9 - Connection failed. Verify all connection parameters and confirm that the appropriate driver is installed.
2026/06/30 14:17:51 - org.pentaho.di.trans.steps.tableinput.TableInputMeta@15a591d9 - El intento de conexión falló.
2026/06/30 14:17:51 - org.pentaho.di.trans.steps.tableinput.TableInputMeta@15a591d9 - 
2026/06/30 14:17:51 - org.pentaho.di.trans.steps.tableinput.TableInputMeta@15a591d9 - 
2026/06/30 14:17:51 - org.pentaho.di.trans.steps.tableinput.TableInputMeta@15a591d9 - 	at org.pentaho.di.core.database.Database.normalConnect(Database.java:497)
2026/06/30 14:17:51 - org.pentaho.di.trans.steps.tableinput.TableInputMeta@15a591d9 - 	at org.pentaho.di.core.database.Database.connect(Database.java:389)
2026/06/30 14:17:51 - org.pentaho.di.trans.steps.tableinput.TableInputMeta@15a591d9 - 	at org.pentaho.di.core.database.Database.connect(Database.java:360)
2026/06/30 14:17:51 - org.pentaho.di.trans.steps.tableinput.TableInputMeta@15a591d9 - 	at org.pentaho.di.core.database.Database.connect(Database.java:350)
2026/06/30 14:17:51 - org.pentaho.di.trans.steps.tableinput.TableInputMeta@15a591d9 - 	at org.pentaho.di.trans.steps.tableinput.TableInputMeta.getFields(TableInputMeta.java:253)
2026/06/30 14:17:51 - org.pentaho.di.trans.steps.tableinput.TableInputMeta@15a591d9 - 	... 30 more
2026/06/30 14:17:51 - org.pentaho.di.trans.steps.tableinput.TableInputMeta@15a591d9 - Caused by: org.pentaho.di.core.exception.KettleDatabaseException: 
2026/06/30 14:17:51 - org.pentaho.di.trans.steps.tableinput.TableInputMeta@15a591d9 - Connection failed. Verify all connection parameters and confirm that the appropriate driver is installed.
2026/06/30 14:17:51 - org.pentaho.di.trans.steps.tableinput.TableInputMeta@15a591d9 - El intento de conexión falló.
2026/06/30 14:17:51 - org.pentaho.di.trans.steps.tableinput.TableInputMeta@15a591d9 - 
2026/06/30 14:17:51 - org.pentaho.di.trans.steps.tableinput.TableInputMeta@15a591d9 - 	at org.pentaho.di.core.database.Database.connectUsingClass(Database.java:605)
2026/06/30 14:17:51 - org.pentaho.di.trans.steps.tableinput.TableInputMeta@15a591d9 - 	at org.pentaho.di.core.database.Database.normalConnect(Database.java:481)
2026/06/30 14:17:51 - org.pentaho.di.trans.steps.tableinput.TableInputMeta@15a591d9 - 	... 34 more
2026/06/30 14:17:51 - org.pentaho.di.trans.steps.tableinput.TableInputMeta@15a591d9 - Caused by: org.postgresql.util.PSQLException: El intento de conexión falló.
2026/06/30 14:17:51 - org.pentaho.di.trans.steps.tableinput.TableInputMeta@15a591d9 - 	at org.postgresql.core.v3.ConnectionFactoryImpl.openConnectionImpl(ConnectionFactoryImpl.java:315)
2026/06/30 14:17:51 - org.pentaho.di.trans.steps.tableinput.TableInputMeta@15a591d9 - 	at org.postgresql.core.ConnectionFactory.openConnection(ConnectionFactory.java:51)
2026/06/30 14:17:51 - org.pentaho.di.trans.steps.tableinput.TableInputMeta@15a591d9 - 	at org.postgresql.jdbc.PgConnection.<init>(PgConnection.java:223)
2026/06/30 14:17:51 - org.pentaho.di.trans.steps.tableinput.TableInputMeta@15a591d9 - 	at org.postgresql.Driver.makeConnection(Driver.java:465)
2026/06/30 14:17:51 - org.pentaho.di.trans.steps.tableinput.TableInputMeta@15a591d9 - 	at org.postgresql.Driver.connect(Driver.java:264)
2026/06/30 14:17:51 - org.pentaho.di.trans.steps.tableinput.TableInputMeta@15a591d9 - 	at java.sql/java.sql.DriverManager.getConnection(DriverManager.java:683)
2026/06/30 14:17:51 - org.pentaho.di.trans.steps.tableinput.TableInputMeta@15a591d9 - 	at java.sql/java.sql.DriverManager.getConnection(DriverManager.java:191)
2026/06/30 14:17:51 - org.pentaho.di.trans.steps.tableinput.TableInputMeta@15a591d9 - 	at org.pentaho.di.core.database.Database.connectUsingClass(Database.java:589)
2026/06/30 14:17:51 - org.pentaho.di.trans.steps.tableinput.TableInputMeta@15a591d9 - 	... 35 more
2026/06/30 14:17:51 - org.pentaho.di.trans.steps.tableinput.TableInputMeta@15a591d9 - Caused by: java.net.UnknownHostException: db_seguros
2026/06/30 14:17:51 - org.pentaho.di.trans.steps.tableinput.TableInputMeta@15a591d9 - 	at java.base/sun.nio.ch.NioSocketImpl.connect(NioSocketImpl.java:560)
2026/06/30 14:17:51 - org.pentaho.di.trans.steps.tableinput.TableInputMeta@15a591d9 - 	at java.base/java.net.SocksSocketImpl.connect(SocksSocketImpl.java:327)
2026/06/30 14:17:51 - org.pentaho.di.trans.steps.tableinput.TableInputMeta@15a591d9 - 	at java.base/java.net.Socket.connect(Socket.java:666)
2026/06/30 14:17:51 - org.pentaho.di.trans.steps.tableinput.TableInputMeta@15a591d9 - 	at org.postgresql.core.PGStream.createSocket(PGStream.java:231)
2026/06/30 14:17:51 - org.pentaho.di.trans.steps.tableinput.TableInputMeta@15a591d9 - 	at org.postgresql.core.PGStream.<init>(PGStream.java:95)
2026/06/30 14:17:51 - org.pentaho.di.trans.steps.tableinput.TableInputMeta@15a591d9 - 	at org.postgresql.core.v3.ConnectionFactoryImpl.tryConnect(ConnectionFactoryImpl.java:98)
2026/06/30 14:17:51 - org.pentaho.di.trans.steps.tableinput.TableInputMeta@15a591d9 - 	at org.postgresql.core.v3.ConnectionFactoryImpl.openConnectionImpl(ConnectionFactoryImpl.java:213)
2026/06/30 14:17:51 - org.pentaho.di.trans.steps.tableinput.TableInputMeta@15a591d9 - 	... 42 more
2026/06/30 14:17:56 - org.pentaho.di.trans.steps.sort.SortRowsMeta@48224381 - ERROR (version 9.4.0.0-343, build 0.0 from 2022-11-08 07.50.27 by buildguy) : Unable to get fields from previous steps because of an error
2026/06/30 14:18:16 - org.pentaho.di.trans.steps.tableinput.TableInputMeta@4f836d9 - ERROR (version 9.4.0.0-343, build 0.0 from 2022-11-08 07.50.27 by buildguy) : Unexpected error fetching row meta data.
2026/06/30 14:18:16 - org.pentaho.di.trans.steps.tableinput.TableInputMeta@4f836d9 - ERROR (version 9.4.0.0-343, build 0.0 from 2022-11-08 07.50.27 by buildguy) : org.pentaho.di.core.exception.KettleStepException: 
2026/06/30 14:18:16 - org.pentaho.di.trans.steps.tableinput.TableInputMeta@4f836d9 - Unable to get queryfields for SQL: 
2026/06/30 14:18:16 - org.pentaho.di.trans.steps.tableinput.TableInputMeta@4f836d9 - SELECT sk_dim_tiempo, fecha_completa FROM seguro_dw_g26473471.dim_tiempo
2026/06/30 14:18:16 - org.pentaho.di.trans.steps.tableinput.TableInputMeta@4f836d9 - 
2026/06/30 14:18:16 - org.pentaho.di.trans.steps.tableinput.TableInputMeta@4f836d9 - Error occurred while trying to connect to the database
2026/06/30 14:18:16 - org.pentaho.di.trans.steps.tableinput.TableInputMeta@4f836d9 - 
2026/06/30 14:18:16 - org.pentaho.di.trans.steps.tableinput.TableInputMeta@4f836d9 - Connection failed. Verify all connection parameters and confirm that the appropriate driver is installed.
2026/06/30 14:18:16 - org.pentaho.di.trans.steps.tableinput.TableInputMeta@4f836d9 - El intento de conexión falló.
2026/06/30 14:18:16 - org.pentaho.di.trans.steps.tableinput.TableInputMeta@4f836d9 - 
2026/06/30 14:18:16 - org.pentaho.di.trans.steps.tableinput.TableInputMeta@4f836d9 - 
2026/06/30 14:18:16 - org.pentaho.di.trans.steps.tableinput.TableInputMeta@4f836d9 - 
2026/06/30 14:18:16 - org.pentaho.di.trans.steps.tableinput.TableInputMeta@4f836d9 - 	at org.pentaho.di.trans.steps.tableinput.TableInputMeta.getFields(TableInputMeta.java:275)
2026/06/30 14:18:16 - org.pentaho.di.trans.steps.tableinput.TableInputMeta@4f836d9 - 	at org.pentaho.di.trans.TransMeta.getThisStepFields(TransMeta.java:2055)
2026/06/30 14:18:16 - org.pentaho.di.trans.steps.tableinput.TableInputMeta@4f836d9 - 	at org.pentaho.di.trans.TransMeta.getStepFields(TransMeta.java:1873)
2026/06/30 14:18:16 - org.pentaho.di.trans.steps.tableinput.TableInputMeta@4f836d9 - 	at org.pentaho.di.trans.TransMeta.getStepFields(TransMeta.java:1770)
2026/06/30 14:18:16 - org.pentaho.di.trans.steps.tableinput.TableInputMeta@4f836d9 - 	at org.pentaho.di.trans.steps.tableinput.TableInputMeta.updateCachedRowMeta(TableInputMeta.java:340)
2026/06/30 14:18:16 - org.pentaho.di.trans.steps.tableinput.TableInputMeta@4f836d9 - 	at org.pentaho.di.ui.trans.steps.tableinput.TableInputDialog.ok(TableInputDialog.java:566)
2026/06/30 14:18:16 - org.pentaho.di.trans.steps.tableinput.TableInputMeta@4f836d9 - 	at org.pentaho.di.ui.trans.steps.tableinput.TableInputDialog.access$400(TableInputDialog.java:79)
2026/06/30 14:18:16 - org.pentaho.di.trans.steps.tableinput.TableInputMeta@4f836d9 - 	at org.pentaho.di.ui.trans.steps.tableinput.TableInputDialog$12.handleEvent(TableInputDialog.java:417)
2026/06/30 14:18:16 - org.pentaho.di.trans.steps.tableinput.TableInputMeta@4f836d9 - 	at org.eclipse.swt.widgets.EventTable.sendEvent(EventTable.java:89)
2026/06/30 14:18:16 - org.pentaho.di.trans.steps.tableinput.TableInputMeta@4f836d9 - 	at org.eclipse.swt.widgets.Display.sendEvent(Display.java:4209)
2026/06/30 14:18:16 - org.pentaho.di.trans.steps.tableinput.TableInputMeta@4f836d9 - 	at org.eclipse.swt.widgets.Widget.sendEvent(Widget.java:1037)
2026/06/30 14:18:16 - org.pentaho.di.trans.steps.tableinput.TableInputMeta@4f836d9 - 	at org.eclipse.swt.widgets.Display.runDeferredEvents(Display.java:4026)
2026/06/30 14:18:16 - org.pentaho.di.trans.steps.tableinput.TableInputMeta@4f836d9 - 	at org.eclipse.swt.widgets.Display.readAndDispatch(Display.java:3626)
2026/06/30 14:18:16 - org.pentaho.di.trans.steps.tableinput.TableInputMeta@4f836d9 - 	at org.pentaho.di.ui.trans.steps.tableinput.TableInputDialog.open(TableInputDialog.java:463)
2026/06/30 14:18:16 - org.pentaho.di.trans.steps.tableinput.TableInputMeta@4f836d9 - 	at org.pentaho.di.ui.spoon.delegates.SpoonStepsDelegate.editStep(SpoonStepsDelegate.java:120)
2026/06/30 14:18:16 - org.pentaho.di.trans.steps.tableinput.TableInputMeta@4f836d9 - 	at org.pentaho.di.ui.spoon.Spoon.editStep(Spoon.java:9025)
2026/06/30 14:18:16 - org.pentaho.di.trans.steps.tableinput.TableInputMeta@4f836d9 - 	at org.pentaho.di.ui.spoon.trans.TransGraph.editStep(TransGraph.java:3286)
2026/06/30 14:18:16 - org.pentaho.di.trans.steps.tableinput.TableInputMeta@4f836d9 - 	at org.pentaho.di.ui.spoon.trans.TransGraph.mouseDoubleClick(TransGraph.java:784)
2026/06/30 14:18:16 - org.pentaho.di.trans.steps.tableinput.TableInputMeta@4f836d9 - 	at org.eclipse.swt.widgets.TypedListener.handleEvent(TypedListener.java:200)
2026/06/30 14:18:16 - org.pentaho.di.trans.steps.tableinput.TableInputMeta@4f836d9 - 	at org.eclipse.swt.widgets.EventTable.sendEvent(EventTable.java:89)
2026/06/30 14:18:16 - org.pentaho.di.trans.steps.tableinput.TableInputMeta@4f836d9 - 	at org.eclipse.swt.widgets.Display.sendEvent(Display.java:4209)
2026/06/30 14:18:16 - org.pentaho.di.trans.steps.tableinput.TableInputMeta@4f836d9 - 	at org.eclipse.swt.widgets.Widget.sendEvent(Widget.java:1037)
2026/06/30 14:18:16 - org.pentaho.di.trans.steps.tableinput.TableInputMeta@4f836d9 - 	at org.eclipse.swt.widgets.Display.runDeferredEvents(Display.java:4026)
2026/06/30 14:18:16 - org.pentaho.di.trans.steps.tableinput.TableInputMeta@4f836d9 - 	at org.eclipse.swt.widgets.Display.readAndDispatch(Display.java:3626)
2026/06/30 14:18:16 - org.pentaho.di.trans.steps.tableinput.TableInputMeta@4f836d9 - 	at org.pentaho.di.ui.spoon.Spoon.readAndDispatch(Spoon.java:1432)
2026/06/30 14:18:16 - org.pentaho.di.trans.steps.tableinput.TableInputMeta@4f836d9 - 	at org.pentaho.di.ui.spoon.Spoon.waitForDispose(Spoon.java:8160)
2026/06/30 14:18:16 - org.pentaho.di.trans.steps.tableinput.TableInputMeta@4f836d9 - 	at org.pentaho.di.ui.spoon.Spoon.start(Spoon.java:9542)
2026/06/30 14:18:16 - org.pentaho.di.trans.steps.tableinput.TableInputMeta@4f836d9 - 	at org.pentaho.di.ui.spoon.Spoon.main(Spoon.java:722)
2026/06/30 14:18:16 - org.pentaho.di.trans.steps.tableinput.TableInputMeta@4f836d9 - 	at java.base/jdk.internal.reflect.DirectMethodHandleAccessor.invoke(DirectMethodHandleAccessor.java:104)
2026/06/30 14:18:16 - org.pentaho.di.trans.steps.tableinput.TableInputMeta@4f836d9 - 	at java.base/java.lang.reflect.Method.invoke(Method.java:578)
2026/06/30 14:18:16 - org.pentaho.di.trans.steps.tableinput.TableInputMeta@4f836d9 - 	at org.pentaho.commons.launcher.Launcher.main(Launcher.java:92)
2026/06/30 14:18:16 - org.pentaho.di.trans.steps.tableinput.TableInputMeta@4f836d9 - Caused by: org.pentaho.di.core.exception.KettleDatabaseException: 
2026/06/30 14:18:16 - org.pentaho.di.trans.steps.tableinput.TableInputMeta@4f836d9 - Error occurred while trying to connect to the database
2026/06/30 14:18:16 - org.pentaho.di.trans.steps.tableinput.TableInputMeta@4f836d9 - 
2026/06/30 14:18:16 - org.pentaho.di.trans.steps.tableinput.TableInputMeta@4f836d9 - Connection failed. Verify all connection parameters and confirm that the appropriate driver is installed.
2026/06/30 14:18:16 - org.pentaho.di.trans.steps.tableinput.TableInputMeta@4f836d9 - El intento de conexión falló.
2026/06/30 14:18:16 - org.pentaho.di.trans.steps.tableinput.TableInputMeta@4f836d9 - 
2026/06/30 14:18:16 - org.pentaho.di.trans.steps.tableinput.TableInputMeta@4f836d9 - 
2026/06/30 14:18:16 - org.pentaho.di.trans.steps.tableinput.TableInputMeta@4f836d9 - 	at org.pentaho.di.core.database.Database.normalConnect(Database.java:497)
2026/06/30 14:18:16 - org.pentaho.di.trans.steps.tableinput.TableInputMeta@4f836d9 - 	at org.pentaho.di.core.database.Database.connect(Database.java:389)
2026/06/30 14:18:16 - org.pentaho.di.trans.steps.tableinput.TableInputMeta@4f836d9 - 	at org.pentaho.di.core.database.Database.connect(Database.java:360)
2026/06/30 14:18:16 - org.pentaho.di.trans.steps.tableinput.TableInputMeta@4f836d9 - 	at org.pentaho.di.core.database.Database.connect(Database.java:350)
2026/06/30 14:18:16 - org.pentaho.di.trans.steps.tableinput.TableInputMeta@4f836d9 - 	at org.pentaho.di.trans.steps.tableinput.TableInputMeta.getFields(TableInputMeta.java:253)
2026/06/30 14:18:16 - org.pentaho.di.trans.steps.tableinput.TableInputMeta@4f836d9 - 	... 30 more
2026/06/30 14:18:16 - org.pentaho.di.trans.steps.tableinput.TableInputMeta@4f836d9 - Caused by: org.pentaho.di.core.exception.KettleDatabaseException: 
2026/06/30 14:18:16 - org.pentaho.di.trans.steps.tableinput.TableInputMeta@4f836d9 - Connection failed. Verify all connection parameters and confirm that the appropriate driver is installed.
2026/06/30 14:18:16 - org.pentaho.di.trans.steps.tableinput.TableInputMeta@4f836d9 - El intento de conexión falló.
2026/06/30 14:18:16 - org.pentaho.di.trans.steps.tableinput.TableInputMeta@4f836d9 - 
2026/06/30 14:18:16 - org.pentaho.di.trans.steps.tableinput.TableInputMeta@4f836d9 - 	at org.pentaho.di.core.database.Database.connectUsingClass(Database.java:605)
2026/06/30 14:18:16 - org.pentaho.di.trans.steps.tableinput.TableInputMeta@4f836d9 - 	at org.pentaho.di.core.database.Database.normalConnect(Database.java:481)
2026/06/30 14:18:16 - org.pentaho.di.trans.steps.tableinput.TableInputMeta@4f836d9 - 	... 34 more
2026/06/30 14:18:16 - org.pentaho.di.trans.steps.tableinput.TableInputMeta@4f836d9 - Caused by: org.postgresql.util.PSQLException: El intento de conexión falló.
2026/06/30 14:18:16 - org.pentaho.di.trans.steps.tableinput.TableInputMeta@4f836d9 - 	at org.postgresql.core.v3.ConnectionFactoryImpl.openConnectionImpl(ConnectionFactoryImpl.java:315)
2026/06/30 14:18:16 - org.pentaho.di.trans.steps.tableinput.TableInputMeta@4f836d9 - 	at org.postgresql.core.ConnectionFactory.openConnection(ConnectionFactory.java:51)
2026/06/30 14:18:16 - org.pentaho.di.trans.steps.tableinput.TableInputMeta@4f836d9 - 	at org.postgresql.jdbc.PgConnection.<init>(PgConnection.java:223)
2026/06/30 14:18:16 - org.pentaho.di.trans.steps.tableinput.TableInputMeta@4f836d9 - 	at org.postgresql.Driver.makeConnection(Driver.java:465)
2026/06/30 14:18:16 - org.pentaho.di.trans.steps.tableinput.TableInputMeta@4f836d9 - 	at org.postgresql.Driver.connect(Driver.java:264)
2026/06/30 14:18:16 - org.pentaho.di.trans.steps.tableinput.TableInputMeta@4f836d9 - 	at java.sql/java.sql.DriverManager.getConnection(DriverManager.java:683)
2026/06/30 14:18:16 - org.pentaho.di.trans.steps.tableinput.TableInputMeta@4f836d9 - 	at java.sql/java.sql.DriverManager.getConnection(DriverManager.java:191)
2026/06/30 14:18:16 - org.pentaho.di.trans.steps.tableinput.TableInputMeta@4f836d9 - 	at org.pentaho.di.core.database.Database.connectUsingClass(Database.java:589)
2026/06/30 14:18:16 - org.pentaho.di.trans.steps.tableinput.TableInputMeta@4f836d9 - 	... 35 more
2026/06/30 14:18:16 - org.pentaho.di.trans.steps.tableinput.TableInputMeta@4f836d9 - Caused by: java.net.UnknownHostException: db_seguros
2026/06/30 14:18:16 - org.pentaho.di.trans.steps.tableinput.TableInputMeta@4f836d9 - 	at java.base/sun.nio.ch.NioSocketImpl.connect(NioSocketImpl.java:560)
2026/06/30 14:18:16 - org.pentaho.di.trans.steps.tableinput.TableInputMeta@4f836d9 - 	at java.base/java.net.SocksSocketImpl.connect(SocksSocketImpl.java:327)
2026/06/30 14:18:16 - org.pentaho.di.trans.steps.tableinput.TableInputMeta@4f836d9 - 	at java.base/java.net.Socket.connect(Socket.java:666)
2026/06/30 14:18:16 - org.pentaho.di.trans.steps.tableinput.TableInputMeta@4f836d9 - 	at org.postgresql.core.PGStream.createSocket(PGStream.java:231)
2026/06/30 14:18:16 - org.pentaho.di.trans.steps.tableinput.TableInputMeta@4f836d9 - 	at org.postgresql.core.PGStream.<init>(PGStream.java:95)
2026/06/30 14:18:16 - org.pentaho.di.trans.steps.tableinput.TableInputMeta@4f836d9 - 	at org.postgresql.core.v3.ConnectionFactoryImpl.tryConnect(ConnectionFactoryImpl.java:98)
2026/06/30 14:18:16 - org.pentaho.di.trans.steps.tableinput.TableInputMeta@4f836d9 - 	at org.postgresql.core.v3.ConnectionFactoryImpl.openConnectionImpl(ConnectionFactoryImpl.java:213)
2026/06/30 14:18:16 - org.pentaho.di.trans.steps.tableinput.TableInputMeta@4f836d9 - 	... 42 more
2026/06/30 14:18:29 - org.pentaho.di.trans.steps.tableinput.TableInputMeta@4e9d203e - ERROR (version 9.4.0.0-343, build 0.0 from 2022-11-08 07.50.27 by buildguy) : Unexpected error fetching row meta data.
2026/06/30 14:18:29 - org.pentaho.di.trans.steps.tableinput.TableInputMeta@4e9d203e - ERROR (version 9.4.0.0-343, build 0.0 from 2022-11-08 07.50.27 by buildguy) : org.pentaho.di.core.exception.KettleStepException: 
2026/06/30 14:18:29 - org.pentaho.di.trans.steps.tableinput.TableInputMeta@4e9d203e - Unable to get queryfields for SQL: 
2026/06/30 14:18:29 - org.pentaho.di.trans.steps.tableinput.TableInputMeta@4e9d203e - SELECT sk_dim_tiempo, fecha_completa FROM seguro_dw_g26473471.dim_tiempo
2026/06/30 14:18:29 - org.pentaho.di.trans.steps.tableinput.TableInputMeta@4e9d203e - 
2026/06/30 14:18:29 - org.pentaho.di.trans.steps.tableinput.TableInputMeta@4e9d203e - Error occurred while trying to connect to the database
2026/06/30 14:18:29 - org.pentaho.di.trans.steps.tableinput.TableInputMeta@4e9d203e - 
2026/06/30 14:18:29 - org.pentaho.di.trans.steps.tableinput.TableInputMeta@4e9d203e - Connection failed. Verify all connection parameters and confirm that the appropriate driver is installed.
2026/06/30 14:18:29 - org.pentaho.di.trans.steps.tableinput.TableInputMeta@4e9d203e - El intento de conexión falló.
2026/06/30 14:18:29 - org.pentaho.di.trans.steps.tableinput.TableInputMeta@4e9d203e - 
2026/06/30 14:18:29 - org.pentaho.di.trans.steps.tableinput.TableInputMeta@4e9d203e - 
2026/06/30 14:18:29 - org.pentaho.di.trans.steps.tableinput.TableInputMeta@4e9d203e - 
2026/06/30 14:18:29 - org.pentaho.di.trans.steps.tableinput.TableInputMeta@4e9d203e - 	at org.pentaho.di.trans.steps.tableinput.TableInputMeta.getFields(TableInputMeta.java:275)
2026/06/30 14:18:29 - org.pentaho.di.trans.steps.tableinput.TableInputMeta@4e9d203e - 	at org.pentaho.di.trans.TransMeta.getThisStepFields(TransMeta.java:2055)
2026/06/30 14:18:29 - org.pentaho.di.trans.steps.tableinput.TableInputMeta@4e9d203e - 	at org.pentaho.di.trans.TransMeta.getStepFields(TransMeta.java:1873)
2026/06/30 14:18:29 - org.pentaho.di.trans.steps.tableinput.TableInputMeta@4e9d203e - 	at org.pentaho.di.trans.TransMeta.getStepFields(TransMeta.java:1770)
2026/06/30 14:18:29 - org.pentaho.di.trans.steps.tableinput.TableInputMeta@4e9d203e - 	at org.pentaho.di.trans.steps.tableinput.TableInputMeta.updateCachedRowMeta(TableInputMeta.java:340)
2026/06/30 14:18:29 - org.pentaho.di.trans.steps.tableinput.TableInputMeta@4e9d203e - 	at org.pentaho.di.ui.trans.steps.tableinput.TableInputDialog.ok(TableInputDialog.java:566)
2026/06/30 14:18:29 - org.pentaho.di.trans.steps.tableinput.TableInputMeta@4e9d203e - 	at org.pentaho.di.ui.trans.steps.tableinput.TableInputDialog.access$400(TableInputDialog.java:79)
2026/06/30 14:18:29 - org.pentaho.di.trans.steps.tableinput.TableInputMeta@4e9d203e - 	at org.pentaho.di.ui.trans.steps.tableinput.TableInputDialog$12.handleEvent(TableInputDialog.java:417)
2026/06/30 14:18:29 - org.pentaho.di.trans.steps.tableinput.TableInputMeta@4e9d203e - 	at org.eclipse.swt.widgets.EventTable.sendEvent(EventTable.java:89)
2026/06/30 14:18:29 - org.pentaho.di.trans.steps.tableinput.TableInputMeta@4e9d203e - 	at org.eclipse.swt.widgets.Display.sendEvent(Display.java:4209)
2026/06/30 14:18:29 - org.pentaho.di.trans.steps.tableinput.TableInputMeta@4e9d203e - 	at org.eclipse.swt.widgets.Widget.sendEvent(Widget.java:1037)
2026/06/30 14:18:29 - org.pentaho.di.trans.steps.tableinput.TableInputMeta@4e9d203e - 	at org.eclipse.swt.widgets.Display.runDeferredEvents(Display.java:4026)
2026/06/30 14:18:29 - org.pentaho.di.trans.steps.tableinput.TableInputMeta@4e9d203e - 	at org.eclipse.swt.widgets.Display.readAndDispatch(Display.java:3626)
2026/06/30 14:18:29 - org.pentaho.di.trans.steps.tableinput.TableInputMeta@4e9d203e - 	at org.pentaho.di.ui.trans.steps.tableinput.TableInputDialog.open(TableInputDialog.java:463)
2026/06/30 14:18:29 - org.pentaho.di.trans.steps.tableinput.TableInputMeta@4e9d203e - 	at org.pentaho.di.ui.spoon.delegates.SpoonStepsDelegate.editStep(SpoonStepsDelegate.java:120)
2026/06/30 14:18:29 - org.pentaho.di.trans.steps.tableinput.TableInputMeta@4e9d203e - 	at org.pentaho.di.ui.spoon.Spoon.editStep(Spoon.java:9025)
2026/06/30 14:18:29 - org.pentaho.di.trans.steps.tableinput.TableInputMeta@4e9d203e - 	at org.pentaho.di.ui.spoon.trans.TransGraph.editStep(TransGraph.java:3286)
2026/06/30 14:18:29 - org.pentaho.di.trans.steps.tableinput.TableInputMeta@4e9d203e - 	at org.pentaho.di.ui.spoon.trans.TransGraph.mouseDoubleClick(TransGraph.java:784)
2026/06/30 14:18:29 - org.pentaho.di.trans.steps.tableinput.TableInputMeta@4e9d203e - 	at org.eclipse.swt.widgets.TypedListener.handleEvent(TypedListener.java:200)
2026/06/30 14:18:29 - org.pentaho.di.trans.steps.tableinput.TableInputMeta@4e9d203e - 	at org.eclipse.swt.widgets.EventTable.sendEvent(EventTable.java:89)
2026/06/30 14:18:29 - org.pentaho.di.trans.steps.tableinput.TableInputMeta@4e9d203e - 	at org.eclipse.swt.widgets.Display.sendEvent(Display.java:4209)
2026/06/30 14:18:29 - org.pentaho.di.trans.steps.tableinput.TableInputMeta@4e9d203e - 	at org.eclipse.swt.widgets.Widget.sendEvent(Widget.java:1037)
2026/06/30 14:18:29 - org.pentaho.di.trans.steps.tableinput.TableInputMeta@4e9d203e - 	at org.eclipse.swt.widgets.Display.runDeferredEvents(Display.java:4026)
2026/06/30 14:18:29 - org.pentaho.di.trans.steps.tableinput.TableInputMeta@4e9d203e - 	at org.eclipse.swt.widgets.Display.readAndDispatch(Display.java:3626)
2026/06/30 14:18:29 - org.pentaho.di.trans.steps.tableinput.TableInputMeta@4e9d203e - 	at org.pentaho.di.ui.spoon.Spoon.readAndDispatch(Spoon.java:1432)
2026/06/30 14:18:29 - org.pentaho.di.trans.steps.tableinput.TableInputMeta@4e9d203e - 	at org.pentaho.di.ui.spoon.Spoon.waitForDispose(Spoon.java:8160)
2026/06/30 14:18:29 - org.pentaho.di.trans.steps.tableinput.TableInputMeta@4e9d203e - 	at org.pentaho.di.ui.spoon.Spoon.start(Spoon.java:9542)
2026/06/30 14:18:29 - org.pentaho.di.trans.steps.tableinput.TableInputMeta@4e9d203e - 	at org.pentaho.di.ui.spoon.Spoon.main(Spoon.java:722)
2026/06/30 14:18:29 - org.pentaho.di.trans.steps.tableinput.TableInputMeta@4e9d203e - 	at java.base/jdk.internal.reflect.DirectMethodHandleAccessor.invoke(DirectMethodHandleAccessor.java:104)
2026/06/30 14:18:29 - org.pentaho.di.trans.steps.tableinput.TableInputMeta@4e9d203e - 	at java.base/java.lang.reflect.Method.invoke(Method.java:578)
2026/06/30 14:18:29 - org.pentaho.di.trans.steps.tableinput.TableInputMeta@4e9d203e - 	at org.pentaho.commons.launcher.Launcher.main(Launcher.java:92)
2026/06/30 14:18:29 - org.pentaho.di.trans.steps.tableinput.TableInputMeta@4e9d203e - Caused by: org.pentaho.di.core.exception.KettleDatabaseException: 
2026/06/30 14:18:29 - org.pentaho.di.trans.steps.tableinput.TableInputMeta@4e9d203e - Error occurred while trying to connect to the database
2026/06/30 14:18:29 - org.pentaho.di.trans.steps.tableinput.TableInputMeta@4e9d203e - 
2026/06/30 14:18:29 - org.pentaho.di.trans.steps.tableinput.TableInputMeta@4e9d203e - Connection failed. Verify all connection parameters and confirm that the appropriate driver is installed.
2026/06/30 14:18:29 - org.pentaho.di.trans.steps.tableinput.TableInputMeta@4e9d203e - El intento de conexión falló.
2026/06/30 14:18:29 - org.pentaho.di.trans.steps.tableinput.TableInputMeta@4e9d203e - 
2026/06/30 14:18:29 - org.pentaho.di.trans.steps.tableinput.TableInputMeta@4e9d203e - 
2026/06/30 14:18:29 - org.pentaho.di.trans.steps.tableinput.TableInputMeta@4e9d203e - 	at org.pentaho.di.core.database.Database.normalConnect(Database.java:497)
2026/06/30 14:18:29 - org.pentaho.di.trans.steps.tableinput.TableInputMeta@4e9d203e - 	at org.pentaho.di.core.database.Database.connect(Database.java:389)
2026/06/30 14:18:29 - org.pentaho.di.trans.steps.tableinput.TableInputMeta@4e9d203e - 	at org.pentaho.di.core.database.Database.connect(Database.java:360)
2026/06/30 14:18:29 - org.pentaho.di.trans.steps.tableinput.TableInputMeta@4e9d203e - 	at org.pentaho.di.core.database.Database.connect(Database.java:350)
2026/06/30 14:18:29 - org.pentaho.di.trans.steps.tableinput.TableInputMeta@4e9d203e - 	at org.pentaho.di.trans.steps.tableinput.TableInputMeta.getFields(TableInputMeta.java:253)
2026/06/30 14:18:29 - org.pentaho.di.trans.steps.tableinput.TableInputMeta@4e9d203e - 	... 30 more
2026/06/30 14:18:29 - org.pentaho.di.trans.steps.tableinput.TableInputMeta@4e9d203e - Caused by: org.pentaho.di.core.exception.KettleDatabaseException: 
2026/06/30 14:18:29 - org.pentaho.di.trans.steps.tableinput.TableInputMeta@4e9d203e - Connection failed. Verify all connection parameters and confirm that the appropriate driver is installed.
2026/06/30 14:18:29 - org.pentaho.di.trans.steps.tableinput.TableInputMeta@4e9d203e - El intento de conexión falló.
2026/06/30 14:18:29 - org.pentaho.di.trans.steps.tableinput.TableInputMeta@4e9d203e - 
2026/06/30 14:18:29 - org.pentaho.di.trans.steps.tableinput.TableInputMeta@4e9d203e - 	at org.pentaho.di.core.database.Database.connectUsingClass(Database.java:605)
2026/06/30 14:18:29 - org.pentaho.di.trans.steps.tableinput.TableInputMeta@4e9d203e - 	at org.pentaho.di.core.database.Database.normalConnect(Database.java:481)
2026/06/30 14:18:29 - org.pentaho.di.trans.steps.tableinput.TableInputMeta@4e9d203e - 	... 34 more
2026/06/30 14:18:29 - org.pentaho.di.trans.steps.tableinput.TableInputMeta@4e9d203e - Caused by: org.postgresql.util.PSQLException: El intento de conexión falló.
2026/06/30 14:18:29 - org.pentaho.di.trans.steps.tableinput.TableInputMeta@4e9d203e - 	at org.postgresql.core.v3.ConnectionFactoryImpl.openConnectionImpl(ConnectionFactoryImpl.java:315)
2026/06/30 14:18:29 - org.pentaho.di.trans.steps.tableinput.TableInputMeta@4e9d203e - 	at org.postgresql.core.ConnectionFactory.openConnection(ConnectionFactory.java:51)
2026/06/30 14:18:29 - org.pentaho.di.trans.steps.tableinput.TableInputMeta@4e9d203e - 	at org.postgresql.jdbc.PgConnection.<init>(PgConnection.java:223)
2026/06/30 14:18:29 - org.pentaho.di.trans.steps.tableinput.TableInputMeta@4e9d203e - 	at org.postgresql.Driver.makeConnection(Driver.java:465)
2026/06/30 14:18:29 - org.pentaho.di.trans.steps.tableinput.TableInputMeta@4e9d203e - 	at org.postgresql.Driver.connect(Driver.java:264)
2026/06/30 14:18:29 - org.pentaho.di.trans.steps.tableinput.TableInputMeta@4e9d203e - 	at java.sql/java.sql.DriverManager.getConnection(DriverManager.java:683)
2026/06/30 14:18:29 - org.pentaho.di.trans.steps.tableinput.TableInputMeta@4e9d203e - 	at java.sql/java.sql.DriverManager.getConnection(DriverManager.java:191)
2026/06/30 14:18:29 - org.pentaho.di.trans.steps.tableinput.TableInputMeta@4e9d203e - 	at org.pentaho.di.core.database.Database.connectUsingClass(Database.java:589)
2026/06/30 14:18:29 - org.pentaho.di.trans.steps.tableinput.TableInputMeta@4e9d203e - 	... 35 more
2026/06/30 14:18:29 - org.pentaho.di.trans.steps.tableinput.TableInputMeta@4e9d203e - Caused by: java.net.UnknownHostException: db_seguros
2026/06/30 14:18:29 - org.pentaho.di.trans.steps.tableinput.TableInputMeta@4e9d203e - 	at java.base/sun.nio.ch.NioSocketImpl.connect(NioSocketImpl.java:560)
2026/06/30 14:18:29 - org.pentaho.di.trans.steps.tableinput.TableInputMeta@4e9d203e - 	at java.base/java.net.SocksSocketImpl.connect(SocksSocketImpl.java:327)
2026/06/30 14:18:29 - org.pentaho.di.trans.steps.tableinput.TableInputMeta@4e9d203e - 	at java.base/java.net.Socket.connect(Socket.java:666)
2026/06/30 14:18:29 - org.pentaho.di.trans.steps.tableinput.TableInputMeta@4e9d203e - 	at org.postgresql.core.PGStream.createSocket(PGStream.java:231)
2026/06/30 14:18:29 - org.pentaho.di.trans.steps.tableinput.TableInputMeta@4e9d203e - 	at org.postgresql.core.PGStream.<init>(PGStream.java:95)
2026/06/30 14:18:29 - org.pentaho.di.trans.steps.tableinput.TableInputMeta@4e9d203e - 	at org.postgresql.core.v3.ConnectionFactoryImpl.tryConnect(ConnectionFactoryImpl.java:98)
2026/06/30 14:18:29 - org.pentaho.di.trans.steps.tableinput.TableInputMeta@4e9d203e - 	at org.postgresql.core.v3.ConnectionFactoryImpl.openConnectionImpl(ConnectionFactoryImpl.java:213)
2026/06/30 14:18:29 - org.pentaho.di.trans.steps.tableinput.TableInputMeta@4e9d203e - 	... 42 more
2026/06/30 14:18:42 - org.pentaho.di.trans.steps.tableoutput.TableOutputMeta@3d8b9dee - ERROR (version 9.4.0.0-343, build 0.0 from 2022-11-08 07.50.27 by buildguy) : Unable to get fields from previous steps because of an error
2026/06/30 14:19:37 - org.pentaho.di.trans.steps.tableinput.TableInputMeta@768f2398 - ERROR (version 9.4.0.0-343, build 0.0 from 2022-11-08 07.50.27 by buildguy) : Unexpected error fetching row meta data.
2026/06/30 14:19:37 - org.pentaho.di.trans.steps.tableinput.TableInputMeta@768f2398 - ERROR (version 9.4.0.0-343, build 0.0 from 2022-11-08 07.50.27 by buildguy) : org.pentaho.di.core.exception.KettleStepException: 
2026/06/30 14:19:37 - org.pentaho.di.trans.steps.tableinput.TableInputMeta@768f2398 - Unable to get queryfields for SQL: 
2026/06/30 14:19:37 - org.pentaho.di.trans.steps.tableinput.TableInputMeta@768f2398 - SELECT
  nro_contrato
, cod_producto
, cod_cliente
, fecha_inicio
, fecha_fin
, monto
, estado_contrato
FROM seguro_g26473471.registro_contrato

2026/06/30 14:19:37 - org.pentaho.di.trans.steps.tableinput.TableInputMeta@768f2398 - 
2026/06/30 14:19:37 - org.pentaho.di.trans.steps.tableinput.TableInputMeta@768f2398 - Error occurred while trying to connect to the database
2026/06/30 14:19:37 - org.pentaho.di.trans.steps.tableinput.TableInputMeta@768f2398 - 
2026/06/30 14:19:37 - org.pentaho.di.trans.steps.tableinput.TableInputMeta@768f2398 - Connection failed. Verify all connection parameters and confirm that the appropriate driver is installed.
2026/06/30 14:19:37 - org.pentaho.di.trans.steps.tableinput.TableInputMeta@768f2398 - El intento de conexión falló.
2026/06/30 14:19:37 - org.pentaho.di.trans.steps.tableinput.TableInputMeta@768f2398 - 
2026/06/30 14:19:37 - org.pentaho.di.trans.steps.tableinput.TableInputMeta@768f2398 - 
2026/06/30 14:19:37 - org.pentaho.di.trans.steps.tableinput.TableInputMeta@768f2398 - 
2026/06/30 14:19:37 - org.pentaho.di.trans.steps.tableinput.TableInputMeta@768f2398 - 	at org.pentaho.di.trans.steps.tableinput.TableInputMeta.getFields(TableInputMeta.java:275)
2026/06/30 14:19:37 - org.pentaho.di.trans.steps.tableinput.TableInputMeta@768f2398 - 	at org.pentaho.di.trans.TransMeta.getThisStepFields(TransMeta.java:2055)
2026/06/30 14:19:37 - org.pentaho.di.trans.steps.tableinput.TableInputMeta@768f2398 - 	at org.pentaho.di.trans.TransMeta.getStepFields(TransMeta.java:1873)
2026/06/30 14:19:37 - org.pentaho.di.trans.steps.tableinput.TableInputMeta@768f2398 - 	at org.pentaho.di.trans.TransMeta.getStepFields(TransMeta.java:1770)
2026/06/30 14:19:37 - org.pentaho.di.trans.steps.tableinput.TableInputMeta@768f2398 - 	at org.pentaho.di.trans.steps.tableinput.TableInputMeta.updateCachedRowMeta(TableInputMeta.java:340)
2026/06/30 14:19:37 - org.pentaho.di.trans.steps.tableinput.TableInputMeta@768f2398 - 	at org.pentaho.di.ui.trans.steps.tableinput.TableInputDialog.ok(TableInputDialog.java:566)
2026/06/30 14:19:37 - org.pentaho.di.trans.steps.tableinput.TableInputMeta@768f2398 - 	at org.pentaho.di.ui.trans.steps.tableinput.TableInputDialog.access$400(TableInputDialog.java:79)
2026/06/30 14:19:37 - org.pentaho.di.trans.steps.tableinput.TableInputMeta@768f2398 - 	at org.pentaho.di.ui.trans.steps.tableinput.TableInputDialog$12.handleEvent(TableInputDialog.java:417)
2026/06/30 14:19:37 - org.pentaho.di.trans.steps.tableinput.TableInputMeta@768f2398 - 	at org.eclipse.swt.widgets.EventTable.sendEvent(EventTable.java:89)
2026/06/30 14:19:37 - org.pentaho.di.trans.steps.tableinput.TableInputMeta@768f2398 - 	at org.eclipse.swt.widgets.Display.sendEvent(Display.java:4209)
2026/06/30 14:19:37 - org.pentaho.di.trans.steps.tableinput.TableInputMeta@768f2398 - 	at org.eclipse.swt.widgets.Widget.sendEvent(Widget.java:1037)
2026/06/30 14:19:37 - org.pentaho.di.trans.steps.tableinput.TableInputMeta@768f2398 - 	at org.eclipse.swt.widgets.Display.runDeferredEvents(Display.java:4026)
2026/06/30 14:19:37 - org.pentaho.di.trans.steps.tableinput.TableInputMeta@768f2398 - 	at org.eclipse.swt.widgets.Display.readAndDispatch(Display.java:3626)
2026/06/30 14:19:37 - org.pentaho.di.trans.steps.tableinput.TableInputMeta@768f2398 - 	at org.pentaho.di.ui.trans.steps.tableinput.TableInputDialog.open(TableInputDialog.java:463)
2026/06/30 14:19:37 - org.pentaho.di.trans.steps.tableinput.TableInputMeta@768f2398 - 	at org.pentaho.di.ui.spoon.delegates.SpoonStepsDelegate.editStep(SpoonStepsDelegate.java:120)
2026/06/30 14:19:37 - org.pentaho.di.trans.steps.tableinput.TableInputMeta@768f2398 - 	at org.pentaho.di.ui.spoon.Spoon.editStep(Spoon.java:9025)
2026/06/30 14:19:37 - org.pentaho.di.trans.steps.tableinput.TableInputMeta@768f2398 - 	at org.pentaho.di.ui.spoon.trans.TransGraph.editStep(TransGraph.java:3286)
2026/06/30 14:19:37 - org.pentaho.di.trans.steps.tableinput.TableInputMeta@768f2398 - 	at org.pentaho.di.ui.spoon.trans.TransGraph.mouseDoubleClick(TransGraph.java:784)
2026/06/30 14:19:37 - org.pentaho.di.trans.steps.tableinput.TableInputMeta@768f2398 - 	at org.eclipse.swt.widgets.TypedListener.handleEvent(TypedListener.java:200)
2026/06/30 14:19:37 - org.pentaho.di.trans.steps.tableinput.TableInputMeta@768f2398 - 	at org.eclipse.swt.widgets.EventTable.sendEvent(EventTable.java:89)
2026/06/30 14:19:37 - org.pentaho.di.trans.steps.tableinput.TableInputMeta@768f2398 - 	at org.eclipse.swt.widgets.Display.sendEvent(Display.java:4209)
2026/06/30 14:19:37 - org.pentaho.di.trans.steps.tableinput.TableInputMeta@768f2398 - 	at org.eclipse.swt.widgets.Widget.sendEvent(Widget.java:1037)
2026/06/30 14:19:37 - org.pentaho.di.trans.steps.tableinput.TableInputMeta@768f2398 - 	at org.eclipse.swt.widgets.Display.runDeferredEvents(Display.java:4026)
2026/06/30 14:19:37 - org.pentaho.di.trans.steps.tableinput.TableInputMeta@768f2398 - 	at org.eclipse.swt.widgets.Display.readAndDispatch(Display.java:3626)
2026/06/30 14:19:37 - org.pentaho.di.trans.steps.tableinput.TableInputMeta@768f2398 - 	at org.pentaho.di.ui.spoon.Spoon.readAndDispatch(Spoon.java:1432)
2026/06/30 14:19:37 - org.pentaho.di.trans.steps.tableinput.TableInputMeta@768f2398 - 	at org.pentaho.di.ui.spoon.Spoon.waitForDispose(Spoon.java:8160)
2026/06/30 14:19:37 - org.pentaho.di.trans.steps.tableinput.TableInputMeta@768f2398 - 	at org.pentaho.di.ui.spoon.Spoon.start(Spoon.java:9542)
2026/06/30 14:19:37 - org.pentaho.di.trans.steps.tableinput.TableInputMeta@768f2398 - 	at org.pentaho.di.ui.spoon.Spoon.main(Spoon.java:722)
2026/06/30 14:19:37 - org.pentaho.di.trans.steps.tableinput.TableInputMeta@768f2398 - 	at java.base/jdk.internal.reflect.DirectMethodHandleAccessor.invoke(DirectMethodHandleAccessor.java:104)
2026/06/30 14:19:37 - org.pentaho.di.trans.steps.tableinput.TableInputMeta@768f2398 - 	at java.base/java.lang.reflect.Method.invoke(Method.java:578)
2026/06/30 14:19:37 - org.pentaho.di.trans.steps.tableinput.TableInputMeta@768f2398 - 	at org.pentaho.commons.launcher.Launcher.main(Launcher.java:92)
2026/06/30 14:19:37 - org.pentaho.di.trans.steps.tableinput.TableInputMeta@768f2398 - Caused by: org.pentaho.di.core.exception.KettleDatabaseException: 
2026/06/30 14:19:37 - org.pentaho.di.trans.steps.tableinput.TableInputMeta@768f2398 - Error occurred while trying to connect to the database
2026/06/30 14:19:37 - org.pentaho.di.trans.steps.tableinput.TableInputMeta@768f2398 - 
2026/06/30 14:19:37 - org.pentaho.di.trans.steps.tableinput.TableInputMeta@768f2398 - Connection failed. Verify all connection parameters and confirm that the appropriate driver is installed.
2026/06/30 14:19:37 - org.pentaho.di.trans.steps.tableinput.TableInputMeta@768f2398 - El intento de conexión falló.
2026/06/30 14:19:37 - org.pentaho.di.trans.steps.tableinput.TableInputMeta@768f2398 - 
2026/06/30 14:19:37 - org.pentaho.di.trans.steps.tableinput.TableInputMeta@768f2398 - 
2026/06/30 14:19:37 - org.pentaho.di.trans.steps.tableinput.TableInputMeta@768f2398 - 	at org.pentaho.di.core.database.Database.normalConnect(Database.java:497)
2026/06/30 14:19:37 - org.pentaho.di.trans.steps.tableinput.TableInputMeta@768f2398 - 	at org.pentaho.di.core.database.Database.connect(Database.java:389)
2026/06/30 14:19:37 - org.pentaho.di.trans.steps.tableinput.TableInputMeta@768f2398 - 	at org.pentaho.di.core.database.Database.connect(Database.java:360)
2026/06/30 14:19:37 - org.pentaho.di.trans.steps.tableinput.TableInputMeta@768f2398 - 	at org.pentaho.di.core.database.Database.connect(Database.java:350)
2026/06/30 14:19:37 - org.pentaho.di.trans.steps.tableinput.TableInputMeta@768f2398 - 	at org.pentaho.di.trans.steps.tableinput.TableInputMeta.getFields(TableInputMeta.java:253)
2026/06/30 14:19:37 - org.pentaho.di.trans.steps.tableinput.TableInputMeta@768f2398 - 	... 30 more
2026/06/30 14:19:37 - org.pentaho.di.trans.steps.tableinput.TableInputMeta@768f2398 - Caused by: org.pentaho.di.core.exception.KettleDatabaseException: 
2026/06/30 14:19:37 - org.pentaho.di.trans.steps.tableinput.TableInputMeta@768f2398 - Connection failed. Verify all connection parameters and confirm that the appropriate driver is installed.
2026/06/30 14:19:37 - org.pentaho.di.trans.steps.tableinput.TableInputMeta@768f2398 - El intento de conexión falló.
2026/06/30 14:19:37 - org.pentaho.di.trans.steps.tableinput.TableInputMeta@768f2398 - 
2026/06/30 14:19:37 - org.pentaho.di.trans.steps.tableinput.TableInputMeta@768f2398 - 	at org.pentaho.di.core.database.Database.connectUsingClass(Database.java:605)
2026/06/30 14:19:37 - org.pentaho.di.trans.steps.tableinput.TableInputMeta@768f2398 - 	at org.pentaho.di.core.database.Database.normalConnect(Database.java:481)
2026/06/30 14:19:37 - org.pentaho.di.trans.steps.tableinput.TableInputMeta@768f2398 - 	... 34 more
2026/06/30 14:19:37 - org.pentaho.di.trans.steps.tableinput.TableInputMeta@768f2398 - Caused by: org.postgresql.util.PSQLException: El intento de conexión falló.
2026/06/30 14:19:37 - org.pentaho.di.trans.steps.tableinput.TableInputMeta@768f2398 - 	at org.postgresql.core.v3.ConnectionFactoryImpl.openConnectionImpl(ConnectionFactoryImpl.java:315)
2026/06/30 14:19:37 - org.pentaho.di.trans.steps.tableinput.TableInputMeta@768f2398 - 	at org.postgresql.core.ConnectionFactory.openConnection(ConnectionFactory.java:51)
2026/06/30 14:19:37 - org.pentaho.di.trans.steps.tableinput.TableInputMeta@768f2398 - 	at org.postgresql.jdbc.PgConnection.<init>(PgConnection.java:223)
2026/06/30 14:19:37 - org.pentaho.di.trans.steps.tableinput.TableInputMeta@768f2398 - 	at org.postgresql.Driver.makeConnection(Driver.java:465)
2026/06/30 14:19:37 - org.pentaho.di.trans.steps.tableinput.TableInputMeta@768f2398 - 	at org.postgresql.Driver.connect(Driver.java:264)
2026/06/30 14:19:37 - org.pentaho.di.trans.steps.tableinput.TableInputMeta@768f2398 - 	at java.sql/java.sql.DriverManager.getConnection(DriverManager.java:683)
2026/06/30 14:19:37 - org.pentaho.di.trans.steps.tableinput.TableInputMeta@768f2398 - 	at java.sql/java.sql.DriverManager.getConnection(DriverManager.java:191)
2026/06/30 14:19:37 - org.pentaho.di.trans.steps.tableinput.TableInputMeta@768f2398 - 	at org.pentaho.di.core.database.Database.connectUsingClass(Database.java:589)
2026/06/30 14:19:37 - org.pentaho.di.trans.steps.tableinput.TableInputMeta@768f2398 - 	... 35 more
2026/06/30 14:19:37 - org.pentaho.di.trans.steps.tableinput.TableInputMeta@768f2398 - Caused by: java.net.UnknownHostException: db_seguros
2026/06/30 14:19:37 - org.pentaho.di.trans.steps.tableinput.TableInputMeta@768f2398 - 	at java.base/sun.nio.ch.NioSocketImpl.connect(NioSocketImpl.java:560)
2026/06/30 14:19:37 - org.pentaho.di.trans.steps.tableinput.TableInputMeta@768f2398 - 	at java.base/java.net.SocksSocketImpl.connect(SocksSocketImpl.java:327)
2026/06/30 14:19:37 - org.pentaho.di.trans.steps.tableinput.TableInputMeta@768f2398 - 	at java.base/java.net.Socket.connect(Socket.java:666)
2026/06/30 14:19:37 - org.pentaho.di.trans.steps.tableinput.TableInputMeta@768f2398 - 	at org.postgresql.core.PGStream.createSocket(PGStream.java:231)
2026/06/30 14:19:37 - org.pentaho.di.trans.steps.tableinput.TableInputMeta@768f2398 - 	at org.postgresql.core.PGStream.<init>(PGStream.java:95)
2026/06/30 14:19:37 - org.pentaho.di.trans.steps.tableinput.TableInputMeta@768f2398 - 	at org.postgresql.core.v3.ConnectionFactoryImpl.tryConnect(ConnectionFactoryImpl.java:98)
2026/06/30 14:19:37 - org.pentaho.di.trans.steps.tableinput.TableInputMeta@768f2398 - 	at org.postgresql.core.v3.ConnectionFactoryImpl.openConnectionImpl(ConnectionFactoryImpl.java:213)
2026/06/30 14:19:37 - org.pentaho.di.trans.steps.tableinput.TableInputMeta@768f2398 - 	... 42 more
2026/06/30 14:19:42 - org.pentaho.di.trans.steps.tableinput.TableInputMeta@352d3749 - ERROR (version 9.4.0.0-343, build 0.0 from 2022-11-08 07.50.27 by buildguy) : Unexpected error fetching row meta data.
2026/06/30 14:19:42 - org.pentaho.di.trans.steps.tableinput.TableInputMeta@352d3749 - ERROR (version 9.4.0.0-343, build 0.0 from 2022-11-08 07.50.27 by buildguy) : org.pentaho.di.core.exception.KettleStepException: 
2026/06/30 14:19:42 - org.pentaho.di.trans.steps.tableinput.TableInputMeta@352d3749 - Unable to get queryfields for SQL: 
2026/06/30 14:19:42 - org.pentaho.di.trans.steps.tableinput.TableInputMeta@352d3749 - SELECT
  sk_dim_cliente
, cod_cliente
, nb_cliente
, ci_rif
, telefono
, direccion
, sexo
, email
FROM seguro_dw_g26473471.dim_cliente

2026/06/30 14:19:42 - org.pentaho.di.trans.steps.tableinput.TableInputMeta@352d3749 - 
2026/06/30 14:19:42 - org.pentaho.di.trans.steps.tableinput.TableInputMeta@352d3749 - Error occurred while trying to connect to the database
2026/06/30 14:19:42 - org.pentaho.di.trans.steps.tableinput.TableInputMeta@352d3749 - 
2026/06/30 14:19:42 - org.pentaho.di.trans.steps.tableinput.TableInputMeta@352d3749 - Connection failed. Verify all connection parameters and confirm that the appropriate driver is installed.
2026/06/30 14:19:42 - org.pentaho.di.trans.steps.tableinput.TableInputMeta@352d3749 - El intento de conexión falló.
2026/06/30 14:19:42 - org.pentaho.di.trans.steps.tableinput.TableInputMeta@352d3749 - 
2026/06/30 14:19:42 - org.pentaho.di.trans.steps.tableinput.TableInputMeta@352d3749 - 
2026/06/30 14:19:42 - org.pentaho.di.trans.steps.tableinput.TableInputMeta@352d3749 - 
2026/06/30 14:19:42 - org.pentaho.di.trans.steps.tableinput.TableInputMeta@352d3749 - 	at org.pentaho.di.trans.steps.tableinput.TableInputMeta.getFields(TableInputMeta.java:275)
2026/06/30 14:19:42 - org.pentaho.di.trans.steps.tableinput.TableInputMeta@352d3749 - 	at org.pentaho.di.trans.TransMeta.getThisStepFields(TransMeta.java:2055)
2026/06/30 14:19:42 - org.pentaho.di.trans.steps.tableinput.TableInputMeta@352d3749 - 	at org.pentaho.di.trans.TransMeta.getStepFields(TransMeta.java:1873)
2026/06/30 14:19:42 - org.pentaho.di.trans.steps.tableinput.TableInputMeta@352d3749 - 	at org.pentaho.di.trans.TransMeta.getStepFields(TransMeta.java:1770)
2026/06/30 14:19:42 - org.pentaho.di.trans.steps.tableinput.TableInputMeta@352d3749 - 	at org.pentaho.di.trans.steps.tableinput.TableInputMeta.updateCachedRowMeta(TableInputMeta.java:340)
2026/06/30 14:19:42 - org.pentaho.di.trans.steps.tableinput.TableInputMeta@352d3749 - 	at org.pentaho.di.ui.trans.steps.tableinput.TableInputDialog.ok(TableInputDialog.java:566)
2026/06/30 14:19:42 - org.pentaho.di.trans.steps.tableinput.TableInputMeta@352d3749 - 	at org.pentaho.di.ui.trans.steps.tableinput.TableInputDialog.access$400(TableInputDialog.java:79)
2026/06/30 14:19:42 - org.pentaho.di.trans.steps.tableinput.TableInputMeta@352d3749 - 	at org.pentaho.di.ui.trans.steps.tableinput.TableInputDialog$12.handleEvent(TableInputDialog.java:417)
2026/06/30 14:19:42 - org.pentaho.di.trans.steps.tableinput.TableInputMeta@352d3749 - 	at org.eclipse.swt.widgets.EventTable.sendEvent(EventTable.java:89)
2026/06/30 14:19:42 - org.pentaho.di.trans.steps.tableinput.TableInputMeta@352d3749 - 	at org.eclipse.swt.widgets.Display.sendEvent(Display.java:4209)
2026/06/30 14:19:42 - org.pentaho.di.trans.steps.tableinput.TableInputMeta@352d3749 - 	at org.eclipse.swt.widgets.Widget.sendEvent(Widget.java:1037)
2026/06/30 14:19:42 - org.pentaho.di.trans.steps.tableinput.TableInputMeta@352d3749 - 	at org.eclipse.swt.widgets.Display.runDeferredEvents(Display.java:4026)
2026/06/30 14:19:42 - org.pentaho.di.trans.steps.tableinput.TableInputMeta@352d3749 - 	at org.eclipse.swt.widgets.Display.readAndDispatch(Display.java:3626)
2026/06/30 14:19:42 - org.pentaho.di.trans.steps.tableinput.TableInputMeta@352d3749 - 	at org.pentaho.di.ui.trans.steps.tableinput.TableInputDialog.open(TableInputDialog.java:463)
2026/06/30 14:19:42 - org.pentaho.di.trans.steps.tableinput.TableInputMeta@352d3749 - 	at org.pentaho.di.ui.spoon.delegates.SpoonStepsDelegate.editStep(SpoonStepsDelegate.java:120)
2026/06/30 14:19:42 - org.pentaho.di.trans.steps.tableinput.TableInputMeta@352d3749 - 	at org.pentaho.di.ui.spoon.Spoon.editStep(Spoon.java:9025)
2026/06/30 14:19:42 - org.pentaho.di.trans.steps.tableinput.TableInputMeta@352d3749 - 	at org.pentaho.di.ui.spoon.trans.TransGraph.editStep(TransGraph.java:3286)
2026/06/30 14:19:42 - org.pentaho.di.trans.steps.tableinput.TableInputMeta@352d3749 - 	at org.pentaho.di.ui.spoon.trans.TransGraph.mouseDoubleClick(TransGraph.java:784)
2026/06/30 14:19:42 - org.pentaho.di.trans.steps.tableinput.TableInputMeta@352d3749 - 	at org.eclipse.swt.widgets.TypedListener.handleEvent(TypedListener.java:200)
2026/06/30 14:19:42 - org.pentaho.di.trans.steps.tableinput.TableInputMeta@352d3749 - 	at org.eclipse.swt.widgets.EventTable.sendEvent(EventTable.java:89)
2026/06/30 14:19:42 - org.pentaho.di.trans.steps.tableinput.TableInputMeta@352d3749 - 	at org.eclipse.swt.widgets.Display.sendEvent(Display.java:4209)
2026/06/30 14:19:42 - org.pentaho.di.trans.steps.tableinput.TableInputMeta@352d3749 - 	at org.eclipse.swt.widgets.Widget.sendEvent(Widget.java:1037)
2026/06/30 14:19:42 - org.pentaho.di.trans.steps.tableinput.TableInputMeta@352d3749 - 	at org.eclipse.swt.widgets.Display.runDeferredEvents(Display.java:4026)
2026/06/30 14:19:42 - org.pentaho.di.trans.steps.tableinput.TableInputMeta@352d3749 - 	at org.eclipse.swt.widgets.Display.readAndDispatch(Display.java:3626)
2026/06/30 14:19:42 - org.pentaho.di.trans.steps.tableinput.TableInputMeta@352d3749 - 	at org.pentaho.di.ui.spoon.Spoon.readAndDispatch(Spoon.java:1432)
2026/06/30 14:19:42 - org.pentaho.di.trans.steps.tableinput.TableInputMeta@352d3749 - 	at org.pentaho.di.ui.spoon.Spoon.waitForDispose(Spoon.java:8160)
2026/06/30 14:19:42 - org.pentaho.di.trans.steps.tableinput.TableInputMeta@352d3749 - 	at org.pentaho.di.ui.spoon.Spoon.start(Spoon.java:9542)
2026/06/30 14:19:42 - org.pentaho.di.trans.steps.tableinput.TableInputMeta@352d3749 - 	at org.pentaho.di.ui.spoon.Spoon.main(Spoon.java:722)
2026/06/30 14:19:42 - org.pentaho.di.trans.steps.tableinput.TableInputMeta@352d3749 - 	at java.base/jdk.internal.reflect.DirectMethodHandleAccessor.invoke(DirectMethodHandleAccessor.java:104)
2026/06/30 14:19:42 - org.pentaho.di.trans.steps.tableinput.TableInputMeta@352d3749 - 	at java.base/java.lang.reflect.Method.invoke(Method.java:578)
2026/06/30 14:19:42 - org.pentaho.di.trans.steps.tableinput.TableInputMeta@352d3749 - 	at org.pentaho.commons.launcher.Launcher.main(Launcher.java:92)
2026/06/30 14:19:42 - org.pentaho.di.trans.steps.tableinput.TableInputMeta@352d3749 - Caused by: org.pentaho.di.core.exception.KettleDatabaseException: 
2026/06/30 14:19:42 - org.pentaho.di.trans.steps.tableinput.TableInputMeta@352d3749 - Error occurred while trying to connect to the database
2026/06/30 14:19:42 - org.pentaho.di.trans.steps.tableinput.TableInputMeta@352d3749 - 
2026/06/30 14:19:42 - org.pentaho.di.trans.steps.tableinput.TableInputMeta@352d3749 - Connection failed. Verify all connection parameters and confirm that the appropriate driver is installed.
2026/06/30 14:19:42 - org.pentaho.di.trans.steps.tableinput.TableInputMeta@352d3749 - El intento de conexión falló.
2026/06/30 14:19:42 - org.pentaho.di.trans.steps.tableinput.TableInputMeta@352d3749 - 
2026/06/30 14:19:42 - org.pentaho.di.trans.steps.tableinput.TableInputMeta@352d3749 - 
2026/06/30 14:19:42 - org.pentaho.di.trans.steps.tableinput.TableInputMeta@352d3749 - 	at org.pentaho.di.core.database.Database.normalConnect(Database.java:497)
2026/06/30 14:19:42 - org.pentaho.di.trans.steps.tableinput.TableInputMeta@352d3749 - 	at org.pentaho.di.core.database.Database.connect(Database.java:389)
2026/06/30 14:19:42 - org.pentaho.di.trans.steps.tableinput.TableInputMeta@352d3749 - 	at org.pentaho.di.core.database.Database.connect(Database.java:360)
2026/06/30 14:19:42 - org.pentaho.di.trans.steps.tableinput.TableInputMeta@352d3749 - 	at org.pentaho.di.core.database.Database.connect(Database.java:350)
2026/06/30 14:19:42 - org.pentaho.di.trans.steps.tableinput.TableInputMeta@352d3749 - 	at org.pentaho.di.trans.steps.tableinput.TableInputMeta.getFields(TableInputMeta.java:253)
2026/06/30 14:19:42 - org.pentaho.di.trans.steps.tableinput.TableInputMeta@352d3749 - 	... 30 more
2026/06/30 14:19:42 - org.pentaho.di.trans.steps.tableinput.TableInputMeta@352d3749 - Caused by: org.pentaho.di.core.exception.KettleDatabaseException: 
2026/06/30 14:19:42 - org.pentaho.di.trans.steps.tableinput.TableInputMeta@352d3749 - Connection failed. Verify all connection parameters and confirm that the appropriate driver is installed.
2026/06/30 14:19:42 - org.pentaho.di.trans.steps.tableinput.TableInputMeta@352d3749 - El intento de conexión falló.
2026/06/30 14:19:42 - org.pentaho.di.trans.steps.tableinput.TableInputMeta@352d3749 - 
2026/06/30 14:19:42 - org.pentaho.di.trans.steps.tableinput.TableInputMeta@352d3749 - 	at org.pentaho.di.core.database.Database.connectUsingClass(Database.java:605)
2026/06/30 14:19:42 - org.pentaho.di.trans.steps.tableinput.TableInputMeta@352d3749 - 	at org.pentaho.di.core.database.Database.normalConnect(Database.java:481)
2026/06/30 14:19:42 - org.pentaho.di.trans.steps.tableinput.TableInputMeta@352d3749 - 	... 34 more
2026/06/30 14:19:42 - org.pentaho.di.trans.steps.tableinput.TableInputMeta@352d3749 - Caused by: org.postgresql.util.PSQLException: El intento de conexión falló.
2026/06/30 14:19:42 - org.pentaho.di.trans.steps.tableinput.TableInputMeta@352d3749 - 	at org.postgresql.core.v3.ConnectionFactoryImpl.openConnectionImpl(ConnectionFactoryImpl.java:315)
2026/06/30 14:19:42 - org.pentaho.di.trans.steps.tableinput.TableInputMeta@352d3749 - 	at org.postgresql.core.ConnectionFactory.openConnection(ConnectionFactory.java:51)
2026/06/30 14:19:42 - org.pentaho.di.trans.steps.tableinput.TableInputMeta@352d3749 - 	at org.postgresql.jdbc.PgConnection.<init>(PgConnection.java:223)
2026/06/30 14:19:42 - org.pentaho.di.trans.steps.tableinput.TableInputMeta@352d3749 - 	at org.postgresql.Driver.makeConnection(Driver.java:465)
2026/06/30 14:19:42 - org.pentaho.di.trans.steps.tableinput.TableInputMeta@352d3749 - 	at org.postgresql.Driver.connect(Driver.java:264)
2026/06/30 14:19:42 - org.pentaho.di.trans.steps.tableinput.TableInputMeta@352d3749 - 	at java.sql/java.sql.DriverManager.getConnection(DriverManager.java:683)
2026/06/30 14:19:42 - org.pentaho.di.trans.steps.tableinput.TableInputMeta@352d3749 - 	at java.sql/java.sql.DriverManager.getConnection(DriverManager.java:191)
2026/06/30 14:19:42 - org.pentaho.di.trans.steps.tableinput.TableInputMeta@352d3749 - 	at org.pentaho.di.core.database.Database.connectUsingClass(Database.java:589)
2026/06/30 14:19:42 - org.pentaho.di.trans.steps.tableinput.TableInputMeta@352d3749 - 	... 35 more
2026/06/30 14:19:42 - org.pentaho.di.trans.steps.tableinput.TableInputMeta@352d3749 - Caused by: java.net.UnknownHostException: db_seguros
2026/06/30 14:19:42 - org.pentaho.di.trans.steps.tableinput.TableInputMeta@352d3749 - 	at java.base/sun.nio.ch.NioSocketImpl.connect(NioSocketImpl.java:560)
2026/06/30 14:19:42 - org.pentaho.di.trans.steps.tableinput.TableInputMeta@352d3749 - 	at java.base/java.net.SocksSocketImpl.connect(SocksSocketImpl.java:327)
2026/06/30 14:19:42 - org.pentaho.di.trans.steps.tableinput.TableInputMeta@352d3749 - 	at java.base/java.net.Socket.connect(Socket.java:666)
2026/06/30 14:19:42 - org.pentaho.di.trans.steps.tableinput.TableInputMeta@352d3749 - 	at org.postgresql.core.PGStream.createSocket(PGStream.java:231)
2026/06/30 14:19:42 - org.pentaho.di.trans.steps.tableinput.TableInputMeta@352d3749 - 	at org.postgresql.core.PGStream.<init>(PGStream.java:95)
2026/06/30 14:19:42 - org.pentaho.di.trans.steps.tableinput.TableInputMeta@352d3749 - 	at org.postgresql.core.v3.ConnectionFactoryImpl.tryConnect(ConnectionFactoryImpl.java:98)
2026/06/30 14:19:42 - org.pentaho.di.trans.steps.tableinput.TableInputMeta@352d3749 - 	at org.postgresql.core.v3.ConnectionFactoryImpl.openConnectionImpl(ConnectionFactoryImpl.java:213)
2026/06/30 14:19:42 - org.pentaho.di.trans.steps.tableinput.TableInputMeta@352d3749 - 	... 42 more
2026/06/30 14:19:50 - org.pentaho.di.trans.steps.tableinput.TableInputMeta@4b99f2ed - ERROR (version 9.4.0.0-343, build 0.0 from 2022-11-08 07.50.27 by buildguy) : Unexpected error fetching row meta data.
2026/06/30 14:19:50 - org.pentaho.di.trans.steps.tableinput.TableInputMeta@4b99f2ed - ERROR (version 9.4.0.0-343, build 0.0 from 2022-11-08 07.50.27 by buildguy) : org.pentaho.di.core.exception.KettleStepException: 
2026/06/30 14:19:50 - org.pentaho.di.trans.steps.tableinput.TableInputMeta@4b99f2ed - Unable to get queryfields for SQL: 
2026/06/30 14:19:50 - org.pentaho.di.trans.steps.tableinput.TableInputMeta@4b99f2ed - SELECT
  sk_dim_producto
, cod_producto
, nb_producto
, descrip_producto
, cod_tipo_producto
, nb_tipo_producto
, calificacion
FROM seguro_dw_g26473471.dim_producto

2026/06/30 14:19:50 - org.pentaho.di.trans.steps.tableinput.TableInputMeta@4b99f2ed - 
2026/06/30 14:19:50 - org.pentaho.di.trans.steps.tableinput.TableInputMeta@4b99f2ed - Error occurred while trying to connect to the database
2026/06/30 14:19:50 - org.pentaho.di.trans.steps.tableinput.TableInputMeta@4b99f2ed - 
2026/06/30 14:19:50 - org.pentaho.di.trans.steps.tableinput.TableInputMeta@4b99f2ed - Connection failed. Verify all connection parameters and confirm that the appropriate driver is installed.
2026/06/30 14:19:50 - org.pentaho.di.trans.steps.tableinput.TableInputMeta@4b99f2ed - El intento de conexión falló.
2026/06/30 14:19:50 - org.pentaho.di.trans.steps.tableinput.TableInputMeta@4b99f2ed - 
2026/06/30 14:19:50 - org.pentaho.di.trans.steps.tableinput.TableInputMeta@4b99f2ed - 
2026/06/30 14:19:50 - org.pentaho.di.trans.steps.tableinput.TableInputMeta@4b99f2ed - 
2026/06/30 14:19:50 - org.pentaho.di.trans.steps.tableinput.TableInputMeta@4b99f2ed - 	at org.pentaho.di.trans.steps.tableinput.TableInputMeta.getFields(TableInputMeta.java:275)
2026/06/30 14:19:50 - org.pentaho.di.trans.steps.tableinput.TableInputMeta@4b99f2ed - 	at org.pentaho.di.trans.TransMeta.getThisStepFields(TransMeta.java:2055)
2026/06/30 14:19:50 - org.pentaho.di.trans.steps.tableinput.TableInputMeta@4b99f2ed - 	at org.pentaho.di.trans.TransMeta.getStepFields(TransMeta.java:1873)
2026/06/30 14:19:50 - org.pentaho.di.trans.steps.tableinput.TableInputMeta@4b99f2ed - 	at org.pentaho.di.trans.TransMeta.getStepFields(TransMeta.java:1770)
2026/06/30 14:19:50 - org.pentaho.di.trans.steps.tableinput.TableInputMeta@4b99f2ed - 	at org.pentaho.di.trans.steps.tableinput.TableInputMeta.updateCachedRowMeta(TableInputMeta.java:340)
2026/06/30 14:19:50 - org.pentaho.di.trans.steps.tableinput.TableInputMeta@4b99f2ed - 	at org.pentaho.di.ui.trans.steps.tableinput.TableInputDialog.ok(TableInputDialog.java:566)
2026/06/30 14:19:50 - org.pentaho.di.trans.steps.tableinput.TableInputMeta@4b99f2ed - 	at org.pentaho.di.ui.trans.steps.tableinput.TableInputDialog.access$400(TableInputDialog.java:79)
2026/06/30 14:19:50 - org.pentaho.di.trans.steps.tableinput.TableInputMeta@4b99f2ed - 	at org.pentaho.di.ui.trans.steps.tableinput.TableInputDialog$12.handleEvent(TableInputDialog.java:417)
2026/06/30 14:19:50 - org.pentaho.di.trans.steps.tableinput.TableInputMeta@4b99f2ed - 	at org.eclipse.swt.widgets.EventTable.sendEvent(EventTable.java:89)
2026/06/30 14:19:50 - org.pentaho.di.trans.steps.tableinput.TableInputMeta@4b99f2ed - 	at org.eclipse.swt.widgets.Display.sendEvent(Display.java:4209)
2026/06/30 14:19:50 - org.pentaho.di.trans.steps.tableinput.TableInputMeta@4b99f2ed - 	at org.eclipse.swt.widgets.Widget.sendEvent(Widget.java:1037)
2026/06/30 14:19:50 - org.pentaho.di.trans.steps.tableinput.TableInputMeta@4b99f2ed - 	at org.eclipse.swt.widgets.Display.runDeferredEvents(Display.java:4026)
2026/06/30 14:19:50 - org.pentaho.di.trans.steps.tableinput.TableInputMeta@4b99f2ed - 	at org.eclipse.swt.widgets.Display.readAndDispatch(Display.java:3626)
2026/06/30 14:19:50 - org.pentaho.di.trans.steps.tableinput.TableInputMeta@4b99f2ed - 	at org.pentaho.di.ui.trans.steps.tableinput.TableInputDialog.open(TableInputDialog.java:463)
2026/06/30 14:19:50 - org.pentaho.di.trans.steps.tableinput.TableInputMeta@4b99f2ed - 	at org.pentaho.di.ui.spoon.delegates.SpoonStepsDelegate.editStep(SpoonStepsDelegate.java:120)
2026/06/30 14:19:50 - org.pentaho.di.trans.steps.tableinput.TableInputMeta@4b99f2ed - 	at org.pentaho.di.ui.spoon.Spoon.editStep(Spoon.java:9025)
2026/06/30 14:19:50 - org.pentaho.di.trans.steps.tableinput.TableInputMeta@4b99f2ed - 	at org.pentaho.di.ui.spoon.trans.TransGraph.editStep(TransGraph.java:3286)
2026/06/30 14:19:50 - org.pentaho.di.trans.steps.tableinput.TableInputMeta@4b99f2ed - 	at org.pentaho.di.ui.spoon.trans.TransGraph.mouseDoubleClick(TransGraph.java:784)
2026/06/30 14:19:50 - org.pentaho.di.trans.steps.tableinput.TableInputMeta@4b99f2ed - 	at org.eclipse.swt.widgets.TypedListener.handleEvent(TypedListener.java:200)
2026/06/30 14:19:50 - org.pentaho.di.trans.steps.tableinput.TableInputMeta@4b99f2ed - 	at org.eclipse.swt.widgets.EventTable.sendEvent(EventTable.java:89)
2026/06/30 14:19:50 - org.pentaho.di.trans.steps.tableinput.TableInputMeta@4b99f2ed - 	at org.eclipse.swt.widgets.Display.sendEvent(Display.java:4209)
2026/06/30 14:19:50 - org.pentaho.di.trans.steps.tableinput.TableInputMeta@4b99f2ed - 	at org.eclipse.swt.widgets.Widget.sendEvent(Widget.java:1037)
2026/06/30 14:19:50 - org.pentaho.di.trans.steps.tableinput.TableInputMeta@4b99f2ed - 	at org.eclipse.swt.widgets.Display.runDeferredEvents(Display.java:4026)
2026/06/30 14:19:50 - org.pentaho.di.trans.steps.tableinput.TableInputMeta@4b99f2ed - 	at org.eclipse.swt.widgets.Display.readAndDispatch(Display.java:3626)
2026/06/30 14:19:50 - org.pentaho.di.trans.steps.tableinput.TableInputMeta@4b99f2ed - 	at org.pentaho.di.ui.spoon.Spoon.readAndDispatch(Spoon.java:1432)
2026/06/30 14:19:50 - org.pentaho.di.trans.steps.tableinput.TableInputMeta@4b99f2ed - 	at org.pentaho.di.ui.spoon.Spoon.waitForDispose(Spoon.java:8160)
2026/06/30 14:19:50 - org.pentaho.di.trans.steps.tableinput.TableInputMeta@4b99f2ed - 	at org.pentaho.di.ui.spoon.Spoon.start(Spoon.java:9542)
2026/06/30 14:19:50 - org.pentaho.di.trans.steps.tableinput.TableInputMeta@4b99f2ed - 	at org.pentaho.di.ui.spoon.Spoon.main(Spoon.java:722)
2026/06/30 14:19:50 - org.pentaho.di.trans.steps.tableinput.TableInputMeta@4b99f2ed - 	at java.base/jdk.internal.reflect.DirectMethodHandleAccessor.invoke(DirectMethodHandleAccessor.java:104)
2026/06/30 14:19:50 - org.pentaho.di.trans.steps.tableinput.TableInputMeta@4b99f2ed - 	at java.base/java.lang.reflect.Method.invoke(Method.java:578)
2026/06/30 14:19:50 - org.pentaho.di.trans.steps.tableinput.TableInputMeta@4b99f2ed - 	at org.pentaho.commons.launcher.Launcher.main(Launcher.java:92)
2026/06/30 14:19:50 - org.pentaho.di.trans.steps.tableinput.TableInputMeta@4b99f2ed - Caused by: org.pentaho.di.core.exception.KettleDatabaseException: 
2026/06/30 14:19:50 - org.pentaho.di.trans.steps.tableinput.TableInputMeta@4b99f2ed - Error occurred while trying to connect to the database
2026/06/30 14:19:50 - org.pentaho.di.trans.steps.tableinput.TableInputMeta@4b99f2ed - 
2026/06/30 14:19:50 - org.pentaho.di.trans.steps.tableinput.TableInputMeta@4b99f2ed - Connection failed. Verify all connection parameters and confirm that the appropriate driver is installed.
2026/06/30 14:19:50 - org.pentaho.di.trans.steps.tableinput.TableInputMeta@4b99f2ed - El intento de conexión falló.
2026/06/30 14:19:50 - org.pentaho.di.trans.steps.tableinput.TableInputMeta@4b99f2ed - 
2026/06/30 14:19:50 - org.pentaho.di.trans.steps.tableinput.TableInputMeta@4b99f2ed - 
2026/06/30 14:19:50 - org.pentaho.di.trans.steps.tableinput.TableInputMeta@4b99f2ed - 	at org.pentaho.di.core.database.Database.normalConnect(Database.java:497)
2026/06/30 14:19:50 - org.pentaho.di.trans.steps.tableinput.TableInputMeta@4b99f2ed - 	at org.pentaho.di.core.database.Database.connect(Database.java:389)
2026/06/30 14:19:50 - org.pentaho.di.trans.steps.tableinput.TableInputMeta@4b99f2ed - 	at org.pentaho.di.core.database.Database.connect(Database.java:360)
2026/06/30 14:19:50 - org.pentaho.di.trans.steps.tableinput.TableInputMeta@4b99f2ed - 	at org.pentaho.di.core.database.Database.connect(Database.java:350)
2026/06/30 14:19:50 - org.pentaho.di.trans.steps.tableinput.TableInputMeta@4b99f2ed - 	at org.pentaho.di.trans.steps.tableinput.TableInputMeta.getFields(TableInputMeta.java:253)
2026/06/30 14:19:50 - org.pentaho.di.trans.steps.tableinput.TableInputMeta@4b99f2ed - 	... 30 more
2026/06/30 14:19:50 - org.pentaho.di.trans.steps.tableinput.TableInputMeta@4b99f2ed - Caused by: org.pentaho.di.core.exception.KettleDatabaseException: 
2026/06/30 14:19:50 - org.pentaho.di.trans.steps.tableinput.TableInputMeta@4b99f2ed - Connection failed. Verify all connection parameters and confirm that the appropriate driver is installed.
2026/06/30 14:19:50 - org.pentaho.di.trans.steps.tableinput.TableInputMeta@4b99f2ed - El intento de conexión falló.
2026/06/30 14:19:50 - org.pentaho.di.trans.steps.tableinput.TableInputMeta@4b99f2ed - 
2026/06/30 14:19:50 - org.pentaho.di.trans.steps.tableinput.TableInputMeta@4b99f2ed - 	at org.pentaho.di.core.database.Database.connectUsingClass(Database.java:605)
2026/06/30 14:19:50 - org.pentaho.di.trans.steps.tableinput.TableInputMeta@4b99f2ed - 	at org.pentaho.di.core.database.Database.normalConnect(Database.java:481)
2026/06/30 14:19:50 - org.pentaho.di.trans.steps.tableinput.TableInputMeta@4b99f2ed - 	... 34 more
2026/06/30 14:19:50 - org.pentaho.di.trans.steps.tableinput.TableInputMeta@4b99f2ed - Caused by: org.postgresql.util.PSQLException: El intento de conexión falló.
2026/06/30 14:19:50 - org.pentaho.di.trans.steps.tableinput.TableInputMeta@4b99f2ed - 	at org.postgresql.core.v3.ConnectionFactoryImpl.openConnectionImpl(ConnectionFactoryImpl.java:315)
2026/06/30 14:19:50 - org.pentaho.di.trans.steps.tableinput.TableInputMeta@4b99f2ed - 	at org.postgresql.core.ConnectionFactory.openConnection(ConnectionFactory.java:51)
2026/06/30 14:19:50 - org.pentaho.di.trans.steps.tableinput.TableInputMeta@4b99f2ed - 	at org.postgresql.jdbc.PgConnection.<init>(PgConnection.java:223)
2026/06/30 14:19:50 - org.pentaho.di.trans.steps.tableinput.TableInputMeta@4b99f2ed - 	at org.postgresql.Driver.makeConnection(Driver.java:465)
2026/06/30 14:19:50 - org.pentaho.di.trans.steps.tableinput.TableInputMeta@4b99f2ed - 	at org.postgresql.Driver.connect(Driver.java:264)
2026/06/30 14:19:50 - org.pentaho.di.trans.steps.tableinput.TableInputMeta@4b99f2ed - 	at java.sql/java.sql.DriverManager.getConnection(DriverManager.java:683)
2026/06/30 14:19:50 - org.pentaho.di.trans.steps.tableinput.TableInputMeta@4b99f2ed - 	at java.sql/java.sql.DriverManager.getConnection(DriverManager.java:191)
2026/06/30 14:19:50 - org.pentaho.di.trans.steps.tableinput.TableInputMeta@4b99f2ed - 	at org.pentaho.di.core.database.Database.connectUsingClass(Database.java:589)
2026/06/30 14:19:50 - org.pentaho.di.trans.steps.tableinput.TableInputMeta@4b99f2ed - 	... 35 more
2026/06/30 14:19:50 - org.pentaho.di.trans.steps.tableinput.TableInputMeta@4b99f2ed - Caused by: java.net.UnknownHostException: db_seguros
2026/06/30 14:19:50 - org.pentaho.di.trans.steps.tableinput.TableInputMeta@4b99f2ed - 	at java.base/sun.nio.ch.NioSocketImpl.connect(NioSocketImpl.java:560)
2026/06/30 14:19:50 - org.pentaho.di.trans.steps.tableinput.TableInputMeta@4b99f2ed - 	at java.base/java.net.SocksSocketImpl.connect(SocksSocketImpl.java:327)
2026/06/30 14:19:50 - org.pentaho.di.trans.steps.tableinput.TableInputMeta@4b99f2ed - 	at java.base/java.net.Socket.connect(Socket.java:666)
2026/06/30 14:19:50 - org.pentaho.di.trans.steps.tableinput.TableInputMeta@4b99f2ed - 	at org.postgresql.core.PGStream.createSocket(PGStream.java:231)
2026/06/30 14:19:50 - org.pentaho.di.trans.steps.tableinput.TableInputMeta@4b99f2ed - 	at org.postgresql.core.PGStream.<init>(PGStream.java:95)
2026/06/30 14:19:50 - org.pentaho.di.trans.steps.tableinput.TableInputMeta@4b99f2ed - 	at org.postgresql.core.v3.ConnectionFactoryImpl.tryConnect(ConnectionFactoryImpl.java:98)
2026/06/30 14:19:50 - org.pentaho.di.trans.steps.tableinput.TableInputMeta@4b99f2ed - 	at org.postgresql.core.v3.ConnectionFactoryImpl.openConnectionImpl(ConnectionFactoryImpl.java:213)
2026/06/30 14:19:50 - org.pentaho.di.trans.steps.tableinput.TableInputMeta@4b99f2ed - 	... 42 more
2026/06/30 14:19:57 - org.pentaho.di.trans.steps.tableinput.TableInputMeta@fe337 - ERROR (version 9.4.0.0-343, build 0.0 from 2022-11-08 07.50.27 by buildguy) : Unexpected error fetching row meta data.
2026/06/30 14:19:57 - org.pentaho.di.trans.steps.tableinput.TableInputMeta@fe337 - ERROR (version 9.4.0.0-343, build 0.0 from 2022-11-08 07.50.27 by buildguy) : org.pentaho.di.core.exception.KettleStepException: 
2026/06/30 14:19:57 - org.pentaho.di.trans.steps.tableinput.TableInputMeta@fe337 - Unable to get queryfields for SQL: 
2026/06/30 14:19:57 - org.pentaho.di.trans.steps.tableinput.TableInputMeta@fe337 - SELECT
  sk_dim_contrato
, nro_contrato
, descrip_contrato
FROM seguro_dw_g26473471.dim_contrato

2026/06/30 14:19:57 - org.pentaho.di.trans.steps.tableinput.TableInputMeta@fe337 - 
2026/06/30 14:19:57 - org.pentaho.di.trans.steps.tableinput.TableInputMeta@fe337 - Error occurred while trying to connect to the database
2026/06/30 14:19:57 - org.pentaho.di.trans.steps.tableinput.TableInputMeta@fe337 - 
2026/06/30 14:19:57 - org.pentaho.di.trans.steps.tableinput.TableInputMeta@fe337 - Connection failed. Verify all connection parameters and confirm that the appropriate driver is installed.
2026/06/30 14:19:57 - org.pentaho.di.trans.steps.tableinput.TableInputMeta@fe337 - El intento de conexión falló.
2026/06/30 14:19:57 - org.pentaho.di.trans.steps.tableinput.TableInputMeta@fe337 - 
2026/06/30 14:19:57 - org.pentaho.di.trans.steps.tableinput.TableInputMeta@fe337 - 
2026/06/30 14:19:57 - org.pentaho.di.trans.steps.tableinput.TableInputMeta@fe337 - 
2026/06/30 14:19:57 - org.pentaho.di.trans.steps.tableinput.TableInputMeta@fe337 - 	at org.pentaho.di.trans.steps.tableinput.TableInputMeta.getFields(TableInputMeta.java:275)
2026/06/30 14:19:57 - org.pentaho.di.trans.steps.tableinput.TableInputMeta@fe337 - 	at org.pentaho.di.trans.TransMeta.getThisStepFields(TransMeta.java:2055)
2026/06/30 14:19:57 - org.pentaho.di.trans.steps.tableinput.TableInputMeta@fe337 - 	at org.pentaho.di.trans.TransMeta.getStepFields(TransMeta.java:1873)
2026/06/30 14:19:57 - org.pentaho.di.trans.steps.tableinput.TableInputMeta@fe337 - 	at org.pentaho.di.trans.TransMeta.getStepFields(TransMeta.java:1770)
2026/06/30 14:19:57 - org.pentaho.di.trans.steps.tableinput.TableInputMeta@fe337 - 	at org.pentaho.di.trans.steps.tableinput.TableInputMeta.updateCachedRowMeta(TableInputMeta.java:340)
2026/06/30 14:19:57 - org.pentaho.di.trans.steps.tableinput.TableInputMeta@fe337 - 	at org.pentaho.di.ui.trans.steps.tableinput.TableInputDialog.ok(TableInputDialog.java:566)
2026/06/30 14:19:57 - org.pentaho.di.trans.steps.tableinput.TableInputMeta@fe337 - 	at org.pentaho.di.ui.trans.steps.tableinput.TableInputDialog.access$400(TableInputDialog.java:79)
2026/06/30 14:19:57 - org.pentaho.di.trans.steps.tableinput.TableInputMeta@fe337 - 	at org.pentaho.di.ui.trans.steps.tableinput.TableInputDialog$12.handleEvent(TableInputDialog.java:417)
2026/06/30 14:19:57 - org.pentaho.di.trans.steps.tableinput.TableInputMeta@fe337 - 	at org.eclipse.swt.widgets.EventTable.sendEvent(EventTable.java:89)
2026/06/30 14:19:57 - org.pentaho.di.trans.steps.tableinput.TableInputMeta@fe337 - 	at org.eclipse.swt.widgets.Display.sendEvent(Display.java:4209)
2026/06/30 14:19:57 - org.pentaho.di.trans.steps.tableinput.TableInputMeta@fe337 - 	at org.eclipse.swt.widgets.Widget.sendEvent(Widget.java:1037)
2026/06/30 14:19:57 - org.pentaho.di.trans.steps.tableinput.TableInputMeta@fe337 - 	at org.eclipse.swt.widgets.Display.runDeferredEvents(Display.java:4026)
2026/06/30 14:19:57 - org.pentaho.di.trans.steps.tableinput.TableInputMeta@fe337 - 	at org.eclipse.swt.widgets.Display.readAndDispatch(Display.java:3626)
2026/06/30 14:19:57 - org.pentaho.di.trans.steps.tableinput.TableInputMeta@fe337 - 	at org.pentaho.di.ui.trans.steps.tableinput.TableInputDialog.open(TableInputDialog.java:463)
2026/06/30 14:19:57 - org.pentaho.di.trans.steps.tableinput.TableInputMeta@fe337 - 	at org.pentaho.di.ui.spoon.delegates.SpoonStepsDelegate.editStep(SpoonStepsDelegate.java:120)
2026/06/30 14:19:57 - org.pentaho.di.trans.steps.tableinput.TableInputMeta@fe337 - 	at org.pentaho.di.ui.spoon.Spoon.editStep(Spoon.java:9025)
2026/06/30 14:19:57 - org.pentaho.di.trans.steps.tableinput.TableInputMeta@fe337 - 	at org.pentaho.di.ui.spoon.trans.TransGraph.editStep(TransGraph.java:3286)
2026/06/30 14:19:57 - org.pentaho.di.trans.steps.tableinput.TableInputMeta@fe337 - 	at org.pentaho.di.ui.spoon.trans.TransGraph.mouseDoubleClick(TransGraph.java:784)
2026/06/30 14:19:57 - org.pentaho.di.trans.steps.tableinput.TableInputMeta@fe337 - 	at org.eclipse.swt.widgets.TypedListener.handleEvent(TypedListener.java:200)
2026/06/30 14:19:57 - org.pentaho.di.trans.steps.tableinput.TableInputMeta@fe337 - 	at org.eclipse.swt.widgets.EventTable.sendEvent(EventTable.java:89)
2026/06/30 14:19:57 - org.pentaho.di.trans.steps.tableinput.TableInputMeta@fe337 - 	at org.eclipse.swt.widgets.Display.sendEvent(Display.java:4209)
2026/06/30 14:19:57 - org.pentaho.di.trans.steps.tableinput.TableInputMeta@fe337 - 	at org.eclipse.swt.widgets.Widget.sendEvent(Widget.java:1037)
2026/06/30 14:19:57 - org.pentaho.di.trans.steps.tableinput.TableInputMeta@fe337 - 	at org.eclipse.swt.widgets.Display.runDeferredEvents(Display.java:4026)
2026/06/30 14:19:57 - org.pentaho.di.trans.steps.tableinput.TableInputMeta@fe337 - 	at org.eclipse.swt.widgets.Display.readAndDispatch(Display.java:3626)
2026/06/30 14:19:57 - org.pentaho.di.trans.steps.tableinput.TableInputMeta@fe337 - 	at org.pentaho.di.ui.spoon.Spoon.readAndDispatch(Spoon.java:1432)
2026/06/30 14:19:57 - org.pentaho.di.trans.steps.tableinput.TableInputMeta@fe337 - 	at org.pentaho.di.ui.spoon.Spoon.waitForDispose(Spoon.java:8160)
2026/06/30 14:19:57 - org.pentaho.di.trans.steps.tableinput.TableInputMeta@fe337 - 	at org.pentaho.di.ui.spoon.Spoon.start(Spoon.java:9542)
2026/06/30 14:19:57 - org.pentaho.di.trans.steps.tableinput.TableInputMeta@fe337 - 	at org.pentaho.di.ui.spoon.Spoon.main(Spoon.java:722)
2026/06/30 14:19:57 - org.pentaho.di.trans.steps.tableinput.TableInputMeta@fe337 - 	at java.base/jdk.internal.reflect.DirectMethodHandleAccessor.invoke(DirectMethodHandleAccessor.java:104)
2026/06/30 14:19:57 - org.pentaho.di.trans.steps.tableinput.TableInputMeta@fe337 - 	at java.base/java.lang.reflect.Method.invoke(Method.java:578)
2026/06/30 14:19:57 - org.pentaho.di.trans.steps.tableinput.TableInputMeta@fe337 - 	at org.pentaho.commons.launcher.Launcher.main(Launcher.java:92)
2026/06/30 14:19:57 - org.pentaho.di.trans.steps.tableinput.TableInputMeta@fe337 - Caused by: org.pentaho.di.core.exception.KettleDatabaseException: 
2026/06/30 14:19:57 - org.pentaho.di.trans.steps.tableinput.TableInputMeta@fe337 - Error occurred while trying to connect to the database
2026/06/30 14:19:57 - org.pentaho.di.trans.steps.tableinput.TableInputMeta@fe337 - 
2026/06/30 14:19:57 - org.pentaho.di.trans.steps.tableinput.TableInputMeta@fe337 - Connection failed. Verify all connection parameters and confirm that the appropriate driver is installed.
2026/06/30 14:19:57 - org.pentaho.di.trans.steps.tableinput.TableInputMeta@fe337 - El intento de conexión falló.
2026/06/30 14:19:57 - org.pentaho.di.trans.steps.tableinput.TableInputMeta@fe337 - 
2026/06/30 14:19:57 - org.pentaho.di.trans.steps.tableinput.TableInputMeta@fe337 - 
2026/06/30 14:19:57 - org.pentaho.di.trans.steps.tableinput.TableInputMeta@fe337 - 	at org.pentaho.di.core.database.Database.normalConnect(Database.java:497)
2026/06/30 14:19:57 - org.pentaho.di.trans.steps.tableinput.TableInputMeta@fe337 - 	at org.pentaho.di.core.database.Database.connect(Database.java:389)
2026/06/30 14:19:57 - org.pentaho.di.trans.steps.tableinput.TableInputMeta@fe337 - 	at org.pentaho.di.core.database.Database.connect(Database.java:360)
2026/06/30 14:19:57 - org.pentaho.di.trans.steps.tableinput.TableInputMeta@fe337 - 	at org.pentaho.di.core.database.Database.connect(Database.java:350)
2026/06/30 14:19:57 - org.pentaho.di.trans.steps.tableinput.TableInputMeta@fe337 - 	at org.pentaho.di.trans.steps.tableinput.TableInputMeta.getFields(TableInputMeta.java:253)
2026/06/30 14:19:57 - org.pentaho.di.trans.steps.tableinput.TableInputMeta@fe337 - 	... 30 more
2026/06/30 14:19:57 - org.pentaho.di.trans.steps.tableinput.TableInputMeta@fe337 - Caused by: org.pentaho.di.core.exception.KettleDatabaseException: 
2026/06/30 14:19:57 - org.pentaho.di.trans.steps.tableinput.TableInputMeta@fe337 - Connection failed. Verify all connection parameters and confirm that the appropriate driver is installed.
2026/06/30 14:19:57 - org.pentaho.di.trans.steps.tableinput.TableInputMeta@fe337 - El intento de conexión falló.
2026/06/30 14:19:57 - org.pentaho.di.trans.steps.tableinput.TableInputMeta@fe337 - 
2026/06/30 14:19:57 - org.pentaho.di.trans.steps.tableinput.TableInputMeta@fe337 - 	at org.pentaho.di.core.database.Database.connectUsingClass(Database.java:605)
2026/06/30 14:19:57 - org.pentaho.di.trans.steps.tableinput.TableInputMeta@fe337 - 	at org.pentaho.di.core.database.Database.normalConnect(Database.java:481)
2026/06/30 14:19:57 - org.pentaho.di.trans.steps.tableinput.TableInputMeta@fe337 - 	... 34 more
2026/06/30 14:19:57 - org.pentaho.di.trans.steps.tableinput.TableInputMeta@fe337 - Caused by: org.postgresql.util.PSQLException: El intento de conexión falló.
2026/06/30 14:19:57 - org.pentaho.di.trans.steps.tableinput.TableInputMeta@fe337 - 	at org.postgresql.core.v3.ConnectionFactoryImpl.openConnectionImpl(ConnectionFactoryImpl.java:315)
2026/06/30 14:19:57 - org.pentaho.di.trans.steps.tableinput.TableInputMeta@fe337 - 	at org.postgresql.core.ConnectionFactory.openConnection(ConnectionFactory.java:51)
2026/06/30 14:19:57 - org.pentaho.di.trans.steps.tableinput.TableInputMeta@fe337 - 	at org.postgresql.jdbc.PgConnection.<init>(PgConnection.java:223)
2026/06/30 14:19:57 - org.pentaho.di.trans.steps.tableinput.TableInputMeta@fe337 - 	at org.postgresql.Driver.makeConnection(Driver.java:465)
2026/06/30 14:19:57 - org.pentaho.di.trans.steps.tableinput.TableInputMeta@fe337 - 	at org.postgresql.Driver.connect(Driver.java:264)
2026/06/30 14:19:57 - org.pentaho.di.trans.steps.tableinput.TableInputMeta@fe337 - 	at java.sql/java.sql.DriverManager.getConnection(DriverManager.java:683)
2026/06/30 14:19:57 - org.pentaho.di.trans.steps.tableinput.TableInputMeta@fe337 - 	at java.sql/java.sql.DriverManager.getConnection(DriverManager.java:191)
2026/06/30 14:19:57 - org.pentaho.di.trans.steps.tableinput.TableInputMeta@fe337 - 	at org.pentaho.di.core.database.Database.connectUsingClass(Database.java:589)
2026/06/30 14:19:57 - org.pentaho.di.trans.steps.tableinput.TableInputMeta@fe337 - 	... 35 more
2026/06/30 14:19:57 - org.pentaho.di.trans.steps.tableinput.TableInputMeta@fe337 - Caused by: java.net.UnknownHostException: db_seguros
2026/06/30 14:19:57 - org.pentaho.di.trans.steps.tableinput.TableInputMeta@fe337 - 	at java.base/sun.nio.ch.NioSocketImpl.connect(NioSocketImpl.java:560)
2026/06/30 14:19:57 - org.pentaho.di.trans.steps.tableinput.TableInputMeta@fe337 - 	at java.base/java.net.SocksSocketImpl.connect(SocksSocketImpl.java:327)
2026/06/30 14:19:57 - org.pentaho.di.trans.steps.tableinput.TableInputMeta@fe337 - 	at java.base/java.net.Socket.connect(Socket.java:666)
2026/06/30 14:19:57 - org.pentaho.di.trans.steps.tableinput.TableInputMeta@fe337 - 	at org.postgresql.core.PGStream.createSocket(PGStream.java:231)
2026/06/30 14:19:57 - org.pentaho.di.trans.steps.tableinput.TableInputMeta@fe337 - 	at org.postgresql.core.PGStream.<init>(PGStream.java:95)
2026/06/30 14:19:57 - org.pentaho.di.trans.steps.tableinput.TableInputMeta@fe337 - 	at org.postgresql.core.v3.ConnectionFactoryImpl.tryConnect(ConnectionFactoryImpl.java:98)
2026/06/30 14:19:57 - org.pentaho.di.trans.steps.tableinput.TableInputMeta@fe337 - 	at org.postgresql.core.v3.ConnectionFactoryImpl.openConnectionImpl(ConnectionFactoryImpl.java:213)
2026/06/30 14:19:57 - org.pentaho.di.trans.steps.tableinput.TableInputMeta@fe337 - 	... 42 more
2026/06/30 14:20:04 - org.pentaho.di.trans.steps.tableinput.TableInputMeta@5d3d5242 - ERROR (version 9.4.0.0-343, build 0.0 from 2022-11-08 07.50.27 by buildguy) : Unexpected error fetching row meta data.
2026/06/30 14:20:04 - org.pentaho.di.trans.steps.tableinput.TableInputMeta@5d3d5242 - ERROR (version 9.4.0.0-343, build 0.0 from 2022-11-08 07.50.27 by buildguy) : org.pentaho.di.core.exception.KettleStepException: 
2026/06/30 14:20:04 - org.pentaho.di.trans.steps.tableinput.TableInputMeta@5d3d5242 - Unable to get queryfields for SQL: 
2026/06/30 14:20:04 - org.pentaho.di.trans.steps.tableinput.TableInputMeta@5d3d5242 - SELECT
  sk_dim_tiempo
, fecha_completa
FROM seguro_dw_g26473471.dim_tiempo

2026/06/30 14:20:04 - org.pentaho.di.trans.steps.tableinput.TableInputMeta@5d3d5242 - 
2026/06/30 14:20:04 - org.pentaho.di.trans.steps.tableinput.TableInputMeta@5d3d5242 - Error occurred while trying to connect to the database
2026/06/30 14:20:04 - org.pentaho.di.trans.steps.tableinput.TableInputMeta@5d3d5242 - 
2026/06/30 14:20:04 - org.pentaho.di.trans.steps.tableinput.TableInputMeta@5d3d5242 - Connection failed. Verify all connection parameters and confirm that the appropriate driver is installed.
2026/06/30 14:20:04 - org.pentaho.di.trans.steps.tableinput.TableInputMeta@5d3d5242 - El intento de conexión falló.
2026/06/30 14:20:04 - org.pentaho.di.trans.steps.tableinput.TableInputMeta@5d3d5242 - 
2026/06/30 14:20:04 - org.pentaho.di.trans.steps.tableinput.TableInputMeta@5d3d5242 - 
2026/06/30 14:20:04 - org.pentaho.di.trans.steps.tableinput.TableInputMeta@5d3d5242 - 
2026/06/30 14:20:04 - org.pentaho.di.trans.steps.tableinput.TableInputMeta@5d3d5242 - 	at org.pentaho.di.trans.steps.tableinput.TableInputMeta.getFields(TableInputMeta.java:275)
2026/06/30 14:20:04 - org.pentaho.di.trans.steps.tableinput.TableInputMeta@5d3d5242 - 	at org.pentaho.di.trans.TransMeta.getThisStepFields(TransMeta.java:2055)
2026/06/30 14:20:04 - org.pentaho.di.trans.steps.tableinput.TableInputMeta@5d3d5242 - 	at org.pentaho.di.trans.TransMeta.getStepFields(TransMeta.java:1873)
2026/06/30 14:20:04 - org.pentaho.di.trans.steps.tableinput.TableInputMeta@5d3d5242 - 	at org.pentaho.di.trans.TransMeta.getStepFields(TransMeta.java:1770)
2026/06/30 14:20:04 - org.pentaho.di.trans.steps.tableinput.TableInputMeta@5d3d5242 - 	at org.pentaho.di.trans.steps.tableinput.TableInputMeta.updateCachedRowMeta(TableInputMeta.java:340)
2026/06/30 14:20:04 - org.pentaho.di.trans.steps.tableinput.TableInputMeta@5d3d5242 - 	at org.pentaho.di.ui.trans.steps.tableinput.TableInputDialog.ok(TableInputDialog.java:566)
2026/06/30 14:20:04 - org.pentaho.di.trans.steps.tableinput.TableInputMeta@5d3d5242 - 	at org.pentaho.di.ui.trans.steps.tableinput.TableInputDialog.access$400(TableInputDialog.java:79)
2026/06/30 14:20:04 - org.pentaho.di.trans.steps.tableinput.TableInputMeta@5d3d5242 - 	at org.pentaho.di.ui.trans.steps.tableinput.TableInputDialog$12.handleEvent(TableInputDialog.java:417)
2026/06/30 14:20:04 - org.pentaho.di.trans.steps.tableinput.TableInputMeta@5d3d5242 - 	at org.eclipse.swt.widgets.EventTable.sendEvent(EventTable.java:89)
2026/06/30 14:20:04 - org.pentaho.di.trans.steps.tableinput.TableInputMeta@5d3d5242 - 	at org.eclipse.swt.widgets.Display.sendEvent(Display.java:4209)
2026/06/30 14:20:04 - org.pentaho.di.trans.steps.tableinput.TableInputMeta@5d3d5242 - 	at org.eclipse.swt.widgets.Widget.sendEvent(Widget.java:1037)
2026/06/30 14:20:04 - org.pentaho.di.trans.steps.tableinput.TableInputMeta@5d3d5242 - 	at org.eclipse.swt.widgets.Display.runDeferredEvents(Display.java:4026)
2026/06/30 14:20:04 - org.pentaho.di.trans.steps.tableinput.TableInputMeta@5d3d5242 - 	at org.eclipse.swt.widgets.Display.readAndDispatch(Display.java:3626)
2026/06/30 14:20:04 - org.pentaho.di.trans.steps.tableinput.TableInputMeta@5d3d5242 - 	at org.pentaho.di.ui.trans.steps.tableinput.TableInputDialog.open(TableInputDialog.java:463)
2026/06/30 14:20:04 - org.pentaho.di.trans.steps.tableinput.TableInputMeta@5d3d5242 - 	at org.pentaho.di.ui.spoon.delegates.SpoonStepsDelegate.editStep(SpoonStepsDelegate.java:120)
2026/06/30 14:20:04 - org.pentaho.di.trans.steps.tableinput.TableInputMeta@5d3d5242 - 	at org.pentaho.di.ui.spoon.Spoon.editStep(Spoon.java:9025)
2026/06/30 14:20:04 - org.pentaho.di.trans.steps.tableinput.TableInputMeta@5d3d5242 - 	at org.pentaho.di.ui.spoon.trans.TransGraph.editStep(TransGraph.java:3286)
2026/06/30 14:20:04 - org.pentaho.di.trans.steps.tableinput.TableInputMeta@5d3d5242 - 	at org.pentaho.di.ui.spoon.trans.TransGraph.mouseDoubleClick(TransGraph.java:784)
2026/06/30 14:20:04 - org.pentaho.di.trans.steps.tableinput.TableInputMeta@5d3d5242 - 	at org.eclipse.swt.widgets.TypedListener.handleEvent(TypedListener.java:200)
2026/06/30 14:20:04 - org.pentaho.di.trans.steps.tableinput.TableInputMeta@5d3d5242 - 	at org.eclipse.swt.widgets.EventTable.sendEvent(EventTable.java:89)
2026/06/30 14:20:04 - org.pentaho.di.trans.steps.tableinput.TableInputMeta@5d3d5242 - 	at org.eclipse.swt.widgets.Display.sendEvent(Display.java:4209)
2026/06/30 14:20:04 - org.pentaho.di.trans.steps.tableinput.TableInputMeta@5d3d5242 - 	at org.eclipse.swt.widgets.Widget.sendEvent(Widget.java:1037)
2026/06/30 14:20:04 - org.pentaho.di.trans.steps.tableinput.TableInputMeta@5d3d5242 - 	at org.eclipse.swt.widgets.Display.runDeferredEvents(Display.java:4026)
2026/06/30 14:20:04 - org.pentaho.di.trans.steps.tableinput.TableInputMeta@5d3d5242 - 	at org.eclipse.swt.widgets.Display.readAndDispatch(Display.java:3626)
2026/06/30 14:20:04 - org.pentaho.di.trans.steps.tableinput.TableInputMeta@5d3d5242 - 	at org.pentaho.di.ui.spoon.Spoon.readAndDispatch(Spoon.java:1432)
2026/06/30 14:20:04 - org.pentaho.di.trans.steps.tableinput.TableInputMeta@5d3d5242 - 	at org.pentaho.di.ui.spoon.Spoon.waitForDispose(Spoon.java:8160)
2026/06/30 14:20:04 - org.pentaho.di.trans.steps.tableinput.TableInputMeta@5d3d5242 - 	at org.pentaho.di.ui.spoon.Spoon.start(Spoon.java:9542)
2026/06/30 14:20:04 - org.pentaho.di.trans.steps.tableinput.TableInputMeta@5d3d5242 - 	at org.pentaho.di.ui.spoon.Spoon.main(Spoon.java:722)
2026/06/30 14:20:04 - org.pentaho.di.trans.steps.tableinput.TableInputMeta@5d3d5242 - 	at java.base/jdk.internal.reflect.DirectMethodHandleAccessor.invoke(DirectMethodHandleAccessor.java:104)
2026/06/30 14:20:04 - org.pentaho.di.trans.steps.tableinput.TableInputMeta@5d3d5242 - 	at java.base/java.lang.reflect.Method.invoke(Method.java:578)
2026/06/30 14:20:04 - org.pentaho.di.trans.steps.tableinput.TableInputMeta@5d3d5242 - 	at org.pentaho.commons.launcher.Launcher.main(Launcher.java:92)
2026/06/30 14:20:04 - org.pentaho.di.trans.steps.tableinput.TableInputMeta@5d3d5242 - Caused by: org.pentaho.di.core.exception.KettleDatabaseException: 
2026/06/30 14:20:04 - org.pentaho.di.trans.steps.tableinput.TableInputMeta@5d3d5242 - Error occurred while trying to connect to the database
2026/06/30 14:20:04 - org.pentaho.di.trans.steps.tableinput.TableInputMeta@5d3d5242 - 
2026/06/30 14:20:04 - org.pentaho.di.trans.steps.tableinput.TableInputMeta@5d3d5242 - Connection failed. Verify all connection parameters and confirm that the appropriate driver is installed.
2026/06/30 14:20:04 - org.pentaho.di.trans.steps.tableinput.TableInputMeta@5d3d5242 - El intento de conexión falló.
2026/06/30 14:20:04 - org.pentaho.di.trans.steps.tableinput.TableInputMeta@5d3d5242 - 
2026/06/30 14:20:04 - org.pentaho.di.trans.steps.tableinput.TableInputMeta@5d3d5242 - 
2026/06/30 14:20:04 - org.pentaho.di.trans.steps.tableinput.TableInputMeta@5d3d5242 - 	at org.pentaho.di.core.database.Database.normalConnect(Database.java:497)
2026/06/30 14:20:04 - org.pentaho.di.trans.steps.tableinput.TableInputMeta@5d3d5242 - 	at org.pentaho.di.core.database.Database.connect(Database.java:389)
2026/06/30 14:20:04 - org.pentaho.di.trans.steps.tableinput.TableInputMeta@5d3d5242 - 	at org.pentaho.di.core.database.Database.connect(Database.java:360)
2026/06/30 14:20:04 - org.pentaho.di.trans.steps.tableinput.TableInputMeta@5d3d5242 - 	at org.pentaho.di.core.database.Database.connect(Database.java:350)
2026/06/30 14:20:04 - org.pentaho.di.trans.steps.tableinput.TableInputMeta@5d3d5242 - 	at org.pentaho.di.trans.steps.tableinput.TableInputMeta.getFields(TableInputMeta.java:253)
2026/06/30 14:20:04 - org.pentaho.di.trans.steps.tableinput.TableInputMeta@5d3d5242 - 	... 30 more
2026/06/30 14:20:04 - org.pentaho.di.trans.steps.tableinput.TableInputMeta@5d3d5242 - Caused by: org.pentaho.di.core.exception.KettleDatabaseException: 
2026/06/30 14:20:04 - org.pentaho.di.trans.steps.tableinput.TableInputMeta@5d3d5242 - Connection failed. Verify all connection parameters and confirm that the appropriate driver is installed.
2026/06/30 14:20:04 - org.pentaho.di.trans.steps.tableinput.TableInputMeta@5d3d5242 - El intento de conexión falló.
2026/06/30 14:20:04 - org.pentaho.di.trans.steps.tableinput.TableInputMeta@5d3d5242 - 
2026/06/30 14:20:04 - org.pentaho.di.trans.steps.tableinput.TableInputMeta@5d3d5242 - 	at org.pentaho.di.core.database.Database.connectUsingClass(Database.java:605)
2026/06/30 14:20:04 - org.pentaho.di.trans.steps.tableinput.TableInputMeta@5d3d5242 - 	at org.pentaho.di.core.database.Database.normalConnect(Database.java:481)
2026/06/30 14:20:04 - org.pentaho.di.trans.steps.tableinput.TableInputMeta@5d3d5242 - 	... 34 more
2026/06/30 14:20:04 - org.pentaho.di.trans.steps.tableinput.TableInputMeta@5d3d5242 - Caused by: org.postgresql.util.PSQLException: El intento de conexión falló.
2026/06/30 14:20:04 - org.pentaho.di.trans.steps.tableinput.TableInputMeta@5d3d5242 - 	at org.postgresql.core.v3.ConnectionFactoryImpl.openConnectionImpl(ConnectionFactoryImpl.java:315)
2026/06/30 14:20:04 - org.pentaho.di.trans.steps.tableinput.TableInputMeta@5d3d5242 - 	at org.postgresql.core.ConnectionFactory.openConnection(ConnectionFactory.java:51)
2026/06/30 14:20:04 - org.pentaho.di.trans.steps.tableinput.TableInputMeta@5d3d5242 - 	at org.postgresql.jdbc.PgConnection.<init>(PgConnection.java:223)
2026/06/30 14:20:04 - org.pentaho.di.trans.steps.tableinput.TableInputMeta@5d3d5242 - 	at org.postgresql.Driver.makeConnection(Driver.java:465)
2026/06/30 14:20:04 - org.pentaho.di.trans.steps.tableinput.TableInputMeta@5d3d5242 - 	at org.postgresql.Driver.connect(Driver.java:264)
2026/06/30 14:20:04 - org.pentaho.di.trans.steps.tableinput.TableInputMeta@5d3d5242 - 	at java.sql/java.sql.DriverManager.getConnection(DriverManager.java:683)
2026/06/30 14:20:04 - org.pentaho.di.trans.steps.tableinput.TableInputMeta@5d3d5242 - 	at java.sql/java.sql.DriverManager.getConnection(DriverManager.java:191)
2026/06/30 14:20:04 - org.pentaho.di.trans.steps.tableinput.TableInputMeta@5d3d5242 - 	at org.pentaho.di.core.database.Database.connectUsingClass(Database.java:589)
2026/06/30 14:20:04 - org.pentaho.di.trans.steps.tableinput.TableInputMeta@5d3d5242 - 	... 35 more
2026/06/30 14:20:04 - org.pentaho.di.trans.steps.tableinput.TableInputMeta@5d3d5242 - Caused by: java.net.UnknownHostException: db_seguros
2026/06/30 14:20:04 - org.pentaho.di.trans.steps.tableinput.TableInputMeta@5d3d5242 - 	at java.base/sun.nio.ch.NioSocketImpl.connect(NioSocketImpl.java:560)
2026/06/30 14:20:04 - org.pentaho.di.trans.steps.tableinput.TableInputMeta@5d3d5242 - 	at java.base/java.net.SocksSocketImpl.connect(SocksSocketImpl.java:327)
2026/06/30 14:20:04 - org.pentaho.di.trans.steps.tableinput.TableInputMeta@5d3d5242 - 	at java.base/java.net.Socket.connect(Socket.java:666)
2026/06/30 14:20:04 - org.pentaho.di.trans.steps.tableinput.TableInputMeta@5d3d5242 - 	at org.postgresql.core.PGStream.createSocket(PGStream.java:231)
2026/06/30 14:20:04 - org.pentaho.di.trans.steps.tableinput.TableInputMeta@5d3d5242 - 	at org.postgresql.core.PGStream.<init>(PGStream.java:95)
2026/06/30 14:20:04 - org.pentaho.di.trans.steps.tableinput.TableInputMeta@5d3d5242 - 	at org.postgresql.core.v3.ConnectionFactoryImpl.tryConnect(ConnectionFactoryImpl.java:98)
2026/06/30 14:20:04 - org.pentaho.di.trans.steps.tableinput.TableInputMeta@5d3d5242 - 	at org.postgresql.core.v3.ConnectionFactoryImpl.openConnectionImpl(ConnectionFactoryImpl.java:213)
2026/06/30 14:20:04 - org.pentaho.di.trans.steps.tableinput.TableInputMeta@5d3d5242 - 	... 42 more
2026/06/30 14:20:13 - org.pentaho.di.trans.steps.tableinput.TableInputMeta@6d7d0946 - ERROR (version 9.4.0.0-343, build 0.0 from 2022-11-08 07.50.27 by buildguy) : Unexpected error fetching row meta data.
2026/06/30 14:20:13 - org.pentaho.di.trans.steps.tableinput.TableInputMeta@6d7d0946 - ERROR (version 9.4.0.0-343, build 0.0 from 2022-11-08 07.50.27 by buildguy) : org.pentaho.di.core.exception.KettleStepException: 
2026/06/30 14:20:13 - org.pentaho.di.trans.steps.tableinput.TableInputMeta@6d7d0946 - Unable to get queryfields for SQL: 
2026/06/30 14:20:13 - org.pentaho.di.trans.steps.tableinput.TableInputMeta@6d7d0946 - SELECT
  sk_dim_estado_contrato
, cod_estado
, descrip_estado
FROM seguro_dw_g26473471.dim_estado_contrato

2026/06/30 14:20:13 - org.pentaho.di.trans.steps.tableinput.TableInputMeta@6d7d0946 - 
2026/06/30 14:20:13 - org.pentaho.di.trans.steps.tableinput.TableInputMeta@6d7d0946 - Error occurred while trying to connect to the database
2026/06/30 14:20:13 - org.pentaho.di.trans.steps.tableinput.TableInputMeta@6d7d0946 - 
2026/06/30 14:20:13 - org.pentaho.di.trans.steps.tableinput.TableInputMeta@6d7d0946 - Connection failed. Verify all connection parameters and confirm that the appropriate driver is installed.
2026/06/30 14:20:13 - org.pentaho.di.trans.steps.tableinput.TableInputMeta@6d7d0946 - El intento de conexión falló.
2026/06/30 14:20:13 - org.pentaho.di.trans.steps.tableinput.TableInputMeta@6d7d0946 - 
2026/06/30 14:20:13 - org.pentaho.di.trans.steps.tableinput.TableInputMeta@6d7d0946 - 
2026/06/30 14:20:13 - org.pentaho.di.trans.steps.tableinput.TableInputMeta@6d7d0946 - 
2026/06/30 14:20:13 - org.pentaho.di.trans.steps.tableinput.TableInputMeta@6d7d0946 - 	at org.pentaho.di.trans.steps.tableinput.TableInputMeta.getFields(TableInputMeta.java:275)
2026/06/30 14:20:13 - org.pentaho.di.trans.steps.tableinput.TableInputMeta@6d7d0946 - 	at org.pentaho.di.trans.TransMeta.getThisStepFields(TransMeta.java:2055)
2026/06/30 14:20:13 - org.pentaho.di.trans.steps.tableinput.TableInputMeta@6d7d0946 - 	at org.pentaho.di.trans.TransMeta.getStepFields(TransMeta.java:1873)
2026/06/30 14:20:13 - org.pentaho.di.trans.steps.tableinput.TableInputMeta@6d7d0946 - 	at org.pentaho.di.trans.TransMeta.getStepFields(TransMeta.java:1770)
2026/06/30 14:20:13 - org.pentaho.di.trans.steps.tableinput.TableInputMeta@6d7d0946 - 	at org.pentaho.di.trans.steps.tableinput.TableInputMeta.updateCachedRowMeta(TableInputMeta.java:340)
2026/06/30 14:20:13 - org.pentaho.di.trans.steps.tableinput.TableInputMeta@6d7d0946 - 	at org.pentaho.di.ui.trans.steps.tableinput.TableInputDialog.ok(TableInputDialog.java:566)
2026/06/30 14:20:13 - org.pentaho.di.trans.steps.tableinput.TableInputMeta@6d7d0946 - 	at org.pentaho.di.ui.trans.steps.tableinput.TableInputDialog.access$400(TableInputDialog.java:79)
2026/06/30 14:20:13 - org.pentaho.di.trans.steps.tableinput.TableInputMeta@6d7d0946 - 	at org.pentaho.di.ui.trans.steps.tableinput.TableInputDialog$12.handleEvent(TableInputDialog.java:417)
2026/06/30 14:20:13 - org.pentaho.di.trans.steps.tableinput.TableInputMeta@6d7d0946 - 	at org.eclipse.swt.widgets.EventTable.sendEvent(EventTable.java:89)
2026/06/30 14:20:13 - org.pentaho.di.trans.steps.tableinput.TableInputMeta@6d7d0946 - 	at org.eclipse.swt.widgets.Display.sendEvent(Display.java:4209)
2026/06/30 14:20:13 - org.pentaho.di.trans.steps.tableinput.TableInputMeta@6d7d0946 - 	at org.eclipse.swt.widgets.Widget.sendEvent(Widget.java:1037)
2026/06/30 14:20:13 - org.pentaho.di.trans.steps.tableinput.TableInputMeta@6d7d0946 - 	at org.eclipse.swt.widgets.Display.runDeferredEvents(Display.java:4026)
2026/06/30 14:20:13 - org.pentaho.di.trans.steps.tableinput.TableInputMeta@6d7d0946 - 	at org.eclipse.swt.widgets.Display.readAndDispatch(Display.java:3626)
2026/06/30 14:20:13 - org.pentaho.di.trans.steps.tableinput.TableInputMeta@6d7d0946 - 	at org.pentaho.di.ui.trans.steps.tableinput.TableInputDialog.open(TableInputDialog.java:463)
2026/06/30 14:20:13 - org.pentaho.di.trans.steps.tableinput.TableInputMeta@6d7d0946 - 	at org.pentaho.di.ui.spoon.delegates.SpoonStepsDelegate.editStep(SpoonStepsDelegate.java:120)
2026/06/30 14:20:13 - org.pentaho.di.trans.steps.tableinput.TableInputMeta@6d7d0946 - 	at org.pentaho.di.ui.spoon.Spoon.editStep(Spoon.java:9025)
2026/06/30 14:20:13 - org.pentaho.di.trans.steps.tableinput.TableInputMeta@6d7d0946 - 	at org.pentaho.di.ui.spoon.trans.TransGraph.editStep(TransGraph.java:3286)
2026/06/30 14:20:13 - org.pentaho.di.trans.steps.tableinput.TableInputMeta@6d7d0946 - 	at org.pentaho.di.ui.spoon.trans.TransGraph.mouseDoubleClick(TransGraph.java:784)
2026/06/30 14:20:13 - org.pentaho.di.trans.steps.tableinput.TableInputMeta@6d7d0946 - 	at org.eclipse.swt.widgets.TypedListener.handleEvent(TypedListener.java:200)
2026/06/30 14:20:13 - org.pentaho.di.trans.steps.tableinput.TableInputMeta@6d7d0946 - 	at org.eclipse.swt.widgets.EventTable.sendEvent(EventTable.java:89)
2026/06/30 14:20:13 - org.pentaho.di.trans.steps.tableinput.TableInputMeta@6d7d0946 - 	at org.eclipse.swt.widgets.Display.sendEvent(Display.java:4209)
2026/06/30 14:20:13 - org.pentaho.di.trans.steps.tableinput.TableInputMeta@6d7d0946 - 	at org.eclipse.swt.widgets.Widget.sendEvent(Widget.java:1037)
2026/06/30 14:20:13 - org.pentaho.di.trans.steps.tableinput.TableInputMeta@6d7d0946 - 	at org.eclipse.swt.widgets.Display.runDeferredEvents(Display.java:4026)
2026/06/30 14:20:13 - org.pentaho.di.trans.steps.tableinput.TableInputMeta@6d7d0946 - 	at org.eclipse.swt.widgets.Display.readAndDispatch(Display.java:3626)
2026/06/30 14:20:13 - org.pentaho.di.trans.steps.tableinput.TableInputMeta@6d7d0946 - 	at org.pentaho.di.ui.spoon.Spoon.readAndDispatch(Spoon.java:1432)
2026/06/30 14:20:13 - org.pentaho.di.trans.steps.tableinput.TableInputMeta@6d7d0946 - 	at org.pentaho.di.ui.spoon.Spoon.waitForDispose(Spoon.java:8160)
2026/06/30 14:20:13 - org.pentaho.di.trans.steps.tableinput.TableInputMeta@6d7d0946 - 	at org.pentaho.di.ui.spoon.Spoon.start(Spoon.java:9542)
2026/06/30 14:20:13 - org.pentaho.di.trans.steps.tableinput.TableInputMeta@6d7d0946 - 	at org.pentaho.di.ui.spoon.Spoon.main(Spoon.java:722)
2026/06/30 14:20:13 - org.pentaho.di.trans.steps.tableinput.TableInputMeta@6d7d0946 - 	at java.base/jdk.internal.reflect.DirectMethodHandleAccessor.invoke(DirectMethodHandleAccessor.java:104)
2026/06/30 14:20:13 - org.pentaho.di.trans.steps.tableinput.TableInputMeta@6d7d0946 - 	at java.base/java.lang.reflect.Method.invoke(Method.java:578)
2026/06/30 14:20:13 - org.pentaho.di.trans.steps.tableinput.TableInputMeta@6d7d0946 - 	at org.pentaho.commons.launcher.Launcher.main(Launcher.java:92)
2026/06/30 14:20:13 - org.pentaho.di.trans.steps.tableinput.TableInputMeta@6d7d0946 - Caused by: org.pentaho.di.core.exception.KettleDatabaseException: 
2026/06/30 14:20:13 - org.pentaho.di.trans.steps.tableinput.TableInputMeta@6d7d0946 - Error occurred while trying to connect to the database
2026/06/30 14:20:13 - org.pentaho.di.trans.steps.tableinput.TableInputMeta@6d7d0946 - 
2026/06/30 14:20:13 - org.pentaho.di.trans.steps.tableinput.TableInputMeta@6d7d0946 - Connection failed. Verify all connection parameters and confirm that the appropriate driver is installed.
2026/06/30 14:20:13 - org.pentaho.di.trans.steps.tableinput.TableInputMeta@6d7d0946 - El intento de conexión falló.
2026/06/30 14:20:13 - org.pentaho.di.trans.steps.tableinput.TableInputMeta@6d7d0946 - 
2026/06/30 14:20:13 - org.pentaho.di.trans.steps.tableinput.TableInputMeta@6d7d0946 - 
2026/06/30 14:20:13 - org.pentaho.di.trans.steps.tableinput.TableInputMeta@6d7d0946 - 	at org.pentaho.di.core.database.Database.normalConnect(Database.java:497)
2026/06/30 14:20:13 - org.pentaho.di.trans.steps.tableinput.TableInputMeta@6d7d0946 - 	at org.pentaho.di.core.database.Database.connect(Database.java:389)
2026/06/30 14:20:13 - org.pentaho.di.trans.steps.tableinput.TableInputMeta@6d7d0946 - 	at org.pentaho.di.core.database.Database.connect(Database.java:360)
2026/06/30 14:20:13 - org.pentaho.di.trans.steps.tableinput.TableInputMeta@6d7d0946 - 	at org.pentaho.di.core.database.Database.connect(Database.java:350)
2026/06/30 14:20:13 - org.pentaho.di.trans.steps.tableinput.TableInputMeta@6d7d0946 - 	at org.pentaho.di.trans.steps.tableinput.TableInputMeta.getFields(TableInputMeta.java:253)
2026/06/30 14:20:13 - org.pentaho.di.trans.steps.tableinput.TableInputMeta@6d7d0946 - 	... 30 more
2026/06/30 14:20:13 - org.pentaho.di.trans.steps.tableinput.TableInputMeta@6d7d0946 - Caused by: org.pentaho.di.core.exception.KettleDatabaseException: 
2026/06/30 14:20:13 - org.pentaho.di.trans.steps.tableinput.TableInputMeta@6d7d0946 - Connection failed. Verify all connection parameters and confirm that the appropriate driver is installed.
2026/06/30 14:20:13 - org.pentaho.di.trans.steps.tableinput.TableInputMeta@6d7d0946 - El intento de conexión falló.
2026/06/30 14:20:13 - org.pentaho.di.trans.steps.tableinput.TableInputMeta@6d7d0946 - 
2026/06/30 14:20:13 - org.pentaho.di.trans.steps.tableinput.TableInputMeta@6d7d0946 - 	at org.pentaho.di.core.database.Database.connectUsingClass(Database.java:605)
2026/06/30 14:20:13 - org.pentaho.di.trans.steps.tableinput.TableInputMeta@6d7d0946 - 	at org.pentaho.di.core.database.Database.normalConnect(Database.java:481)
2026/06/30 14:20:13 - org.pentaho.di.trans.steps.tableinput.TableInputMeta@6d7d0946 - 	... 34 more
2026/06/30 14:20:13 - org.pentaho.di.trans.steps.tableinput.TableInputMeta@6d7d0946 - Caused by: org.postgresql.util.PSQLException: El intento de conexión falló.
2026/06/30 14:20:13 - org.pentaho.di.trans.steps.tableinput.TableInputMeta@6d7d0946 - 	at org.postgresql.core.v3.ConnectionFactoryImpl.openConnectionImpl(ConnectionFactoryImpl.java:315)
2026/06/30 14:20:13 - org.pentaho.di.trans.steps.tableinput.TableInputMeta@6d7d0946 - 	at org.postgresql.core.ConnectionFactory.openConnection(ConnectionFactory.java:51)
2026/06/30 14:20:13 - org.pentaho.di.trans.steps.tableinput.TableInputMeta@6d7d0946 - 	at org.postgresql.jdbc.PgConnection.<init>(PgConnection.java:223)
2026/06/30 14:20:13 - org.pentaho.di.trans.steps.tableinput.TableInputMeta@6d7d0946 - 	at org.postgresql.Driver.makeConnection(Driver.java:465)
2026/06/30 14:20:13 - org.pentaho.di.trans.steps.tableinput.TableInputMeta@6d7d0946 - 	at org.postgresql.Driver.connect(Driver.java:264)
2026/06/30 14:20:13 - org.pentaho.di.trans.steps.tableinput.TableInputMeta@6d7d0946 - 	at java.sql/java.sql.DriverManager.getConnection(DriverManager.java:683)
2026/06/30 14:20:13 - org.pentaho.di.trans.steps.tableinput.TableInputMeta@6d7d0946 - 	at java.sql/java.sql.DriverManager.getConnection(DriverManager.java:191)
2026/06/30 14:20:13 - org.pentaho.di.trans.steps.tableinput.TableInputMeta@6d7d0946 - 	at org.pentaho.di.core.database.Database.connectUsingClass(Database.java:589)
2026/06/30 14:20:13 - org.pentaho.di.trans.steps.tableinput.TableInputMeta@6d7d0946 - 	... 35 more
2026/06/30 14:20:13 - org.pentaho.di.trans.steps.tableinput.TableInputMeta@6d7d0946 - Caused by: java.net.UnknownHostException: db_seguros
2026/06/30 14:20:13 - org.pentaho.di.trans.steps.tableinput.TableInputMeta@6d7d0946 - 	at java.base/sun.nio.ch.NioSocketImpl.connect(NioSocketImpl.java:560)
2026/06/30 14:20:13 - org.pentaho.di.trans.steps.tableinput.TableInputMeta@6d7d0946 - 	at java.base/java.net.SocksSocketImpl.connect(SocksSocketImpl.java:327)
2026/06/30 14:20:13 - org.pentaho.di.trans.steps.tableinput.TableInputMeta@6d7d0946 - 	at java.base/java.net.Socket.connect(Socket.java:666)
2026/06/30 14:20:13 - org.pentaho.di.trans.steps.tableinput.TableInputMeta@6d7d0946 - 	at org.postgresql.core.PGStream.createSocket(PGStream.java:231)
2026/06/30 14:20:13 - org.pentaho.di.trans.steps.tableinput.TableInputMeta@6d7d0946 - 	at org.postgresql.core.PGStream.<init>(PGStream.java:95)
2026/06/30 14:20:13 - org.pentaho.di.trans.steps.tableinput.TableInputMeta@6d7d0946 - 	at org.postgresql.core.v3.ConnectionFactoryImpl.tryConnect(ConnectionFactoryImpl.java:98)
2026/06/30 14:20:13 - org.pentaho.di.trans.steps.tableinput.TableInputMeta@6d7d0946 - 	at org.postgresql.core.v3.ConnectionFactoryImpl.openConnectionImpl(ConnectionFactoryImpl.java:213)
2026/06/30 14:20:13 - org.pentaho.di.trans.steps.tableinput.TableInputMeta@6d7d0946 - 	... 42 more
2026/06/30 14:20:27 - org.pentaho.di.trans.steps.tableinput.TableInputMeta@5d3d5242 - ERROR (version 9.4.0.0-343, build 0.0 from 2022-11-08 07.50.27 by buildguy) : Unexpected error fetching row meta data.
2026/06/30 14:20:27 - org.pentaho.di.trans.steps.tableinput.TableInputMeta@5d3d5242 - ERROR (version 9.4.0.0-343, build 0.0 from 2022-11-08 07.50.27 by buildguy) : org.pentaho.di.core.exception.KettleStepException: 
2026/06/30 14:20:27 - org.pentaho.di.trans.steps.tableinput.TableInputMeta@5d3d5242 - Unable to get queryfields for SQL: 
2026/06/30 14:20:27 - org.pentaho.di.trans.steps.tableinput.TableInputMeta@5d3d5242 - SELECT
  sk_dim_tiempo
, fecha_completa
FROM seguro_dw_g26473471.dim_tiempo

2026/06/30 14:20:27 - org.pentaho.di.trans.steps.tableinput.TableInputMeta@5d3d5242 - 
2026/06/30 14:20:27 - org.pentaho.di.trans.steps.tableinput.TableInputMeta@5d3d5242 - Error occurred while trying to connect to the database
2026/06/30 14:20:27 - org.pentaho.di.trans.steps.tableinput.TableInputMeta@5d3d5242 - 
2026/06/30 14:20:27 - org.pentaho.di.trans.steps.tableinput.TableInputMeta@5d3d5242 - Connection failed. Verify all connection parameters and confirm that the appropriate driver is installed.
2026/06/30 14:20:27 - org.pentaho.di.trans.steps.tableinput.TableInputMeta@5d3d5242 - El intento de conexión falló.
2026/06/30 14:20:27 - org.pentaho.di.trans.steps.tableinput.TableInputMeta@5d3d5242 - 
2026/06/30 14:20:27 - org.pentaho.di.trans.steps.tableinput.TableInputMeta@5d3d5242 - 
2026/06/30 14:20:27 - org.pentaho.di.trans.steps.tableinput.TableInputMeta@5d3d5242 - 
2026/06/30 14:20:27 - org.pentaho.di.trans.steps.tableinput.TableInputMeta@5d3d5242 - 	at org.pentaho.di.trans.steps.tableinput.TableInputMeta.getFields(TableInputMeta.java:275)
2026/06/30 14:20:27 - org.pentaho.di.trans.steps.tableinput.TableInputMeta@5d3d5242 - 	at org.pentaho.di.trans.TransMeta.getThisStepFields(TransMeta.java:2055)
2026/06/30 14:20:27 - org.pentaho.di.trans.steps.tableinput.TableInputMeta@5d3d5242 - 	at org.pentaho.di.trans.TransMeta.getStepFields(TransMeta.java:1873)
2026/06/30 14:20:27 - org.pentaho.di.trans.steps.tableinput.TableInputMeta@5d3d5242 - 	at org.pentaho.di.trans.TransMeta.getStepFields(TransMeta.java:1770)
2026/06/30 14:20:27 - org.pentaho.di.trans.steps.tableinput.TableInputMeta@5d3d5242 - 	at org.pentaho.di.trans.steps.tableinput.TableInputMeta.updateCachedRowMeta(TableInputMeta.java:340)
2026/06/30 14:20:27 - org.pentaho.di.trans.steps.tableinput.TableInputMeta@5d3d5242 - 	at org.pentaho.di.ui.trans.steps.tableinput.TableInputDialog.ok(TableInputDialog.java:566)
2026/06/30 14:20:27 - org.pentaho.di.trans.steps.tableinput.TableInputMeta@5d3d5242 - 	at org.pentaho.di.ui.trans.steps.tableinput.TableInputDialog.access$400(TableInputDialog.java:79)
2026/06/30 14:20:27 - org.pentaho.di.trans.steps.tableinput.TableInputMeta@5d3d5242 - 	at org.pentaho.di.ui.trans.steps.tableinput.TableInputDialog$12.handleEvent(TableInputDialog.java:417)
2026/06/30 14:20:27 - org.pentaho.di.trans.steps.tableinput.TableInputMeta@5d3d5242 - 	at org.eclipse.swt.widgets.EventTable.sendEvent(EventTable.java:89)
2026/06/30 14:20:27 - org.pentaho.di.trans.steps.tableinput.TableInputMeta@5d3d5242 - 	at org.eclipse.swt.widgets.Display.sendEvent(Display.java:4209)
2026/06/30 14:20:27 - org.pentaho.di.trans.steps.tableinput.TableInputMeta@5d3d5242 - 	at org.eclipse.swt.widgets.Widget.sendEvent(Widget.java:1037)
2026/06/30 14:20:27 - org.pentaho.di.trans.steps.tableinput.TableInputMeta@5d3d5242 - 	at org.eclipse.swt.widgets.Display.runDeferredEvents(Display.java:4026)
2026/06/30 14:20:27 - org.pentaho.di.trans.steps.tableinput.TableInputMeta@5d3d5242 - 	at org.eclipse.swt.widgets.Display.readAndDispatch(Display.java:3626)
2026/06/30 14:20:27 - org.pentaho.di.trans.steps.tableinput.TableInputMeta@5d3d5242 - 	at org.pentaho.di.ui.trans.steps.tableinput.TableInputDialog.open(TableInputDialog.java:463)
2026/06/30 14:20:27 - org.pentaho.di.trans.steps.tableinput.TableInputMeta@5d3d5242 - 	at org.pentaho.di.ui.spoon.delegates.SpoonStepsDelegate.editStep(SpoonStepsDelegate.java:120)
2026/06/30 14:20:27 - org.pentaho.di.trans.steps.tableinput.TableInputMeta@5d3d5242 - 	at org.pentaho.di.ui.spoon.Spoon.editStep(Spoon.java:9025)
2026/06/30 14:20:27 - org.pentaho.di.trans.steps.tableinput.TableInputMeta@5d3d5242 - 	at org.pentaho.di.ui.spoon.trans.TransGraph.editStep(TransGraph.java:3286)
2026/06/30 14:20:27 - org.pentaho.di.trans.steps.tableinput.TableInputMeta@5d3d5242 - 	at org.pentaho.di.ui.spoon.trans.TransGraph.mouseDoubleClick(TransGraph.java:784)
2026/06/30 14:20:27 - org.pentaho.di.trans.steps.tableinput.TableInputMeta@5d3d5242 - 	at org.eclipse.swt.widgets.TypedListener.handleEvent(TypedListener.java:200)
2026/06/30 14:20:27 - org.pentaho.di.trans.steps.tableinput.TableInputMeta@5d3d5242 - 	at org.eclipse.swt.widgets.EventTable.sendEvent(EventTable.java:89)
2026/06/30 14:20:27 - org.pentaho.di.trans.steps.tableinput.TableInputMeta@5d3d5242 - 	at org.eclipse.swt.widgets.Display.sendEvent(Display.java:4209)
2026/06/30 14:20:27 - org.pentaho.di.trans.steps.tableinput.TableInputMeta@5d3d5242 - 	at org.eclipse.swt.widgets.Widget.sendEvent(Widget.java:1037)
2026/06/30 14:20:27 - org.pentaho.di.trans.steps.tableinput.TableInputMeta@5d3d5242 - 	at org.eclipse.swt.widgets.Display.runDeferredEvents(Display.java:4026)
2026/06/30 14:20:27 - org.pentaho.di.trans.steps.tableinput.TableInputMeta@5d3d5242 - 	at org.eclipse.swt.widgets.Display.readAndDispatch(Display.java:3626)
2026/06/30 14:20:27 - org.pentaho.di.trans.steps.tableinput.TableInputMeta@5d3d5242 - 	at org.pentaho.di.ui.spoon.Spoon.readAndDispatch(Spoon.java:1432)
2026/06/30 14:20:27 - org.pentaho.di.trans.steps.tableinput.TableInputMeta@5d3d5242 - 	at org.pentaho.di.ui.spoon.Spoon.waitForDispose(Spoon.java:8160)
2026/06/30 14:20:27 - org.pentaho.di.trans.steps.tableinput.TableInputMeta@5d3d5242 - 	at org.pentaho.di.ui.spoon.Spoon.start(Spoon.java:9542)
2026/06/30 14:20:27 - org.pentaho.di.trans.steps.tableinput.TableInputMeta@5d3d5242 - 	at org.pentaho.di.ui.spoon.Spoon.main(Spoon.java:722)
2026/06/30 14:20:27 - org.pentaho.di.trans.steps.tableinput.TableInputMeta@5d3d5242 - 	at java.base/jdk.internal.reflect.DirectMethodHandleAccessor.invoke(DirectMethodHandleAccessor.java:104)
2026/06/30 14:20:27 - org.pentaho.di.trans.steps.tableinput.TableInputMeta@5d3d5242 - 	at java.base/java.lang.reflect.Method.invoke(Method.java:578)
2026/06/30 14:20:27 - org.pentaho.di.trans.steps.tableinput.TableInputMeta@5d3d5242 - 	at org.pentaho.commons.launcher.Launcher.main(Launcher.java:92)
2026/06/30 14:20:27 - org.pentaho.di.trans.steps.tableinput.TableInputMeta@5d3d5242 - Caused by: org.pentaho.di.core.exception.KettleDatabaseException: 
2026/06/30 14:20:27 - org.pentaho.di.trans.steps.tableinput.TableInputMeta@5d3d5242 - Error occurred while trying to connect to the database
2026/06/30 14:20:27 - org.pentaho.di.trans.steps.tableinput.TableInputMeta@5d3d5242 - 
2026/06/30 14:20:27 - org.pentaho.di.trans.steps.tableinput.TableInputMeta@5d3d5242 - Connection failed. Verify all connection parameters and confirm that the appropriate driver is installed.
2026/06/30 14:20:27 - org.pentaho.di.trans.steps.tableinput.TableInputMeta@5d3d5242 - El intento de conexión falló.
2026/06/30 14:20:27 - org.pentaho.di.trans.steps.tableinput.TableInputMeta@5d3d5242 - 
2026/06/30 14:20:27 - org.pentaho.di.trans.steps.tableinput.TableInputMeta@5d3d5242 - 
2026/06/30 14:20:27 - org.pentaho.di.trans.steps.tableinput.TableInputMeta@5d3d5242 - 	at org.pentaho.di.core.database.Database.normalConnect(Database.java:497)
2026/06/30 14:20:27 - org.pentaho.di.trans.steps.tableinput.TableInputMeta@5d3d5242 - 	at org.pentaho.di.core.database.Database.connect(Database.java:389)
2026/06/30 14:20:27 - org.pentaho.di.trans.steps.tableinput.TableInputMeta@5d3d5242 - 	at org.pentaho.di.core.database.Database.connect(Database.java:360)
2026/06/30 14:20:27 - org.pentaho.di.trans.steps.tableinput.TableInputMeta@5d3d5242 - 	at org.pentaho.di.core.database.Database.connect(Database.java:350)
2026/06/30 14:20:27 - org.pentaho.di.trans.steps.tableinput.TableInputMeta@5d3d5242 - 	at org.pentaho.di.trans.steps.tableinput.TableInputMeta.getFields(TableInputMeta.java:253)
2026/06/30 14:20:27 - org.pentaho.di.trans.steps.tableinput.TableInputMeta@5d3d5242 - 	... 30 more
2026/06/30 14:20:27 - org.pentaho.di.trans.steps.tableinput.TableInputMeta@5d3d5242 - Caused by: org.pentaho.di.core.exception.KettleDatabaseException: 
2026/06/30 14:20:27 - org.pentaho.di.trans.steps.tableinput.TableInputMeta@5d3d5242 - Connection failed. Verify all connection parameters and confirm that the appropriate driver is installed.
2026/06/30 14:20:27 - org.pentaho.di.trans.steps.tableinput.TableInputMeta@5d3d5242 - El intento de conexión falló.
2026/06/30 14:20:27 - org.pentaho.di.trans.steps.tableinput.TableInputMeta@5d3d5242 - 
2026/06/30 14:20:27 - org.pentaho.di.trans.steps.tableinput.TableInputMeta@5d3d5242 - 	at org.pentaho.di.core.database.Database.connectUsingClass(Database.java:605)
2026/06/30 14:20:27 - org.pentaho.di.trans.steps.tableinput.TableInputMeta@5d3d5242 - 	at org.pentaho.di.core.database.Database.normalConnect(Database.java:481)
2026/06/30 14:20:27 - org.pentaho.di.trans.steps.tableinput.TableInputMeta@5d3d5242 - 	... 34 more
2026/06/30 14:20:27 - org.pentaho.di.trans.steps.tableinput.TableInputMeta@5d3d5242 - Caused by: org.postgresql.util.PSQLException: El intento de conexión falló.
2026/06/30 14:20:27 - org.pentaho.di.trans.steps.tableinput.TableInputMeta@5d3d5242 - 	at org.postgresql.core.v3.ConnectionFactoryImpl.openConnectionImpl(ConnectionFactoryImpl.java:315)
2026/06/30 14:20:27 - org.pentaho.di.trans.steps.tableinput.TableInputMeta@5d3d5242 - 	at org.postgresql.core.ConnectionFactory.openConnection(ConnectionFactory.java:51)
2026/06/30 14:20:27 - org.pentaho.di.trans.steps.tableinput.TableInputMeta@5d3d5242 - 	at org.postgresql.jdbc.PgConnection.<init>(PgConnection.java:223)
2026/06/30 14:20:27 - org.pentaho.di.trans.steps.tableinput.TableInputMeta@5d3d5242 - 	at org.postgresql.Driver.makeConnection(Driver.java:465)
2026/06/30 14:20:27 - org.pentaho.di.trans.steps.tableinput.TableInputMeta@5d3d5242 - 	at org.postgresql.Driver.connect(Driver.java:264)
2026/06/30 14:20:27 - org.pentaho.di.trans.steps.tableinput.TableInputMeta@5d3d5242 - 	at java.sql/java.sql.DriverManager.getConnection(DriverManager.java:683)
2026/06/30 14:20:27 - org.pentaho.di.trans.steps.tableinput.TableInputMeta@5d3d5242 - 	at java.sql/java.sql.DriverManager.getConnection(DriverManager.java:191)
2026/06/30 14:20:27 - org.pentaho.di.trans.steps.tableinput.TableInputMeta@5d3d5242 - 	at org.pentaho.di.core.database.Database.connectUsingClass(Database.java:589)
2026/06/30 14:20:27 - org.pentaho.di.trans.steps.tableinput.TableInputMeta@5d3d5242 - 	... 35 more
2026/06/30 14:20:27 - org.pentaho.di.trans.steps.tableinput.TableInputMeta@5d3d5242 - Caused by: java.net.UnknownHostException: db_seguros
2026/06/30 14:20:27 - org.pentaho.di.trans.steps.tableinput.TableInputMeta@5d3d5242 - 	at java.base/sun.nio.ch.NioSocketImpl.connect(NioSocketImpl.java:560)
2026/06/30 14:20:27 - org.pentaho.di.trans.steps.tableinput.TableInputMeta@5d3d5242 - 	at java.base/java.net.SocksSocketImpl.connect(SocksSocketImpl.java:327)
2026/06/30 14:20:27 - org.pentaho.di.trans.steps.tableinput.TableInputMeta@5d3d5242 - 	at java.base/java.net.Socket.connect(Socket.java:666)
2026/06/30 14:20:27 - org.pentaho.di.trans.steps.tableinput.TableInputMeta@5d3d5242 - 	at org.postgresql.core.PGStream.createSocket(PGStream.java:231)
2026/06/30 14:20:27 - org.pentaho.di.trans.steps.tableinput.TableInputMeta@5d3d5242 - 	at org.postgresql.core.PGStream.<init>(PGStream.java:95)
2026/06/30 14:20:27 - org.pentaho.di.trans.steps.tableinput.TableInputMeta@5d3d5242 - 	at org.postgresql.core.v3.ConnectionFactoryImpl.tryConnect(ConnectionFactoryImpl.java:98)
2026/06/30 14:20:27 - org.pentaho.di.trans.steps.tableinput.TableInputMeta@5d3d5242 - 	at org.postgresql.core.v3.ConnectionFactoryImpl.openConnectionImpl(ConnectionFactoryImpl.java:213)
2026/06/30 14:20:27 - org.pentaho.di.trans.steps.tableinput.TableInputMeta@5d3d5242 - 	... 42 more
2026/06/30 14:20:35 - org.pentaho.di.trans.steps.tableinput.TableInputMeta@6d7d0946 - ERROR (version 9.4.0.0-343, build 0.0 from 2022-11-08 07.50.27 by buildguy) : Unexpected error fetching row meta data.
2026/06/30 14:20:35 - org.pentaho.di.trans.steps.tableinput.TableInputMeta@6d7d0946 - ERROR (version 9.4.0.0-343, build 0.0 from 2022-11-08 07.50.27 by buildguy) : org.pentaho.di.core.exception.KettleStepException: 
2026/06/30 14:20:35 - org.pentaho.di.trans.steps.tableinput.TableInputMeta@6d7d0946 - Unable to get queryfields for SQL: 
2026/06/30 14:20:35 - org.pentaho.di.trans.steps.tableinput.TableInputMeta@6d7d0946 - SELECT
  sk_dim_estado_contrato
, cod_estado
, descrip_estado
FROM seguro_dw_g26473471.dim_estado_contrato

2026/06/30 14:20:35 - org.pentaho.di.trans.steps.tableinput.TableInputMeta@6d7d0946 - 
2026/06/30 14:20:35 - org.pentaho.di.trans.steps.tableinput.TableInputMeta@6d7d0946 - Error occurred while trying to connect to the database
2026/06/30 14:20:35 - org.pentaho.di.trans.steps.tableinput.TableInputMeta@6d7d0946 - 
2026/06/30 14:20:35 - org.pentaho.di.trans.steps.tableinput.TableInputMeta@6d7d0946 - Connection failed. Verify all connection parameters and confirm that the appropriate driver is installed.
2026/06/30 14:20:35 - org.pentaho.di.trans.steps.tableinput.TableInputMeta@6d7d0946 - El intento de conexión falló.
2026/06/30 14:20:35 - org.pentaho.di.trans.steps.tableinput.TableInputMeta@6d7d0946 - 
2026/06/30 14:20:35 - org.pentaho.di.trans.steps.tableinput.TableInputMeta@6d7d0946 - 
2026/06/30 14:20:35 - org.pentaho.di.trans.steps.tableinput.TableInputMeta@6d7d0946 - 
2026/06/30 14:20:35 - org.pentaho.di.trans.steps.tableinput.TableInputMeta@6d7d0946 - 	at org.pentaho.di.trans.steps.tableinput.TableInputMeta.getFields(TableInputMeta.java:275)
2026/06/30 14:20:35 - org.pentaho.di.trans.steps.tableinput.TableInputMeta@6d7d0946 - 	at org.pentaho.di.trans.TransMeta.getThisStepFields(TransMeta.java:2055)
2026/06/30 14:20:35 - org.pentaho.di.trans.steps.tableinput.TableInputMeta@6d7d0946 - 	at org.pentaho.di.trans.TransMeta.getStepFields(TransMeta.java:1873)
2026/06/30 14:20:35 - org.pentaho.di.trans.steps.tableinput.TableInputMeta@6d7d0946 - 	at org.pentaho.di.trans.TransMeta.getStepFields(TransMeta.java:1770)
2026/06/30 14:20:35 - org.pentaho.di.trans.steps.tableinput.TableInputMeta@6d7d0946 - 	at org.pentaho.di.trans.steps.tableinput.TableInputMeta.updateCachedRowMeta(TableInputMeta.java:340)
2026/06/30 14:20:35 - org.pentaho.di.trans.steps.tableinput.TableInputMeta@6d7d0946 - 	at org.pentaho.di.ui.trans.steps.tableinput.TableInputDialog.ok(TableInputDialog.java:566)
2026/06/30 14:20:35 - org.pentaho.di.trans.steps.tableinput.TableInputMeta@6d7d0946 - 	at org.pentaho.di.ui.trans.steps.tableinput.TableInputDialog.access$400(TableInputDialog.java:79)
2026/06/30 14:20:35 - org.pentaho.di.trans.steps.tableinput.TableInputMeta@6d7d0946 - 	at org.pentaho.di.ui.trans.steps.tableinput.TableInputDialog$12.handleEvent(TableInputDialog.java:417)
2026/06/30 14:20:35 - org.pentaho.di.trans.steps.tableinput.TableInputMeta@6d7d0946 - 	at org.eclipse.swt.widgets.EventTable.sendEvent(EventTable.java:89)
2026/06/30 14:20:35 - org.pentaho.di.trans.steps.tableinput.TableInputMeta@6d7d0946 - 	at org.eclipse.swt.widgets.Display.sendEvent(Display.java:4209)
2026/06/30 14:20:35 - org.pentaho.di.trans.steps.tableinput.TableInputMeta@6d7d0946 - 	at org.eclipse.swt.widgets.Widget.sendEvent(Widget.java:1037)
2026/06/30 14:20:35 - org.pentaho.di.trans.steps.tableinput.TableInputMeta@6d7d0946 - 	at org.eclipse.swt.widgets.Display.runDeferredEvents(Display.java:4026)
2026/06/30 14:20:35 - org.pentaho.di.trans.steps.tableinput.TableInputMeta@6d7d0946 - 	at org.eclipse.swt.widgets.Display.readAndDispatch(Display.java:3626)
2026/06/30 14:20:35 - org.pentaho.di.trans.steps.tableinput.TableInputMeta@6d7d0946 - 	at org.pentaho.di.ui.trans.steps.tableinput.TableInputDialog.open(TableInputDialog.java:463)
2026/06/30 14:20:35 - org.pentaho.di.trans.steps.tableinput.TableInputMeta@6d7d0946 - 	at org.pentaho.di.ui.spoon.delegates.SpoonStepsDelegate.editStep(SpoonStepsDelegate.java:120)
2026/06/30 14:20:35 - org.pentaho.di.trans.steps.tableinput.TableInputMeta@6d7d0946 - 	at org.pentaho.di.ui.spoon.Spoon.editStep(Spoon.java:9025)
2026/06/30 14:20:35 - org.pentaho.di.trans.steps.tableinput.TableInputMeta@6d7d0946 - 	at org.pentaho.di.ui.spoon.trans.TransGraph.editStep(TransGraph.java:3286)
2026/06/30 14:20:35 - org.pentaho.di.trans.steps.tableinput.TableInputMeta@6d7d0946 - 	at org.pentaho.di.ui.spoon.trans.TransGraph.mouseDoubleClick(TransGraph.java:784)
2026/06/30 14:20:35 - org.pentaho.di.trans.steps.tableinput.TableInputMeta@6d7d0946 - 	at org.eclipse.swt.widgets.TypedListener.handleEvent(TypedListener.java:200)
2026/06/30 14:20:35 - org.pentaho.di.trans.steps.tableinput.TableInputMeta@6d7d0946 - 	at org.eclipse.swt.widgets.EventTable.sendEvent(EventTable.java:89)
2026/06/30 14:20:35 - org.pentaho.di.trans.steps.tableinput.TableInputMeta@6d7d0946 - 	at org.eclipse.swt.widgets.Display.sendEvent(Display.java:4209)
2026/06/30 14:20:35 - org.pentaho.di.trans.steps.tableinput.TableInputMeta@6d7d0946 - 	at org.eclipse.swt.widgets.Widget.sendEvent(Widget.java:1037)
2026/06/30 14:20:35 - org.pentaho.di.trans.steps.tableinput.TableInputMeta@6d7d0946 - 	at org.eclipse.swt.widgets.Display.runDeferredEvents(Display.java:4026)
2026/06/30 14:20:35 - org.pentaho.di.trans.steps.tableinput.TableInputMeta@6d7d0946 - 	at org.eclipse.swt.widgets.Display.readAndDispatch(Display.java:3626)
2026/06/30 14:20:35 - org.pentaho.di.trans.steps.tableinput.TableInputMeta@6d7d0946 - 	at org.pentaho.di.ui.spoon.Spoon.readAndDispatch(Spoon.java:1432)
2026/06/30 14:20:35 - org.pentaho.di.trans.steps.tableinput.TableInputMeta@6d7d0946 - 	at org.pentaho.di.ui.spoon.Spoon.waitForDispose(Spoon.java:8160)
2026/06/30 14:20:35 - org.pentaho.di.trans.steps.tableinput.TableInputMeta@6d7d0946 - 	at org.pentaho.di.ui.spoon.Spoon.start(Spoon.java:9542)
2026/06/30 14:20:35 - org.pentaho.di.trans.steps.tableinput.TableInputMeta@6d7d0946 - 	at org.pentaho.di.ui.spoon.Spoon.main(Spoon.java:722)
2026/06/30 14:20:35 - org.pentaho.di.trans.steps.tableinput.TableInputMeta@6d7d0946 - 	at java.base/jdk.internal.reflect.DirectMethodHandleAccessor.invoke(DirectMethodHandleAccessor.java:104)
2026/06/30 14:20:35 - org.pentaho.di.trans.steps.tableinput.TableInputMeta@6d7d0946 - 	at java.base/java.lang.reflect.Method.invoke(Method.java:578)
2026/06/30 14:20:35 - org.pentaho.di.trans.steps.tableinput.TableInputMeta@6d7d0946 - 	at org.pentaho.commons.launcher.Launcher.main(Launcher.java:92)
2026/06/30 14:20:35 - org.pentaho.di.trans.steps.tableinput.TableInputMeta@6d7d0946 - Caused by: org.pentaho.di.core.exception.KettleDatabaseException: 
2026/06/30 14:20:35 - org.pentaho.di.trans.steps.tableinput.TableInputMeta@6d7d0946 - Error occurred while trying to connect to the database
2026/06/30 14:20:35 - org.pentaho.di.trans.steps.tableinput.TableInputMeta@6d7d0946 - 
2026/06/30 14:20:35 - org.pentaho.di.trans.steps.tableinput.TableInputMeta@6d7d0946 - Connection failed. Verify all connection parameters and confirm that the appropriate driver is installed.
2026/06/30 14:20:35 - org.pentaho.di.trans.steps.tableinput.TableInputMeta@6d7d0946 - El intento de conexión falló.
2026/06/30 14:20:35 - org.pentaho.di.trans.steps.tableinput.TableInputMeta@6d7d0946 - 
2026/06/30 14:20:35 - org.pentaho.di.trans.steps.tableinput.TableInputMeta@6d7d0946 - 
2026/06/30 14:20:35 - org.pentaho.di.trans.steps.tableinput.TableInputMeta@6d7d0946 - 	at org.pentaho.di.core.database.Database.normalConnect(Database.java:497)
2026/06/30 14:20:35 - org.pentaho.di.trans.steps.tableinput.TableInputMeta@6d7d0946 - 	at org.pentaho.di.core.database.Database.connect(Database.java:389)
2026/06/30 14:20:35 - org.pentaho.di.trans.steps.tableinput.TableInputMeta@6d7d0946 - 	at org.pentaho.di.core.database.Database.connect(Database.java:360)
2026/06/30 14:20:35 - org.pentaho.di.trans.steps.tableinput.TableInputMeta@6d7d0946 - 	at org.pentaho.di.core.database.Database.connect(Database.java:350)
2026/06/30 14:20:35 - org.pentaho.di.trans.steps.tableinput.TableInputMeta@6d7d0946 - 	at org.pentaho.di.trans.steps.tableinput.TableInputMeta.getFields(TableInputMeta.java:253)
2026/06/30 14:20:35 - org.pentaho.di.trans.steps.tableinput.TableInputMeta@6d7d0946 - 	... 30 more
2026/06/30 14:20:35 - org.pentaho.di.trans.steps.tableinput.TableInputMeta@6d7d0946 - Caused by: org.pentaho.di.core.exception.KettleDatabaseException: 
2026/06/30 14:20:35 - org.pentaho.di.trans.steps.tableinput.TableInputMeta@6d7d0946 - Connection failed. Verify all connection parameters and confirm that the appropriate driver is installed.
2026/06/30 14:20:35 - org.pentaho.di.trans.steps.tableinput.TableInputMeta@6d7d0946 - El intento de conexión falló.
2026/06/30 14:20:35 - org.pentaho.di.trans.steps.tableinput.TableInputMeta@6d7d0946 - 
2026/06/30 14:20:35 - org.pentaho.di.trans.steps.tableinput.TableInputMeta@6d7d0946 - 	at org.pentaho.di.core.database.Database.connectUsingClass(Database.java:605)
2026/06/30 14:20:35 - org.pentaho.di.trans.steps.tableinput.TableInputMeta@6d7d0946 - 	at org.pentaho.di.core.database.Database.normalConnect(Database.java:481)
2026/06/30 14:20:35 - org.pentaho.di.trans.steps.tableinput.TableInputMeta@6d7d0946 - 	... 34 more
2026/06/30 14:20:35 - org.pentaho.di.trans.steps.tableinput.TableInputMeta@6d7d0946 - Caused by: org.postgresql.util.PSQLException: El intento de conexión falló.
2026/06/30 14:20:35 - org.pentaho.di.trans.steps.tableinput.TableInputMeta@6d7d0946 - 	at org.postgresql.core.v3.ConnectionFactoryImpl.openConnectionImpl(ConnectionFactoryImpl.java:315)
2026/06/30 14:20:35 - org.pentaho.di.trans.steps.tableinput.TableInputMeta@6d7d0946 - 	at org.postgresql.core.ConnectionFactory.openConnection(ConnectionFactory.java:51)
2026/06/30 14:20:35 - org.pentaho.di.trans.steps.tableinput.TableInputMeta@6d7d0946 - 	at org.postgresql.jdbc.PgConnection.<init>(PgConnection.java:223)
2026/06/30 14:20:35 - org.pentaho.di.trans.steps.tableinput.TableInputMeta@6d7d0946 - 	at org.postgresql.Driver.makeConnection(Driver.java:465)
2026/06/30 14:20:35 - org.pentaho.di.trans.steps.tableinput.TableInputMeta@6d7d0946 - 	at org.postgresql.Driver.connect(Driver.java:264)
2026/06/30 14:20:35 - org.pentaho.di.trans.steps.tableinput.TableInputMeta@6d7d0946 - 	at java.sql/java.sql.DriverManager.getConnection(DriverManager.java:683)
2026/06/30 14:20:35 - org.pentaho.di.trans.steps.tableinput.TableInputMeta@6d7d0946 - 	at java.sql/java.sql.DriverManager.getConnection(DriverManager.java:191)
2026/06/30 14:20:35 - org.pentaho.di.trans.steps.tableinput.TableInputMeta@6d7d0946 - 	at org.pentaho.di.core.database.Database.connectUsingClass(Database.java:589)
2026/06/30 14:20:35 - org.pentaho.di.trans.steps.tableinput.TableInputMeta@6d7d0946 - 	... 35 more
2026/06/30 14:20:35 - org.pentaho.di.trans.steps.tableinput.TableInputMeta@6d7d0946 - Caused by: java.net.UnknownHostException: db_seguros
2026/06/30 14:20:35 - org.pentaho.di.trans.steps.tableinput.TableInputMeta@6d7d0946 - 	at java.base/sun.nio.ch.NioSocketImpl.connect(NioSocketImpl.java:560)
2026/06/30 14:20:35 - org.pentaho.di.trans.steps.tableinput.TableInputMeta@6d7d0946 - 	at java.base/java.net.SocksSocketImpl.connect(SocksSocketImpl.java:327)
2026/06/30 14:20:35 - org.pentaho.di.trans.steps.tableinput.TableInputMeta@6d7d0946 - 	at java.base/java.net.Socket.connect(Socket.java:666)
2026/06/30 14:20:35 - org.pentaho.di.trans.steps.tableinput.TableInputMeta@6d7d0946 - 	at org.postgresql.core.PGStream.createSocket(PGStream.java:231)
2026/06/30 14:20:35 - org.pentaho.di.trans.steps.tableinput.TableInputMeta@6d7d0946 - 	at org.postgresql.core.PGStream.<init>(PGStream.java:95)
2026/06/30 14:20:35 - org.pentaho.di.trans.steps.tableinput.TableInputMeta@6d7d0946 - 	at org.postgresql.core.v3.ConnectionFactoryImpl.tryConnect(ConnectionFactoryImpl.java:98)
2026/06/30 14:20:35 - org.pentaho.di.trans.steps.tableinput.TableInputMeta@6d7d0946 - 	at org.postgresql.core.v3.ConnectionFactoryImpl.openConnectionImpl(ConnectionFactoryImpl.java:213)
2026/06/30 14:20:35 - org.pentaho.di.trans.steps.tableinput.TableInputMeta@6d7d0946 - 	... 42 more
2026/06/30 14:20:40 - org.pentaho.di.trans.steps.tableoutput.TableOutputMeta@10264cb0 - ERROR (version 9.4.0.0-343, build 0.0 from 2022-11-08 07.50.27 by buildguy) : Unable to get fields from previous steps because of an error
2026/06/30 14:20:47 - org.pentaho.di.trans.steps.tableinput.TableInputMeta@768f2398 - ERROR (version 9.4.0.0-343, build 0.0 from 2022-11-08 07.50.27 by buildguy) : Unexpected error fetching row meta data.
2026/06/30 14:20:47 - org.pentaho.di.trans.steps.tableinput.TableInputMeta@768f2398 - ERROR (version 9.4.0.0-343, build 0.0 from 2022-11-08 07.50.27 by buildguy) : org.pentaho.di.core.exception.KettleStepException: 
2026/06/30 14:20:47 - org.pentaho.di.trans.steps.tableinput.TableInputMeta@768f2398 - Unable to get queryfields for SQL: 
2026/06/30 14:20:47 - org.pentaho.di.trans.steps.tableinput.TableInputMeta@768f2398 - SELECT
  nro_contrato
, cod_producto
, cod_cliente
, fecha_inicio
, fecha_fin
, monto
, estado_contrato
FROM seguro_g26473471.registro_contrato

2026/06/30 14:20:47 - org.pentaho.di.trans.steps.tableinput.TableInputMeta@768f2398 - 
2026/06/30 14:20:47 - org.pentaho.di.trans.steps.tableinput.TableInputMeta@768f2398 - Error occurred while trying to connect to the database
2026/06/30 14:20:47 - org.pentaho.di.trans.steps.tableinput.TableInputMeta@768f2398 - 
2026/06/30 14:20:47 - org.pentaho.di.trans.steps.tableinput.TableInputMeta@768f2398 - Connection failed. Verify all connection parameters and confirm that the appropriate driver is installed.
2026/06/30 14:20:47 - org.pentaho.di.trans.steps.tableinput.TableInputMeta@768f2398 - El intento de conexión falló.
2026/06/30 14:20:47 - org.pentaho.di.trans.steps.tableinput.TableInputMeta@768f2398 - 
2026/06/30 14:20:47 - org.pentaho.di.trans.steps.tableinput.TableInputMeta@768f2398 - 
2026/06/30 14:20:47 - org.pentaho.di.trans.steps.tableinput.TableInputMeta@768f2398 - 
2026/06/30 14:20:47 - org.pentaho.di.trans.steps.tableinput.TableInputMeta@768f2398 - 	at org.pentaho.di.trans.steps.tableinput.TableInputMeta.getFields(TableInputMeta.java:275)
2026/06/30 14:20:47 - org.pentaho.di.trans.steps.tableinput.TableInputMeta@768f2398 - 	at org.pentaho.di.trans.TransMeta.getThisStepFields(TransMeta.java:2055)
2026/06/30 14:20:47 - org.pentaho.di.trans.steps.tableinput.TableInputMeta@768f2398 - 	at org.pentaho.di.trans.TransMeta.getStepFields(TransMeta.java:1873)
2026/06/30 14:20:47 - org.pentaho.di.trans.steps.tableinput.TableInputMeta@768f2398 - 	at org.pentaho.di.trans.TransMeta.getStepFields(TransMeta.java:1770)
2026/06/30 14:20:47 - org.pentaho.di.trans.steps.tableinput.TableInputMeta@768f2398 - 	at org.pentaho.di.trans.steps.tableinput.TableInputMeta.updateCachedRowMeta(TableInputMeta.java:340)
2026/06/30 14:20:47 - org.pentaho.di.trans.steps.tableinput.TableInputMeta@768f2398 - 	at org.pentaho.di.ui.trans.steps.tableinput.TableInputDialog.ok(TableInputDialog.java:566)
2026/06/30 14:20:47 - org.pentaho.di.trans.steps.tableinput.TableInputMeta@768f2398 - 	at org.pentaho.di.ui.trans.steps.tableinput.TableInputDialog.access$400(TableInputDialog.java:79)
2026/06/30 14:20:47 - org.pentaho.di.trans.steps.tableinput.TableInputMeta@768f2398 - 	at org.pentaho.di.ui.trans.steps.tableinput.TableInputDialog$12.handleEvent(TableInputDialog.java:417)
2026/06/30 14:20:47 - org.pentaho.di.trans.steps.tableinput.TableInputMeta@768f2398 - 	at org.eclipse.swt.widgets.EventTable.sendEvent(EventTable.java:89)
2026/06/30 14:20:47 - org.pentaho.di.trans.steps.tableinput.TableInputMeta@768f2398 - 	at org.eclipse.swt.widgets.Display.sendEvent(Display.java:4209)
2026/06/30 14:20:47 - org.pentaho.di.trans.steps.tableinput.TableInputMeta@768f2398 - 	at org.eclipse.swt.widgets.Widget.sendEvent(Widget.java:1037)
2026/06/30 14:20:47 - org.pentaho.di.trans.steps.tableinput.TableInputMeta@768f2398 - 	at org.eclipse.swt.widgets.Display.runDeferredEvents(Display.java:4026)
2026/06/30 14:20:47 - org.pentaho.di.trans.steps.tableinput.TableInputMeta@768f2398 - 	at org.eclipse.swt.widgets.Display.readAndDispatch(Display.java:3626)
2026/06/30 14:20:47 - org.pentaho.di.trans.steps.tableinput.TableInputMeta@768f2398 - 	at org.pentaho.di.ui.trans.steps.tableinput.TableInputDialog.open(TableInputDialog.java:463)
2026/06/30 14:20:47 - org.pentaho.di.trans.steps.tableinput.TableInputMeta@768f2398 - 	at org.pentaho.di.ui.spoon.delegates.SpoonStepsDelegate.editStep(SpoonStepsDelegate.java:120)
2026/06/30 14:20:47 - org.pentaho.di.trans.steps.tableinput.TableInputMeta@768f2398 - 	at org.pentaho.di.ui.spoon.Spoon.editStep(Spoon.java:9025)
2026/06/30 14:20:47 - org.pentaho.di.trans.steps.tableinput.TableInputMeta@768f2398 - 	at org.pentaho.di.ui.spoon.trans.TransGraph.editStep(TransGraph.java:3286)
2026/06/30 14:20:47 - org.pentaho.di.trans.steps.tableinput.TableInputMeta@768f2398 - 	at org.pentaho.di.ui.spoon.trans.TransGraph.mouseDoubleClick(TransGraph.java:784)
2026/06/30 14:20:47 - org.pentaho.di.trans.steps.tableinput.TableInputMeta@768f2398 - 	at org.eclipse.swt.widgets.TypedListener.handleEvent(TypedListener.java:200)
2026/06/30 14:20:47 - org.pentaho.di.trans.steps.tableinput.TableInputMeta@768f2398 - 	at org.eclipse.swt.widgets.EventTable.sendEvent(EventTable.java:89)
2026/06/30 14:20:47 - org.pentaho.di.trans.steps.tableinput.TableInputMeta@768f2398 - 	at org.eclipse.swt.widgets.Display.sendEvent(Display.java:4209)
2026/06/30 14:20:47 - org.pentaho.di.trans.steps.tableinput.TableInputMeta@768f2398 - 	at org.eclipse.swt.widgets.Widget.sendEvent(Widget.java:1037)
2026/06/30 14:20:47 - org.pentaho.di.trans.steps.tableinput.TableInputMeta@768f2398 - 	at org.eclipse.swt.widgets.Display.runDeferredEvents(Display.java:4026)
2026/06/30 14:20:47 - org.pentaho.di.trans.steps.tableinput.TableInputMeta@768f2398 - 	at org.eclipse.swt.widgets.Display.readAndDispatch(Display.java:3626)
2026/06/30 14:20:47 - org.pentaho.di.trans.steps.tableinput.TableInputMeta@768f2398 - 	at org.pentaho.di.ui.spoon.Spoon.readAndDispatch(Spoon.java:1432)
2026/06/30 14:20:47 - org.pentaho.di.trans.steps.tableinput.TableInputMeta@768f2398 - 	at org.pentaho.di.ui.spoon.Spoon.waitForDispose(Spoon.java:8160)
2026/06/30 14:20:47 - org.pentaho.di.trans.steps.tableinput.TableInputMeta@768f2398 - 	at org.pentaho.di.ui.spoon.Spoon.start(Spoon.java:9542)
2026/06/30 14:20:47 - org.pentaho.di.trans.steps.tableinput.TableInputMeta@768f2398 - 	at org.pentaho.di.ui.spoon.Spoon.main(Spoon.java:722)
2026/06/30 14:20:47 - org.pentaho.di.trans.steps.tableinput.TableInputMeta@768f2398 - 	at java.base/jdk.internal.reflect.DirectMethodHandleAccessor.invoke(DirectMethodHandleAccessor.java:104)
2026/06/30 14:20:47 - org.pentaho.di.trans.steps.tableinput.TableInputMeta@768f2398 - 	at java.base/java.lang.reflect.Method.invoke(Method.java:578)
2026/06/30 14:20:47 - org.pentaho.di.trans.steps.tableinput.TableInputMeta@768f2398 - 	at org.pentaho.commons.launcher.Launcher.main(Launcher.java:92)
2026/06/30 14:20:47 - org.pentaho.di.trans.steps.tableinput.TableInputMeta@768f2398 - Caused by: org.pentaho.di.core.exception.KettleDatabaseException: 
2026/06/30 14:20:47 - org.pentaho.di.trans.steps.tableinput.TableInputMeta@768f2398 - Error occurred while trying to connect to the database
2026/06/30 14:20:47 - org.pentaho.di.trans.steps.tableinput.TableInputMeta@768f2398 - 
2026/06/30 14:20:47 - org.pentaho.di.trans.steps.tableinput.TableInputMeta@768f2398 - Connection failed. Verify all connection parameters and confirm that the appropriate driver is installed.
2026/06/30 14:20:47 - org.pentaho.di.trans.steps.tableinput.TableInputMeta@768f2398 - El intento de conexión falló.
2026/06/30 14:20:47 - org.pentaho.di.trans.steps.tableinput.TableInputMeta@768f2398 - 
2026/06/30 14:20:47 - org.pentaho.di.trans.steps.tableinput.TableInputMeta@768f2398 - 
2026/06/30 14:20:47 - org.pentaho.di.trans.steps.tableinput.TableInputMeta@768f2398 - 	at org.pentaho.di.core.database.Database.normalConnect(Database.java:497)
2026/06/30 14:20:47 - org.pentaho.di.trans.steps.tableinput.TableInputMeta@768f2398 - 	at org.pentaho.di.core.database.Database.connect(Database.java:389)
2026/06/30 14:20:47 - org.pentaho.di.trans.steps.tableinput.TableInputMeta@768f2398 - 	at org.pentaho.di.core.database.Database.connect(Database.java:360)
2026/06/30 14:20:47 - org.pentaho.di.trans.steps.tableinput.TableInputMeta@768f2398 - 	at org.pentaho.di.core.database.Database.connect(Database.java:350)
2026/06/30 14:20:47 - org.pentaho.di.trans.steps.tableinput.TableInputMeta@768f2398 - 	at org.pentaho.di.trans.steps.tableinput.TableInputMeta.getFields(TableInputMeta.java:253)
2026/06/30 14:20:47 - org.pentaho.di.trans.steps.tableinput.TableInputMeta@768f2398 - 	... 30 more
2026/06/30 14:20:47 - org.pentaho.di.trans.steps.tableinput.TableInputMeta@768f2398 - Caused by: org.pentaho.di.core.exception.KettleDatabaseException: 
2026/06/30 14:20:47 - org.pentaho.di.trans.steps.tableinput.TableInputMeta@768f2398 - Connection failed. Verify all connection parameters and confirm that the appropriate driver is installed.
2026/06/30 14:20:47 - org.pentaho.di.trans.steps.tableinput.TableInputMeta@768f2398 - El intento de conexión falló.
2026/06/30 14:20:47 - org.pentaho.di.trans.steps.tableinput.TableInputMeta@768f2398 - 
2026/06/30 14:20:47 - org.pentaho.di.trans.steps.tableinput.TableInputMeta@768f2398 - 	at org.pentaho.di.core.database.Database.connectUsingClass(Database.java:605)
2026/06/30 14:20:47 - org.pentaho.di.trans.steps.tableinput.TableInputMeta@768f2398 - 	at org.pentaho.di.core.database.Database.normalConnect(Database.java:481)
2026/06/30 14:20:47 - org.pentaho.di.trans.steps.tableinput.TableInputMeta@768f2398 - 	... 34 more
2026/06/30 14:20:47 - org.pentaho.di.trans.steps.tableinput.TableInputMeta@768f2398 - Caused by: org.postgresql.util.PSQLException: El intento de conexión falló.
2026/06/30 14:20:47 - org.pentaho.di.trans.steps.tableinput.TableInputMeta@768f2398 - 	at org.postgresql.core.v3.ConnectionFactoryImpl.openConnectionImpl(ConnectionFactoryImpl.java:315)
2026/06/30 14:20:47 - org.pentaho.di.trans.steps.tableinput.TableInputMeta@768f2398 - 	at org.postgresql.core.ConnectionFactory.openConnection(ConnectionFactory.java:51)
2026/06/30 14:20:47 - org.pentaho.di.trans.steps.tableinput.TableInputMeta@768f2398 - 	at org.postgresql.jdbc.PgConnection.<init>(PgConnection.java:223)
2026/06/30 14:20:47 - org.pentaho.di.trans.steps.tableinput.TableInputMeta@768f2398 - 	at org.postgresql.Driver.makeConnection(Driver.java:465)
2026/06/30 14:20:47 - org.pentaho.di.trans.steps.tableinput.TableInputMeta@768f2398 - 	at org.postgresql.Driver.connect(Driver.java:264)
2026/06/30 14:20:47 - org.pentaho.di.trans.steps.tableinput.TableInputMeta@768f2398 - 	at java.sql/java.sql.DriverManager.getConnection(DriverManager.java:683)
2026/06/30 14:20:47 - org.pentaho.di.trans.steps.tableinput.TableInputMeta@768f2398 - 	at java.sql/java.sql.DriverManager.getConnection(DriverManager.java:191)
2026/06/30 14:20:47 - org.pentaho.di.trans.steps.tableinput.TableInputMeta@768f2398 - 	at org.pentaho.di.core.database.Database.connectUsingClass(Database.java:589)
2026/06/30 14:20:47 - org.pentaho.di.trans.steps.tableinput.TableInputMeta@768f2398 - 	... 35 more
2026/06/30 14:20:47 - org.pentaho.di.trans.steps.tableinput.TableInputMeta@768f2398 - Caused by: java.net.UnknownHostException: db_seguros
2026/06/30 14:20:47 - org.pentaho.di.trans.steps.tableinput.TableInputMeta@768f2398 - 	at java.base/sun.nio.ch.NioSocketImpl.connect(NioSocketImpl.java:560)
2026/06/30 14:20:47 - org.pentaho.di.trans.steps.tableinput.TableInputMeta@768f2398 - 	at java.base/java.net.SocksSocketImpl.connect(SocksSocketImpl.java:327)
2026/06/30 14:20:47 - org.pentaho.di.trans.steps.tableinput.TableInputMeta@768f2398 - 	at java.base/java.net.Socket.connect(Socket.java:666)
2026/06/30 14:20:47 - org.pentaho.di.trans.steps.tableinput.TableInputMeta@768f2398 - 	at org.postgresql.core.PGStream.createSocket(PGStream.java:231)
2026/06/30 14:20:47 - org.pentaho.di.trans.steps.tableinput.TableInputMeta@768f2398 - 	at org.postgresql.core.PGStream.<init>(PGStream.java:95)
2026/06/30 14:20:47 - org.pentaho.di.trans.steps.tableinput.TableInputMeta@768f2398 - 	at org.postgresql.core.v3.ConnectionFactoryImpl.tryConnect(ConnectionFactoryImpl.java:98)
2026/06/30 14:20:47 - org.pentaho.di.trans.steps.tableinput.TableInputMeta@768f2398 - 	at org.postgresql.core.v3.ConnectionFactoryImpl.openConnectionImpl(ConnectionFactoryImpl.java:213)
2026/06/30 14:20:47 - org.pentaho.di.trans.steps.tableinput.TableInputMeta@768f2398 - 	... 42 more
2026/06/30 14:20:52 - org.pentaho.di.trans.steps.tableinput.TableInputMeta@352d3749 - ERROR (version 9.4.0.0-343, build 0.0 from 2022-11-08 07.50.27 by buildguy) : Unexpected error fetching row meta data.
2026/06/30 14:20:52 - org.pentaho.di.trans.steps.tableinput.TableInputMeta@352d3749 - ERROR (version 9.4.0.0-343, build 0.0 from 2022-11-08 07.50.27 by buildguy) : org.pentaho.di.core.exception.KettleStepException: 
2026/06/30 14:20:52 - org.pentaho.di.trans.steps.tableinput.TableInputMeta@352d3749 - Unable to get queryfields for SQL: 
2026/06/30 14:20:52 - org.pentaho.di.trans.steps.tableinput.TableInputMeta@352d3749 - SELECT
  sk_dim_cliente
, cod_cliente
, nb_cliente
, ci_rif
, telefono
, direccion
, sexo
, email
FROM seguro_dw_g26473471.dim_cliente

2026/06/30 14:20:52 - org.pentaho.di.trans.steps.tableinput.TableInputMeta@352d3749 - 
2026/06/30 14:20:52 - org.pentaho.di.trans.steps.tableinput.TableInputMeta@352d3749 - Error occurred while trying to connect to the database
2026/06/30 14:20:52 - org.pentaho.di.trans.steps.tableinput.TableInputMeta@352d3749 - 
2026/06/30 14:20:52 - org.pentaho.di.trans.steps.tableinput.TableInputMeta@352d3749 - Connection failed. Verify all connection parameters and confirm that the appropriate driver is installed.
2026/06/30 14:20:52 - org.pentaho.di.trans.steps.tableinput.TableInputMeta@352d3749 - El intento de conexión falló.
2026/06/30 14:20:52 - org.pentaho.di.trans.steps.tableinput.TableInputMeta@352d3749 - 
2026/06/30 14:20:52 - org.pentaho.di.trans.steps.tableinput.TableInputMeta@352d3749 - 
2026/06/30 14:20:52 - org.pentaho.di.trans.steps.tableinput.TableInputMeta@352d3749 - 
2026/06/30 14:20:52 - org.pentaho.di.trans.steps.tableinput.TableInputMeta@352d3749 - 	at org.pentaho.di.trans.steps.tableinput.TableInputMeta.getFields(TableInputMeta.java:275)
2026/06/30 14:20:52 - org.pentaho.di.trans.steps.tableinput.TableInputMeta@352d3749 - 	at org.pentaho.di.trans.TransMeta.getThisStepFields(TransMeta.java:2055)
2026/06/30 14:20:52 - org.pentaho.di.trans.steps.tableinput.TableInputMeta@352d3749 - 	at org.pentaho.di.trans.TransMeta.getStepFields(TransMeta.java:1873)
2026/06/30 14:20:52 - org.pentaho.di.trans.steps.tableinput.TableInputMeta@352d3749 - 	at org.pentaho.di.trans.TransMeta.getStepFields(TransMeta.java:1770)
2026/06/30 14:20:52 - org.pentaho.di.trans.steps.tableinput.TableInputMeta@352d3749 - 	at org.pentaho.di.trans.steps.tableinput.TableInputMeta.updateCachedRowMeta(TableInputMeta.java:340)
2026/06/30 14:20:52 - org.pentaho.di.trans.steps.tableinput.TableInputMeta@352d3749 - 	at org.pentaho.di.ui.trans.steps.tableinput.TableInputDialog.ok(TableInputDialog.java:566)
2026/06/30 14:20:52 - org.pentaho.di.trans.steps.tableinput.TableInputMeta@352d3749 - 	at org.pentaho.di.ui.trans.steps.tableinput.TableInputDialog.access$400(TableInputDialog.java:79)
2026/06/30 14:20:52 - org.pentaho.di.trans.steps.tableinput.TableInputMeta@352d3749 - 	at org.pentaho.di.ui.trans.steps.tableinput.TableInputDialog$12.handleEvent(TableInputDialog.java:417)
2026/06/30 14:20:52 - org.pentaho.di.trans.steps.tableinput.TableInputMeta@352d3749 - 	at org.eclipse.swt.widgets.EventTable.sendEvent(EventTable.java:89)
2026/06/30 14:20:52 - org.pentaho.di.trans.steps.tableinput.TableInputMeta@352d3749 - 	at org.eclipse.swt.widgets.Display.sendEvent(Display.java:4209)
2026/06/30 14:20:52 - org.pentaho.di.trans.steps.tableinput.TableInputMeta@352d3749 - 	at org.eclipse.swt.widgets.Widget.sendEvent(Widget.java:1037)
2026/06/30 14:20:52 - org.pentaho.di.trans.steps.tableinput.TableInputMeta@352d3749 - 	at org.eclipse.swt.widgets.Display.runDeferredEvents(Display.java:4026)
2026/06/30 14:20:52 - org.pentaho.di.trans.steps.tableinput.TableInputMeta@352d3749 - 	at org.eclipse.swt.widgets.Display.readAndDispatch(Display.java:3626)
2026/06/30 14:20:52 - org.pentaho.di.trans.steps.tableinput.TableInputMeta@352d3749 - 	at org.pentaho.di.ui.trans.steps.tableinput.TableInputDialog.open(TableInputDialog.java:463)
2026/06/30 14:20:52 - org.pentaho.di.trans.steps.tableinput.TableInputMeta@352d3749 - 	at org.pentaho.di.ui.spoon.delegates.SpoonStepsDelegate.editStep(SpoonStepsDelegate.java:120)
2026/06/30 14:20:52 - org.pentaho.di.trans.steps.tableinput.TableInputMeta@352d3749 - 	at org.pentaho.di.ui.spoon.Spoon.editStep(Spoon.java:9025)
2026/06/30 14:20:52 - org.pentaho.di.trans.steps.tableinput.TableInputMeta@352d3749 - 	at org.pentaho.di.ui.spoon.trans.TransGraph.editStep(TransGraph.java:3286)
2026/06/30 14:20:52 - org.pentaho.di.trans.steps.tableinput.TableInputMeta@352d3749 - 	at org.pentaho.di.ui.spoon.trans.TransGraph.mouseDoubleClick(TransGraph.java:784)
2026/06/30 14:20:52 - org.pentaho.di.trans.steps.tableinput.TableInputMeta@352d3749 - 	at org.eclipse.swt.widgets.TypedListener.handleEvent(TypedListener.java:200)
2026/06/30 14:20:52 - org.pentaho.di.trans.steps.tableinput.TableInputMeta@352d3749 - 	at org.eclipse.swt.widgets.EventTable.sendEvent(EventTable.java:89)
2026/06/30 14:20:52 - org.pentaho.di.trans.steps.tableinput.TableInputMeta@352d3749 - 	at org.eclipse.swt.widgets.Display.sendEvent(Display.java:4209)
2026/06/30 14:20:52 - org.pentaho.di.trans.steps.tableinput.TableInputMeta@352d3749 - 	at org.eclipse.swt.widgets.Widget.sendEvent(Widget.java:1037)
2026/06/30 14:20:52 - org.pentaho.di.trans.steps.tableinput.TableInputMeta@352d3749 - 	at org.eclipse.swt.widgets.Display.runDeferredEvents(Display.java:4026)
2026/06/30 14:20:52 - org.pentaho.di.trans.steps.tableinput.TableInputMeta@352d3749 - 	at org.eclipse.swt.widgets.Display.readAndDispatch(Display.java:3626)
2026/06/30 14:20:52 - org.pentaho.di.trans.steps.tableinput.TableInputMeta@352d3749 - 	at org.pentaho.di.ui.spoon.Spoon.readAndDispatch(Spoon.java:1432)
2026/06/30 14:20:52 - org.pentaho.di.trans.steps.tableinput.TableInputMeta@352d3749 - 	at org.pentaho.di.ui.spoon.Spoon.waitForDispose(Spoon.java:8160)
2026/06/30 14:20:52 - org.pentaho.di.trans.steps.tableinput.TableInputMeta@352d3749 - 	at org.pentaho.di.ui.spoon.Spoon.start(Spoon.java:9542)
2026/06/30 14:20:52 - org.pentaho.di.trans.steps.tableinput.TableInputMeta@352d3749 - 	at org.pentaho.di.ui.spoon.Spoon.main(Spoon.java:722)
2026/06/30 14:20:52 - org.pentaho.di.trans.steps.tableinput.TableInputMeta@352d3749 - 	at java.base/jdk.internal.reflect.DirectMethodHandleAccessor.invoke(DirectMethodHandleAccessor.java:104)
2026/06/30 14:20:52 - org.pentaho.di.trans.steps.tableinput.TableInputMeta@352d3749 - 	at java.base/java.lang.reflect.Method.invoke(Method.java:578)
2026/06/30 14:20:52 - org.pentaho.di.trans.steps.tableinput.TableInputMeta@352d3749 - 	at org.pentaho.commons.launcher.Launcher.main(Launcher.java:92)
2026/06/30 14:20:52 - org.pentaho.di.trans.steps.tableinput.TableInputMeta@352d3749 - Caused by: org.pentaho.di.core.exception.KettleDatabaseException: 
2026/06/30 14:20:52 - org.pentaho.di.trans.steps.tableinput.TableInputMeta@352d3749 - Error occurred while trying to connect to the database
2026/06/30 14:20:52 - org.pentaho.di.trans.steps.tableinput.TableInputMeta@352d3749 - 
2026/06/30 14:20:52 - org.pentaho.di.trans.steps.tableinput.TableInputMeta@352d3749 - Connection failed. Verify all connection parameters and confirm that the appropriate driver is installed.
2026/06/30 14:20:52 - org.pentaho.di.trans.steps.tableinput.TableInputMeta@352d3749 - El intento de conexión falló.
2026/06/30 14:20:52 - org.pentaho.di.trans.steps.tableinput.TableInputMeta@352d3749 - 
2026/06/30 14:20:52 - org.pentaho.di.trans.steps.tableinput.TableInputMeta@352d3749 - 
2026/06/30 14:20:52 - org.pentaho.di.trans.steps.tableinput.TableInputMeta@352d3749 - 	at org.pentaho.di.core.database.Database.normalConnect(Database.java:497)
2026/06/30 14:20:52 - org.pentaho.di.trans.steps.tableinput.TableInputMeta@352d3749 - 	at org.pentaho.di.core.database.Database.connect(Database.java:389)
2026/06/30 14:20:52 - org.pentaho.di.trans.steps.tableinput.TableInputMeta@352d3749 - 	at org.pentaho.di.core.database.Database.connect(Database.java:360)
2026/06/30 14:20:52 - org.pentaho.di.trans.steps.tableinput.TableInputMeta@352d3749 - 	at org.pentaho.di.core.database.Database.connect(Database.java:350)
2026/06/30 14:20:52 - org.pentaho.di.trans.steps.tableinput.TableInputMeta@352d3749 - 	at org.pentaho.di.trans.steps.tableinput.TableInputMeta.getFields(TableInputMeta.java:253)
2026/06/30 14:20:52 - org.pentaho.di.trans.steps.tableinput.TableInputMeta@352d3749 - 	... 30 more
2026/06/30 14:20:52 - org.pentaho.di.trans.steps.tableinput.TableInputMeta@352d3749 - Caused by: org.pentaho.di.core.exception.KettleDatabaseException: 
2026/06/30 14:20:52 - org.pentaho.di.trans.steps.tableinput.TableInputMeta@352d3749 - Connection failed. Verify all connection parameters and confirm that the appropriate driver is installed.
2026/06/30 14:20:52 - org.pentaho.di.trans.steps.tableinput.TableInputMeta@352d3749 - El intento de conexión falló.
2026/06/30 14:20:52 - org.pentaho.di.trans.steps.tableinput.TableInputMeta@352d3749 - 
2026/06/30 14:20:52 - org.pentaho.di.trans.steps.tableinput.TableInputMeta@352d3749 - 	at org.pentaho.di.core.database.Database.connectUsingClass(Database.java:605)
2026/06/30 14:20:52 - org.pentaho.di.trans.steps.tableinput.TableInputMeta@352d3749 - 	at org.pentaho.di.core.database.Database.normalConnect(Database.java:481)
2026/06/30 14:20:52 - org.pentaho.di.trans.steps.tableinput.TableInputMeta@352d3749 - 	... 34 more
2026/06/30 14:20:52 - org.pentaho.di.trans.steps.tableinput.TableInputMeta@352d3749 - Caused by: org.postgresql.util.PSQLException: El intento de conexión falló.
2026/06/30 14:20:52 - org.pentaho.di.trans.steps.tableinput.TableInputMeta@352d3749 - 	at org.postgresql.core.v3.ConnectionFactoryImpl.openConnectionImpl(ConnectionFactoryImpl.java:315)
2026/06/30 14:20:52 - org.pentaho.di.trans.steps.tableinput.TableInputMeta@352d3749 - 	at org.postgresql.core.ConnectionFactory.openConnection(ConnectionFactory.java:51)
2026/06/30 14:20:52 - org.pentaho.di.trans.steps.tableinput.TableInputMeta@352d3749 - 	at org.postgresql.jdbc.PgConnection.<init>(PgConnection.java:223)
2026/06/30 14:20:52 - org.pentaho.di.trans.steps.tableinput.TableInputMeta@352d3749 - 	at org.postgresql.Driver.makeConnection(Driver.java:465)
2026/06/30 14:20:52 - org.pentaho.di.trans.steps.tableinput.TableInputMeta@352d3749 - 	at org.postgresql.Driver.connect(Driver.java:264)
2026/06/30 14:20:52 - org.pentaho.di.trans.steps.tableinput.TableInputMeta@352d3749 - 	at java.sql/java.sql.DriverManager.getConnection(DriverManager.java:683)
2026/06/30 14:20:52 - org.pentaho.di.trans.steps.tableinput.TableInputMeta@352d3749 - 	at java.sql/java.sql.DriverManager.getConnection(DriverManager.java:191)
2026/06/30 14:20:52 - org.pentaho.di.trans.steps.tableinput.TableInputMeta@352d3749 - 	at org.pentaho.di.core.database.Database.connectUsingClass(Database.java:589)
2026/06/30 14:20:52 - org.pentaho.di.trans.steps.tableinput.TableInputMeta@352d3749 - 	... 35 more
2026/06/30 14:20:52 - org.pentaho.di.trans.steps.tableinput.TableInputMeta@352d3749 - Caused by: java.net.UnknownHostException: db_seguros
2026/06/30 14:20:52 - org.pentaho.di.trans.steps.tableinput.TableInputMeta@352d3749 - 	at java.base/sun.nio.ch.NioSocketImpl.connect(NioSocketImpl.java:560)
2026/06/30 14:20:52 - org.pentaho.di.trans.steps.tableinput.TableInputMeta@352d3749 - 	at java.base/java.net.SocksSocketImpl.connect(SocksSocketImpl.java:327)
2026/06/30 14:20:52 - org.pentaho.di.trans.steps.tableinput.TableInputMeta@352d3749 - 	at java.base/java.net.Socket.connect(Socket.java:666)
2026/06/30 14:20:52 - org.pentaho.di.trans.steps.tableinput.TableInputMeta@352d3749 - 	at org.postgresql.core.PGStream.createSocket(PGStream.java:231)
2026/06/30 14:20:52 - org.pentaho.di.trans.steps.tableinput.TableInputMeta@352d3749 - 	at org.postgresql.core.PGStream.<init>(PGStream.java:95)
2026/06/30 14:20:52 - org.pentaho.di.trans.steps.tableinput.TableInputMeta@352d3749 - 	at org.postgresql.core.v3.ConnectionFactoryImpl.tryConnect(ConnectionFactoryImpl.java:98)
2026/06/30 14:20:52 - org.pentaho.di.trans.steps.tableinput.TableInputMeta@352d3749 - 	at org.postgresql.core.v3.ConnectionFactoryImpl.openConnectionImpl(ConnectionFactoryImpl.java:213)
2026/06/30 14:20:52 - org.pentaho.di.trans.steps.tableinput.TableInputMeta@352d3749 - 	... 42 more
2026/06/30 14:21:31 - org.pentaho.di.trans.steps.tableinput.TableInputMeta@6779959d - ERROR (version 9.4.0.0-343, build 0.0 from 2022-11-08 07.50.27 by buildguy) : Unexpected error fetching row meta data.
2026/06/30 14:21:31 - org.pentaho.di.trans.steps.tableinput.TableInputMeta@6779959d - ERROR (version 9.4.0.0-343, build 0.0 from 2022-11-08 07.50.27 by buildguy) : org.pentaho.di.core.exception.KettleStepException: 
2026/06/30 14:21:31 - org.pentaho.di.trans.steps.tableinput.TableInputMeta@6779959d - Unable to get queryfields for SQL: 
2026/06/30 14:21:31 - org.pentaho.di.trans.steps.tableinput.TableInputMeta@6779959d - SELECT
  nro_siniestro
, nro_contrato
, fecha_siniestro
, fecha_respuesta
, id_rechazo
, monto_reconocido
, monto_solicitado
FROM seguro_g26473471.registro_siniestro

2026/06/30 14:21:31 - org.pentaho.di.trans.steps.tableinput.TableInputMeta@6779959d - 
2026/06/30 14:21:31 - org.pentaho.di.trans.steps.tableinput.TableInputMeta@6779959d - Error occurred while trying to connect to the database
2026/06/30 14:21:31 - org.pentaho.di.trans.steps.tableinput.TableInputMeta@6779959d - 
2026/06/30 14:21:31 - org.pentaho.di.trans.steps.tableinput.TableInputMeta@6779959d - Connection failed. Verify all connection parameters and confirm that the appropriate driver is installed.
2026/06/30 14:21:31 - org.pentaho.di.trans.steps.tableinput.TableInputMeta@6779959d - El intento de conexión falló.
2026/06/30 14:21:31 - org.pentaho.di.trans.steps.tableinput.TableInputMeta@6779959d - 
2026/06/30 14:21:31 - org.pentaho.di.trans.steps.tableinput.TableInputMeta@6779959d - 
2026/06/30 14:21:31 - org.pentaho.di.trans.steps.tableinput.TableInputMeta@6779959d - 
2026/06/30 14:21:31 - org.pentaho.di.trans.steps.tableinput.TableInputMeta@6779959d - 	at org.pentaho.di.trans.steps.tableinput.TableInputMeta.getFields(TableInputMeta.java:275)
2026/06/30 14:21:31 - org.pentaho.di.trans.steps.tableinput.TableInputMeta@6779959d - 	at org.pentaho.di.trans.TransMeta.getThisStepFields(TransMeta.java:2055)
2026/06/30 14:21:31 - org.pentaho.di.trans.steps.tableinput.TableInputMeta@6779959d - 	at org.pentaho.di.trans.TransMeta.getStepFields(TransMeta.java:1873)
2026/06/30 14:21:31 - org.pentaho.di.trans.steps.tableinput.TableInputMeta@6779959d - 	at org.pentaho.di.trans.TransMeta.getStepFields(TransMeta.java:1770)
2026/06/30 14:21:31 - org.pentaho.di.trans.steps.tableinput.TableInputMeta@6779959d - 	at org.pentaho.di.trans.steps.tableinput.TableInputMeta.updateCachedRowMeta(TableInputMeta.java:340)
2026/06/30 14:21:31 - org.pentaho.di.trans.steps.tableinput.TableInputMeta@6779959d - 	at org.pentaho.di.ui.trans.steps.tableinput.TableInputDialog.ok(TableInputDialog.java:566)
2026/06/30 14:21:31 - org.pentaho.di.trans.steps.tableinput.TableInputMeta@6779959d - 	at org.pentaho.di.ui.trans.steps.tableinput.TableInputDialog.access$400(TableInputDialog.java:79)
2026/06/30 14:21:31 - org.pentaho.di.trans.steps.tableinput.TableInputMeta@6779959d - 	at org.pentaho.di.ui.trans.steps.tableinput.TableInputDialog$12.handleEvent(TableInputDialog.java:417)
2026/06/30 14:21:31 - org.pentaho.di.trans.steps.tableinput.TableInputMeta@6779959d - 	at org.eclipse.swt.widgets.EventTable.sendEvent(EventTable.java:89)
2026/06/30 14:21:31 - org.pentaho.di.trans.steps.tableinput.TableInputMeta@6779959d - 	at org.eclipse.swt.widgets.Display.sendEvent(Display.java:4209)
2026/06/30 14:21:31 - org.pentaho.di.trans.steps.tableinput.TableInputMeta@6779959d - 	at org.eclipse.swt.widgets.Widget.sendEvent(Widget.java:1037)
2026/06/30 14:21:31 - org.pentaho.di.trans.steps.tableinput.TableInputMeta@6779959d - 	at org.eclipse.swt.widgets.Display.runDeferredEvents(Display.java:4026)
2026/06/30 14:21:31 - org.pentaho.di.trans.steps.tableinput.TableInputMeta@6779959d - 	at org.eclipse.swt.widgets.Display.readAndDispatch(Display.java:3626)
2026/06/30 14:21:31 - org.pentaho.di.trans.steps.tableinput.TableInputMeta@6779959d - 	at org.pentaho.di.ui.trans.steps.tableinput.TableInputDialog.open(TableInputDialog.java:463)
2026/06/30 14:21:31 - org.pentaho.di.trans.steps.tableinput.TableInputMeta@6779959d - 	at org.pentaho.di.ui.spoon.delegates.SpoonStepsDelegate.editStep(SpoonStepsDelegate.java:120)
2026/06/30 14:21:31 - org.pentaho.di.trans.steps.tableinput.TableInputMeta@6779959d - 	at org.pentaho.di.ui.spoon.Spoon.editStep(Spoon.java:9025)
2026/06/30 14:21:31 - org.pentaho.di.trans.steps.tableinput.TableInputMeta@6779959d - 	at org.pentaho.di.ui.spoon.trans.TransGraph.editStep(TransGraph.java:3286)
2026/06/30 14:21:31 - org.pentaho.di.trans.steps.tableinput.TableInputMeta@6779959d - 	at org.pentaho.di.ui.spoon.trans.TransGraph.mouseDoubleClick(TransGraph.java:784)
2026/06/30 14:21:31 - org.pentaho.di.trans.steps.tableinput.TableInputMeta@6779959d - 	at org.eclipse.swt.widgets.TypedListener.handleEvent(TypedListener.java:200)
2026/06/30 14:21:31 - org.pentaho.di.trans.steps.tableinput.TableInputMeta@6779959d - 	at org.eclipse.swt.widgets.EventTable.sendEvent(EventTable.java:89)
2026/06/30 14:21:31 - org.pentaho.di.trans.steps.tableinput.TableInputMeta@6779959d - 	at org.eclipse.swt.widgets.Display.sendEvent(Display.java:4209)
2026/06/30 14:21:31 - org.pentaho.di.trans.steps.tableinput.TableInputMeta@6779959d - 	at org.eclipse.swt.widgets.Widget.sendEvent(Widget.java:1037)
2026/06/30 14:21:31 - org.pentaho.di.trans.steps.tableinput.TableInputMeta@6779959d - 	at org.eclipse.swt.widgets.Display.runDeferredEvents(Display.java:4026)
2026/06/30 14:21:31 - org.pentaho.di.trans.steps.tableinput.TableInputMeta@6779959d - 	at org.eclipse.swt.widgets.Display.readAndDispatch(Display.java:3626)
2026/06/30 14:21:31 - org.pentaho.di.trans.steps.tableinput.TableInputMeta@6779959d - 	at org.pentaho.di.ui.spoon.Spoon.readAndDispatch(Spoon.java:1432)
2026/06/30 14:21:31 - org.pentaho.di.trans.steps.tableinput.TableInputMeta@6779959d - 	at org.pentaho.di.ui.spoon.Spoon.waitForDispose(Spoon.java:8160)
2026/06/30 14:21:31 - org.pentaho.di.trans.steps.tableinput.TableInputMeta@6779959d - 	at org.pentaho.di.ui.spoon.Spoon.start(Spoon.java:9542)
2026/06/30 14:21:31 - org.pentaho.di.trans.steps.tableinput.TableInputMeta@6779959d - 	at org.pentaho.di.ui.spoon.Spoon.main(Spoon.java:722)
2026/06/30 14:21:31 - org.pentaho.di.trans.steps.tableinput.TableInputMeta@6779959d - 	at java.base/jdk.internal.reflect.DirectMethodHandleAccessor.invoke(DirectMethodHandleAccessor.java:104)
2026/06/30 14:21:31 - org.pentaho.di.trans.steps.tableinput.TableInputMeta@6779959d - 	at java.base/java.lang.reflect.Method.invoke(Method.java:578)
2026/06/30 14:21:31 - org.pentaho.di.trans.steps.tableinput.TableInputMeta@6779959d - 	at org.pentaho.commons.launcher.Launcher.main(Launcher.java:92)
2026/06/30 14:21:31 - org.pentaho.di.trans.steps.tableinput.TableInputMeta@6779959d - Caused by: org.pentaho.di.core.exception.KettleDatabaseException: 
2026/06/30 14:21:31 - org.pentaho.di.trans.steps.tableinput.TableInputMeta@6779959d - Error occurred while trying to connect to the database
2026/06/30 14:21:31 - org.pentaho.di.trans.steps.tableinput.TableInputMeta@6779959d - 
2026/06/30 14:21:31 - org.pentaho.di.trans.steps.tableinput.TableInputMeta@6779959d - Connection failed. Verify all connection parameters and confirm that the appropriate driver is installed.
2026/06/30 14:21:31 - org.pentaho.di.trans.steps.tableinput.TableInputMeta@6779959d - El intento de conexión falló.
2026/06/30 14:21:31 - org.pentaho.di.trans.steps.tableinput.TableInputMeta@6779959d - 
2026/06/30 14:21:31 - org.pentaho.di.trans.steps.tableinput.TableInputMeta@6779959d - 
2026/06/30 14:21:31 - org.pentaho.di.trans.steps.tableinput.TableInputMeta@6779959d - 	at org.pentaho.di.core.database.Database.normalConnect(Database.java:497)
2026/06/30 14:21:31 - org.pentaho.di.trans.steps.tableinput.TableInputMeta@6779959d - 	at org.pentaho.di.core.database.Database.connect(Database.java:389)
2026/06/30 14:21:31 - org.pentaho.di.trans.steps.tableinput.TableInputMeta@6779959d - 	at org.pentaho.di.core.database.Database.connect(Database.java:360)
2026/06/30 14:21:31 - org.pentaho.di.trans.steps.tableinput.TableInputMeta@6779959d - 	at org.pentaho.di.core.database.Database.connect(Database.java:350)
2026/06/30 14:21:31 - org.pentaho.di.trans.steps.tableinput.TableInputMeta@6779959d - 	at org.pentaho.di.trans.steps.tableinput.TableInputMeta.getFields(TableInputMeta.java:253)
2026/06/30 14:21:31 - org.pentaho.di.trans.steps.tableinput.TableInputMeta@6779959d - 	... 30 more
2026/06/30 14:21:31 - org.pentaho.di.trans.steps.tableinput.TableInputMeta@6779959d - Caused by: org.pentaho.di.core.exception.KettleDatabaseException: 
2026/06/30 14:21:31 - org.pentaho.di.trans.steps.tableinput.TableInputMeta@6779959d - Connection failed. Verify all connection parameters and confirm that the appropriate driver is installed.
2026/06/30 14:21:31 - org.pentaho.di.trans.steps.tableinput.TableInputMeta@6779959d - El intento de conexión falló.
2026/06/30 14:21:31 - org.pentaho.di.trans.steps.tableinput.TableInputMeta@6779959d - 
2026/06/30 14:21:31 - org.pentaho.di.trans.steps.tableinput.TableInputMeta@6779959d - 	at org.pentaho.di.core.database.Database.connectUsingClass(Database.java:605)
2026/06/30 14:21:31 - org.pentaho.di.trans.steps.tableinput.TableInputMeta@6779959d - 	at org.pentaho.di.core.database.Database.normalConnect(Database.java:481)
2026/06/30 14:21:31 - org.pentaho.di.trans.steps.tableinput.TableInputMeta@6779959d - 	... 34 more
2026/06/30 14:21:31 - org.pentaho.di.trans.steps.tableinput.TableInputMeta@6779959d - Caused by: org.postgresql.util.PSQLException: El intento de conexión falló.
2026/06/30 14:21:31 - org.pentaho.di.trans.steps.tableinput.TableInputMeta@6779959d - 	at org.postgresql.core.v3.ConnectionFactoryImpl.openConnectionImpl(ConnectionFactoryImpl.java:315)
2026/06/30 14:21:31 - org.pentaho.di.trans.steps.tableinput.TableInputMeta@6779959d - 	at org.postgresql.core.ConnectionFactory.openConnection(ConnectionFactory.java:51)
2026/06/30 14:21:31 - org.pentaho.di.trans.steps.tableinput.TableInputMeta@6779959d - 	at org.postgresql.jdbc.PgConnection.<init>(PgConnection.java:223)
2026/06/30 14:21:31 - org.pentaho.di.trans.steps.tableinput.TableInputMeta@6779959d - 	at org.postgresql.Driver.makeConnection(Driver.java:465)
2026/06/30 14:21:31 - org.pentaho.di.trans.steps.tableinput.TableInputMeta@6779959d - 	at org.postgresql.Driver.connect(Driver.java:264)
2026/06/30 14:21:31 - org.pentaho.di.trans.steps.tableinput.TableInputMeta@6779959d - 	at java.sql/java.sql.DriverManager.getConnection(DriverManager.java:683)
2026/06/30 14:21:31 - org.pentaho.di.trans.steps.tableinput.TableInputMeta@6779959d - 	at java.sql/java.sql.DriverManager.getConnection(DriverManager.java:191)
2026/06/30 14:21:31 - org.pentaho.di.trans.steps.tableinput.TableInputMeta@6779959d - 	at org.pentaho.di.core.database.Database.connectUsingClass(Database.java:589)
2026/06/30 14:21:31 - org.pentaho.di.trans.steps.tableinput.TableInputMeta@6779959d - 	... 35 more
2026/06/30 14:21:31 - org.pentaho.di.trans.steps.tableinput.TableInputMeta@6779959d - Caused by: java.net.UnknownHostException: db_seguros
2026/06/30 14:21:31 - org.pentaho.di.trans.steps.tableinput.TableInputMeta@6779959d - 	at java.base/sun.nio.ch.NioSocketImpl.connect(NioSocketImpl.java:560)
2026/06/30 14:21:31 - org.pentaho.di.trans.steps.tableinput.TableInputMeta@6779959d - 	at java.base/java.net.SocksSocketImpl.connect(SocksSocketImpl.java:327)
2026/06/30 14:21:31 - org.pentaho.di.trans.steps.tableinput.TableInputMeta@6779959d - 	at java.base/java.net.Socket.connect(Socket.java:666)
2026/06/30 14:21:31 - org.pentaho.di.trans.steps.tableinput.TableInputMeta@6779959d - 	at org.postgresql.core.PGStream.createSocket(PGStream.java:231)
2026/06/30 14:21:31 - org.pentaho.di.trans.steps.tableinput.TableInputMeta@6779959d - 	at org.postgresql.core.PGStream.<init>(PGStream.java:95)
2026/06/30 14:21:31 - org.pentaho.di.trans.steps.tableinput.TableInputMeta@6779959d - 	at org.postgresql.core.v3.ConnectionFactoryImpl.tryConnect(ConnectionFactoryImpl.java:98)
2026/06/30 14:21:31 - org.pentaho.di.trans.steps.tableinput.TableInputMeta@6779959d - 	at org.postgresql.core.v3.ConnectionFactoryImpl.openConnectionImpl(ConnectionFactoryImpl.java:213)
2026/06/30 14:21:31 - org.pentaho.di.trans.steps.tableinput.TableInputMeta@6779959d - 	... 42 more
2026/06/30 14:21:38 - org.pentaho.di.trans.steps.tableinput.TableInputMeta@69fa5536 - ERROR (version 9.4.0.0-343, build 0.0 from 2022-11-08 07.50.27 by buildguy) : Unexpected error fetching row meta data.
2026/06/30 14:21:38 - org.pentaho.di.trans.steps.tableinput.TableInputMeta@69fa5536 - ERROR (version 9.4.0.0-343, build 0.0 from 2022-11-08 07.50.27 by buildguy) : org.pentaho.di.core.exception.KettleStepException: 
2026/06/30 14:21:38 - org.pentaho.di.trans.steps.tableinput.TableInputMeta@69fa5536 - Unable to get queryfields for SQL: 
2026/06/30 14:21:38 - org.pentaho.di.trans.steps.tableinput.TableInputMeta@69fa5536 - SELECT
  sk_dim_siniestro
, nro_siniestro
, descrip_siniestro
FROM seguro_dw_g26473471.dim_siniestro

2026/06/30 14:21:38 - org.pentaho.di.trans.steps.tableinput.TableInputMeta@69fa5536 - 
2026/06/30 14:21:38 - org.pentaho.di.trans.steps.tableinput.TableInputMeta@69fa5536 - Error occurred while trying to connect to the database
2026/06/30 14:21:38 - org.pentaho.di.trans.steps.tableinput.TableInputMeta@69fa5536 - 
2026/06/30 14:21:38 - org.pentaho.di.trans.steps.tableinput.TableInputMeta@69fa5536 - Connection failed. Verify all connection parameters and confirm that the appropriate driver is installed.
2026/06/30 14:21:38 - org.pentaho.di.trans.steps.tableinput.TableInputMeta@69fa5536 - El intento de conexión falló.
2026/06/30 14:21:38 - org.pentaho.di.trans.steps.tableinput.TableInputMeta@69fa5536 - 
2026/06/30 14:21:38 - org.pentaho.di.trans.steps.tableinput.TableInputMeta@69fa5536 - 
2026/06/30 14:21:38 - org.pentaho.di.trans.steps.tableinput.TableInputMeta@69fa5536 - 
2026/06/30 14:21:38 - org.pentaho.di.trans.steps.tableinput.TableInputMeta@69fa5536 - 	at org.pentaho.di.trans.steps.tableinput.TableInputMeta.getFields(TableInputMeta.java:275)
2026/06/30 14:21:38 - org.pentaho.di.trans.steps.tableinput.TableInputMeta@69fa5536 - 	at org.pentaho.di.trans.TransMeta.getThisStepFields(TransMeta.java:2055)
2026/06/30 14:21:38 - org.pentaho.di.trans.steps.tableinput.TableInputMeta@69fa5536 - 	at org.pentaho.di.trans.TransMeta.getStepFields(TransMeta.java:1873)
2026/06/30 14:21:38 - org.pentaho.di.trans.steps.tableinput.TableInputMeta@69fa5536 - 	at org.pentaho.di.trans.TransMeta.getStepFields(TransMeta.java:1770)
2026/06/30 14:21:38 - org.pentaho.di.trans.steps.tableinput.TableInputMeta@69fa5536 - 	at org.pentaho.di.trans.steps.tableinput.TableInputMeta.updateCachedRowMeta(TableInputMeta.java:340)
2026/06/30 14:21:38 - org.pentaho.di.trans.steps.tableinput.TableInputMeta@69fa5536 - 	at org.pentaho.di.ui.trans.steps.tableinput.TableInputDialog.ok(TableInputDialog.java:566)
2026/06/30 14:21:38 - org.pentaho.di.trans.steps.tableinput.TableInputMeta@69fa5536 - 	at org.pentaho.di.ui.trans.steps.tableinput.TableInputDialog.access$400(TableInputDialog.java:79)
2026/06/30 14:21:38 - org.pentaho.di.trans.steps.tableinput.TableInputMeta@69fa5536 - 	at org.pentaho.di.ui.trans.steps.tableinput.TableInputDialog$12.handleEvent(TableInputDialog.java:417)
2026/06/30 14:21:38 - org.pentaho.di.trans.steps.tableinput.TableInputMeta@69fa5536 - 	at org.eclipse.swt.widgets.EventTable.sendEvent(EventTable.java:89)
2026/06/30 14:21:38 - org.pentaho.di.trans.steps.tableinput.TableInputMeta@69fa5536 - 	at org.eclipse.swt.widgets.Display.sendEvent(Display.java:4209)
2026/06/30 14:21:38 - org.pentaho.di.trans.steps.tableinput.TableInputMeta@69fa5536 - 	at org.eclipse.swt.widgets.Widget.sendEvent(Widget.java:1037)
2026/06/30 14:21:38 - org.pentaho.di.trans.steps.tableinput.TableInputMeta@69fa5536 - 	at org.eclipse.swt.widgets.Display.runDeferredEvents(Display.java:4026)
2026/06/30 14:21:38 - org.pentaho.di.trans.steps.tableinput.TableInputMeta@69fa5536 - 	at org.eclipse.swt.widgets.Display.readAndDispatch(Display.java:3626)
2026/06/30 14:21:38 - org.pentaho.di.trans.steps.tableinput.TableInputMeta@69fa5536 - 	at org.pentaho.di.ui.trans.steps.tableinput.TableInputDialog.open(TableInputDialog.java:463)
2026/06/30 14:21:38 - org.pentaho.di.trans.steps.tableinput.TableInputMeta@69fa5536 - 	at org.pentaho.di.ui.spoon.delegates.SpoonStepsDelegate.editStep(SpoonStepsDelegate.java:120)
2026/06/30 14:21:38 - org.pentaho.di.trans.steps.tableinput.TableInputMeta@69fa5536 - 	at org.pentaho.di.ui.spoon.Spoon.editStep(Spoon.java:9025)
2026/06/30 14:21:38 - org.pentaho.di.trans.steps.tableinput.TableInputMeta@69fa5536 - 	at org.pentaho.di.ui.spoon.trans.TransGraph.editStep(TransGraph.java:3286)
2026/06/30 14:21:38 - org.pentaho.di.trans.steps.tableinput.TableInputMeta@69fa5536 - 	at org.pentaho.di.ui.spoon.trans.TransGraph.mouseDoubleClick(TransGraph.java:784)
2026/06/30 14:21:38 - org.pentaho.di.trans.steps.tableinput.TableInputMeta@69fa5536 - 	at org.eclipse.swt.widgets.TypedListener.handleEvent(TypedListener.java:200)
2026/06/30 14:21:38 - org.pentaho.di.trans.steps.tableinput.TableInputMeta@69fa5536 - 	at org.eclipse.swt.widgets.EventTable.sendEvent(EventTable.java:89)
2026/06/30 14:21:38 - org.pentaho.di.trans.steps.tableinput.TableInputMeta@69fa5536 - 	at org.eclipse.swt.widgets.Display.sendEvent(Display.java:4209)
2026/06/30 14:21:38 - org.pentaho.di.trans.steps.tableinput.TableInputMeta@69fa5536 - 	at org.eclipse.swt.widgets.Widget.sendEvent(Widget.java:1037)
2026/06/30 14:21:38 - org.pentaho.di.trans.steps.tableinput.TableInputMeta@69fa5536 - 	at org.eclipse.swt.widgets.Display.runDeferredEvents(Display.java:4026)
2026/06/30 14:21:38 - org.pentaho.di.trans.steps.tableinput.TableInputMeta@69fa5536 - 	at org.eclipse.swt.widgets.Display.readAndDispatch(Display.java:3626)
2026/06/30 14:21:38 - org.pentaho.di.trans.steps.tableinput.TableInputMeta@69fa5536 - 	at org.pentaho.di.ui.spoon.Spoon.readAndDispatch(Spoon.java:1432)
2026/06/30 14:21:38 - org.pentaho.di.trans.steps.tableinput.TableInputMeta@69fa5536 - 	at org.pentaho.di.ui.spoon.Spoon.waitForDispose(Spoon.java:8160)
2026/06/30 14:21:38 - org.pentaho.di.trans.steps.tableinput.TableInputMeta@69fa5536 - 	at org.pentaho.di.ui.spoon.Spoon.start(Spoon.java:9542)
2026/06/30 14:21:38 - org.pentaho.di.trans.steps.tableinput.TableInputMeta@69fa5536 - 	at org.pentaho.di.ui.spoon.Spoon.main(Spoon.java:722)
2026/06/30 14:21:38 - org.pentaho.di.trans.steps.tableinput.TableInputMeta@69fa5536 - 	at java.base/jdk.internal.reflect.DirectMethodHandleAccessor.invoke(DirectMethodHandleAccessor.java:104)
2026/06/30 14:21:38 - org.pentaho.di.trans.steps.tableinput.TableInputMeta@69fa5536 - 	at java.base/java.lang.reflect.Method.invoke(Method.java:578)
2026/06/30 14:21:38 - org.pentaho.di.trans.steps.tableinput.TableInputMeta@69fa5536 - 	at org.pentaho.commons.launcher.Launcher.main(Launcher.java:92)
2026/06/30 14:21:38 - org.pentaho.di.trans.steps.tableinput.TableInputMeta@69fa5536 - Caused by: org.pentaho.di.core.exception.KettleDatabaseException: 
2026/06/30 14:21:38 - org.pentaho.di.trans.steps.tableinput.TableInputMeta@69fa5536 - Error occurred while trying to connect to the database
2026/06/30 14:21:38 - org.pentaho.di.trans.steps.tableinput.TableInputMeta@69fa5536 - 
2026/06/30 14:21:38 - org.pentaho.di.trans.steps.tableinput.TableInputMeta@69fa5536 - Connection failed. Verify all connection parameters and confirm that the appropriate driver is installed.
2026/06/30 14:21:38 - org.pentaho.di.trans.steps.tableinput.TableInputMeta@69fa5536 - El intento de conexión falló.
2026/06/30 14:21:38 - org.pentaho.di.trans.steps.tableinput.TableInputMeta@69fa5536 - 
2026/06/30 14:21:38 - org.pentaho.di.trans.steps.tableinput.TableInputMeta@69fa5536 - 
2026/06/30 14:21:38 - org.pentaho.di.trans.steps.tableinput.TableInputMeta@69fa5536 - 	at org.pentaho.di.core.database.Database.normalConnect(Database.java:497)
2026/06/30 14:21:38 - org.pentaho.di.trans.steps.tableinput.TableInputMeta@69fa5536 - 	at org.pentaho.di.core.database.Database.connect(Database.java:389)
2026/06/30 14:21:38 - org.pentaho.di.trans.steps.tableinput.TableInputMeta@69fa5536 - 	at org.pentaho.di.core.database.Database.connect(Database.java:360)
2026/06/30 14:21:38 - org.pentaho.di.trans.steps.tableinput.TableInputMeta@69fa5536 - 	at org.pentaho.di.core.database.Database.connect(Database.java:350)
2026/06/30 14:21:38 - org.pentaho.di.trans.steps.tableinput.TableInputMeta@69fa5536 - 	at org.pentaho.di.trans.steps.tableinput.TableInputMeta.getFields(TableInputMeta.java:253)
2026/06/30 14:21:38 - org.pentaho.di.trans.steps.tableinput.TableInputMeta@69fa5536 - 	... 30 more
2026/06/30 14:21:38 - org.pentaho.di.trans.steps.tableinput.TableInputMeta@69fa5536 - Caused by: org.pentaho.di.core.exception.KettleDatabaseException: 
2026/06/30 14:21:38 - org.pentaho.di.trans.steps.tableinput.TableInputMeta@69fa5536 - Connection failed. Verify all connection parameters and confirm that the appropriate driver is installed.
2026/06/30 14:21:38 - org.pentaho.di.trans.steps.tableinput.TableInputMeta@69fa5536 - El intento de conexión falló.
2026/06/30 14:21:38 - org.pentaho.di.trans.steps.tableinput.TableInputMeta@69fa5536 - 
2026/06/30 14:21:38 - org.pentaho.di.trans.steps.tableinput.TableInputMeta@69fa5536 - 	at org.pentaho.di.core.database.Database.connectUsingClass(Database.java:605)
2026/06/30 14:21:38 - org.pentaho.di.trans.steps.tableinput.TableInputMeta@69fa5536 - 	at org.pentaho.di.core.database.Database.normalConnect(Database.java:481)
2026/06/30 14:21:38 - org.pentaho.di.trans.steps.tableinput.TableInputMeta@69fa5536 - 	... 34 more
2026/06/30 14:21:38 - org.pentaho.di.trans.steps.tableinput.TableInputMeta@69fa5536 - Caused by: org.postgresql.util.PSQLException: El intento de conexión falló.
2026/06/30 14:21:38 - org.pentaho.di.trans.steps.tableinput.TableInputMeta@69fa5536 - 	at org.postgresql.core.v3.ConnectionFactoryImpl.openConnectionImpl(ConnectionFactoryImpl.java:315)
2026/06/30 14:21:38 - org.pentaho.di.trans.steps.tableinput.TableInputMeta@69fa5536 - 	at org.postgresql.core.ConnectionFactory.openConnection(ConnectionFactory.java:51)
2026/06/30 14:21:38 - org.pentaho.di.trans.steps.tableinput.TableInputMeta@69fa5536 - 	at org.postgresql.jdbc.PgConnection.<init>(PgConnection.java:223)
2026/06/30 14:21:38 - org.pentaho.di.trans.steps.tableinput.TableInputMeta@69fa5536 - 	at org.postgresql.Driver.makeConnection(Driver.java:465)
2026/06/30 14:21:38 - org.pentaho.di.trans.steps.tableinput.TableInputMeta@69fa5536 - 	at org.postgresql.Driver.connect(Driver.java:264)
2026/06/30 14:21:38 - org.pentaho.di.trans.steps.tableinput.TableInputMeta@69fa5536 - 	at java.sql/java.sql.DriverManager.getConnection(DriverManager.java:683)
2026/06/30 14:21:38 - org.pentaho.di.trans.steps.tableinput.TableInputMeta@69fa5536 - 	at java.sql/java.sql.DriverManager.getConnection(DriverManager.java:191)
2026/06/30 14:21:38 - org.pentaho.di.trans.steps.tableinput.TableInputMeta@69fa5536 - 	at org.pentaho.di.core.database.Database.connectUsingClass(Database.java:589)
2026/06/30 14:21:38 - org.pentaho.di.trans.steps.tableinput.TableInputMeta@69fa5536 - 	... 35 more
2026/06/30 14:21:38 - org.pentaho.di.trans.steps.tableinput.TableInputMeta@69fa5536 - Caused by: java.net.UnknownHostException: db_seguros
2026/06/30 14:21:38 - org.pentaho.di.trans.steps.tableinput.TableInputMeta@69fa5536 - 	at java.base/sun.nio.ch.NioSocketImpl.connect(NioSocketImpl.java:560)
2026/06/30 14:21:38 - org.pentaho.di.trans.steps.tableinput.TableInputMeta@69fa5536 - 	at java.base/java.net.SocksSocketImpl.connect(SocksSocketImpl.java:327)
2026/06/30 14:21:38 - org.pentaho.di.trans.steps.tableinput.TableInputMeta@69fa5536 - 	at java.base/java.net.Socket.connect(Socket.java:666)
2026/06/30 14:21:38 - org.pentaho.di.trans.steps.tableinput.TableInputMeta@69fa5536 - 	at org.postgresql.core.PGStream.createSocket(PGStream.java:231)
2026/06/30 14:21:38 - org.pentaho.di.trans.steps.tableinput.TableInputMeta@69fa5536 - 	at org.postgresql.core.PGStream.<init>(PGStream.java:95)
2026/06/30 14:21:38 - org.pentaho.di.trans.steps.tableinput.TableInputMeta@69fa5536 - 	at org.postgresql.core.v3.ConnectionFactoryImpl.tryConnect(ConnectionFactoryImpl.java:98)
2026/06/30 14:21:38 - org.pentaho.di.trans.steps.tableinput.TableInputMeta@69fa5536 - 	at org.postgresql.core.v3.ConnectionFactoryImpl.openConnectionImpl(ConnectionFactoryImpl.java:213)
2026/06/30 14:21:38 - org.pentaho.di.trans.steps.tableinput.TableInputMeta@69fa5536 - 	... 42 more
2026/06/30 14:21:47 - org.pentaho.di.trans.steps.tableinput.TableInputMeta@4512f5f1 - ERROR (version 9.4.0.0-343, build 0.0 from 2022-11-08 07.50.27 by buildguy) : Unexpected error fetching row meta data.
2026/06/30 14:21:47 - org.pentaho.di.trans.steps.tableinput.TableInputMeta@4512f5f1 - ERROR (version 9.4.0.0-343, build 0.0 from 2022-11-08 07.50.27 by buildguy) : org.pentaho.di.core.exception.KettleStepException: 
2026/06/30 14:21:47 - org.pentaho.di.trans.steps.tableinput.TableInputMeta@4512f5f1 - Unable to get queryfields for SQL: 
2026/06/30 14:21:47 - org.pentaho.di.trans.steps.tableinput.TableInputMeta@4512f5f1 - SELECT
  sk_dim_contrato
, nro_contrato
, descrip_contrato
FROM seguro_dw_g26473471.dim_contrato

2026/06/30 14:21:47 - org.pentaho.di.trans.steps.tableinput.TableInputMeta@4512f5f1 - 
2026/06/30 14:21:47 - org.pentaho.di.trans.steps.tableinput.TableInputMeta@4512f5f1 - Error occurred while trying to connect to the database
2026/06/30 14:21:47 - org.pentaho.di.trans.steps.tableinput.TableInputMeta@4512f5f1 - 
2026/06/30 14:21:47 - org.pentaho.di.trans.steps.tableinput.TableInputMeta@4512f5f1 - Connection failed. Verify all connection parameters and confirm that the appropriate driver is installed.
2026/06/30 14:21:47 - org.pentaho.di.trans.steps.tableinput.TableInputMeta@4512f5f1 - El intento de conexión falló.
2026/06/30 14:21:47 - org.pentaho.di.trans.steps.tableinput.TableInputMeta@4512f5f1 - 
2026/06/30 14:21:47 - org.pentaho.di.trans.steps.tableinput.TableInputMeta@4512f5f1 - 
2026/06/30 14:21:47 - org.pentaho.di.trans.steps.tableinput.TableInputMeta@4512f5f1 - 
2026/06/30 14:21:47 - org.pentaho.di.trans.steps.tableinput.TableInputMeta@4512f5f1 - 	at org.pentaho.di.trans.steps.tableinput.TableInputMeta.getFields(TableInputMeta.java:275)
2026/06/30 14:21:47 - org.pentaho.di.trans.steps.tableinput.TableInputMeta@4512f5f1 - 	at org.pentaho.di.trans.TransMeta.getThisStepFields(TransMeta.java:2055)
2026/06/30 14:21:47 - org.pentaho.di.trans.steps.tableinput.TableInputMeta@4512f5f1 - 	at org.pentaho.di.trans.TransMeta.getStepFields(TransMeta.java:1873)
2026/06/30 14:21:47 - org.pentaho.di.trans.steps.tableinput.TableInputMeta@4512f5f1 - 	at org.pentaho.di.trans.TransMeta.getStepFields(TransMeta.java:1770)
2026/06/30 14:21:47 - org.pentaho.di.trans.steps.tableinput.TableInputMeta@4512f5f1 - 	at org.pentaho.di.trans.steps.tableinput.TableInputMeta.updateCachedRowMeta(TableInputMeta.java:340)
2026/06/30 14:21:47 - org.pentaho.di.trans.steps.tableinput.TableInputMeta@4512f5f1 - 	at org.pentaho.di.ui.trans.steps.tableinput.TableInputDialog.ok(TableInputDialog.java:566)
2026/06/30 14:21:47 - org.pentaho.di.trans.steps.tableinput.TableInputMeta@4512f5f1 - 	at org.pentaho.di.ui.trans.steps.tableinput.TableInputDialog.access$400(TableInputDialog.java:79)
2026/06/30 14:21:47 - org.pentaho.di.trans.steps.tableinput.TableInputMeta@4512f5f1 - 	at org.pentaho.di.ui.trans.steps.tableinput.TableInputDialog$12.handleEvent(TableInputDialog.java:417)
2026/06/30 14:21:47 - org.pentaho.di.trans.steps.tableinput.TableInputMeta@4512f5f1 - 	at org.eclipse.swt.widgets.EventTable.sendEvent(EventTable.java:89)
2026/06/30 14:21:47 - org.pentaho.di.trans.steps.tableinput.TableInputMeta@4512f5f1 - 	at org.eclipse.swt.widgets.Display.sendEvent(Display.java:4209)
2026/06/30 14:21:47 - org.pentaho.di.trans.steps.tableinput.TableInputMeta@4512f5f1 - 	at org.eclipse.swt.widgets.Widget.sendEvent(Widget.java:1037)
2026/06/30 14:21:47 - org.pentaho.di.trans.steps.tableinput.TableInputMeta@4512f5f1 - 	at org.eclipse.swt.widgets.Display.runDeferredEvents(Display.java:4026)
2026/06/30 14:21:47 - org.pentaho.di.trans.steps.tableinput.TableInputMeta@4512f5f1 - 	at org.eclipse.swt.widgets.Display.readAndDispatch(Display.java:3626)
2026/06/30 14:21:47 - org.pentaho.di.trans.steps.tableinput.TableInputMeta@4512f5f1 - 	at org.pentaho.di.ui.trans.steps.tableinput.TableInputDialog.open(TableInputDialog.java:463)
2026/06/30 14:21:47 - org.pentaho.di.trans.steps.tableinput.TableInputMeta@4512f5f1 - 	at org.pentaho.di.ui.spoon.delegates.SpoonStepsDelegate.editStep(SpoonStepsDelegate.java:120)
2026/06/30 14:21:47 - org.pentaho.di.trans.steps.tableinput.TableInputMeta@4512f5f1 - 	at org.pentaho.di.ui.spoon.Spoon.editStep(Spoon.java:9025)
2026/06/30 14:21:47 - org.pentaho.di.trans.steps.tableinput.TableInputMeta@4512f5f1 - 	at org.pentaho.di.ui.spoon.trans.TransGraph.editStep(TransGraph.java:3286)
2026/06/30 14:21:47 - org.pentaho.di.trans.steps.tableinput.TableInputMeta@4512f5f1 - 	at org.pentaho.di.ui.spoon.trans.TransGraph.mouseDoubleClick(TransGraph.java:784)
2026/06/30 14:21:47 - org.pentaho.di.trans.steps.tableinput.TableInputMeta@4512f5f1 - 	at org.eclipse.swt.widgets.TypedListener.handleEvent(TypedListener.java:200)
2026/06/30 14:21:47 - org.pentaho.di.trans.steps.tableinput.TableInputMeta@4512f5f1 - 	at org.eclipse.swt.widgets.EventTable.sendEvent(EventTable.java:89)
2026/06/30 14:21:47 - org.pentaho.di.trans.steps.tableinput.TableInputMeta@4512f5f1 - 	at org.eclipse.swt.widgets.Display.sendEvent(Display.java:4209)
2026/06/30 14:21:47 - org.pentaho.di.trans.steps.tableinput.TableInputMeta@4512f5f1 - 	at org.eclipse.swt.widgets.Widget.sendEvent(Widget.java:1037)
2026/06/30 14:21:47 - org.pentaho.di.trans.steps.tableinput.TableInputMeta@4512f5f1 - 	at org.eclipse.swt.widgets.Display.runDeferredEvents(Display.java:4026)
2026/06/30 14:21:47 - org.pentaho.di.trans.steps.tableinput.TableInputMeta@4512f5f1 - 	at org.eclipse.swt.widgets.Display.readAndDispatch(Display.java:3626)
2026/06/30 14:21:47 - org.pentaho.di.trans.steps.tableinput.TableInputMeta@4512f5f1 - 	at org.pentaho.di.ui.spoon.Spoon.readAndDispatch(Spoon.java:1432)
2026/06/30 14:21:47 - org.pentaho.di.trans.steps.tableinput.TableInputMeta@4512f5f1 - 	at org.pentaho.di.ui.spoon.Spoon.waitForDispose(Spoon.java:8160)
2026/06/30 14:21:47 - org.pentaho.di.trans.steps.tableinput.TableInputMeta@4512f5f1 - 	at org.pentaho.di.ui.spoon.Spoon.start(Spoon.java:9542)
2026/06/30 14:21:47 - org.pentaho.di.trans.steps.tableinput.TableInputMeta@4512f5f1 - 	at org.pentaho.di.ui.spoon.Spoon.main(Spoon.java:722)
2026/06/30 14:21:47 - org.pentaho.di.trans.steps.tableinput.TableInputMeta@4512f5f1 - 	at java.base/jdk.internal.reflect.DirectMethodHandleAccessor.invoke(DirectMethodHandleAccessor.java:104)
2026/06/30 14:21:47 - org.pentaho.di.trans.steps.tableinput.TableInputMeta@4512f5f1 - 	at java.base/java.lang.reflect.Method.invoke(Method.java:578)
2026/06/30 14:21:47 - org.pentaho.di.trans.steps.tableinput.TableInputMeta@4512f5f1 - 	at org.pentaho.commons.launcher.Launcher.main(Launcher.java:92)
2026/06/30 14:21:47 - org.pentaho.di.trans.steps.tableinput.TableInputMeta@4512f5f1 - Caused by: org.pentaho.di.core.exception.KettleDatabaseException: 
2026/06/30 14:21:47 - org.pentaho.di.trans.steps.tableinput.TableInputMeta@4512f5f1 - Error occurred while trying to connect to the database
2026/06/30 14:21:47 - org.pentaho.di.trans.steps.tableinput.TableInputMeta@4512f5f1 - 
2026/06/30 14:21:47 - org.pentaho.di.trans.steps.tableinput.TableInputMeta@4512f5f1 - Connection failed. Verify all connection parameters and confirm that the appropriate driver is installed.
2026/06/30 14:21:47 - org.pentaho.di.trans.steps.tableinput.TableInputMeta@4512f5f1 - El intento de conexión falló.
2026/06/30 14:21:47 - org.pentaho.di.trans.steps.tableinput.TableInputMeta@4512f5f1 - 
2026/06/30 14:21:47 - org.pentaho.di.trans.steps.tableinput.TableInputMeta@4512f5f1 - 
2026/06/30 14:21:47 - org.pentaho.di.trans.steps.tableinput.TableInputMeta@4512f5f1 - 	at org.pentaho.di.core.database.Database.normalConnect(Database.java:497)
2026/06/30 14:21:47 - org.pentaho.di.trans.steps.tableinput.TableInputMeta@4512f5f1 - 	at org.pentaho.di.core.database.Database.connect(Database.java:389)
2026/06/30 14:21:47 - org.pentaho.di.trans.steps.tableinput.TableInputMeta@4512f5f1 - 	at org.pentaho.di.core.database.Database.connect(Database.java:360)
2026/06/30 14:21:47 - org.pentaho.di.trans.steps.tableinput.TableInputMeta@4512f5f1 - 	at org.pentaho.di.core.database.Database.connect(Database.java:350)
2026/06/30 14:21:47 - org.pentaho.di.trans.steps.tableinput.TableInputMeta@4512f5f1 - 	at org.pentaho.di.trans.steps.tableinput.TableInputMeta.getFields(TableInputMeta.java:253)
2026/06/30 14:21:47 - org.pentaho.di.trans.steps.tableinput.TableInputMeta@4512f5f1 - 	... 30 more
2026/06/30 14:21:47 - org.pentaho.di.trans.steps.tableinput.TableInputMeta@4512f5f1 - Caused by: org.pentaho.di.core.exception.KettleDatabaseException: 
2026/06/30 14:21:47 - org.pentaho.di.trans.steps.tableinput.TableInputMeta@4512f5f1 - Connection failed. Verify all connection parameters and confirm that the appropriate driver is installed.
2026/06/30 14:21:47 - org.pentaho.di.trans.steps.tableinput.TableInputMeta@4512f5f1 - El intento de conexión falló.
2026/06/30 14:21:47 - org.pentaho.di.trans.steps.tableinput.TableInputMeta@4512f5f1 - 
2026/06/30 14:21:47 - org.pentaho.di.trans.steps.tableinput.TableInputMeta@4512f5f1 - 	at org.pentaho.di.core.database.Database.connectUsingClass(Database.java:605)
2026/06/30 14:21:47 - org.pentaho.di.trans.steps.tableinput.TableInputMeta@4512f5f1 - 	at org.pentaho.di.core.database.Database.normalConnect(Database.java:481)
2026/06/30 14:21:47 - org.pentaho.di.trans.steps.tableinput.TableInputMeta@4512f5f1 - 	... 34 more
2026/06/30 14:21:47 - org.pentaho.di.trans.steps.tableinput.TableInputMeta@4512f5f1 - Caused by: org.postgresql.util.PSQLException: El intento de conexión falló.
2026/06/30 14:21:47 - org.pentaho.di.trans.steps.tableinput.TableInputMeta@4512f5f1 - 	at org.postgresql.core.v3.ConnectionFactoryImpl.openConnectionImpl(ConnectionFactoryImpl.java:315)
2026/06/30 14:21:47 - org.pentaho.di.trans.steps.tableinput.TableInputMeta@4512f5f1 - 	at org.postgresql.core.ConnectionFactory.openConnection(ConnectionFactory.java:51)
2026/06/30 14:21:47 - org.pentaho.di.trans.steps.tableinput.TableInputMeta@4512f5f1 - 	at org.postgresql.jdbc.PgConnection.<init>(PgConnection.java:223)
2026/06/30 14:21:47 - org.pentaho.di.trans.steps.tableinput.TableInputMeta@4512f5f1 - 	at org.postgresql.Driver.makeConnection(Driver.java:465)
2026/06/30 14:21:47 - org.pentaho.di.trans.steps.tableinput.TableInputMeta@4512f5f1 - 	at org.postgresql.Driver.connect(Driver.java:264)
2026/06/30 14:21:47 - org.pentaho.di.trans.steps.tableinput.TableInputMeta@4512f5f1 - 	at java.sql/java.sql.DriverManager.getConnection(DriverManager.java:683)
2026/06/30 14:21:47 - org.pentaho.di.trans.steps.tableinput.TableInputMeta@4512f5f1 - 	at java.sql/java.sql.DriverManager.getConnection(DriverManager.java:191)
2026/06/30 14:21:47 - org.pentaho.di.trans.steps.tableinput.TableInputMeta@4512f5f1 - 	at org.pentaho.di.core.database.Database.connectUsingClass(Database.java:589)
2026/06/30 14:21:47 - org.pentaho.di.trans.steps.tableinput.TableInputMeta@4512f5f1 - 	... 35 more
2026/06/30 14:21:47 - org.pentaho.di.trans.steps.tableinput.TableInputMeta@4512f5f1 - Caused by: java.net.UnknownHostException: db_seguros
2026/06/30 14:21:47 - org.pentaho.di.trans.steps.tableinput.TableInputMeta@4512f5f1 - 	at java.base/sun.nio.ch.NioSocketImpl.connect(NioSocketImpl.java:560)
2026/06/30 14:21:47 - org.pentaho.di.trans.steps.tableinput.TableInputMeta@4512f5f1 - 	at java.base/java.net.SocksSocketImpl.connect(SocksSocketImpl.java:327)
2026/06/30 14:21:47 - org.pentaho.di.trans.steps.tableinput.TableInputMeta@4512f5f1 - 	at java.base/java.net.Socket.connect(Socket.java:666)
2026/06/30 14:21:47 - org.pentaho.di.trans.steps.tableinput.TableInputMeta@4512f5f1 - 	at org.postgresql.core.PGStream.createSocket(PGStream.java:231)
2026/06/30 14:21:47 - org.pentaho.di.trans.steps.tableinput.TableInputMeta@4512f5f1 - 	at org.postgresql.core.PGStream.<init>(PGStream.java:95)
2026/06/30 14:21:47 - org.pentaho.di.trans.steps.tableinput.TableInputMeta@4512f5f1 - 	at org.postgresql.core.v3.ConnectionFactoryImpl.tryConnect(ConnectionFactoryImpl.java:98)
2026/06/30 14:21:47 - org.pentaho.di.trans.steps.tableinput.TableInputMeta@4512f5f1 - 	at org.postgresql.core.v3.ConnectionFactoryImpl.openConnectionImpl(ConnectionFactoryImpl.java:213)
2026/06/30 14:21:47 - org.pentaho.di.trans.steps.tableinput.TableInputMeta@4512f5f1 - 	... 42 more
2026/06/30 14:21:53 - org.pentaho.di.trans.steps.tableinput.TableInputMeta@760ac834 - ERROR (version 9.4.0.0-343, build 0.0 from 2022-11-08 07.50.27 by buildguy) : Unexpected error fetching row meta data.
2026/06/30 14:21:53 - org.pentaho.di.trans.steps.tableinput.TableInputMeta@760ac834 - ERROR (version 9.4.0.0-343, build 0.0 from 2022-11-08 07.50.27 by buildguy) : org.pentaho.di.core.exception.KettleStepException: 
2026/06/30 14:21:53 - org.pentaho.di.trans.steps.tableinput.TableInputMeta@760ac834 - Unable to get queryfields for SQL: 
2026/06/30 14:21:53 - org.pentaho.di.trans.steps.tableinput.TableInputMeta@760ac834 - SELECT
  cod_cliente
, cod_sucursal
FROM seguro_g26473471.cliente

2026/06/30 14:21:53 - org.pentaho.di.trans.steps.tableinput.TableInputMeta@760ac834 - 
2026/06/30 14:21:53 - org.pentaho.di.trans.steps.tableinput.TableInputMeta@760ac834 - Error occurred while trying to connect to the database
2026/06/30 14:21:53 - org.pentaho.di.trans.steps.tableinput.TableInputMeta@760ac834 - 
2026/06/30 14:21:53 - org.pentaho.di.trans.steps.tableinput.TableInputMeta@760ac834 - Connection failed. Verify all connection parameters and confirm that the appropriate driver is installed.
2026/06/30 14:21:53 - org.pentaho.di.trans.steps.tableinput.TableInputMeta@760ac834 - El intento de conexión falló.
2026/06/30 14:21:53 - org.pentaho.di.trans.steps.tableinput.TableInputMeta@760ac834 - 
2026/06/30 14:21:53 - org.pentaho.di.trans.steps.tableinput.TableInputMeta@760ac834 - 
2026/06/30 14:21:53 - org.pentaho.di.trans.steps.tableinput.TableInputMeta@760ac834 - 
2026/06/30 14:21:53 - org.pentaho.di.trans.steps.tableinput.TableInputMeta@760ac834 - 	at org.pentaho.di.trans.steps.tableinput.TableInputMeta.getFields(TableInputMeta.java:275)
2026/06/30 14:21:53 - org.pentaho.di.trans.steps.tableinput.TableInputMeta@760ac834 - 	at org.pentaho.di.trans.TransMeta.getThisStepFields(TransMeta.java:2055)
2026/06/30 14:21:53 - org.pentaho.di.trans.steps.tableinput.TableInputMeta@760ac834 - 	at org.pentaho.di.trans.TransMeta.getStepFields(TransMeta.java:1873)
2026/06/30 14:21:53 - org.pentaho.di.trans.steps.tableinput.TableInputMeta@760ac834 - 	at org.pentaho.di.trans.TransMeta.getStepFields(TransMeta.java:1770)
2026/06/30 14:21:53 - org.pentaho.di.trans.steps.tableinput.TableInputMeta@760ac834 - 	at org.pentaho.di.trans.steps.tableinput.TableInputMeta.updateCachedRowMeta(TableInputMeta.java:340)
2026/06/30 14:21:53 - org.pentaho.di.trans.steps.tableinput.TableInputMeta@760ac834 - 	at org.pentaho.di.ui.trans.steps.tableinput.TableInputDialog.ok(TableInputDialog.java:566)
2026/06/30 14:21:53 - org.pentaho.di.trans.steps.tableinput.TableInputMeta@760ac834 - 	at org.pentaho.di.ui.trans.steps.tableinput.TableInputDialog.access$400(TableInputDialog.java:79)
2026/06/30 14:21:53 - org.pentaho.di.trans.steps.tableinput.TableInputMeta@760ac834 - 	at org.pentaho.di.ui.trans.steps.tableinput.TableInputDialog$12.handleEvent(TableInputDialog.java:417)
2026/06/30 14:21:53 - org.pentaho.di.trans.steps.tableinput.TableInputMeta@760ac834 - 	at org.eclipse.swt.widgets.EventTable.sendEvent(EventTable.java:89)
2026/06/30 14:21:53 - org.pentaho.di.trans.steps.tableinput.TableInputMeta@760ac834 - 	at org.eclipse.swt.widgets.Display.sendEvent(Display.java:4209)
2026/06/30 14:21:53 - org.pentaho.di.trans.steps.tableinput.TableInputMeta@760ac834 - 	at org.eclipse.swt.widgets.Widget.sendEvent(Widget.java:1037)
2026/06/30 14:21:53 - org.pentaho.di.trans.steps.tableinput.TableInputMeta@760ac834 - 	at org.eclipse.swt.widgets.Display.runDeferredEvents(Display.java:4026)
2026/06/30 14:21:53 - org.pentaho.di.trans.steps.tableinput.TableInputMeta@760ac834 - 	at org.eclipse.swt.widgets.Display.readAndDispatch(Display.java:3626)
2026/06/30 14:21:53 - org.pentaho.di.trans.steps.tableinput.TableInputMeta@760ac834 - 	at org.pentaho.di.ui.trans.steps.tableinput.TableInputDialog.open(TableInputDialog.java:463)
2026/06/30 14:21:53 - org.pentaho.di.trans.steps.tableinput.TableInputMeta@760ac834 - 	at org.pentaho.di.ui.spoon.delegates.SpoonStepsDelegate.editStep(SpoonStepsDelegate.java:120)
2026/06/30 14:21:53 - org.pentaho.di.trans.steps.tableinput.TableInputMeta@760ac834 - 	at org.pentaho.di.ui.spoon.Spoon.editStep(Spoon.java:9025)
2026/06/30 14:21:53 - org.pentaho.di.trans.steps.tableinput.TableInputMeta@760ac834 - 	at org.pentaho.di.ui.spoon.trans.TransGraph.editStep(TransGraph.java:3286)
2026/06/30 14:21:53 - org.pentaho.di.trans.steps.tableinput.TableInputMeta@760ac834 - 	at org.pentaho.di.ui.spoon.trans.TransGraph.mouseDoubleClick(TransGraph.java:784)
2026/06/30 14:21:53 - org.pentaho.di.trans.steps.tableinput.TableInputMeta@760ac834 - 	at org.eclipse.swt.widgets.TypedListener.handleEvent(TypedListener.java:200)
2026/06/30 14:21:53 - org.pentaho.di.trans.steps.tableinput.TableInputMeta@760ac834 - 	at org.eclipse.swt.widgets.EventTable.sendEvent(EventTable.java:89)
2026/06/30 14:21:53 - org.pentaho.di.trans.steps.tableinput.TableInputMeta@760ac834 - 	at org.eclipse.swt.widgets.Display.sendEvent(Display.java:4209)
2026/06/30 14:21:53 - org.pentaho.di.trans.steps.tableinput.TableInputMeta@760ac834 - 	at org.eclipse.swt.widgets.Widget.sendEvent(Widget.java:1037)
2026/06/30 14:21:53 - org.pentaho.di.trans.steps.tableinput.TableInputMeta@760ac834 - 	at org.eclipse.swt.widgets.Display.runDeferredEvents(Display.java:4026)
2026/06/30 14:21:53 - org.pentaho.di.trans.steps.tableinput.TableInputMeta@760ac834 - 	at org.eclipse.swt.widgets.Display.readAndDispatch(Display.java:3626)
2026/06/30 14:21:53 - org.pentaho.di.trans.steps.tableinput.TableInputMeta@760ac834 - 	at org.pentaho.di.ui.spoon.Spoon.readAndDispatch(Spoon.java:1432)
2026/06/30 14:21:53 - org.pentaho.di.trans.steps.tableinput.TableInputMeta@760ac834 - 	at org.pentaho.di.ui.spoon.Spoon.waitForDispose(Spoon.java:8160)
2026/06/30 14:21:53 - org.pentaho.di.trans.steps.tableinput.TableInputMeta@760ac834 - 	at org.pentaho.di.ui.spoon.Spoon.start(Spoon.java:9542)
2026/06/30 14:21:53 - org.pentaho.di.trans.steps.tableinput.TableInputMeta@760ac834 - 	at org.pentaho.di.ui.spoon.Spoon.main(Spoon.java:722)
2026/06/30 14:21:53 - org.pentaho.di.trans.steps.tableinput.TableInputMeta@760ac834 - 	at java.base/jdk.internal.reflect.DirectMethodHandleAccessor.invoke(DirectMethodHandleAccessor.java:104)
2026/06/30 14:21:53 - org.pentaho.di.trans.steps.tableinput.TableInputMeta@760ac834 - 	at java.base/java.lang.reflect.Method.invoke(Method.java:578)
2026/06/30 14:21:53 - org.pentaho.di.trans.steps.tableinput.TableInputMeta@760ac834 - 	at org.pentaho.commons.launcher.Launcher.main(Launcher.java:92)
2026/06/30 14:21:53 - org.pentaho.di.trans.steps.tableinput.TableInputMeta@760ac834 - Caused by: org.pentaho.di.core.exception.KettleDatabaseException: 
2026/06/30 14:21:53 - org.pentaho.di.trans.steps.tableinput.TableInputMeta@760ac834 - Error occurred while trying to connect to the database
2026/06/30 14:21:53 - org.pentaho.di.trans.steps.tableinput.TableInputMeta@760ac834 - 
2026/06/30 14:21:53 - org.pentaho.di.trans.steps.tableinput.TableInputMeta@760ac834 - Connection failed. Verify all connection parameters and confirm that the appropriate driver is installed.
2026/06/30 14:21:53 - org.pentaho.di.trans.steps.tableinput.TableInputMeta@760ac834 - El intento de conexión falló.
2026/06/30 14:21:53 - org.pentaho.di.trans.steps.tableinput.TableInputMeta@760ac834 - 
2026/06/30 14:21:53 - org.pentaho.di.trans.steps.tableinput.TableInputMeta@760ac834 - 
2026/06/30 14:21:53 - org.pentaho.di.trans.steps.tableinput.TableInputMeta@760ac834 - 	at org.pentaho.di.core.database.Database.normalConnect(Database.java:497)
2026/06/30 14:21:53 - org.pentaho.di.trans.steps.tableinput.TableInputMeta@760ac834 - 	at org.pentaho.di.core.database.Database.connect(Database.java:389)
2026/06/30 14:21:53 - org.pentaho.di.trans.steps.tableinput.TableInputMeta@760ac834 - 	at org.pentaho.di.core.database.Database.connect(Database.java:360)
2026/06/30 14:21:53 - org.pentaho.di.trans.steps.tableinput.TableInputMeta@760ac834 - 	at org.pentaho.di.core.database.Database.connect(Database.java:350)
2026/06/30 14:21:53 - org.pentaho.di.trans.steps.tableinput.TableInputMeta@760ac834 - 	at org.pentaho.di.trans.steps.tableinput.TableInputMeta.getFields(TableInputMeta.java:253)
2026/06/30 14:21:53 - org.pentaho.di.trans.steps.tableinput.TableInputMeta@760ac834 - 	... 30 more
2026/06/30 14:21:53 - org.pentaho.di.trans.steps.tableinput.TableInputMeta@760ac834 - Caused by: org.pentaho.di.core.exception.KettleDatabaseException: 
2026/06/30 14:21:53 - org.pentaho.di.trans.steps.tableinput.TableInputMeta@760ac834 - Connection failed. Verify all connection parameters and confirm that the appropriate driver is installed.
2026/06/30 14:21:53 - org.pentaho.di.trans.steps.tableinput.TableInputMeta@760ac834 - El intento de conexión falló.
2026/06/30 14:21:53 - org.pentaho.di.trans.steps.tableinput.TableInputMeta@760ac834 - 
2026/06/30 14:21:53 - org.pentaho.di.trans.steps.tableinput.TableInputMeta@760ac834 - 	at org.pentaho.di.core.database.Database.connectUsingClass(Database.java:605)
2026/06/30 14:21:53 - org.pentaho.di.trans.steps.tableinput.TableInputMeta@760ac834 - 	at org.pentaho.di.core.database.Database.normalConnect(Database.java:481)
2026/06/30 14:21:53 - org.pentaho.di.trans.steps.tableinput.TableInputMeta@760ac834 - 	... 34 more
2026/06/30 14:21:53 - org.pentaho.di.trans.steps.tableinput.TableInputMeta@760ac834 - Caused by: org.postgresql.util.PSQLException: El intento de conexión falló.
2026/06/30 14:21:53 - org.pentaho.di.trans.steps.tableinput.TableInputMeta@760ac834 - 	at org.postgresql.core.v3.ConnectionFactoryImpl.openConnectionImpl(ConnectionFactoryImpl.java:315)
2026/06/30 14:21:53 - org.pentaho.di.trans.steps.tableinput.TableInputMeta@760ac834 - 	at org.postgresql.core.ConnectionFactory.openConnection(ConnectionFactory.java:51)
2026/06/30 14:21:53 - org.pentaho.di.trans.steps.tableinput.TableInputMeta@760ac834 - 	at org.postgresql.jdbc.PgConnection.<init>(PgConnection.java:223)
2026/06/30 14:21:53 - org.pentaho.di.trans.steps.tableinput.TableInputMeta@760ac834 - 	at org.postgresql.Driver.makeConnection(Driver.java:465)
2026/06/30 14:21:53 - org.pentaho.di.trans.steps.tableinput.TableInputMeta@760ac834 - 	at org.postgresql.Driver.connect(Driver.java:264)
2026/06/30 14:21:53 - org.pentaho.di.trans.steps.tableinput.TableInputMeta@760ac834 - 	at java.sql/java.sql.DriverManager.getConnection(DriverManager.java:683)
2026/06/30 14:21:53 - org.pentaho.di.trans.steps.tableinput.TableInputMeta@760ac834 - 	at java.sql/java.sql.DriverManager.getConnection(DriverManager.java:191)
2026/06/30 14:21:53 - org.pentaho.di.trans.steps.tableinput.TableInputMeta@760ac834 - 	at org.pentaho.di.core.database.Database.connectUsingClass(Database.java:589)
2026/06/30 14:21:53 - org.pentaho.di.trans.steps.tableinput.TableInputMeta@760ac834 - 	... 35 more
2026/06/30 14:21:53 - org.pentaho.di.trans.steps.tableinput.TableInputMeta@760ac834 - Caused by: java.net.UnknownHostException: db_seguros
2026/06/30 14:21:53 - org.pentaho.di.trans.steps.tableinput.TableInputMeta@760ac834 - 	at java.base/sun.nio.ch.NioSocketImpl.connect(NioSocketImpl.java:560)
2026/06/30 14:21:53 - org.pentaho.di.trans.steps.tableinput.TableInputMeta@760ac834 - 	at java.base/java.net.SocksSocketImpl.connect(SocksSocketImpl.java:327)
2026/06/30 14:21:53 - org.pentaho.di.trans.steps.tableinput.TableInputMeta@760ac834 - 	at java.base/java.net.Socket.connect(Socket.java:666)
2026/06/30 14:21:53 - org.pentaho.di.trans.steps.tableinput.TableInputMeta@760ac834 - 	at org.postgresql.core.PGStream.createSocket(PGStream.java:231)
2026/06/30 14:21:53 - org.pentaho.di.trans.steps.tableinput.TableInputMeta@760ac834 - 	at org.postgresql.core.PGStream.<init>(PGStream.java:95)
2026/06/30 14:21:53 - org.pentaho.di.trans.steps.tableinput.TableInputMeta@760ac834 - 	at org.postgresql.core.v3.ConnectionFactoryImpl.tryConnect(ConnectionFactoryImpl.java:98)
2026/06/30 14:21:53 - org.pentaho.di.trans.steps.tableinput.TableInputMeta@760ac834 - 	at org.postgresql.core.v3.ConnectionFactoryImpl.openConnectionImpl(ConnectionFactoryImpl.java:213)
2026/06/30 14:21:53 - org.pentaho.di.trans.steps.tableinput.TableInputMeta@760ac834 - 	... 42 more
2026/06/30 14:22:01 - org.pentaho.di.trans.steps.tableinput.TableInputMeta@7305a443 - ERROR (version 9.4.0.0-343, build 0.0 from 2022-11-08 07.50.27 by buildguy) : Unexpected error fetching row meta data.
2026/06/30 14:22:01 - org.pentaho.di.trans.steps.tableinput.TableInputMeta@7305a443 - ERROR (version 9.4.0.0-343, build 0.0 from 2022-11-08 07.50.27 by buildguy) : org.pentaho.di.core.exception.KettleStepException: 
2026/06/30 14:22:01 - org.pentaho.di.trans.steps.tableinput.TableInputMeta@7305a443 - Unable to get queryfields for SQL: 
2026/06/30 14:22:01 - org.pentaho.di.trans.steps.tableinput.TableInputMeta@7305a443 - SELECT
  sk_dim_cliente
, cod_cliente
FROM seguro_dw_g26473471.dim_cliente

2026/06/30 14:22:01 - org.pentaho.di.trans.steps.tableinput.TableInputMeta@7305a443 - 
2026/06/30 14:22:01 - org.pentaho.di.trans.steps.tableinput.TableInputMeta@7305a443 - Error occurred while trying to connect to the database
2026/06/30 14:22:01 - org.pentaho.di.trans.steps.tableinput.TableInputMeta@7305a443 - 
2026/06/30 14:22:01 - org.pentaho.di.trans.steps.tableinput.TableInputMeta@7305a443 - Connection failed. Verify all connection parameters and confirm that the appropriate driver is installed.
2026/06/30 14:22:01 - org.pentaho.di.trans.steps.tableinput.TableInputMeta@7305a443 - El intento de conexión falló.
2026/06/30 14:22:01 - org.pentaho.di.trans.steps.tableinput.TableInputMeta@7305a443 - 
2026/06/30 14:22:01 - org.pentaho.di.trans.steps.tableinput.TableInputMeta@7305a443 - 
2026/06/30 14:22:01 - org.pentaho.di.trans.steps.tableinput.TableInputMeta@7305a443 - 
2026/06/30 14:22:01 - org.pentaho.di.trans.steps.tableinput.TableInputMeta@7305a443 - 	at org.pentaho.di.trans.steps.tableinput.TableInputMeta.getFields(TableInputMeta.java:275)
2026/06/30 14:22:01 - org.pentaho.di.trans.steps.tableinput.TableInputMeta@7305a443 - 	at org.pentaho.di.trans.TransMeta.getThisStepFields(TransMeta.java:2055)
2026/06/30 14:22:01 - org.pentaho.di.trans.steps.tableinput.TableInputMeta@7305a443 - 	at org.pentaho.di.trans.TransMeta.getStepFields(TransMeta.java:1873)
2026/06/30 14:22:01 - org.pentaho.di.trans.steps.tableinput.TableInputMeta@7305a443 - 	at org.pentaho.di.trans.TransMeta.getStepFields(TransMeta.java:1770)
2026/06/30 14:22:01 - org.pentaho.di.trans.steps.tableinput.TableInputMeta@7305a443 - 	at org.pentaho.di.trans.steps.tableinput.TableInputMeta.updateCachedRowMeta(TableInputMeta.java:340)
2026/06/30 14:22:01 - org.pentaho.di.trans.steps.tableinput.TableInputMeta@7305a443 - 	at org.pentaho.di.ui.trans.steps.tableinput.TableInputDialog.ok(TableInputDialog.java:566)
2026/06/30 14:22:01 - org.pentaho.di.trans.steps.tableinput.TableInputMeta@7305a443 - 	at org.pentaho.di.ui.trans.steps.tableinput.TableInputDialog.access$400(TableInputDialog.java:79)
2026/06/30 14:22:01 - org.pentaho.di.trans.steps.tableinput.TableInputMeta@7305a443 - 	at org.pentaho.di.ui.trans.steps.tableinput.TableInputDialog$12.handleEvent(TableInputDialog.java:417)
2026/06/30 14:22:01 - org.pentaho.di.trans.steps.tableinput.TableInputMeta@7305a443 - 	at org.eclipse.swt.widgets.EventTable.sendEvent(EventTable.java:89)
2026/06/30 14:22:01 - org.pentaho.di.trans.steps.tableinput.TableInputMeta@7305a443 - 	at org.eclipse.swt.widgets.Display.sendEvent(Display.java:4209)
2026/06/30 14:22:01 - org.pentaho.di.trans.steps.tableinput.TableInputMeta@7305a443 - 	at org.eclipse.swt.widgets.Widget.sendEvent(Widget.java:1037)
2026/06/30 14:22:01 - org.pentaho.di.trans.steps.tableinput.TableInputMeta@7305a443 - 	at org.eclipse.swt.widgets.Display.runDeferredEvents(Display.java:4026)
2026/06/30 14:22:01 - org.pentaho.di.trans.steps.tableinput.TableInputMeta@7305a443 - 	at org.eclipse.swt.widgets.Display.readAndDispatch(Display.java:3626)
2026/06/30 14:22:01 - org.pentaho.di.trans.steps.tableinput.TableInputMeta@7305a443 - 	at org.pentaho.di.ui.trans.steps.tableinput.TableInputDialog.open(TableInputDialog.java:463)
2026/06/30 14:22:01 - org.pentaho.di.trans.steps.tableinput.TableInputMeta@7305a443 - 	at org.pentaho.di.ui.spoon.delegates.SpoonStepsDelegate.editStep(SpoonStepsDelegate.java:120)
2026/06/30 14:22:01 - org.pentaho.di.trans.steps.tableinput.TableInputMeta@7305a443 - 	at org.pentaho.di.ui.spoon.Spoon.editStep(Spoon.java:9025)
2026/06/30 14:22:01 - org.pentaho.di.trans.steps.tableinput.TableInputMeta@7305a443 - 	at org.pentaho.di.ui.spoon.trans.TransGraph.editStep(TransGraph.java:3286)
2026/06/30 14:22:01 - org.pentaho.di.trans.steps.tableinput.TableInputMeta@7305a443 - 	at org.pentaho.di.ui.spoon.trans.TransGraph.mouseDoubleClick(TransGraph.java:784)
2026/06/30 14:22:01 - org.pentaho.di.trans.steps.tableinput.TableInputMeta@7305a443 - 	at org.eclipse.swt.widgets.TypedListener.handleEvent(TypedListener.java:200)
2026/06/30 14:22:01 - org.pentaho.di.trans.steps.tableinput.TableInputMeta@7305a443 - 	at org.eclipse.swt.widgets.EventTable.sendEvent(EventTable.java:89)
2026/06/30 14:22:01 - org.pentaho.di.trans.steps.tableinput.TableInputMeta@7305a443 - 	at org.eclipse.swt.widgets.Display.sendEvent(Display.java:4209)
2026/06/30 14:22:01 - org.pentaho.di.trans.steps.tableinput.TableInputMeta@7305a443 - 	at org.eclipse.swt.widgets.Widget.sendEvent(Widget.java:1037)
2026/06/30 14:22:01 - org.pentaho.di.trans.steps.tableinput.TableInputMeta@7305a443 - 	at org.eclipse.swt.widgets.Display.runDeferredEvents(Display.java:4026)
2026/06/30 14:22:01 - org.pentaho.di.trans.steps.tableinput.TableInputMeta@7305a443 - 	at org.eclipse.swt.widgets.Display.readAndDispatch(Display.java:3626)
2026/06/30 14:22:01 - org.pentaho.di.trans.steps.tableinput.TableInputMeta@7305a443 - 	at org.pentaho.di.ui.spoon.Spoon.readAndDispatch(Spoon.java:1432)
2026/06/30 14:22:01 - org.pentaho.di.trans.steps.tableinput.TableInputMeta@7305a443 - 	at org.pentaho.di.ui.spoon.Spoon.waitForDispose(Spoon.java:8160)
2026/06/30 14:22:01 - org.pentaho.di.trans.steps.tableinput.TableInputMeta@7305a443 - 	at org.pentaho.di.ui.spoon.Spoon.start(Spoon.java:9542)
2026/06/30 14:22:01 - org.pentaho.di.trans.steps.tableinput.TableInputMeta@7305a443 - 	at org.pentaho.di.ui.spoon.Spoon.main(Spoon.java:722)
2026/06/30 14:22:01 - org.pentaho.di.trans.steps.tableinput.TableInputMeta@7305a443 - 	at java.base/jdk.internal.reflect.DirectMethodHandleAccessor.invoke(DirectMethodHandleAccessor.java:104)
2026/06/30 14:22:01 - org.pentaho.di.trans.steps.tableinput.TableInputMeta@7305a443 - 	at java.base/java.lang.reflect.Method.invoke(Method.java:578)
2026/06/30 14:22:01 - org.pentaho.di.trans.steps.tableinput.TableInputMeta@7305a443 - 	at org.pentaho.commons.launcher.Launcher.main(Launcher.java:92)
2026/06/30 14:22:01 - org.pentaho.di.trans.steps.tableinput.TableInputMeta@7305a443 - Caused by: org.pentaho.di.core.exception.KettleDatabaseException: 
2026/06/30 14:22:01 - org.pentaho.di.trans.steps.tableinput.TableInputMeta@7305a443 - Error occurred while trying to connect to the database
2026/06/30 14:22:01 - org.pentaho.di.trans.steps.tableinput.TableInputMeta@7305a443 - 
2026/06/30 14:22:01 - org.pentaho.di.trans.steps.tableinput.TableInputMeta@7305a443 - Connection failed. Verify all connection parameters and confirm that the appropriate driver is installed.
2026/06/30 14:22:01 - org.pentaho.di.trans.steps.tableinput.TableInputMeta@7305a443 - El intento de conexión falló.
2026/06/30 14:22:01 - org.pentaho.di.trans.steps.tableinput.TableInputMeta@7305a443 - 
2026/06/30 14:22:01 - org.pentaho.di.trans.steps.tableinput.TableInputMeta@7305a443 - 
2026/06/30 14:22:01 - org.pentaho.di.trans.steps.tableinput.TableInputMeta@7305a443 - 	at org.pentaho.di.core.database.Database.normalConnect(Database.java:497)
2026/06/30 14:22:01 - org.pentaho.di.trans.steps.tableinput.TableInputMeta@7305a443 - 	at org.pentaho.di.core.database.Database.connect(Database.java:389)
2026/06/30 14:22:01 - org.pentaho.di.trans.steps.tableinput.TableInputMeta@7305a443 - 	at org.pentaho.di.core.database.Database.connect(Database.java:360)
2026/06/30 14:22:01 - org.pentaho.di.trans.steps.tableinput.TableInputMeta@7305a443 - 	at org.pentaho.di.core.database.Database.connect(Database.java:350)
2026/06/30 14:22:01 - org.pentaho.di.trans.steps.tableinput.TableInputMeta@7305a443 - 	at org.pentaho.di.trans.steps.tableinput.TableInputMeta.getFields(TableInputMeta.java:253)
2026/06/30 14:22:01 - org.pentaho.di.trans.steps.tableinput.TableInputMeta@7305a443 - 	... 30 more
2026/06/30 14:22:01 - org.pentaho.di.trans.steps.tableinput.TableInputMeta@7305a443 - Caused by: org.pentaho.di.core.exception.KettleDatabaseException: 
2026/06/30 14:22:01 - org.pentaho.di.trans.steps.tableinput.TableInputMeta@7305a443 - Connection failed. Verify all connection parameters and confirm that the appropriate driver is installed.
2026/06/30 14:22:01 - org.pentaho.di.trans.steps.tableinput.TableInputMeta@7305a443 - El intento de conexión falló.
2026/06/30 14:22:01 - org.pentaho.di.trans.steps.tableinput.TableInputMeta@7305a443 - 
2026/06/30 14:22:01 - org.pentaho.di.trans.steps.tableinput.TableInputMeta@7305a443 - 	at org.pentaho.di.core.database.Database.connectUsingClass(Database.java:605)
2026/06/30 14:22:01 - org.pentaho.di.trans.steps.tableinput.TableInputMeta@7305a443 - 	at org.pentaho.di.core.database.Database.normalConnect(Database.java:481)
2026/06/30 14:22:01 - org.pentaho.di.trans.steps.tableinput.TableInputMeta@7305a443 - 	... 34 more
2026/06/30 14:22:01 - org.pentaho.di.trans.steps.tableinput.TableInputMeta@7305a443 - Caused by: org.postgresql.util.PSQLException: El intento de conexión falló.
2026/06/30 14:22:01 - org.pentaho.di.trans.steps.tableinput.TableInputMeta@7305a443 - 	at org.postgresql.core.v3.ConnectionFactoryImpl.openConnectionImpl(ConnectionFactoryImpl.java:315)
2026/06/30 14:22:01 - org.pentaho.di.trans.steps.tableinput.TableInputMeta@7305a443 - 	at org.postgresql.core.ConnectionFactory.openConnection(ConnectionFactory.java:51)
2026/06/30 14:22:01 - org.pentaho.di.trans.steps.tableinput.TableInputMeta@7305a443 - 	at org.postgresql.jdbc.PgConnection.<init>(PgConnection.java:223)
2026/06/30 14:22:01 - org.pentaho.di.trans.steps.tableinput.TableInputMeta@7305a443 - 	at org.postgresql.Driver.makeConnection(Driver.java:465)
2026/06/30 14:22:01 - org.pentaho.di.trans.steps.tableinput.TableInputMeta@7305a443 - 	at org.postgresql.Driver.connect(Driver.java:264)
2026/06/30 14:22:01 - org.pentaho.di.trans.steps.tableinput.TableInputMeta@7305a443 - 	at java.sql/java.sql.DriverManager.getConnection(DriverManager.java:683)
2026/06/30 14:22:01 - org.pentaho.di.trans.steps.tableinput.TableInputMeta@7305a443 - 	at java.sql/java.sql.DriverManager.getConnection(DriverManager.java:191)
2026/06/30 14:22:01 - org.pentaho.di.trans.steps.tableinput.TableInputMeta@7305a443 - 	at org.pentaho.di.core.database.Database.connectUsingClass(Database.java:589)
2026/06/30 14:22:01 - org.pentaho.di.trans.steps.tableinput.TableInputMeta@7305a443 - 	... 35 more
2026/06/30 14:22:01 - org.pentaho.di.trans.steps.tableinput.TableInputMeta@7305a443 - Caused by: java.net.UnknownHostException: db_seguros
2026/06/30 14:22:01 - org.pentaho.di.trans.steps.tableinput.TableInputMeta@7305a443 - 	at java.base/sun.nio.ch.NioSocketImpl.connect(NioSocketImpl.java:560)
2026/06/30 14:22:01 - org.pentaho.di.trans.steps.tableinput.TableInputMeta@7305a443 - 	at java.base/java.net.SocksSocketImpl.connect(SocksSocketImpl.java:327)
2026/06/30 14:22:01 - org.pentaho.di.trans.steps.tableinput.TableInputMeta@7305a443 - 	at java.base/java.net.Socket.connect(Socket.java:666)
2026/06/30 14:22:01 - org.pentaho.di.trans.steps.tableinput.TableInputMeta@7305a443 - 	at org.postgresql.core.PGStream.createSocket(PGStream.java:231)
2026/06/30 14:22:01 - org.pentaho.di.trans.steps.tableinput.TableInputMeta@7305a443 - 	at org.postgresql.core.PGStream.<init>(PGStream.java:95)
2026/06/30 14:22:01 - org.pentaho.di.trans.steps.tableinput.TableInputMeta@7305a443 - 	at org.postgresql.core.v3.ConnectionFactoryImpl.tryConnect(ConnectionFactoryImpl.java:98)
2026/06/30 14:22:01 - org.pentaho.di.trans.steps.tableinput.TableInputMeta@7305a443 - 	at org.postgresql.core.v3.ConnectionFactoryImpl.openConnectionImpl(ConnectionFactoryImpl.java:213)
2026/06/30 14:22:01 - org.pentaho.di.trans.steps.tableinput.TableInputMeta@7305a443 - 	... 42 more
2026/06/30 14:22:04 - org.pentaho.di.trans.steps.tableinput.TableInputMeta@760ac834 - ERROR (version 9.4.0.0-343, build 0.0 from 2022-11-08 07.50.27 by buildguy) : Unexpected error fetching row meta data.
2026/06/30 14:22:04 - org.pentaho.di.trans.steps.tableinput.TableInputMeta@760ac834 - ERROR (version 9.4.0.0-343, build 0.0 from 2022-11-08 07.50.27 by buildguy) : org.pentaho.di.core.exception.KettleStepException: 
2026/06/30 14:22:04 - org.pentaho.di.trans.steps.tableinput.TableInputMeta@760ac834 - Unable to get queryfields for SQL: 
2026/06/30 14:22:04 - org.pentaho.di.trans.steps.tableinput.TableInputMeta@760ac834 - SELECT
  cod_cliente
, cod_sucursal
FROM seguro_g26473471.cliente

2026/06/30 14:22:04 - org.pentaho.di.trans.steps.tableinput.TableInputMeta@760ac834 - 
2026/06/30 14:22:04 - org.pentaho.di.trans.steps.tableinput.TableInputMeta@760ac834 - Error occurred while trying to connect to the database
2026/06/30 14:22:04 - org.pentaho.di.trans.steps.tableinput.TableInputMeta@760ac834 - 
2026/06/30 14:22:04 - org.pentaho.di.trans.steps.tableinput.TableInputMeta@760ac834 - Connection failed. Verify all connection parameters and confirm that the appropriate driver is installed.
2026/06/30 14:22:04 - org.pentaho.di.trans.steps.tableinput.TableInputMeta@760ac834 - El intento de conexión falló.
2026/06/30 14:22:04 - org.pentaho.di.trans.steps.tableinput.TableInputMeta@760ac834 - 
2026/06/30 14:22:04 - org.pentaho.di.trans.steps.tableinput.TableInputMeta@760ac834 - 
2026/06/30 14:22:04 - org.pentaho.di.trans.steps.tableinput.TableInputMeta@760ac834 - 
2026/06/30 14:22:04 - org.pentaho.di.trans.steps.tableinput.TableInputMeta@760ac834 - 	at org.pentaho.di.trans.steps.tableinput.TableInputMeta.getFields(TableInputMeta.java:275)
2026/06/30 14:22:04 - org.pentaho.di.trans.steps.tableinput.TableInputMeta@760ac834 - 	at org.pentaho.di.trans.TransMeta.getThisStepFields(TransMeta.java:2055)
2026/06/30 14:22:04 - org.pentaho.di.trans.steps.tableinput.TableInputMeta@760ac834 - 	at org.pentaho.di.trans.TransMeta.getStepFields(TransMeta.java:1873)
2026/06/30 14:22:04 - org.pentaho.di.trans.steps.tableinput.TableInputMeta@760ac834 - 	at org.pentaho.di.trans.TransMeta.getStepFields(TransMeta.java:1770)
2026/06/30 14:22:04 - org.pentaho.di.trans.steps.tableinput.TableInputMeta@760ac834 - 	at org.pentaho.di.trans.steps.tableinput.TableInputMeta.updateCachedRowMeta(TableInputMeta.java:340)
2026/06/30 14:22:04 - org.pentaho.di.trans.steps.tableinput.TableInputMeta@760ac834 - 	at org.pentaho.di.ui.trans.steps.tableinput.TableInputDialog.ok(TableInputDialog.java:566)
2026/06/30 14:22:04 - org.pentaho.di.trans.steps.tableinput.TableInputMeta@760ac834 - 	at org.pentaho.di.ui.trans.steps.tableinput.TableInputDialog.access$400(TableInputDialog.java:79)
2026/06/30 14:22:04 - org.pentaho.di.trans.steps.tableinput.TableInputMeta@760ac834 - 	at org.pentaho.di.ui.trans.steps.tableinput.TableInputDialog$12.handleEvent(TableInputDialog.java:417)
2026/06/30 14:22:04 - org.pentaho.di.trans.steps.tableinput.TableInputMeta@760ac834 - 	at org.eclipse.swt.widgets.EventTable.sendEvent(EventTable.java:89)
2026/06/30 14:22:04 - org.pentaho.di.trans.steps.tableinput.TableInputMeta@760ac834 - 	at org.eclipse.swt.widgets.Display.sendEvent(Display.java:4209)
2026/06/30 14:22:04 - org.pentaho.di.trans.steps.tableinput.TableInputMeta@760ac834 - 	at org.eclipse.swt.widgets.Widget.sendEvent(Widget.java:1037)
2026/06/30 14:22:04 - org.pentaho.di.trans.steps.tableinput.TableInputMeta@760ac834 - 	at org.eclipse.swt.widgets.Display.runDeferredEvents(Display.java:4026)
2026/06/30 14:22:04 - org.pentaho.di.trans.steps.tableinput.TableInputMeta@760ac834 - 	at org.eclipse.swt.widgets.Display.readAndDispatch(Display.java:3626)
2026/06/30 14:22:04 - org.pentaho.di.trans.steps.tableinput.TableInputMeta@760ac834 - 	at org.pentaho.di.ui.trans.steps.tableinput.TableInputDialog.open(TableInputDialog.java:463)
2026/06/30 14:22:04 - org.pentaho.di.trans.steps.tableinput.TableInputMeta@760ac834 - 	at org.pentaho.di.ui.spoon.delegates.SpoonStepsDelegate.editStep(SpoonStepsDelegate.java:120)
2026/06/30 14:22:04 - org.pentaho.di.trans.steps.tableinput.TableInputMeta@760ac834 - 	at org.pentaho.di.ui.spoon.Spoon.editStep(Spoon.java:9025)
2026/06/30 14:22:04 - org.pentaho.di.trans.steps.tableinput.TableInputMeta@760ac834 - 	at org.pentaho.di.ui.spoon.trans.TransGraph.editStep(TransGraph.java:3286)
2026/06/30 14:22:04 - org.pentaho.di.trans.steps.tableinput.TableInputMeta@760ac834 - 	at org.pentaho.di.ui.spoon.trans.TransGraph.mouseDoubleClick(TransGraph.java:784)
2026/06/30 14:22:04 - org.pentaho.di.trans.steps.tableinput.TableInputMeta@760ac834 - 	at org.eclipse.swt.widgets.TypedListener.handleEvent(TypedListener.java:200)
2026/06/30 14:22:04 - org.pentaho.di.trans.steps.tableinput.TableInputMeta@760ac834 - 	at org.eclipse.swt.widgets.EventTable.sendEvent(EventTable.java:89)
2026/06/30 14:22:04 - org.pentaho.di.trans.steps.tableinput.TableInputMeta@760ac834 - 	at org.eclipse.swt.widgets.Display.sendEvent(Display.java:4209)
2026/06/30 14:22:04 - org.pentaho.di.trans.steps.tableinput.TableInputMeta@760ac834 - 	at org.eclipse.swt.widgets.Widget.sendEvent(Widget.java:1037)
2026/06/30 14:22:04 - org.pentaho.di.trans.steps.tableinput.TableInputMeta@760ac834 - 	at org.eclipse.swt.widgets.Display.runDeferredEvents(Display.java:4026)
2026/06/30 14:22:04 - org.pentaho.di.trans.steps.tableinput.TableInputMeta@760ac834 - 	at org.eclipse.swt.widgets.Display.readAndDispatch(Display.java:3626)
2026/06/30 14:22:04 - org.pentaho.di.trans.steps.tableinput.TableInputMeta@760ac834 - 	at org.pentaho.di.ui.spoon.Spoon.readAndDispatch(Spoon.java:1432)
2026/06/30 14:22:04 - org.pentaho.di.trans.steps.tableinput.TableInputMeta@760ac834 - 	at org.pentaho.di.ui.spoon.Spoon.waitForDispose(Spoon.java:8160)
2026/06/30 14:22:04 - org.pentaho.di.trans.steps.tableinput.TableInputMeta@760ac834 - 	at org.pentaho.di.ui.spoon.Spoon.start(Spoon.java:9542)
2026/06/30 14:22:04 - org.pentaho.di.trans.steps.tableinput.TableInputMeta@760ac834 - 	at org.pentaho.di.ui.spoon.Spoon.main(Spoon.java:722)
2026/06/30 14:22:04 - org.pentaho.di.trans.steps.tableinput.TableInputMeta@760ac834 - 	at java.base/jdk.internal.reflect.DirectMethodHandleAccessor.invoke(DirectMethodHandleAccessor.java:104)
2026/06/30 14:22:04 - org.pentaho.di.trans.steps.tableinput.TableInputMeta@760ac834 - 	at java.base/java.lang.reflect.Method.invoke(Method.java:578)
2026/06/30 14:22:04 - org.pentaho.di.trans.steps.tableinput.TableInputMeta@760ac834 - 	at org.pentaho.commons.launcher.Launcher.main(Launcher.java:92)
2026/06/30 14:22:04 - org.pentaho.di.trans.steps.tableinput.TableInputMeta@760ac834 - Caused by: org.pentaho.di.core.exception.KettleDatabaseException: 
2026/06/30 14:22:04 - org.pentaho.di.trans.steps.tableinput.TableInputMeta@760ac834 - Error occurred while trying to connect to the database
2026/06/30 14:22:04 - org.pentaho.di.trans.steps.tableinput.TableInputMeta@760ac834 - 
2026/06/30 14:22:04 - org.pentaho.di.trans.steps.tableinput.TableInputMeta@760ac834 - Connection failed. Verify all connection parameters and confirm that the appropriate driver is installed.
2026/06/30 14:22:04 - org.pentaho.di.trans.steps.tableinput.TableInputMeta@760ac834 - El intento de conexión falló.
2026/06/30 14:22:04 - org.pentaho.di.trans.steps.tableinput.TableInputMeta@760ac834 - 
2026/06/30 14:22:04 - org.pentaho.di.trans.steps.tableinput.TableInputMeta@760ac834 - 
2026/06/30 14:22:04 - org.pentaho.di.trans.steps.tableinput.TableInputMeta@760ac834 - 	at org.pentaho.di.core.database.Database.normalConnect(Database.java:497)
2026/06/30 14:22:04 - org.pentaho.di.trans.steps.tableinput.TableInputMeta@760ac834 - 	at org.pentaho.di.core.database.Database.connect(Database.java:389)
2026/06/30 14:22:04 - org.pentaho.di.trans.steps.tableinput.TableInputMeta@760ac834 - 	at org.pentaho.di.core.database.Database.connect(Database.java:360)
2026/06/30 14:22:04 - org.pentaho.di.trans.steps.tableinput.TableInputMeta@760ac834 - 	at org.pentaho.di.core.database.Database.connect(Database.java:350)
2026/06/30 14:22:04 - org.pentaho.di.trans.steps.tableinput.TableInputMeta@760ac834 - 	at org.pentaho.di.trans.steps.tableinput.TableInputMeta.getFields(TableInputMeta.java:253)
2026/06/30 14:22:04 - org.pentaho.di.trans.steps.tableinput.TableInputMeta@760ac834 - 	... 30 more
2026/06/30 14:22:04 - org.pentaho.di.trans.steps.tableinput.TableInputMeta@760ac834 - Caused by: org.pentaho.di.core.exception.KettleDatabaseException: 
2026/06/30 14:22:04 - org.pentaho.di.trans.steps.tableinput.TableInputMeta@760ac834 - Connection failed. Verify all connection parameters and confirm that the appropriate driver is installed.
2026/06/30 14:22:04 - org.pentaho.di.trans.steps.tableinput.TableInputMeta@760ac834 - El intento de conexión falló.
2026/06/30 14:22:04 - org.pentaho.di.trans.steps.tableinput.TableInputMeta@760ac834 - 
2026/06/30 14:22:04 - org.pentaho.di.trans.steps.tableinput.TableInputMeta@760ac834 - 	at org.pentaho.di.core.database.Database.connectUsingClass(Database.java:605)
2026/06/30 14:22:04 - org.pentaho.di.trans.steps.tableinput.TableInputMeta@760ac834 - 	at org.pentaho.di.core.database.Database.normalConnect(Database.java:481)
2026/06/30 14:22:04 - org.pentaho.di.trans.steps.tableinput.TableInputMeta@760ac834 - 	... 34 more
2026/06/30 14:22:04 - org.pentaho.di.trans.steps.tableinput.TableInputMeta@760ac834 - Caused by: org.postgresql.util.PSQLException: El intento de conexión falló.
2026/06/30 14:22:04 - org.pentaho.di.trans.steps.tableinput.TableInputMeta@760ac834 - 	at org.postgresql.core.v3.ConnectionFactoryImpl.openConnectionImpl(ConnectionFactoryImpl.java:315)
2026/06/30 14:22:04 - org.pentaho.di.trans.steps.tableinput.TableInputMeta@760ac834 - 	at org.postgresql.core.ConnectionFactory.openConnection(ConnectionFactory.java:51)
2026/06/30 14:22:04 - org.pentaho.di.trans.steps.tableinput.TableInputMeta@760ac834 - 	at org.postgresql.jdbc.PgConnection.<init>(PgConnection.java:223)
2026/06/30 14:22:04 - org.pentaho.di.trans.steps.tableinput.TableInputMeta@760ac834 - 	at org.postgresql.Driver.makeConnection(Driver.java:465)
2026/06/30 14:22:04 - org.pentaho.di.trans.steps.tableinput.TableInputMeta@760ac834 - 	at org.postgresql.Driver.connect(Driver.java:264)
2026/06/30 14:22:04 - org.pentaho.di.trans.steps.tableinput.TableInputMeta@760ac834 - 	at java.sql/java.sql.DriverManager.getConnection(DriverManager.java:683)
2026/06/30 14:22:04 - org.pentaho.di.trans.steps.tableinput.TableInputMeta@760ac834 - 	at java.sql/java.sql.DriverManager.getConnection(DriverManager.java:191)
2026/06/30 14:22:04 - org.pentaho.di.trans.steps.tableinput.TableInputMeta@760ac834 - 	at org.pentaho.di.core.database.Database.connectUsingClass(Database.java:589)
2026/06/30 14:22:04 - org.pentaho.di.trans.steps.tableinput.TableInputMeta@760ac834 - 	... 35 more
2026/06/30 14:22:04 - org.pentaho.di.trans.steps.tableinput.TableInputMeta@760ac834 - Caused by: java.net.UnknownHostException: db_seguros
2026/06/30 14:22:04 - org.pentaho.di.trans.steps.tableinput.TableInputMeta@760ac834 - 	at java.base/sun.nio.ch.NioSocketImpl.connect(NioSocketImpl.java:560)
2026/06/30 14:22:04 - org.pentaho.di.trans.steps.tableinput.TableInputMeta@760ac834 - 	at java.base/java.net.SocksSocketImpl.connect(SocksSocketImpl.java:327)
2026/06/30 14:22:04 - org.pentaho.di.trans.steps.tableinput.TableInputMeta@760ac834 - 	at java.base/java.net.Socket.connect(Socket.java:666)
2026/06/30 14:22:04 - org.pentaho.di.trans.steps.tableinput.TableInputMeta@760ac834 - 	at org.postgresql.core.PGStream.createSocket(PGStream.java:231)
2026/06/30 14:22:04 - org.pentaho.di.trans.steps.tableinput.TableInputMeta@760ac834 - 	at org.postgresql.core.PGStream.<init>(PGStream.java:95)
2026/06/30 14:22:04 - org.pentaho.di.trans.steps.tableinput.TableInputMeta@760ac834 - 	at org.postgresql.core.v3.ConnectionFactoryImpl.tryConnect(ConnectionFactoryImpl.java:98)
2026/06/30 14:22:04 - org.pentaho.di.trans.steps.tableinput.TableInputMeta@760ac834 - 	at org.postgresql.core.v3.ConnectionFactoryImpl.openConnectionImpl(ConnectionFactoryImpl.java:213)
2026/06/30 14:22:04 - org.pentaho.di.trans.steps.tableinput.TableInputMeta@760ac834 - 	... 42 more
2026/06/30 14:22:07 - org.pentaho.di.trans.steps.tableinput.TableInputMeta@4512f5f1 - ERROR (version 9.4.0.0-343, build 0.0 from 2022-11-08 07.50.27 by buildguy) : Unexpected error fetching row meta data.
2026/06/30 14:22:07 - org.pentaho.di.trans.steps.tableinput.TableInputMeta@4512f5f1 - ERROR (version 9.4.0.0-343, build 0.0 from 2022-11-08 07.50.27 by buildguy) : org.pentaho.di.core.exception.KettleStepException: 
2026/06/30 14:22:07 - org.pentaho.di.trans.steps.tableinput.TableInputMeta@4512f5f1 - Unable to get queryfields for SQL: 
2026/06/30 14:22:07 - org.pentaho.di.trans.steps.tableinput.TableInputMeta@4512f5f1 - SELECT
  sk_dim_contrato
, nro_contrato
, descrip_contrato
FROM seguro_dw_g26473471.dim_contrato

2026/06/30 14:22:07 - org.pentaho.di.trans.steps.tableinput.TableInputMeta@4512f5f1 - 
2026/06/30 14:22:07 - org.pentaho.di.trans.steps.tableinput.TableInputMeta@4512f5f1 - Error occurred while trying to connect to the database
2026/06/30 14:22:07 - org.pentaho.di.trans.steps.tableinput.TableInputMeta@4512f5f1 - 
2026/06/30 14:22:07 - org.pentaho.di.trans.steps.tableinput.TableInputMeta@4512f5f1 - Connection failed. Verify all connection parameters and confirm that the appropriate driver is installed.
2026/06/30 14:22:07 - org.pentaho.di.trans.steps.tableinput.TableInputMeta@4512f5f1 - El intento de conexión falló.
2026/06/30 14:22:07 - org.pentaho.di.trans.steps.tableinput.TableInputMeta@4512f5f1 - 
2026/06/30 14:22:07 - org.pentaho.di.trans.steps.tableinput.TableInputMeta@4512f5f1 - 
2026/06/30 14:22:07 - org.pentaho.di.trans.steps.tableinput.TableInputMeta@4512f5f1 - 
2026/06/30 14:22:07 - org.pentaho.di.trans.steps.tableinput.TableInputMeta@4512f5f1 - 	at org.pentaho.di.trans.steps.tableinput.TableInputMeta.getFields(TableInputMeta.java:275)
2026/06/30 14:22:07 - org.pentaho.di.trans.steps.tableinput.TableInputMeta@4512f5f1 - 	at org.pentaho.di.trans.TransMeta.getThisStepFields(TransMeta.java:2055)
2026/06/30 14:22:07 - org.pentaho.di.trans.steps.tableinput.TableInputMeta@4512f5f1 - 	at org.pentaho.di.trans.TransMeta.getStepFields(TransMeta.java:1873)
2026/06/30 14:22:07 - org.pentaho.di.trans.steps.tableinput.TableInputMeta@4512f5f1 - 	at org.pentaho.di.trans.TransMeta.getStepFields(TransMeta.java:1770)
2026/06/30 14:22:07 - org.pentaho.di.trans.steps.tableinput.TableInputMeta@4512f5f1 - 	at org.pentaho.di.trans.steps.tableinput.TableInputMeta.updateCachedRowMeta(TableInputMeta.java:340)
2026/06/30 14:22:07 - org.pentaho.di.trans.steps.tableinput.TableInputMeta@4512f5f1 - 	at org.pentaho.di.ui.trans.steps.tableinput.TableInputDialog.ok(TableInputDialog.java:566)
2026/06/30 14:22:07 - org.pentaho.di.trans.steps.tableinput.TableInputMeta@4512f5f1 - 	at org.pentaho.di.ui.trans.steps.tableinput.TableInputDialog.access$400(TableInputDialog.java:79)
2026/06/30 14:22:07 - org.pentaho.di.trans.steps.tableinput.TableInputMeta@4512f5f1 - 	at org.pentaho.di.ui.trans.steps.tableinput.TableInputDialog$12.handleEvent(TableInputDialog.java:417)
2026/06/30 14:22:07 - org.pentaho.di.trans.steps.tableinput.TableInputMeta@4512f5f1 - 	at org.eclipse.swt.widgets.EventTable.sendEvent(EventTable.java:89)
2026/06/30 14:22:07 - org.pentaho.di.trans.steps.tableinput.TableInputMeta@4512f5f1 - 	at org.eclipse.swt.widgets.Display.sendEvent(Display.java:4209)
2026/06/30 14:22:07 - org.pentaho.di.trans.steps.tableinput.TableInputMeta@4512f5f1 - 	at org.eclipse.swt.widgets.Widget.sendEvent(Widget.java:1037)
2026/06/30 14:22:07 - org.pentaho.di.trans.steps.tableinput.TableInputMeta@4512f5f1 - 	at org.eclipse.swt.widgets.Display.runDeferredEvents(Display.java:4026)
2026/06/30 14:22:07 - org.pentaho.di.trans.steps.tableinput.TableInputMeta@4512f5f1 - 	at org.eclipse.swt.widgets.Display.readAndDispatch(Display.java:3626)
2026/06/30 14:22:07 - org.pentaho.di.trans.steps.tableinput.TableInputMeta@4512f5f1 - 	at org.pentaho.di.ui.trans.steps.tableinput.TableInputDialog.open(TableInputDialog.java:463)
2026/06/30 14:22:07 - org.pentaho.di.trans.steps.tableinput.TableInputMeta@4512f5f1 - 	at org.pentaho.di.ui.spoon.delegates.SpoonStepsDelegate.editStep(SpoonStepsDelegate.java:120)
2026/06/30 14:22:07 - org.pentaho.di.trans.steps.tableinput.TableInputMeta@4512f5f1 - 	at org.pentaho.di.ui.spoon.Spoon.editStep(Spoon.java:9025)
2026/06/30 14:22:07 - org.pentaho.di.trans.steps.tableinput.TableInputMeta@4512f5f1 - 	at org.pentaho.di.ui.spoon.trans.TransGraph.editStep(TransGraph.java:3286)
2026/06/30 14:22:07 - org.pentaho.di.trans.steps.tableinput.TableInputMeta@4512f5f1 - 	at org.pentaho.di.ui.spoon.trans.TransGraph.mouseDoubleClick(TransGraph.java:784)
2026/06/30 14:22:07 - org.pentaho.di.trans.steps.tableinput.TableInputMeta@4512f5f1 - 	at org.eclipse.swt.widgets.TypedListener.handleEvent(TypedListener.java:200)
2026/06/30 14:22:07 - org.pentaho.di.trans.steps.tableinput.TableInputMeta@4512f5f1 - 	at org.eclipse.swt.widgets.EventTable.sendEvent(EventTable.java:89)
2026/06/30 14:22:07 - org.pentaho.di.trans.steps.tableinput.TableInputMeta@4512f5f1 - 	at org.eclipse.swt.widgets.Display.sendEvent(Display.java:4209)
2026/06/30 14:22:07 - org.pentaho.di.trans.steps.tableinput.TableInputMeta@4512f5f1 - 	at org.eclipse.swt.widgets.Widget.sendEvent(Widget.java:1037)
2026/06/30 14:22:07 - org.pentaho.di.trans.steps.tableinput.TableInputMeta@4512f5f1 - 	at org.eclipse.swt.widgets.Display.runDeferredEvents(Display.java:4026)
2026/06/30 14:22:07 - org.pentaho.di.trans.steps.tableinput.TableInputMeta@4512f5f1 - 	at org.eclipse.swt.widgets.Display.readAndDispatch(Display.java:3626)
2026/06/30 14:22:07 - org.pentaho.di.trans.steps.tableinput.TableInputMeta@4512f5f1 - 	at org.pentaho.di.ui.spoon.Spoon.readAndDispatch(Spoon.java:1432)
2026/06/30 14:22:07 - org.pentaho.di.trans.steps.tableinput.TableInputMeta@4512f5f1 - 	at org.pentaho.di.ui.spoon.Spoon.waitForDispose(Spoon.java:8160)
2026/06/30 14:22:07 - org.pentaho.di.trans.steps.tableinput.TableInputMeta@4512f5f1 - 	at org.pentaho.di.ui.spoon.Spoon.start(Spoon.java:9542)
2026/06/30 14:22:07 - org.pentaho.di.trans.steps.tableinput.TableInputMeta@4512f5f1 - 	at org.pentaho.di.ui.spoon.Spoon.main(Spoon.java:722)
2026/06/30 14:22:07 - org.pentaho.di.trans.steps.tableinput.TableInputMeta@4512f5f1 - 	at java.base/jdk.internal.reflect.DirectMethodHandleAccessor.invoke(DirectMethodHandleAccessor.java:104)
2026/06/30 14:22:07 - org.pentaho.di.trans.steps.tableinput.TableInputMeta@4512f5f1 - 	at java.base/java.lang.reflect.Method.invoke(Method.java:578)
2026/06/30 14:22:07 - org.pentaho.di.trans.steps.tableinput.TableInputMeta@4512f5f1 - 	at org.pentaho.commons.launcher.Launcher.main(Launcher.java:92)
2026/06/30 14:22:07 - org.pentaho.di.trans.steps.tableinput.TableInputMeta@4512f5f1 - Caused by: org.pentaho.di.core.exception.KettleDatabaseException: 
2026/06/30 14:22:07 - org.pentaho.di.trans.steps.tableinput.TableInputMeta@4512f5f1 - Error occurred while trying to connect to the database
2026/06/30 14:22:07 - org.pentaho.di.trans.steps.tableinput.TableInputMeta@4512f5f1 - 
2026/06/30 14:22:07 - org.pentaho.di.trans.steps.tableinput.TableInputMeta@4512f5f1 - Connection failed. Verify all connection parameters and confirm that the appropriate driver is installed.
2026/06/30 14:22:07 - org.pentaho.di.trans.steps.tableinput.TableInputMeta@4512f5f1 - El intento de conexión falló.
2026/06/30 14:22:07 - org.pentaho.di.trans.steps.tableinput.TableInputMeta@4512f5f1 - 
2026/06/30 14:22:07 - org.pentaho.di.trans.steps.tableinput.TableInputMeta@4512f5f1 - 
2026/06/30 14:22:07 - org.pentaho.di.trans.steps.tableinput.TableInputMeta@4512f5f1 - 	at org.pentaho.di.core.database.Database.normalConnect(Database.java:497)
2026/06/30 14:22:07 - org.pentaho.di.trans.steps.tableinput.TableInputMeta@4512f5f1 - 	at org.pentaho.di.core.database.Database.connect(Database.java:389)
2026/06/30 14:22:07 - org.pentaho.di.trans.steps.tableinput.TableInputMeta@4512f5f1 - 	at org.pentaho.di.core.database.Database.connect(Database.java:360)
2026/06/30 14:22:07 - org.pentaho.di.trans.steps.tableinput.TableInputMeta@4512f5f1 - 	at org.pentaho.di.core.database.Database.connect(Database.java:350)
2026/06/30 14:22:07 - org.pentaho.di.trans.steps.tableinput.TableInputMeta@4512f5f1 - 	at org.pentaho.di.trans.steps.tableinput.TableInputMeta.getFields(TableInputMeta.java:253)
2026/06/30 14:22:07 - org.pentaho.di.trans.steps.tableinput.TableInputMeta@4512f5f1 - 	... 30 more
2026/06/30 14:22:07 - org.pentaho.di.trans.steps.tableinput.TableInputMeta@4512f5f1 - Caused by: org.pentaho.di.core.exception.KettleDatabaseException: 
2026/06/30 14:22:07 - org.pentaho.di.trans.steps.tableinput.TableInputMeta@4512f5f1 - Connection failed. Verify all connection parameters and confirm that the appropriate driver is installed.
2026/06/30 14:22:07 - org.pentaho.di.trans.steps.tableinput.TableInputMeta@4512f5f1 - El intento de conexión falló.
2026/06/30 14:22:07 - org.pentaho.di.trans.steps.tableinput.TableInputMeta@4512f5f1 - 
2026/06/30 14:22:07 - org.pentaho.di.trans.steps.tableinput.TableInputMeta@4512f5f1 - 	at org.pentaho.di.core.database.Database.connectUsingClass(Database.java:605)
2026/06/30 14:22:07 - org.pentaho.di.trans.steps.tableinput.TableInputMeta@4512f5f1 - 	at org.pentaho.di.core.database.Database.normalConnect(Database.java:481)
2026/06/30 14:22:07 - org.pentaho.di.trans.steps.tableinput.TableInputMeta@4512f5f1 - 	... 34 more
2026/06/30 14:22:07 - org.pentaho.di.trans.steps.tableinput.TableInputMeta@4512f5f1 - Caused by: org.postgresql.util.PSQLException: El intento de conexión falló.
2026/06/30 14:22:07 - org.pentaho.di.trans.steps.tableinput.TableInputMeta@4512f5f1 - 	at org.postgresql.core.v3.ConnectionFactoryImpl.openConnectionImpl(ConnectionFactoryImpl.java:315)
2026/06/30 14:22:07 - org.pentaho.di.trans.steps.tableinput.TableInputMeta@4512f5f1 - 	at org.postgresql.core.ConnectionFactory.openConnection(ConnectionFactory.java:51)
2026/06/30 14:22:07 - org.pentaho.di.trans.steps.tableinput.TableInputMeta@4512f5f1 - 	at org.postgresql.jdbc.PgConnection.<init>(PgConnection.java:223)
2026/06/30 14:22:07 - org.pentaho.di.trans.steps.tableinput.TableInputMeta@4512f5f1 - 	at org.postgresql.Driver.makeConnection(Driver.java:465)
2026/06/30 14:22:07 - org.pentaho.di.trans.steps.tableinput.TableInputMeta@4512f5f1 - 	at org.postgresql.Driver.connect(Driver.java:264)
2026/06/30 14:22:07 - org.pentaho.di.trans.steps.tableinput.TableInputMeta@4512f5f1 - 	at java.sql/java.sql.DriverManager.getConnection(DriverManager.java:683)
2026/06/30 14:22:07 - org.pentaho.di.trans.steps.tableinput.TableInputMeta@4512f5f1 - 	at java.sql/java.sql.DriverManager.getConnection(DriverManager.java:191)
2026/06/30 14:22:07 - org.pentaho.di.trans.steps.tableinput.TableInputMeta@4512f5f1 - 	at org.pentaho.di.core.database.Database.connectUsingClass(Database.java:589)
2026/06/30 14:22:07 - org.pentaho.di.trans.steps.tableinput.TableInputMeta@4512f5f1 - 	... 35 more
2026/06/30 14:22:07 - org.pentaho.di.trans.steps.tableinput.TableInputMeta@4512f5f1 - Caused by: java.net.UnknownHostException: db_seguros
2026/06/30 14:22:07 - org.pentaho.di.trans.steps.tableinput.TableInputMeta@4512f5f1 - 	at java.base/sun.nio.ch.NioSocketImpl.connect(NioSocketImpl.java:560)
2026/06/30 14:22:07 - org.pentaho.di.trans.steps.tableinput.TableInputMeta@4512f5f1 - 	at java.base/java.net.SocksSocketImpl.connect(SocksSocketImpl.java:327)
2026/06/30 14:22:07 - org.pentaho.di.trans.steps.tableinput.TableInputMeta@4512f5f1 - 	at java.base/java.net.Socket.connect(Socket.java:666)
2026/06/30 14:22:07 - org.pentaho.di.trans.steps.tableinput.TableInputMeta@4512f5f1 - 	at org.postgresql.core.PGStream.createSocket(PGStream.java:231)
2026/06/30 14:22:07 - org.pentaho.di.trans.steps.tableinput.TableInputMeta@4512f5f1 - 	at org.postgresql.core.PGStream.<init>(PGStream.java:95)
2026/06/30 14:22:07 - org.pentaho.di.trans.steps.tableinput.TableInputMeta@4512f5f1 - 	at org.postgresql.core.v3.ConnectionFactoryImpl.tryConnect(ConnectionFactoryImpl.java:98)
2026/06/30 14:22:07 - org.pentaho.di.trans.steps.tableinput.TableInputMeta@4512f5f1 - 	at org.postgresql.core.v3.ConnectionFactoryImpl.openConnectionImpl(ConnectionFactoryImpl.java:213)
2026/06/30 14:22:07 - org.pentaho.di.trans.steps.tableinput.TableInputMeta@4512f5f1 - 	... 42 more
2026/06/30 14:22:15 - org.pentaho.di.trans.steps.tableinput.TableInputMeta@7bc239db - ERROR (version 9.4.0.0-343, build 0.0 from 2022-11-08 07.50.27 by buildguy) : Unexpected error fetching row meta data.
2026/06/30 14:22:15 - org.pentaho.di.trans.steps.tableinput.TableInputMeta@7bc239db - ERROR (version 9.4.0.0-343, build 0.0 from 2022-11-08 07.50.27 by buildguy) : org.pentaho.di.core.exception.KettleStepException: 
2026/06/30 14:22:15 - org.pentaho.di.trans.steps.tableinput.TableInputMeta@7bc239db - Unable to get queryfields for SQL: 
2026/06/30 14:22:15 - org.pentaho.di.trans.steps.tableinput.TableInputMeta@7bc239db - SELECT
  sk_dim_sucursal
, cod_sucursal

FROM seguro_dw_g26473471.dim_sucursal

2026/06/30 14:22:15 - org.pentaho.di.trans.steps.tableinput.TableInputMeta@7bc239db - 
2026/06/30 14:22:15 - org.pentaho.di.trans.steps.tableinput.TableInputMeta@7bc239db - Error occurred while trying to connect to the database
2026/06/30 14:22:15 - org.pentaho.di.trans.steps.tableinput.TableInputMeta@7bc239db - 
2026/06/30 14:22:15 - org.pentaho.di.trans.steps.tableinput.TableInputMeta@7bc239db - Connection failed. Verify all connection parameters and confirm that the appropriate driver is installed.
2026/06/30 14:22:15 - org.pentaho.di.trans.steps.tableinput.TableInputMeta@7bc239db - El intento de conexión falló.
2026/06/30 14:22:15 - org.pentaho.di.trans.steps.tableinput.TableInputMeta@7bc239db - 
2026/06/30 14:22:15 - org.pentaho.di.trans.steps.tableinput.TableInputMeta@7bc239db - 
2026/06/30 14:22:15 - org.pentaho.di.trans.steps.tableinput.TableInputMeta@7bc239db - 
2026/06/30 14:22:15 - org.pentaho.di.trans.steps.tableinput.TableInputMeta@7bc239db - 	at org.pentaho.di.trans.steps.tableinput.TableInputMeta.getFields(TableInputMeta.java:275)
2026/06/30 14:22:15 - org.pentaho.di.trans.steps.tableinput.TableInputMeta@7bc239db - 	at org.pentaho.di.trans.TransMeta.getThisStepFields(TransMeta.java:2055)
2026/06/30 14:22:15 - org.pentaho.di.trans.steps.tableinput.TableInputMeta@7bc239db - 	at org.pentaho.di.trans.TransMeta.getStepFields(TransMeta.java:1873)
2026/06/30 14:22:15 - org.pentaho.di.trans.steps.tableinput.TableInputMeta@7bc239db - 	at org.pentaho.di.trans.TransMeta.getStepFields(TransMeta.java:1770)
2026/06/30 14:22:15 - org.pentaho.di.trans.steps.tableinput.TableInputMeta@7bc239db - 	at org.pentaho.di.trans.steps.tableinput.TableInputMeta.updateCachedRowMeta(TableInputMeta.java:340)
2026/06/30 14:22:15 - org.pentaho.di.trans.steps.tableinput.TableInputMeta@7bc239db - 	at org.pentaho.di.ui.trans.steps.tableinput.TableInputDialog.ok(TableInputDialog.java:566)
2026/06/30 14:22:15 - org.pentaho.di.trans.steps.tableinput.TableInputMeta@7bc239db - 	at org.pentaho.di.ui.trans.steps.tableinput.TableInputDialog.access$400(TableInputDialog.java:79)
2026/06/30 14:22:15 - org.pentaho.di.trans.steps.tableinput.TableInputMeta@7bc239db - 	at org.pentaho.di.ui.trans.steps.tableinput.TableInputDialog$12.handleEvent(TableInputDialog.java:417)
2026/06/30 14:22:15 - org.pentaho.di.trans.steps.tableinput.TableInputMeta@7bc239db - 	at org.eclipse.swt.widgets.EventTable.sendEvent(EventTable.java:89)
2026/06/30 14:22:15 - org.pentaho.di.trans.steps.tableinput.TableInputMeta@7bc239db - 	at org.eclipse.swt.widgets.Display.sendEvent(Display.java:4209)
2026/06/30 14:22:15 - org.pentaho.di.trans.steps.tableinput.TableInputMeta@7bc239db - 	at org.eclipse.swt.widgets.Widget.sendEvent(Widget.java:1037)
2026/06/30 14:22:15 - org.pentaho.di.trans.steps.tableinput.TableInputMeta@7bc239db - 	at org.eclipse.swt.widgets.Display.runDeferredEvents(Display.java:4026)
2026/06/30 14:22:15 - org.pentaho.di.trans.steps.tableinput.TableInputMeta@7bc239db - 	at org.eclipse.swt.widgets.Display.readAndDispatch(Display.java:3626)
2026/06/30 14:22:15 - org.pentaho.di.trans.steps.tableinput.TableInputMeta@7bc239db - 	at org.pentaho.di.ui.trans.steps.tableinput.TableInputDialog.open(TableInputDialog.java:463)
2026/06/30 14:22:15 - org.pentaho.di.trans.steps.tableinput.TableInputMeta@7bc239db - 	at org.pentaho.di.ui.spoon.delegates.SpoonStepsDelegate.editStep(SpoonStepsDelegate.java:120)
2026/06/30 14:22:15 - org.pentaho.di.trans.steps.tableinput.TableInputMeta@7bc239db - 	at org.pentaho.di.ui.spoon.Spoon.editStep(Spoon.java:9025)
2026/06/30 14:22:15 - org.pentaho.di.trans.steps.tableinput.TableInputMeta@7bc239db - 	at org.pentaho.di.ui.spoon.trans.TransGraph.editStep(TransGraph.java:3286)
2026/06/30 14:22:15 - org.pentaho.di.trans.steps.tableinput.TableInputMeta@7bc239db - 	at org.pentaho.di.ui.spoon.trans.TransGraph.mouseDoubleClick(TransGraph.java:784)
2026/06/30 14:22:15 - org.pentaho.di.trans.steps.tableinput.TableInputMeta@7bc239db - 	at org.eclipse.swt.widgets.TypedListener.handleEvent(TypedListener.java:200)
2026/06/30 14:22:15 - org.pentaho.di.trans.steps.tableinput.TableInputMeta@7bc239db - 	at org.eclipse.swt.widgets.EventTable.sendEvent(EventTable.java:89)
2026/06/30 14:22:15 - org.pentaho.di.trans.steps.tableinput.TableInputMeta@7bc239db - 	at org.eclipse.swt.widgets.Display.sendEvent(Display.java:4209)
2026/06/30 14:22:15 - org.pentaho.di.trans.steps.tableinput.TableInputMeta@7bc239db - 	at org.eclipse.swt.widgets.Widget.sendEvent(Widget.java:1037)
2026/06/30 14:22:15 - org.pentaho.di.trans.steps.tableinput.TableInputMeta@7bc239db - 	at org.eclipse.swt.widgets.Display.runDeferredEvents(Display.java:4026)
2026/06/30 14:22:15 - org.pentaho.di.trans.steps.tableinput.TableInputMeta@7bc239db - 	at org.eclipse.swt.widgets.Display.readAndDispatch(Display.java:3626)
2026/06/30 14:22:15 - org.pentaho.di.trans.steps.tableinput.TableInputMeta@7bc239db - 	at org.pentaho.di.ui.spoon.Spoon.readAndDispatch(Spoon.java:1432)
2026/06/30 14:22:15 - org.pentaho.di.trans.steps.tableinput.TableInputMeta@7bc239db - 	at org.pentaho.di.ui.spoon.Spoon.waitForDispose(Spoon.java:8160)
2026/06/30 14:22:15 - org.pentaho.di.trans.steps.tableinput.TableInputMeta@7bc239db - 	at org.pentaho.di.ui.spoon.Spoon.start(Spoon.java:9542)
2026/06/30 14:22:15 - org.pentaho.di.trans.steps.tableinput.TableInputMeta@7bc239db - 	at org.pentaho.di.ui.spoon.Spoon.main(Spoon.java:722)
2026/06/30 14:22:15 - org.pentaho.di.trans.steps.tableinput.TableInputMeta@7bc239db - 	at java.base/jdk.internal.reflect.DirectMethodHandleAccessor.invoke(DirectMethodHandleAccessor.java:104)
2026/06/30 14:22:15 - org.pentaho.di.trans.steps.tableinput.TableInputMeta@7bc239db - 	at java.base/java.lang.reflect.Method.invoke(Method.java:578)
2026/06/30 14:22:15 - org.pentaho.di.trans.steps.tableinput.TableInputMeta@7bc239db - 	at org.pentaho.commons.launcher.Launcher.main(Launcher.java:92)
2026/06/30 14:22:15 - org.pentaho.di.trans.steps.tableinput.TableInputMeta@7bc239db - Caused by: org.pentaho.di.core.exception.KettleDatabaseException: 
2026/06/30 14:22:15 - org.pentaho.di.trans.steps.tableinput.TableInputMeta@7bc239db - Error occurred while trying to connect to the database
2026/06/30 14:22:15 - org.pentaho.di.trans.steps.tableinput.TableInputMeta@7bc239db - 
2026/06/30 14:22:15 - org.pentaho.di.trans.steps.tableinput.TableInputMeta@7bc239db - Connection failed. Verify all connection parameters and confirm that the appropriate driver is installed.
2026/06/30 14:22:15 - org.pentaho.di.trans.steps.tableinput.TableInputMeta@7bc239db - El intento de conexión falló.
2026/06/30 14:22:15 - org.pentaho.di.trans.steps.tableinput.TableInputMeta@7bc239db - 
2026/06/30 14:22:15 - org.pentaho.di.trans.steps.tableinput.TableInputMeta@7bc239db - 
2026/06/30 14:22:15 - org.pentaho.di.trans.steps.tableinput.TableInputMeta@7bc239db - 	at org.pentaho.di.core.database.Database.normalConnect(Database.java:497)
2026/06/30 14:22:15 - org.pentaho.di.trans.steps.tableinput.TableInputMeta@7bc239db - 	at org.pentaho.di.core.database.Database.connect(Database.java:389)
2026/06/30 14:22:15 - org.pentaho.di.trans.steps.tableinput.TableInputMeta@7bc239db - 	at org.pentaho.di.core.database.Database.connect(Database.java:360)
2026/06/30 14:22:15 - org.pentaho.di.trans.steps.tableinput.TableInputMeta@7bc239db - 	at org.pentaho.di.core.database.Database.connect(Database.java:350)
2026/06/30 14:22:15 - org.pentaho.di.trans.steps.tableinput.TableInputMeta@7bc239db - 	at org.pentaho.di.trans.steps.tableinput.TableInputMeta.getFields(TableInputMeta.java:253)
2026/06/30 14:22:15 - org.pentaho.di.trans.steps.tableinput.TableInputMeta@7bc239db - 	... 30 more
2026/06/30 14:22:15 - org.pentaho.di.trans.steps.tableinput.TableInputMeta@7bc239db - Caused by: org.pentaho.di.core.exception.KettleDatabaseException: 
2026/06/30 14:22:15 - org.pentaho.di.trans.steps.tableinput.TableInputMeta@7bc239db - Connection failed. Verify all connection parameters and confirm that the appropriate driver is installed.
2026/06/30 14:22:15 - org.pentaho.di.trans.steps.tableinput.TableInputMeta@7bc239db - El intento de conexión falló.
2026/06/30 14:22:15 - org.pentaho.di.trans.steps.tableinput.TableInputMeta@7bc239db - 
2026/06/30 14:22:15 - org.pentaho.di.trans.steps.tableinput.TableInputMeta@7bc239db - 	at org.pentaho.di.core.database.Database.connectUsingClass(Database.java:605)
2026/06/30 14:22:15 - org.pentaho.di.trans.steps.tableinput.TableInputMeta@7bc239db - 	at org.pentaho.di.core.database.Database.normalConnect(Database.java:481)
2026/06/30 14:22:15 - org.pentaho.di.trans.steps.tableinput.TableInputMeta@7bc239db - 	... 34 more
2026/06/30 14:22:15 - org.pentaho.di.trans.steps.tableinput.TableInputMeta@7bc239db - Caused by: org.postgresql.util.PSQLException: El intento de conexión falló.
2026/06/30 14:22:15 - org.pentaho.di.trans.steps.tableinput.TableInputMeta@7bc239db - 	at org.postgresql.core.v3.ConnectionFactoryImpl.openConnectionImpl(ConnectionFactoryImpl.java:315)
2026/06/30 14:22:15 - org.pentaho.di.trans.steps.tableinput.TableInputMeta@7bc239db - 	at org.postgresql.core.ConnectionFactory.openConnection(ConnectionFactory.java:51)
2026/06/30 14:22:15 - org.pentaho.di.trans.steps.tableinput.TableInputMeta@7bc239db - 	at org.postgresql.jdbc.PgConnection.<init>(PgConnection.java:223)
2026/06/30 14:22:15 - org.pentaho.di.trans.steps.tableinput.TableInputMeta@7bc239db - 	at org.postgresql.Driver.makeConnection(Driver.java:465)
2026/06/30 14:22:15 - org.pentaho.di.trans.steps.tableinput.TableInputMeta@7bc239db - 	at org.postgresql.Driver.connect(Driver.java:264)
2026/06/30 14:22:15 - org.pentaho.di.trans.steps.tableinput.TableInputMeta@7bc239db - 	at java.sql/java.sql.DriverManager.getConnection(DriverManager.java:683)
2026/06/30 14:22:15 - org.pentaho.di.trans.steps.tableinput.TableInputMeta@7bc239db - 	at java.sql/java.sql.DriverManager.getConnection(DriverManager.java:191)
2026/06/30 14:22:15 - org.pentaho.di.trans.steps.tableinput.TableInputMeta@7bc239db - 	at org.pentaho.di.core.database.Database.connectUsingClass(Database.java:589)
2026/06/30 14:22:15 - org.pentaho.di.trans.steps.tableinput.TableInputMeta@7bc239db - 	... 35 more
2026/06/30 14:22:15 - org.pentaho.di.trans.steps.tableinput.TableInputMeta@7bc239db - Caused by: java.net.UnknownHostException: db_seguros
2026/06/30 14:22:15 - org.pentaho.di.trans.steps.tableinput.TableInputMeta@7bc239db - 	at java.base/sun.nio.ch.NioSocketImpl.connect(NioSocketImpl.java:560)
2026/06/30 14:22:15 - org.pentaho.di.trans.steps.tableinput.TableInputMeta@7bc239db - 	at java.base/java.net.SocksSocketImpl.connect(SocksSocketImpl.java:327)
2026/06/30 14:22:15 - org.pentaho.di.trans.steps.tableinput.TableInputMeta@7bc239db - 	at java.base/java.net.Socket.connect(Socket.java:666)
2026/06/30 14:22:15 - org.pentaho.di.trans.steps.tableinput.TableInputMeta@7bc239db - 	at org.postgresql.core.PGStream.createSocket(PGStream.java:231)
2026/06/30 14:22:15 - org.pentaho.di.trans.steps.tableinput.TableInputMeta@7bc239db - 	at org.postgresql.core.PGStream.<init>(PGStream.java:95)
2026/06/30 14:22:15 - org.pentaho.di.trans.steps.tableinput.TableInputMeta@7bc239db - 	at org.postgresql.core.v3.ConnectionFactoryImpl.tryConnect(ConnectionFactoryImpl.java:98)
2026/06/30 14:22:15 - org.pentaho.di.trans.steps.tableinput.TableInputMeta@7bc239db - 	at org.postgresql.core.v3.ConnectionFactoryImpl.openConnectionImpl(ConnectionFactoryImpl.java:213)
2026/06/30 14:22:15 - org.pentaho.di.trans.steps.tableinput.TableInputMeta@7bc239db - 	... 42 more
2026/06/30 14:22:19 - org.pentaho.di.trans.steps.tableinput.TableInputMeta@2c3f81ef - ERROR (version 9.4.0.0-343, build 0.0 from 2022-11-08 07.50.27 by buildguy) : Unexpected error fetching row meta data.
2026/06/30 14:22:19 - org.pentaho.di.trans.steps.tableinput.TableInputMeta@2c3f81ef - ERROR (version 9.4.0.0-343, build 0.0 from 2022-11-08 07.50.27 by buildguy) : org.pentaho.di.core.exception.KettleStepException: 
2026/06/30 14:22:19 - org.pentaho.di.trans.steps.tableinput.TableInputMeta@2c3f81ef - Unable to get queryfields for SQL: 
2026/06/30 14:22:19 - org.pentaho.di.trans.steps.tableinput.TableInputMeta@2c3f81ef - SELECT
  nro_contrato
, cod_producto
, cod_cliente
FROM seguro_g26473471.registro_contrato

2026/06/30 14:22:19 - org.pentaho.di.trans.steps.tableinput.TableInputMeta@2c3f81ef - 
2026/06/30 14:22:19 - org.pentaho.di.trans.steps.tableinput.TableInputMeta@2c3f81ef - Error occurred while trying to connect to the database
2026/06/30 14:22:19 - org.pentaho.di.trans.steps.tableinput.TableInputMeta@2c3f81ef - 
2026/06/30 14:22:19 - org.pentaho.di.trans.steps.tableinput.TableInputMeta@2c3f81ef - Connection failed. Verify all connection parameters and confirm that the appropriate driver is installed.
2026/06/30 14:22:19 - org.pentaho.di.trans.steps.tableinput.TableInputMeta@2c3f81ef - El intento de conexión falló.
2026/06/30 14:22:19 - org.pentaho.di.trans.steps.tableinput.TableInputMeta@2c3f81ef - 
2026/06/30 14:22:19 - org.pentaho.di.trans.steps.tableinput.TableInputMeta@2c3f81ef - 
2026/06/30 14:22:19 - org.pentaho.di.trans.steps.tableinput.TableInputMeta@2c3f81ef - 
2026/06/30 14:22:19 - org.pentaho.di.trans.steps.tableinput.TableInputMeta@2c3f81ef - 	at org.pentaho.di.trans.steps.tableinput.TableInputMeta.getFields(TableInputMeta.java:275)
2026/06/30 14:22:19 - org.pentaho.di.trans.steps.tableinput.TableInputMeta@2c3f81ef - 	at org.pentaho.di.trans.TransMeta.getThisStepFields(TransMeta.java:2055)
2026/06/30 14:22:19 - org.pentaho.di.trans.steps.tableinput.TableInputMeta@2c3f81ef - 	at org.pentaho.di.trans.TransMeta.getStepFields(TransMeta.java:1873)
2026/06/30 14:22:19 - org.pentaho.di.trans.steps.tableinput.TableInputMeta@2c3f81ef - 	at org.pentaho.di.trans.TransMeta.getStepFields(TransMeta.java:1770)
2026/06/30 14:22:19 - org.pentaho.di.trans.steps.tableinput.TableInputMeta@2c3f81ef - 	at org.pentaho.di.trans.steps.tableinput.TableInputMeta.updateCachedRowMeta(TableInputMeta.java:340)
2026/06/30 14:22:19 - org.pentaho.di.trans.steps.tableinput.TableInputMeta@2c3f81ef - 	at org.pentaho.di.ui.trans.steps.tableinput.TableInputDialog.ok(TableInputDialog.java:566)
2026/06/30 14:22:19 - org.pentaho.di.trans.steps.tableinput.TableInputMeta@2c3f81ef - 	at org.pentaho.di.ui.trans.steps.tableinput.TableInputDialog.access$400(TableInputDialog.java:79)
2026/06/30 14:22:19 - org.pentaho.di.trans.steps.tableinput.TableInputMeta@2c3f81ef - 	at org.pentaho.di.ui.trans.steps.tableinput.TableInputDialog$12.handleEvent(TableInputDialog.java:417)
2026/06/30 14:22:19 - org.pentaho.di.trans.steps.tableinput.TableInputMeta@2c3f81ef - 	at org.eclipse.swt.widgets.EventTable.sendEvent(EventTable.java:89)
2026/06/30 14:22:19 - org.pentaho.di.trans.steps.tableinput.TableInputMeta@2c3f81ef - 	at org.eclipse.swt.widgets.Display.sendEvent(Display.java:4209)
2026/06/30 14:22:19 - org.pentaho.di.trans.steps.tableinput.TableInputMeta@2c3f81ef - 	at org.eclipse.swt.widgets.Widget.sendEvent(Widget.java:1037)
2026/06/30 14:22:19 - org.pentaho.di.trans.steps.tableinput.TableInputMeta@2c3f81ef - 	at org.eclipse.swt.widgets.Display.runDeferredEvents(Display.java:4026)
2026/06/30 14:22:19 - org.pentaho.di.trans.steps.tableinput.TableInputMeta@2c3f81ef - 	at org.eclipse.swt.widgets.Display.readAndDispatch(Display.java:3626)
2026/06/30 14:22:19 - org.pentaho.di.trans.steps.tableinput.TableInputMeta@2c3f81ef - 	at org.pentaho.di.ui.trans.steps.tableinput.TableInputDialog.open(TableInputDialog.java:463)
2026/06/30 14:22:19 - org.pentaho.di.trans.steps.tableinput.TableInputMeta@2c3f81ef - 	at org.pentaho.di.ui.spoon.delegates.SpoonStepsDelegate.editStep(SpoonStepsDelegate.java:120)
2026/06/30 14:22:19 - org.pentaho.di.trans.steps.tableinput.TableInputMeta@2c3f81ef - 	at org.pentaho.di.ui.spoon.Spoon.editStep(Spoon.java:9025)
2026/06/30 14:22:19 - org.pentaho.di.trans.steps.tableinput.TableInputMeta@2c3f81ef - 	at org.pentaho.di.ui.spoon.trans.TransGraph.editStep(TransGraph.java:3286)
2026/06/30 14:22:19 - org.pentaho.di.trans.steps.tableinput.TableInputMeta@2c3f81ef - 	at org.pentaho.di.ui.spoon.trans.TransGraph.mouseDoubleClick(TransGraph.java:784)
2026/06/30 14:22:19 - org.pentaho.di.trans.steps.tableinput.TableInputMeta@2c3f81ef - 	at org.eclipse.swt.widgets.TypedListener.handleEvent(TypedListener.java:200)
2026/06/30 14:22:19 - org.pentaho.di.trans.steps.tableinput.TableInputMeta@2c3f81ef - 	at org.eclipse.swt.widgets.EventTable.sendEvent(EventTable.java:89)
2026/06/30 14:22:19 - org.pentaho.di.trans.steps.tableinput.TableInputMeta@2c3f81ef - 	at org.eclipse.swt.widgets.Display.sendEvent(Display.java:4209)
2026/06/30 14:22:19 - org.pentaho.di.trans.steps.tableinput.TableInputMeta@2c3f81ef - 	at org.eclipse.swt.widgets.Widget.sendEvent(Widget.java:1037)
2026/06/30 14:22:19 - org.pentaho.di.trans.steps.tableinput.TableInputMeta@2c3f81ef - 	at org.eclipse.swt.widgets.Display.runDeferredEvents(Display.java:4026)
2026/06/30 14:22:19 - org.pentaho.di.trans.steps.tableinput.TableInputMeta@2c3f81ef - 	at org.eclipse.swt.widgets.Display.readAndDispatch(Display.java:3626)
2026/06/30 14:22:19 - org.pentaho.di.trans.steps.tableinput.TableInputMeta@2c3f81ef - 	at org.pentaho.di.ui.spoon.Spoon.readAndDispatch(Spoon.java:1432)
2026/06/30 14:22:19 - org.pentaho.di.trans.steps.tableinput.TableInputMeta@2c3f81ef - 	at org.pentaho.di.ui.spoon.Spoon.waitForDispose(Spoon.java:8160)
2026/06/30 14:22:19 - org.pentaho.di.trans.steps.tableinput.TableInputMeta@2c3f81ef - 	at org.pentaho.di.ui.spoon.Spoon.start(Spoon.java:9542)
2026/06/30 14:22:19 - org.pentaho.di.trans.steps.tableinput.TableInputMeta@2c3f81ef - 	at org.pentaho.di.ui.spoon.Spoon.main(Spoon.java:722)
2026/06/30 14:22:19 - org.pentaho.di.trans.steps.tableinput.TableInputMeta@2c3f81ef - 	at java.base/jdk.internal.reflect.DirectMethodHandleAccessor.invoke(DirectMethodHandleAccessor.java:104)
2026/06/30 14:22:19 - org.pentaho.di.trans.steps.tableinput.TableInputMeta@2c3f81ef - 	at java.base/java.lang.reflect.Method.invoke(Method.java:578)
2026/06/30 14:22:19 - org.pentaho.di.trans.steps.tableinput.TableInputMeta@2c3f81ef - 	at org.pentaho.commons.launcher.Launcher.main(Launcher.java:92)
2026/06/30 14:22:19 - org.pentaho.di.trans.steps.tableinput.TableInputMeta@2c3f81ef - Caused by: org.pentaho.di.core.exception.KettleDatabaseException: 
2026/06/30 14:22:19 - org.pentaho.di.trans.steps.tableinput.TableInputMeta@2c3f81ef - Error occurred while trying to connect to the database
2026/06/30 14:22:19 - org.pentaho.di.trans.steps.tableinput.TableInputMeta@2c3f81ef - 
2026/06/30 14:22:19 - org.pentaho.di.trans.steps.tableinput.TableInputMeta@2c3f81ef - Connection failed. Verify all connection parameters and confirm that the appropriate driver is installed.
2026/06/30 14:22:19 - org.pentaho.di.trans.steps.tableinput.TableInputMeta@2c3f81ef - El intento de conexión falló.
2026/06/30 14:22:19 - org.pentaho.di.trans.steps.tableinput.TableInputMeta@2c3f81ef - 
2026/06/30 14:22:19 - org.pentaho.di.trans.steps.tableinput.TableInputMeta@2c3f81ef - 
2026/06/30 14:22:19 - org.pentaho.di.trans.steps.tableinput.TableInputMeta@2c3f81ef - 	at org.pentaho.di.core.database.Database.normalConnect(Database.java:497)
2026/06/30 14:22:19 - org.pentaho.di.trans.steps.tableinput.TableInputMeta@2c3f81ef - 	at org.pentaho.di.core.database.Database.connect(Database.java:389)
2026/06/30 14:22:19 - org.pentaho.di.trans.steps.tableinput.TableInputMeta@2c3f81ef - 	at org.pentaho.di.core.database.Database.connect(Database.java:360)
2026/06/30 14:22:19 - org.pentaho.di.trans.steps.tableinput.TableInputMeta@2c3f81ef - 	at org.pentaho.di.core.database.Database.connect(Database.java:350)
2026/06/30 14:22:19 - org.pentaho.di.trans.steps.tableinput.TableInputMeta@2c3f81ef - 	at org.pentaho.di.trans.steps.tableinput.TableInputMeta.getFields(TableInputMeta.java:253)
2026/06/30 14:22:19 - org.pentaho.di.trans.steps.tableinput.TableInputMeta@2c3f81ef - 	... 30 more
2026/06/30 14:22:19 - org.pentaho.di.trans.steps.tableinput.TableInputMeta@2c3f81ef - Caused by: org.pentaho.di.core.exception.KettleDatabaseException: 
2026/06/30 14:22:19 - org.pentaho.di.trans.steps.tableinput.TableInputMeta@2c3f81ef - Connection failed. Verify all connection parameters and confirm that the appropriate driver is installed.
2026/06/30 14:22:19 - org.pentaho.di.trans.steps.tableinput.TableInputMeta@2c3f81ef - El intento de conexión falló.
2026/06/30 14:22:19 - org.pentaho.di.trans.steps.tableinput.TableInputMeta@2c3f81ef - 
2026/06/30 14:22:19 - org.pentaho.di.trans.steps.tableinput.TableInputMeta@2c3f81ef - 	at org.pentaho.di.core.database.Database.connectUsingClass(Database.java:605)
2026/06/30 14:22:19 - org.pentaho.di.trans.steps.tableinput.TableInputMeta@2c3f81ef - 	at org.pentaho.di.core.database.Database.normalConnect(Database.java:481)
2026/06/30 14:22:19 - org.pentaho.di.trans.steps.tableinput.TableInputMeta@2c3f81ef - 	... 34 more
2026/06/30 14:22:19 - org.pentaho.di.trans.steps.tableinput.TableInputMeta@2c3f81ef - Caused by: org.postgresql.util.PSQLException: El intento de conexión falló.
2026/06/30 14:22:19 - org.pentaho.di.trans.steps.tableinput.TableInputMeta@2c3f81ef - 	at org.postgresql.core.v3.ConnectionFactoryImpl.openConnectionImpl(ConnectionFactoryImpl.java:315)
2026/06/30 14:22:19 - org.pentaho.di.trans.steps.tableinput.TableInputMeta@2c3f81ef - 	at org.postgresql.core.ConnectionFactory.openConnection(ConnectionFactory.java:51)
2026/06/30 14:22:19 - org.pentaho.di.trans.steps.tableinput.TableInputMeta@2c3f81ef - 	at org.postgresql.jdbc.PgConnection.<init>(PgConnection.java:223)
2026/06/30 14:22:19 - org.pentaho.di.trans.steps.tableinput.TableInputMeta@2c3f81ef - 	at org.postgresql.Driver.makeConnection(Driver.java:465)
2026/06/30 14:22:19 - org.pentaho.di.trans.steps.tableinput.TableInputMeta@2c3f81ef - 	at org.postgresql.Driver.connect(Driver.java:264)
2026/06/30 14:22:19 - org.pentaho.di.trans.steps.tableinput.TableInputMeta@2c3f81ef - 	at java.sql/java.sql.DriverManager.getConnection(DriverManager.java:683)
2026/06/30 14:22:19 - org.pentaho.di.trans.steps.tableinput.TableInputMeta@2c3f81ef - 	at java.sql/java.sql.DriverManager.getConnection(DriverManager.java:191)
2026/06/30 14:22:19 - org.pentaho.di.trans.steps.tableinput.TableInputMeta@2c3f81ef - 	at org.pentaho.di.core.database.Database.connectUsingClass(Database.java:589)
2026/06/30 14:22:19 - org.pentaho.di.trans.steps.tableinput.TableInputMeta@2c3f81ef - 	... 35 more
2026/06/30 14:22:19 - org.pentaho.di.trans.steps.tableinput.TableInputMeta@2c3f81ef - Caused by: java.net.UnknownHostException: db_seguros
2026/06/30 14:22:19 - org.pentaho.di.trans.steps.tableinput.TableInputMeta@2c3f81ef - 	at java.base/sun.nio.ch.NioSocketImpl.connect(NioSocketImpl.java:560)
2026/06/30 14:22:19 - org.pentaho.di.trans.steps.tableinput.TableInputMeta@2c3f81ef - 	at java.base/java.net.SocksSocketImpl.connect(SocksSocketImpl.java:327)
2026/06/30 14:22:19 - org.pentaho.di.trans.steps.tableinput.TableInputMeta@2c3f81ef - 	at java.base/java.net.Socket.connect(Socket.java:666)
2026/06/30 14:22:19 - org.pentaho.di.trans.steps.tableinput.TableInputMeta@2c3f81ef - 	at org.postgresql.core.PGStream.createSocket(PGStream.java:231)
2026/06/30 14:22:19 - org.pentaho.di.trans.steps.tableinput.TableInputMeta@2c3f81ef - 	at org.postgresql.core.PGStream.<init>(PGStream.java:95)
2026/06/30 14:22:19 - org.pentaho.di.trans.steps.tableinput.TableInputMeta@2c3f81ef - 	at org.postgresql.core.v3.ConnectionFactoryImpl.tryConnect(ConnectionFactoryImpl.java:98)
2026/06/30 14:22:19 - org.pentaho.di.trans.steps.tableinput.TableInputMeta@2c3f81ef - 	at org.postgresql.core.v3.ConnectionFactoryImpl.openConnectionImpl(ConnectionFactoryImpl.java:213)
2026/06/30 14:22:19 - org.pentaho.di.trans.steps.tableinput.TableInputMeta@2c3f81ef - 	... 42 more
2026/06/30 14:22:30 - org.pentaho.di.trans.steps.tableinput.TableInputMeta@78d49939 - ERROR (version 9.4.0.0-343, build 0.0 from 2022-11-08 07.50.27 by buildguy) : Unexpected error fetching row meta data.
2026/06/30 14:22:30 - org.pentaho.di.trans.steps.tableinput.TableInputMeta@78d49939 - ERROR (version 9.4.0.0-343, build 0.0 from 2022-11-08 07.50.27 by buildguy) : org.pentaho.di.core.exception.KettleStepException: 
2026/06/30 14:22:30 - org.pentaho.di.trans.steps.tableinput.TableInputMeta@78d49939 - Unable to get queryfields for SQL: 
2026/06/30 14:22:30 - org.pentaho.di.trans.steps.tableinput.TableInputMeta@78d49939 - SELECT
  sk_dim_producto
, cod_producto
FROM seguro_dw_g26473471.dim_producto

2026/06/30 14:22:30 - org.pentaho.di.trans.steps.tableinput.TableInputMeta@78d49939 - 
2026/06/30 14:22:30 - org.pentaho.di.trans.steps.tableinput.TableInputMeta@78d49939 - Error occurred while trying to connect to the database
2026/06/30 14:22:30 - org.pentaho.di.trans.steps.tableinput.TableInputMeta@78d49939 - 
2026/06/30 14:22:30 - org.pentaho.di.trans.steps.tableinput.TableInputMeta@78d49939 - Connection failed. Verify all connection parameters and confirm that the appropriate driver is installed.
2026/06/30 14:22:30 - org.pentaho.di.trans.steps.tableinput.TableInputMeta@78d49939 - El intento de conexión falló.
2026/06/30 14:22:30 - org.pentaho.di.trans.steps.tableinput.TableInputMeta@78d49939 - 
2026/06/30 14:22:30 - org.pentaho.di.trans.steps.tableinput.TableInputMeta@78d49939 - 
2026/06/30 14:22:30 - org.pentaho.di.trans.steps.tableinput.TableInputMeta@78d49939 - 
2026/06/30 14:22:30 - org.pentaho.di.trans.steps.tableinput.TableInputMeta@78d49939 - 	at org.pentaho.di.trans.steps.tableinput.TableInputMeta.getFields(TableInputMeta.java:275)
2026/06/30 14:22:30 - org.pentaho.di.trans.steps.tableinput.TableInputMeta@78d49939 - 	at org.pentaho.di.trans.TransMeta.getThisStepFields(TransMeta.java:2055)
2026/06/30 14:22:30 - org.pentaho.di.trans.steps.tableinput.TableInputMeta@78d49939 - 	at org.pentaho.di.trans.TransMeta.getStepFields(TransMeta.java:1873)
2026/06/30 14:22:30 - org.pentaho.di.trans.steps.tableinput.TableInputMeta@78d49939 - 	at org.pentaho.di.trans.TransMeta.getStepFields(TransMeta.java:1770)
2026/06/30 14:22:30 - org.pentaho.di.trans.steps.tableinput.TableInputMeta@78d49939 - 	at org.pentaho.di.trans.steps.tableinput.TableInputMeta.updateCachedRowMeta(TableInputMeta.java:340)
2026/06/30 14:22:30 - org.pentaho.di.trans.steps.tableinput.TableInputMeta@78d49939 - 	at org.pentaho.di.ui.trans.steps.tableinput.TableInputDialog.ok(TableInputDialog.java:566)
2026/06/30 14:22:30 - org.pentaho.di.trans.steps.tableinput.TableInputMeta@78d49939 - 	at org.pentaho.di.ui.trans.steps.tableinput.TableInputDialog.access$400(TableInputDialog.java:79)
2026/06/30 14:22:30 - org.pentaho.di.trans.steps.tableinput.TableInputMeta@78d49939 - 	at org.pentaho.di.ui.trans.steps.tableinput.TableInputDialog$12.handleEvent(TableInputDialog.java:417)
2026/06/30 14:22:30 - org.pentaho.di.trans.steps.tableinput.TableInputMeta@78d49939 - 	at org.eclipse.swt.widgets.EventTable.sendEvent(EventTable.java:89)
2026/06/30 14:22:30 - org.pentaho.di.trans.steps.tableinput.TableInputMeta@78d49939 - 	at org.eclipse.swt.widgets.Display.sendEvent(Display.java:4209)
2026/06/30 14:22:30 - org.pentaho.di.trans.steps.tableinput.TableInputMeta@78d49939 - 	at org.eclipse.swt.widgets.Widget.sendEvent(Widget.java:1037)
2026/06/30 14:22:30 - org.pentaho.di.trans.steps.tableinput.TableInputMeta@78d49939 - 	at org.eclipse.swt.widgets.Display.runDeferredEvents(Display.java:4026)
2026/06/30 14:22:30 - org.pentaho.di.trans.steps.tableinput.TableInputMeta@78d49939 - 	at org.eclipse.swt.widgets.Display.readAndDispatch(Display.java:3626)
2026/06/30 14:22:30 - org.pentaho.di.trans.steps.tableinput.TableInputMeta@78d49939 - 	at org.pentaho.di.ui.trans.steps.tableinput.TableInputDialog.open(TableInputDialog.java:463)
2026/06/30 14:22:30 - org.pentaho.di.trans.steps.tableinput.TableInputMeta@78d49939 - 	at org.pentaho.di.ui.spoon.delegates.SpoonStepsDelegate.editStep(SpoonStepsDelegate.java:120)
2026/06/30 14:22:30 - org.pentaho.di.trans.steps.tableinput.TableInputMeta@78d49939 - 	at org.pentaho.di.ui.spoon.Spoon.editStep(Spoon.java:9025)
2026/06/30 14:22:30 - org.pentaho.di.trans.steps.tableinput.TableInputMeta@78d49939 - 	at org.pentaho.di.ui.spoon.trans.TransGraph.editStep(TransGraph.java:3286)
2026/06/30 14:22:30 - org.pentaho.di.trans.steps.tableinput.TableInputMeta@78d49939 - 	at org.pentaho.di.ui.spoon.trans.TransGraph.mouseDoubleClick(TransGraph.java:784)
2026/06/30 14:22:30 - org.pentaho.di.trans.steps.tableinput.TableInputMeta@78d49939 - 	at org.eclipse.swt.widgets.TypedListener.handleEvent(TypedListener.java:200)
2026/06/30 14:22:30 - org.pentaho.di.trans.steps.tableinput.TableInputMeta@78d49939 - 	at org.eclipse.swt.widgets.EventTable.sendEvent(EventTable.java:89)
2026/06/30 14:22:30 - org.pentaho.di.trans.steps.tableinput.TableInputMeta@78d49939 - 	at org.eclipse.swt.widgets.Display.sendEvent(Display.java:4209)
2026/06/30 14:22:30 - org.pentaho.di.trans.steps.tableinput.TableInputMeta@78d49939 - 	at org.eclipse.swt.widgets.Widget.sendEvent(Widget.java:1037)
2026/06/30 14:22:30 - org.pentaho.di.trans.steps.tableinput.TableInputMeta@78d49939 - 	at org.eclipse.swt.widgets.Display.runDeferredEvents(Display.java:4026)
2026/06/30 14:22:30 - org.pentaho.di.trans.steps.tableinput.TableInputMeta@78d49939 - 	at org.eclipse.swt.widgets.Display.readAndDispatch(Display.java:3626)
2026/06/30 14:22:30 - org.pentaho.di.trans.steps.tableinput.TableInputMeta@78d49939 - 	at org.pentaho.di.ui.spoon.Spoon.readAndDispatch(Spoon.java:1432)
2026/06/30 14:22:30 - org.pentaho.di.trans.steps.tableinput.TableInputMeta@78d49939 - 	at org.pentaho.di.ui.spoon.Spoon.waitForDispose(Spoon.java:8160)
2026/06/30 14:22:30 - org.pentaho.di.trans.steps.tableinput.TableInputMeta@78d49939 - 	at org.pentaho.di.ui.spoon.Spoon.start(Spoon.java:9542)
2026/06/30 14:22:30 - org.pentaho.di.trans.steps.tableinput.TableInputMeta@78d49939 - 	at org.pentaho.di.ui.spoon.Spoon.main(Spoon.java:722)
2026/06/30 14:22:30 - org.pentaho.di.trans.steps.tableinput.TableInputMeta@78d49939 - 	at java.base/jdk.internal.reflect.DirectMethodHandleAccessor.invoke(DirectMethodHandleAccessor.java:104)
2026/06/30 14:22:30 - org.pentaho.di.trans.steps.tableinput.TableInputMeta@78d49939 - 	at java.base/java.lang.reflect.Method.invoke(Method.java:578)
2026/06/30 14:22:30 - org.pentaho.di.trans.steps.tableinput.TableInputMeta@78d49939 - 	at org.pentaho.commons.launcher.Launcher.main(Launcher.java:92)
2026/06/30 14:22:30 - org.pentaho.di.trans.steps.tableinput.TableInputMeta@78d49939 - Caused by: org.pentaho.di.core.exception.KettleDatabaseException: 
2026/06/30 14:22:30 - org.pentaho.di.trans.steps.tableinput.TableInputMeta@78d49939 - Error occurred while trying to connect to the database
2026/06/30 14:22:30 - org.pentaho.di.trans.steps.tableinput.TableInputMeta@78d49939 - 
2026/06/30 14:22:30 - org.pentaho.di.trans.steps.tableinput.TableInputMeta@78d49939 - Connection failed. Verify all connection parameters and confirm that the appropriate driver is installed.
2026/06/30 14:22:30 - org.pentaho.di.trans.steps.tableinput.TableInputMeta@78d49939 - El intento de conexión falló.
2026/06/30 14:22:30 - org.pentaho.di.trans.steps.tableinput.TableInputMeta@78d49939 - 
2026/06/30 14:22:30 - org.pentaho.di.trans.steps.tableinput.TableInputMeta@78d49939 - 
2026/06/30 14:22:30 - org.pentaho.di.trans.steps.tableinput.TableInputMeta@78d49939 - 	at org.pentaho.di.core.database.Database.normalConnect(Database.java:497)
2026/06/30 14:22:30 - org.pentaho.di.trans.steps.tableinput.TableInputMeta@78d49939 - 	at org.pentaho.di.core.database.Database.connect(Database.java:389)
2026/06/30 14:22:30 - org.pentaho.di.trans.steps.tableinput.TableInputMeta@78d49939 - 	at org.pentaho.di.core.database.Database.connect(Database.java:360)
2026/06/30 14:22:30 - org.pentaho.di.trans.steps.tableinput.TableInputMeta@78d49939 - 	at org.pentaho.di.core.database.Database.connect(Database.java:350)
2026/06/30 14:22:30 - org.pentaho.di.trans.steps.tableinput.TableInputMeta@78d49939 - 	at org.pentaho.di.trans.steps.tableinput.TableInputMeta.getFields(TableInputMeta.java:253)
2026/06/30 14:22:30 - org.pentaho.di.trans.steps.tableinput.TableInputMeta@78d49939 - 	... 30 more
2026/06/30 14:22:30 - org.pentaho.di.trans.steps.tableinput.TableInputMeta@78d49939 - Caused by: org.pentaho.di.core.exception.KettleDatabaseException: 
2026/06/30 14:22:30 - org.pentaho.di.trans.steps.tableinput.TableInputMeta@78d49939 - Connection failed. Verify all connection parameters and confirm that the appropriate driver is installed.
2026/06/30 14:22:30 - org.pentaho.di.trans.steps.tableinput.TableInputMeta@78d49939 - El intento de conexión falló.
2026/06/30 14:22:30 - org.pentaho.di.trans.steps.tableinput.TableInputMeta@78d49939 - 
2026/06/30 14:22:30 - org.pentaho.di.trans.steps.tableinput.TableInputMeta@78d49939 - 	at org.pentaho.di.core.database.Database.connectUsingClass(Database.java:605)
2026/06/30 14:22:30 - org.pentaho.di.trans.steps.tableinput.TableInputMeta@78d49939 - 	at org.pentaho.di.core.database.Database.normalConnect(Database.java:481)
2026/06/30 14:22:30 - org.pentaho.di.trans.steps.tableinput.TableInputMeta@78d49939 - 	... 34 more
2026/06/30 14:22:30 - org.pentaho.di.trans.steps.tableinput.TableInputMeta@78d49939 - Caused by: org.postgresql.util.PSQLException: El intento de conexión falló.
2026/06/30 14:22:30 - org.pentaho.di.trans.steps.tableinput.TableInputMeta@78d49939 - 	at org.postgresql.core.v3.ConnectionFactoryImpl.openConnectionImpl(ConnectionFactoryImpl.java:315)
2026/06/30 14:22:30 - org.pentaho.di.trans.steps.tableinput.TableInputMeta@78d49939 - 	at org.postgresql.core.ConnectionFactory.openConnection(ConnectionFactory.java:51)
2026/06/30 14:22:30 - org.pentaho.di.trans.steps.tableinput.TableInputMeta@78d49939 - 	at org.postgresql.jdbc.PgConnection.<init>(PgConnection.java:223)
2026/06/30 14:22:30 - org.pentaho.di.trans.steps.tableinput.TableInputMeta@78d49939 - 	at org.postgresql.Driver.makeConnection(Driver.java:465)
2026/06/30 14:22:30 - org.pentaho.di.trans.steps.tableinput.TableInputMeta@78d49939 - 	at org.postgresql.Driver.connect(Driver.java:264)
2026/06/30 14:22:30 - org.pentaho.di.trans.steps.tableinput.TableInputMeta@78d49939 - 	at java.sql/java.sql.DriverManager.getConnection(DriverManager.java:683)
2026/06/30 14:22:30 - org.pentaho.di.trans.steps.tableinput.TableInputMeta@78d49939 - 	at java.sql/java.sql.DriverManager.getConnection(DriverManager.java:191)
2026/06/30 14:22:30 - org.pentaho.di.trans.steps.tableinput.TableInputMeta@78d49939 - 	at org.pentaho.di.core.database.Database.connectUsingClass(Database.java:589)
2026/06/30 14:22:30 - org.pentaho.di.trans.steps.tableinput.TableInputMeta@78d49939 - 	... 35 more
2026/06/30 14:22:30 - org.pentaho.di.trans.steps.tableinput.TableInputMeta@78d49939 - Caused by: java.net.UnknownHostException: db_seguros
2026/06/30 14:22:30 - org.pentaho.di.trans.steps.tableinput.TableInputMeta@78d49939 - 	at java.base/sun.nio.ch.NioSocketImpl.connect(NioSocketImpl.java:560)
2026/06/30 14:22:30 - org.pentaho.di.trans.steps.tableinput.TableInputMeta@78d49939 - 	at java.base/java.net.SocksSocketImpl.connect(SocksSocketImpl.java:327)
2026/06/30 14:22:30 - org.pentaho.di.trans.steps.tableinput.TableInputMeta@78d49939 - 	at java.base/java.net.Socket.connect(Socket.java:666)
2026/06/30 14:22:30 - org.pentaho.di.trans.steps.tableinput.TableInputMeta@78d49939 - 	at org.postgresql.core.PGStream.createSocket(PGStream.java:231)
2026/06/30 14:22:30 - org.pentaho.di.trans.steps.tableinput.TableInputMeta@78d49939 - 	at org.postgresql.core.PGStream.<init>(PGStream.java:95)
2026/06/30 14:22:30 - org.pentaho.di.trans.steps.tableinput.TableInputMeta@78d49939 - 	at org.postgresql.core.v3.ConnectionFactoryImpl.tryConnect(ConnectionFactoryImpl.java:98)
2026/06/30 14:22:30 - org.pentaho.di.trans.steps.tableinput.TableInputMeta@78d49939 - 	at org.postgresql.core.v3.ConnectionFactoryImpl.openConnectionImpl(ConnectionFactoryImpl.java:213)
2026/06/30 14:22:30 - org.pentaho.di.trans.steps.tableinput.TableInputMeta@78d49939 - 	... 42 more
2026/06/30 14:22:37 - org.pentaho.di.trans.steps.tableinput.TableInputMeta@430dbcb0 - ERROR (version 9.4.0.0-343, build 0.0 from 2022-11-08 07.50.27 by buildguy) : Unexpected error fetching row meta data.
2026/06/30 14:22:37 - org.pentaho.di.trans.steps.tableinput.TableInputMeta@430dbcb0 - ERROR (version 9.4.0.0-343, build 0.0 from 2022-11-08 07.50.27 by buildguy) : org.pentaho.di.core.exception.KettleStepException: 
2026/06/30 14:22:37 - org.pentaho.di.trans.steps.tableinput.TableInputMeta@430dbcb0 - Unable to get queryfields for SQL: 
2026/06/30 14:22:37 - org.pentaho.di.trans.steps.tableinput.TableInputMeta@430dbcb0 - SELECT
  sk_dim_tiempo
, fecha_completa
FROM seguro_dw_g26473471.dim_tiempo

2026/06/30 14:22:37 - org.pentaho.di.trans.steps.tableinput.TableInputMeta@430dbcb0 - 
2026/06/30 14:22:37 - org.pentaho.di.trans.steps.tableinput.TableInputMeta@430dbcb0 - Error occurred while trying to connect to the database
2026/06/30 14:22:37 - org.pentaho.di.trans.steps.tableinput.TableInputMeta@430dbcb0 - 
2026/06/30 14:22:37 - org.pentaho.di.trans.steps.tableinput.TableInputMeta@430dbcb0 - Connection failed. Verify all connection parameters and confirm that the appropriate driver is installed.
2026/06/30 14:22:37 - org.pentaho.di.trans.steps.tableinput.TableInputMeta@430dbcb0 - El intento de conexión falló.
2026/06/30 14:22:37 - org.pentaho.di.trans.steps.tableinput.TableInputMeta@430dbcb0 - 
2026/06/30 14:22:37 - org.pentaho.di.trans.steps.tableinput.TableInputMeta@430dbcb0 - 
2026/06/30 14:22:37 - org.pentaho.di.trans.steps.tableinput.TableInputMeta@430dbcb0 - 
2026/06/30 14:22:37 - org.pentaho.di.trans.steps.tableinput.TableInputMeta@430dbcb0 - 	at org.pentaho.di.trans.steps.tableinput.TableInputMeta.getFields(TableInputMeta.java:275)
2026/06/30 14:22:37 - org.pentaho.di.trans.steps.tableinput.TableInputMeta@430dbcb0 - 	at org.pentaho.di.trans.TransMeta.getThisStepFields(TransMeta.java:2055)
2026/06/30 14:22:37 - org.pentaho.di.trans.steps.tableinput.TableInputMeta@430dbcb0 - 	at org.pentaho.di.trans.TransMeta.getStepFields(TransMeta.java:1873)
2026/06/30 14:22:37 - org.pentaho.di.trans.steps.tableinput.TableInputMeta@430dbcb0 - 	at org.pentaho.di.trans.TransMeta.getStepFields(TransMeta.java:1770)
2026/06/30 14:22:37 - org.pentaho.di.trans.steps.tableinput.TableInputMeta@430dbcb0 - 	at org.pentaho.di.trans.steps.tableinput.TableInputMeta.updateCachedRowMeta(TableInputMeta.java:340)
2026/06/30 14:22:37 - org.pentaho.di.trans.steps.tableinput.TableInputMeta@430dbcb0 - 	at org.pentaho.di.ui.trans.steps.tableinput.TableInputDialog.ok(TableInputDialog.java:566)
2026/06/30 14:22:37 - org.pentaho.di.trans.steps.tableinput.TableInputMeta@430dbcb0 - 	at org.pentaho.di.ui.trans.steps.tableinput.TableInputDialog.access$400(TableInputDialog.java:79)
2026/06/30 14:22:37 - org.pentaho.di.trans.steps.tableinput.TableInputMeta@430dbcb0 - 	at org.pentaho.di.ui.trans.steps.tableinput.TableInputDialog$12.handleEvent(TableInputDialog.java:417)
2026/06/30 14:22:37 - org.pentaho.di.trans.steps.tableinput.TableInputMeta@430dbcb0 - 	at org.eclipse.swt.widgets.EventTable.sendEvent(EventTable.java:89)
2026/06/30 14:22:37 - org.pentaho.di.trans.steps.tableinput.TableInputMeta@430dbcb0 - 	at org.eclipse.swt.widgets.Display.sendEvent(Display.java:4209)
2026/06/30 14:22:37 - org.pentaho.di.trans.steps.tableinput.TableInputMeta@430dbcb0 - 	at org.eclipse.swt.widgets.Widget.sendEvent(Widget.java:1037)
2026/06/30 14:22:37 - org.pentaho.di.trans.steps.tableinput.TableInputMeta@430dbcb0 - 	at org.eclipse.swt.widgets.Display.runDeferredEvents(Display.java:4026)
2026/06/30 14:22:37 - org.pentaho.di.trans.steps.tableinput.TableInputMeta@430dbcb0 - 	at org.eclipse.swt.widgets.Display.readAndDispatch(Display.java:3626)
2026/06/30 14:22:37 - org.pentaho.di.trans.steps.tableinput.TableInputMeta@430dbcb0 - 	at org.pentaho.di.ui.trans.steps.tableinput.TableInputDialog.open(TableInputDialog.java:463)
2026/06/30 14:22:37 - org.pentaho.di.trans.steps.tableinput.TableInputMeta@430dbcb0 - 	at org.pentaho.di.ui.spoon.delegates.SpoonStepsDelegate.editStep(SpoonStepsDelegate.java:120)
2026/06/30 14:22:37 - org.pentaho.di.trans.steps.tableinput.TableInputMeta@430dbcb0 - 	at org.pentaho.di.ui.spoon.Spoon.editStep(Spoon.java:9025)
2026/06/30 14:22:37 - org.pentaho.di.trans.steps.tableinput.TableInputMeta@430dbcb0 - 	at org.pentaho.di.ui.spoon.trans.TransGraph.editStep(TransGraph.java:3286)
2026/06/30 14:22:37 - org.pentaho.di.trans.steps.tableinput.TableInputMeta@430dbcb0 - 	at org.pentaho.di.ui.spoon.trans.TransGraph.mouseDoubleClick(TransGraph.java:784)
2026/06/30 14:22:37 - org.pentaho.di.trans.steps.tableinput.TableInputMeta@430dbcb0 - 	at org.eclipse.swt.widgets.TypedListener.handleEvent(TypedListener.java:200)
2026/06/30 14:22:37 - org.pentaho.di.trans.steps.tableinput.TableInputMeta@430dbcb0 - 	at org.eclipse.swt.widgets.EventTable.sendEvent(EventTable.java:89)
2026/06/30 14:22:37 - org.pentaho.di.trans.steps.tableinput.TableInputMeta@430dbcb0 - 	at org.eclipse.swt.widgets.Display.sendEvent(Display.java:4209)
2026/06/30 14:22:37 - org.pentaho.di.trans.steps.tableinput.TableInputMeta@430dbcb0 - 	at org.eclipse.swt.widgets.Widget.sendEvent(Widget.java:1037)
2026/06/30 14:22:37 - org.pentaho.di.trans.steps.tableinput.TableInputMeta@430dbcb0 - 	at org.eclipse.swt.widgets.Display.runDeferredEvents(Display.java:4026)
2026/06/30 14:22:37 - org.pentaho.di.trans.steps.tableinput.TableInputMeta@430dbcb0 - 	at org.eclipse.swt.widgets.Display.readAndDispatch(Display.java:3626)
2026/06/30 14:22:37 - org.pentaho.di.trans.steps.tableinput.TableInputMeta@430dbcb0 - 	at org.pentaho.di.ui.spoon.Spoon.readAndDispatch(Spoon.java:1432)
2026/06/30 14:22:37 - org.pentaho.di.trans.steps.tableinput.TableInputMeta@430dbcb0 - 	at org.pentaho.di.ui.spoon.Spoon.waitForDispose(Spoon.java:8160)
2026/06/30 14:22:37 - org.pentaho.di.trans.steps.tableinput.TableInputMeta@430dbcb0 - 	at org.pentaho.di.ui.spoon.Spoon.start(Spoon.java:9542)
2026/06/30 14:22:37 - org.pentaho.di.trans.steps.tableinput.TableInputMeta@430dbcb0 - 	at org.pentaho.di.ui.spoon.Spoon.main(Spoon.java:722)
2026/06/30 14:22:37 - org.pentaho.di.trans.steps.tableinput.TableInputMeta@430dbcb0 - 	at java.base/jdk.internal.reflect.DirectMethodHandleAccessor.invoke(DirectMethodHandleAccessor.java:104)
2026/06/30 14:22:37 - org.pentaho.di.trans.steps.tableinput.TableInputMeta@430dbcb0 - 	at java.base/java.lang.reflect.Method.invoke(Method.java:578)
2026/06/30 14:22:37 - org.pentaho.di.trans.steps.tableinput.TableInputMeta@430dbcb0 - 	at org.pentaho.commons.launcher.Launcher.main(Launcher.java:92)
2026/06/30 14:22:37 - org.pentaho.di.trans.steps.tableinput.TableInputMeta@430dbcb0 - Caused by: org.pentaho.di.core.exception.KettleDatabaseException: 
2026/06/30 14:22:37 - org.pentaho.di.trans.steps.tableinput.TableInputMeta@430dbcb0 - Error occurred while trying to connect to the database
2026/06/30 14:22:37 - org.pentaho.di.trans.steps.tableinput.TableInputMeta@430dbcb0 - 
2026/06/30 14:22:37 - org.pentaho.di.trans.steps.tableinput.TableInputMeta@430dbcb0 - Connection failed. Verify all connection parameters and confirm that the appropriate driver is installed.
2026/06/30 14:22:37 - org.pentaho.di.trans.steps.tableinput.TableInputMeta@430dbcb0 - El intento de conexión falló.
2026/06/30 14:22:37 - org.pentaho.di.trans.steps.tableinput.TableInputMeta@430dbcb0 - 
2026/06/30 14:22:37 - org.pentaho.di.trans.steps.tableinput.TableInputMeta@430dbcb0 - 
2026/06/30 14:22:37 - org.pentaho.di.trans.steps.tableinput.TableInputMeta@430dbcb0 - 	at org.pentaho.di.core.database.Database.normalConnect(Database.java:497)
2026/06/30 14:22:37 - org.pentaho.di.trans.steps.tableinput.TableInputMeta@430dbcb0 - 	at org.pentaho.di.core.database.Database.connect(Database.java:389)
2026/06/30 14:22:37 - org.pentaho.di.trans.steps.tableinput.TableInputMeta@430dbcb0 - 	at org.pentaho.di.core.database.Database.connect(Database.java:360)
2026/06/30 14:22:37 - org.pentaho.di.trans.steps.tableinput.TableInputMeta@430dbcb0 - 	at org.pentaho.di.core.database.Database.connect(Database.java:350)
2026/06/30 14:22:37 - org.pentaho.di.trans.steps.tableinput.TableInputMeta@430dbcb0 - 	at org.pentaho.di.trans.steps.tableinput.TableInputMeta.getFields(TableInputMeta.java:253)
2026/06/30 14:22:37 - org.pentaho.di.trans.steps.tableinput.TableInputMeta@430dbcb0 - 	... 30 more
2026/06/30 14:22:37 - org.pentaho.di.trans.steps.tableinput.TableInputMeta@430dbcb0 - Caused by: org.pentaho.di.core.exception.KettleDatabaseException: 
2026/06/30 14:22:37 - org.pentaho.di.trans.steps.tableinput.TableInputMeta@430dbcb0 - Connection failed. Verify all connection parameters and confirm that the appropriate driver is installed.
2026/06/30 14:22:37 - org.pentaho.di.trans.steps.tableinput.TableInputMeta@430dbcb0 - El intento de conexión falló.
2026/06/30 14:22:37 - org.pentaho.di.trans.steps.tableinput.TableInputMeta@430dbcb0 - 
2026/06/30 14:22:37 - org.pentaho.di.trans.steps.tableinput.TableInputMeta@430dbcb0 - 	at org.pentaho.di.core.database.Database.connectUsingClass(Database.java:605)
2026/06/30 14:22:37 - org.pentaho.di.trans.steps.tableinput.TableInputMeta@430dbcb0 - 	at org.pentaho.di.core.database.Database.normalConnect(Database.java:481)
2026/06/30 14:22:37 - org.pentaho.di.trans.steps.tableinput.TableInputMeta@430dbcb0 - 	... 34 more
2026/06/30 14:22:37 - org.pentaho.di.trans.steps.tableinput.TableInputMeta@430dbcb0 - Caused by: org.postgresql.util.PSQLException: El intento de conexión falló.
2026/06/30 14:22:37 - org.pentaho.di.trans.steps.tableinput.TableInputMeta@430dbcb0 - 	at org.postgresql.core.v3.ConnectionFactoryImpl.openConnectionImpl(ConnectionFactoryImpl.java:315)
2026/06/30 14:22:37 - org.pentaho.di.trans.steps.tableinput.TableInputMeta@430dbcb0 - 	at org.postgresql.core.ConnectionFactory.openConnection(ConnectionFactory.java:51)
2026/06/30 14:22:37 - org.pentaho.di.trans.steps.tableinput.TableInputMeta@430dbcb0 - 	at org.postgresql.jdbc.PgConnection.<init>(PgConnection.java:223)
2026/06/30 14:22:37 - org.pentaho.di.trans.steps.tableinput.TableInputMeta@430dbcb0 - 	at org.postgresql.Driver.makeConnection(Driver.java:465)
2026/06/30 14:22:37 - org.pentaho.di.trans.steps.tableinput.TableInputMeta@430dbcb0 - 	at org.postgresql.Driver.connect(Driver.java:264)
2026/06/30 14:22:37 - org.pentaho.di.trans.steps.tableinput.TableInputMeta@430dbcb0 - 	at java.sql/java.sql.DriverManager.getConnection(DriverManager.java:683)
2026/06/30 14:22:37 - org.pentaho.di.trans.steps.tableinput.TableInputMeta@430dbcb0 - 	at java.sql/java.sql.DriverManager.getConnection(DriverManager.java:191)
2026/06/30 14:22:37 - org.pentaho.di.trans.steps.tableinput.TableInputMeta@430dbcb0 - 	at org.pentaho.di.core.database.Database.connectUsingClass(Database.java:589)
2026/06/30 14:22:37 - org.pentaho.di.trans.steps.tableinput.TableInputMeta@430dbcb0 - 	... 35 more
2026/06/30 14:22:37 - org.pentaho.di.trans.steps.tableinput.TableInputMeta@430dbcb0 - Caused by: java.net.UnknownHostException: db_seguros
2026/06/30 14:22:37 - org.pentaho.di.trans.steps.tableinput.TableInputMeta@430dbcb0 - 	at java.base/sun.nio.ch.NioSocketImpl.connect(NioSocketImpl.java:560)
2026/06/30 14:22:37 - org.pentaho.di.trans.steps.tableinput.TableInputMeta@430dbcb0 - 	at java.base/java.net.SocksSocketImpl.connect(SocksSocketImpl.java:327)
2026/06/30 14:22:37 - org.pentaho.di.trans.steps.tableinput.TableInputMeta@430dbcb0 - 	at java.base/java.net.Socket.connect(Socket.java:666)
2026/06/30 14:22:37 - org.pentaho.di.trans.steps.tableinput.TableInputMeta@430dbcb0 - 	at org.postgresql.core.PGStream.createSocket(PGStream.java:231)
2026/06/30 14:22:37 - org.pentaho.di.trans.steps.tableinput.TableInputMeta@430dbcb0 - 	at org.postgresql.core.PGStream.<init>(PGStream.java:95)
2026/06/30 14:22:37 - org.pentaho.di.trans.steps.tableinput.TableInputMeta@430dbcb0 - 	at org.postgresql.core.v3.ConnectionFactoryImpl.tryConnect(ConnectionFactoryImpl.java:98)
2026/06/30 14:22:37 - org.pentaho.di.trans.steps.tableinput.TableInputMeta@430dbcb0 - 	at org.postgresql.core.v3.ConnectionFactoryImpl.openConnectionImpl(ConnectionFactoryImpl.java:213)
2026/06/30 14:22:37 - org.pentaho.di.trans.steps.tableinput.TableInputMeta@430dbcb0 - 	... 42 more
2026/06/30 14:22:44 - org.pentaho.di.trans.steps.tableoutput.TableOutputMeta@569026df - ERROR (version 9.4.0.0-343, build 0.0 from 2022-11-08 07.50.27 by buildguy) : Unable to get fields from previous steps because of an error
2026/06/30 14:24:23 - org.pentaho.di.trans.steps.tableinput.TableInputMeta@55f29d39 - ERROR (version 9.4.0.0-343, build 0.0 from 2022-11-08 07.50.27 by buildguy) : Unexpected error fetching row meta data.
2026/06/30 14:24:23 - org.pentaho.di.trans.steps.tableinput.TableInputMeta@55f29d39 - ERROR (version 9.4.0.0-343, build 0.0 from 2022-11-08 07.50.27 by buildguy) : org.pentaho.di.core.exception.KettleStepException: 
2026/06/30 14:24:23 - org.pentaho.di.trans.steps.tableinput.TableInputMeta@55f29d39 - Unable to get queryfields for SQL: 
2026/06/30 14:24:23 - org.pentaho.di.trans.steps.tableinput.TableInputMeta@55f29d39 - SELECT
  nro_contrato
, cod_producto
, cod_cliente
, fecha_inicio
, fecha_fin
, monto
, estado_contrato
FROM seguro_g26473471.registro_contrato

2026/06/30 14:24:23 - org.pentaho.di.trans.steps.tableinput.TableInputMeta@55f29d39 - 
2026/06/30 14:24:23 - org.pentaho.di.trans.steps.tableinput.TableInputMeta@55f29d39 - Error occurred while trying to connect to the database
2026/06/30 14:24:23 - org.pentaho.di.trans.steps.tableinput.TableInputMeta@55f29d39 - 
2026/06/30 14:24:23 - org.pentaho.di.trans.steps.tableinput.TableInputMeta@55f29d39 - Connection failed. Verify all connection parameters and confirm that the appropriate driver is installed.
2026/06/30 14:24:23 - org.pentaho.di.trans.steps.tableinput.TableInputMeta@55f29d39 - El intento de conexión falló.
2026/06/30 14:24:23 - org.pentaho.di.trans.steps.tableinput.TableInputMeta@55f29d39 - 
2026/06/30 14:24:23 - org.pentaho.di.trans.steps.tableinput.TableInputMeta@55f29d39 - 
2026/06/30 14:24:23 - org.pentaho.di.trans.steps.tableinput.TableInputMeta@55f29d39 - 
2026/06/30 14:24:23 - org.pentaho.di.trans.steps.tableinput.TableInputMeta@55f29d39 - 	at org.pentaho.di.trans.steps.tableinput.TableInputMeta.getFields(TableInputMeta.java:275)
2026/06/30 14:24:23 - org.pentaho.di.trans.steps.tableinput.TableInputMeta@55f29d39 - 	at org.pentaho.di.trans.TransMeta.getThisStepFields(TransMeta.java:2055)
2026/06/30 14:24:23 - org.pentaho.di.trans.steps.tableinput.TableInputMeta@55f29d39 - 	at org.pentaho.di.trans.TransMeta.getStepFields(TransMeta.java:1873)
2026/06/30 14:24:23 - org.pentaho.di.trans.steps.tableinput.TableInputMeta@55f29d39 - 	at org.pentaho.di.trans.TransMeta.getStepFields(TransMeta.java:1770)
2026/06/30 14:24:23 - org.pentaho.di.trans.steps.tableinput.TableInputMeta@55f29d39 - 	at org.pentaho.di.trans.steps.tableinput.TableInputMeta.updateCachedRowMeta(TableInputMeta.java:340)
2026/06/30 14:24:23 - org.pentaho.di.trans.steps.tableinput.TableInputMeta@55f29d39 - 	at org.pentaho.di.ui.trans.steps.tableinput.TableInputDialog.ok(TableInputDialog.java:566)
2026/06/30 14:24:23 - org.pentaho.di.trans.steps.tableinput.TableInputMeta@55f29d39 - 	at org.pentaho.di.ui.trans.steps.tableinput.TableInputDialog.access$400(TableInputDialog.java:79)
2026/06/30 14:24:23 - org.pentaho.di.trans.steps.tableinput.TableInputMeta@55f29d39 - 	at org.pentaho.di.ui.trans.steps.tableinput.TableInputDialog$12.handleEvent(TableInputDialog.java:417)
2026/06/30 14:24:23 - org.pentaho.di.trans.steps.tableinput.TableInputMeta@55f29d39 - 	at org.eclipse.swt.widgets.EventTable.sendEvent(EventTable.java:89)
2026/06/30 14:24:23 - org.pentaho.di.trans.steps.tableinput.TableInputMeta@55f29d39 - 	at org.eclipse.swt.widgets.Display.sendEvent(Display.java:4209)
2026/06/30 14:24:23 - org.pentaho.di.trans.steps.tableinput.TableInputMeta@55f29d39 - 	at org.eclipse.swt.widgets.Widget.sendEvent(Widget.java:1037)
2026/06/30 14:24:23 - org.pentaho.di.trans.steps.tableinput.TableInputMeta@55f29d39 - 	at org.eclipse.swt.widgets.Display.runDeferredEvents(Display.java:4026)
2026/06/30 14:24:23 - org.pentaho.di.trans.steps.tableinput.TableInputMeta@55f29d39 - 	at org.eclipse.swt.widgets.Display.readAndDispatch(Display.java:3626)
2026/06/30 14:24:23 - org.pentaho.di.trans.steps.tableinput.TableInputMeta@55f29d39 - 	at org.pentaho.di.ui.trans.steps.tableinput.TableInputDialog.open(TableInputDialog.java:463)
2026/06/30 14:24:23 - org.pentaho.di.trans.steps.tableinput.TableInputMeta@55f29d39 - 	at org.pentaho.di.ui.spoon.delegates.SpoonStepsDelegate.editStep(SpoonStepsDelegate.java:120)
2026/06/30 14:24:23 - org.pentaho.di.trans.steps.tableinput.TableInputMeta@55f29d39 - 	at org.pentaho.di.ui.spoon.Spoon.editStep(Spoon.java:9025)
2026/06/30 14:24:23 - org.pentaho.di.trans.steps.tableinput.TableInputMeta@55f29d39 - 	at org.pentaho.di.ui.spoon.trans.TransGraph.editStep(TransGraph.java:3286)
2026/06/30 14:24:23 - org.pentaho.di.trans.steps.tableinput.TableInputMeta@55f29d39 - 	at org.pentaho.di.ui.spoon.trans.TransGraph.mouseDoubleClick(TransGraph.java:784)
2026/06/30 14:24:23 - org.pentaho.di.trans.steps.tableinput.TableInputMeta@55f29d39 - 	at org.eclipse.swt.widgets.TypedListener.handleEvent(TypedListener.java:200)
2026/06/30 14:24:23 - org.pentaho.di.trans.steps.tableinput.TableInputMeta@55f29d39 - 	at org.eclipse.swt.widgets.EventTable.sendEvent(EventTable.java:89)
2026/06/30 14:24:23 - org.pentaho.di.trans.steps.tableinput.TableInputMeta@55f29d39 - 	at org.eclipse.swt.widgets.Display.sendEvent(Display.java:4209)
2026/06/30 14:24:23 - org.pentaho.di.trans.steps.tableinput.TableInputMeta@55f29d39 - 	at org.eclipse.swt.widgets.Widget.sendEvent(Widget.java:1037)
2026/06/30 14:24:23 - org.pentaho.di.trans.steps.tableinput.TableInputMeta@55f29d39 - 	at org.eclipse.swt.widgets.Display.runDeferredEvents(Display.java:4026)
2026/06/30 14:24:23 - org.pentaho.di.trans.steps.tableinput.TableInputMeta@55f29d39 - 	at org.eclipse.swt.widgets.Display.readAndDispatch(Display.java:3626)
2026/06/30 14:24:23 - org.pentaho.di.trans.steps.tableinput.TableInputMeta@55f29d39 - 	at org.pentaho.di.ui.spoon.Spoon.readAndDispatch(Spoon.java:1432)
2026/06/30 14:24:23 - org.pentaho.di.trans.steps.tableinput.TableInputMeta@55f29d39 - 	at org.pentaho.di.ui.spoon.Spoon.waitForDispose(Spoon.java:8160)
2026/06/30 14:24:23 - org.pentaho.di.trans.steps.tableinput.TableInputMeta@55f29d39 - 	at org.pentaho.di.ui.spoon.Spoon.start(Spoon.java:9542)
2026/06/30 14:24:23 - org.pentaho.di.trans.steps.tableinput.TableInputMeta@55f29d39 - 	at org.pentaho.di.ui.spoon.Spoon.main(Spoon.java:722)
2026/06/30 14:24:23 - org.pentaho.di.trans.steps.tableinput.TableInputMeta@55f29d39 - 	at java.base/jdk.internal.reflect.DirectMethodHandleAccessor.invoke(DirectMethodHandleAccessor.java:104)
2026/06/30 14:24:23 - org.pentaho.di.trans.steps.tableinput.TableInputMeta@55f29d39 - 	at java.base/java.lang.reflect.Method.invoke(Method.java:578)
2026/06/30 14:24:23 - org.pentaho.di.trans.steps.tableinput.TableInputMeta@55f29d39 - 	at org.pentaho.commons.launcher.Launcher.main(Launcher.java:92)
2026/06/30 14:24:23 - org.pentaho.di.trans.steps.tableinput.TableInputMeta@55f29d39 - Caused by: org.pentaho.di.core.exception.KettleDatabaseException: 
2026/06/30 14:24:23 - org.pentaho.di.trans.steps.tableinput.TableInputMeta@55f29d39 - Error occurred while trying to connect to the database
2026/06/30 14:24:23 - org.pentaho.di.trans.steps.tableinput.TableInputMeta@55f29d39 - 
2026/06/30 14:24:23 - org.pentaho.di.trans.steps.tableinput.TableInputMeta@55f29d39 - Connection failed. Verify all connection parameters and confirm that the appropriate driver is installed.
2026/06/30 14:24:23 - org.pentaho.di.trans.steps.tableinput.TableInputMeta@55f29d39 - El intento de conexión falló.
2026/06/30 14:24:23 - org.pentaho.di.trans.steps.tableinput.TableInputMeta@55f29d39 - 
2026/06/30 14:24:23 - org.pentaho.di.trans.steps.tableinput.TableInputMeta@55f29d39 - 
2026/06/30 14:24:23 - org.pentaho.di.trans.steps.tableinput.TableInputMeta@55f29d39 - 	at org.pentaho.di.core.database.Database.normalConnect(Database.java:497)
2026/06/30 14:24:23 - org.pentaho.di.trans.steps.tableinput.TableInputMeta@55f29d39 - 	at org.pentaho.di.core.database.Database.connect(Database.java:389)
2026/06/30 14:24:23 - org.pentaho.di.trans.steps.tableinput.TableInputMeta@55f29d39 - 	at org.pentaho.di.core.database.Database.connect(Database.java:360)
2026/06/30 14:24:23 - org.pentaho.di.trans.steps.tableinput.TableInputMeta@55f29d39 - 	at org.pentaho.di.core.database.Database.connect(Database.java:350)
2026/06/30 14:24:23 - org.pentaho.di.trans.steps.tableinput.TableInputMeta@55f29d39 - 	at org.pentaho.di.trans.steps.tableinput.TableInputMeta.getFields(TableInputMeta.java:253)
2026/06/30 14:24:23 - org.pentaho.di.trans.steps.tableinput.TableInputMeta@55f29d39 - 	... 30 more
2026/06/30 14:24:23 - org.pentaho.di.trans.steps.tableinput.TableInputMeta@55f29d39 - Caused by: org.pentaho.di.core.exception.KettleDatabaseException: 
2026/06/30 14:24:23 - org.pentaho.di.trans.steps.tableinput.TableInputMeta@55f29d39 - Connection failed. Verify all connection parameters and confirm that the appropriate driver is installed.
2026/06/30 14:24:23 - org.pentaho.di.trans.steps.tableinput.TableInputMeta@55f29d39 - El intento de conexión falló.
2026/06/30 14:24:23 - org.pentaho.di.trans.steps.tableinput.TableInputMeta@55f29d39 - 
2026/06/30 14:24:23 - org.pentaho.di.trans.steps.tableinput.TableInputMeta@55f29d39 - 	at org.pentaho.di.core.database.Database.connectUsingClass(Database.java:605)
2026/06/30 14:24:23 - org.pentaho.di.trans.steps.tableinput.TableInputMeta@55f29d39 - 	at org.pentaho.di.core.database.Database.normalConnect(Database.java:481)
2026/06/30 14:24:23 - org.pentaho.di.trans.steps.tableinput.TableInputMeta@55f29d39 - 	... 34 more
2026/06/30 14:24:23 - org.pentaho.di.trans.steps.tableinput.TableInputMeta@55f29d39 - Caused by: org.postgresql.util.PSQLException: El intento de conexión falló.
2026/06/30 14:24:23 - org.pentaho.di.trans.steps.tableinput.TableInputMeta@55f29d39 - 	at org.postgresql.core.v3.ConnectionFactoryImpl.openConnectionImpl(ConnectionFactoryImpl.java:315)
2026/06/30 14:24:23 - org.pentaho.di.trans.steps.tableinput.TableInputMeta@55f29d39 - 	at org.postgresql.core.ConnectionFactory.openConnection(ConnectionFactory.java:51)
2026/06/30 14:24:23 - org.pentaho.di.trans.steps.tableinput.TableInputMeta@55f29d39 - 	at org.postgresql.jdbc.PgConnection.<init>(PgConnection.java:223)
2026/06/30 14:24:23 - org.pentaho.di.trans.steps.tableinput.TableInputMeta@55f29d39 - 	at org.postgresql.Driver.makeConnection(Driver.java:465)
2026/06/30 14:24:23 - org.pentaho.di.trans.steps.tableinput.TableInputMeta@55f29d39 - 	at org.postgresql.Driver.connect(Driver.java:264)
2026/06/30 14:24:23 - org.pentaho.di.trans.steps.tableinput.TableInputMeta@55f29d39 - 	at java.sql/java.sql.DriverManager.getConnection(DriverManager.java:683)
2026/06/30 14:24:23 - org.pentaho.di.trans.steps.tableinput.TableInputMeta@55f29d39 - 	at java.sql/java.sql.DriverManager.getConnection(DriverManager.java:191)
2026/06/30 14:24:23 - org.pentaho.di.trans.steps.tableinput.TableInputMeta@55f29d39 - 	at org.pentaho.di.core.database.Database.connectUsingClass(Database.java:589)
2026/06/30 14:24:23 - org.pentaho.di.trans.steps.tableinput.TableInputMeta@55f29d39 - 	... 35 more
2026/06/30 14:24:23 - org.pentaho.di.trans.steps.tableinput.TableInputMeta@55f29d39 - Caused by: java.net.UnknownHostException: db_seguros
2026/06/30 14:24:23 - org.pentaho.di.trans.steps.tableinput.TableInputMeta@55f29d39 - 	at java.base/sun.nio.ch.NioSocketImpl.connect(NioSocketImpl.java:560)
2026/06/30 14:24:23 - org.pentaho.di.trans.steps.tableinput.TableInputMeta@55f29d39 - 	at java.base/java.net.SocksSocketImpl.connect(SocksSocketImpl.java:327)
2026/06/30 14:24:23 - org.pentaho.di.trans.steps.tableinput.TableInputMeta@55f29d39 - 	at java.base/java.net.Socket.connect(Socket.java:666)
2026/06/30 14:24:23 - org.pentaho.di.trans.steps.tableinput.TableInputMeta@55f29d39 - 	at org.postgresql.core.PGStream.createSocket(PGStream.java:231)
2026/06/30 14:24:23 - org.pentaho.di.trans.steps.tableinput.TableInputMeta@55f29d39 - 	at org.postgresql.core.PGStream.<init>(PGStream.java:95)
2026/06/30 14:24:23 - org.pentaho.di.trans.steps.tableinput.TableInputMeta@55f29d39 - 	at org.postgresql.core.v3.ConnectionFactoryImpl.tryConnect(ConnectionFactoryImpl.java:98)
2026/06/30 14:24:23 - org.pentaho.di.trans.steps.tableinput.TableInputMeta@55f29d39 - 	at org.postgresql.core.v3.ConnectionFactoryImpl.openConnectionImpl(ConnectionFactoryImpl.java:213)
2026/06/30 14:24:23 - org.pentaho.di.trans.steps.tableinput.TableInputMeta@55f29d39 - 	... 42 more
2026/06/30 14:24:46 - org.pentaho.di.trans.steps.tableoutput.TableOutputMeta@56c39949 - ERROR (version 9.4.0.0-343, build 0.0 from 2022-11-08 07.50.27 by buildguy) : Unable to get fields from previous steps because of an error
2026/06/30 14:25:52 - org.pentaho.di.trans.steps.tableinput.TableInputMeta@3b24fb6f - ERROR (version 9.4.0.0-343, build 0.0 from 2022-11-08 07.50.27 by buildguy) : Unexpected error fetching row meta data.
2026/06/30 14:25:52 - org.pentaho.di.trans.steps.tableinput.TableInputMeta@3b24fb6f - ERROR (version 9.4.0.0-343, build 0.0 from 2022-11-08 07.50.27 by buildguy) : org.pentaho.di.core.exception.KettleStepException: 
2026/06/30 14:25:52 - org.pentaho.di.trans.steps.tableinput.TableInputMeta@3b24fb6f - Unable to get queryfields for SQL: 
2026/06/30 14:25:52 - org.pentaho.di.trans.steps.tableinput.TableInputMeta@3b24fb6f - SELECT
  nro_contrato
, descrip_contrato
FROM seguro_g26473471.contrato

2026/06/30 14:25:52 - org.pentaho.di.trans.steps.tableinput.TableInputMeta@3b24fb6f - 
2026/06/30 14:25:52 - org.pentaho.di.trans.steps.tableinput.TableInputMeta@3b24fb6f - Error occurred while trying to connect to the database
2026/06/30 14:25:52 - org.pentaho.di.trans.steps.tableinput.TableInputMeta@3b24fb6f - 
2026/06/30 14:25:52 - org.pentaho.di.trans.steps.tableinput.TableInputMeta@3b24fb6f - Connection failed. Verify all connection parameters and confirm that the appropriate driver is installed.
2026/06/30 14:25:52 - org.pentaho.di.trans.steps.tableinput.TableInputMeta@3b24fb6f - El intento de conexión falló.
2026/06/30 14:25:52 - org.pentaho.di.trans.steps.tableinput.TableInputMeta@3b24fb6f - 
2026/06/30 14:25:52 - org.pentaho.di.trans.steps.tableinput.TableInputMeta@3b24fb6f - 
2026/06/30 14:25:52 - org.pentaho.di.trans.steps.tableinput.TableInputMeta@3b24fb6f - 
2026/06/30 14:25:52 - org.pentaho.di.trans.steps.tableinput.TableInputMeta@3b24fb6f - 	at org.pentaho.di.trans.steps.tableinput.TableInputMeta.getFields(TableInputMeta.java:275)
2026/06/30 14:25:52 - org.pentaho.di.trans.steps.tableinput.TableInputMeta@3b24fb6f - 	at org.pentaho.di.trans.TransMeta.getThisStepFields(TransMeta.java:2055)
2026/06/30 14:25:52 - org.pentaho.di.trans.steps.tableinput.TableInputMeta@3b24fb6f - 	at org.pentaho.di.trans.TransMeta.getStepFields(TransMeta.java:1873)
2026/06/30 14:25:52 - org.pentaho.di.trans.steps.tableinput.TableInputMeta@3b24fb6f - 	at org.pentaho.di.trans.TransMeta.getStepFields(TransMeta.java:1770)
2026/06/30 14:25:52 - org.pentaho.di.trans.steps.tableinput.TableInputMeta@3b24fb6f - 	at org.pentaho.di.trans.steps.tableinput.TableInputMeta.updateCachedRowMeta(TableInputMeta.java:340)
2026/06/30 14:25:52 - org.pentaho.di.trans.steps.tableinput.TableInputMeta@3b24fb6f - 	at org.pentaho.di.ui.trans.steps.tableinput.TableInputDialog.ok(TableInputDialog.java:566)
2026/06/30 14:25:52 - org.pentaho.di.trans.steps.tableinput.TableInputMeta@3b24fb6f - 	at org.pentaho.di.ui.trans.steps.tableinput.TableInputDialog.access$400(TableInputDialog.java:79)
2026/06/30 14:25:52 - org.pentaho.di.trans.steps.tableinput.TableInputMeta@3b24fb6f - 	at org.pentaho.di.ui.trans.steps.tableinput.TableInputDialog$12.handleEvent(TableInputDialog.java:417)
2026/06/30 14:25:52 - org.pentaho.di.trans.steps.tableinput.TableInputMeta@3b24fb6f - 	at org.eclipse.swt.widgets.EventTable.sendEvent(EventTable.java:89)
2026/06/30 14:25:52 - org.pentaho.di.trans.steps.tableinput.TableInputMeta@3b24fb6f - 	at org.eclipse.swt.widgets.Display.sendEvent(Display.java:4209)
2026/06/30 14:25:52 - org.pentaho.di.trans.steps.tableinput.TableInputMeta@3b24fb6f - 	at org.eclipse.swt.widgets.Widget.sendEvent(Widget.java:1037)
2026/06/30 14:25:52 - org.pentaho.di.trans.steps.tableinput.TableInputMeta@3b24fb6f - 	at org.eclipse.swt.widgets.Display.runDeferredEvents(Display.java:4026)
2026/06/30 14:25:52 - org.pentaho.di.trans.steps.tableinput.TableInputMeta@3b24fb6f - 	at org.eclipse.swt.widgets.Display.readAndDispatch(Display.java:3626)
2026/06/30 14:25:52 - org.pentaho.di.trans.steps.tableinput.TableInputMeta@3b24fb6f - 	at org.pentaho.di.ui.trans.steps.tableinput.TableInputDialog.open(TableInputDialog.java:463)
2026/06/30 14:25:52 - org.pentaho.di.trans.steps.tableinput.TableInputMeta@3b24fb6f - 	at org.pentaho.di.ui.spoon.delegates.SpoonStepsDelegate.editStep(SpoonStepsDelegate.java:120)
2026/06/30 14:25:52 - org.pentaho.di.trans.steps.tableinput.TableInputMeta@3b24fb6f - 	at org.pentaho.di.ui.spoon.Spoon.editStep(Spoon.java:9025)
2026/06/30 14:25:52 - org.pentaho.di.trans.steps.tableinput.TableInputMeta@3b24fb6f - 	at org.pentaho.di.ui.spoon.trans.TransGraph.editStep(TransGraph.java:3286)
2026/06/30 14:25:52 - org.pentaho.di.trans.steps.tableinput.TableInputMeta@3b24fb6f - 	at org.pentaho.di.ui.spoon.trans.TransGraph.mouseDoubleClick(TransGraph.java:784)
2026/06/30 14:25:52 - org.pentaho.di.trans.steps.tableinput.TableInputMeta@3b24fb6f - 	at org.eclipse.swt.widgets.TypedListener.handleEvent(TypedListener.java:200)
2026/06/30 14:25:52 - org.pentaho.di.trans.steps.tableinput.TableInputMeta@3b24fb6f - 	at org.eclipse.swt.widgets.EventTable.sendEvent(EventTable.java:89)
2026/06/30 14:25:52 - org.pentaho.di.trans.steps.tableinput.TableInputMeta@3b24fb6f - 	at org.eclipse.swt.widgets.Display.sendEvent(Display.java:4209)
2026/06/30 14:25:52 - org.pentaho.di.trans.steps.tableinput.TableInputMeta@3b24fb6f - 	at org.eclipse.swt.widgets.Widget.sendEvent(Widget.java:1037)
2026/06/30 14:25:52 - org.pentaho.di.trans.steps.tableinput.TableInputMeta@3b24fb6f - 	at org.eclipse.swt.widgets.Display.runDeferredEvents(Display.java:4026)
2026/06/30 14:25:52 - org.pentaho.di.trans.steps.tableinput.TableInputMeta@3b24fb6f - 	at org.eclipse.swt.widgets.Display.readAndDispatch(Display.java:3626)
2026/06/30 14:25:52 - org.pentaho.di.trans.steps.tableinput.TableInputMeta@3b24fb6f - 	at org.pentaho.di.ui.spoon.Spoon.readAndDispatch(Spoon.java:1432)
2026/06/30 14:25:52 - org.pentaho.di.trans.steps.tableinput.TableInputMeta@3b24fb6f - 	at org.pentaho.di.ui.spoon.Spoon.waitForDispose(Spoon.java:8160)
2026/06/30 14:25:52 - org.pentaho.di.trans.steps.tableinput.TableInputMeta@3b24fb6f - 	at org.pentaho.di.ui.spoon.Spoon.start(Spoon.java:9542)
2026/06/30 14:25:52 - org.pentaho.di.trans.steps.tableinput.TableInputMeta@3b24fb6f - 	at org.pentaho.di.ui.spoon.Spoon.main(Spoon.java:722)
2026/06/30 14:25:52 - org.pentaho.di.trans.steps.tableinput.TableInputMeta@3b24fb6f - 	at java.base/jdk.internal.reflect.DirectMethodHandleAccessor.invoke(DirectMethodHandleAccessor.java:104)
2026/06/30 14:25:52 - org.pentaho.di.trans.steps.tableinput.TableInputMeta@3b24fb6f - 	at java.base/java.lang.reflect.Method.invoke(Method.java:578)
2026/06/30 14:25:52 - org.pentaho.di.trans.steps.tableinput.TableInputMeta@3b24fb6f - 	at org.pentaho.commons.launcher.Launcher.main(Launcher.java:92)
2026/06/30 14:25:52 - org.pentaho.di.trans.steps.tableinput.TableInputMeta@3b24fb6f - Caused by: org.pentaho.di.core.exception.KettleDatabaseException: 
2026/06/30 14:25:52 - org.pentaho.di.trans.steps.tableinput.TableInputMeta@3b24fb6f - Error occurred while trying to connect to the database
2026/06/30 14:25:52 - org.pentaho.di.trans.steps.tableinput.TableInputMeta@3b24fb6f - 
2026/06/30 14:25:52 - org.pentaho.di.trans.steps.tableinput.TableInputMeta@3b24fb6f - Connection failed. Verify all connection parameters and confirm that the appropriate driver is installed.
2026/06/30 14:25:52 - org.pentaho.di.trans.steps.tableinput.TableInputMeta@3b24fb6f - El intento de conexión falló.
2026/06/30 14:25:52 - org.pentaho.di.trans.steps.tableinput.TableInputMeta@3b24fb6f - 
2026/06/30 14:25:52 - org.pentaho.di.trans.steps.tableinput.TableInputMeta@3b24fb6f - 
2026/06/30 14:25:52 - org.pentaho.di.trans.steps.tableinput.TableInputMeta@3b24fb6f - 	at org.pentaho.di.core.database.Database.normalConnect(Database.java:497)
2026/06/30 14:25:52 - org.pentaho.di.trans.steps.tableinput.TableInputMeta@3b24fb6f - 	at org.pentaho.di.core.database.Database.connect(Database.java:389)
2026/06/30 14:25:52 - org.pentaho.di.trans.steps.tableinput.TableInputMeta@3b24fb6f - 	at org.pentaho.di.core.database.Database.connect(Database.java:360)
2026/06/30 14:25:52 - org.pentaho.di.trans.steps.tableinput.TableInputMeta@3b24fb6f - 	at org.pentaho.di.core.database.Database.connect(Database.java:350)
2026/06/30 14:25:52 - org.pentaho.di.trans.steps.tableinput.TableInputMeta@3b24fb6f - 	at org.pentaho.di.trans.steps.tableinput.TableInputMeta.getFields(TableInputMeta.java:253)
2026/06/30 14:25:52 - org.pentaho.di.trans.steps.tableinput.TableInputMeta@3b24fb6f - 	... 30 more
2026/06/30 14:25:52 - org.pentaho.di.trans.steps.tableinput.TableInputMeta@3b24fb6f - Caused by: org.pentaho.di.core.exception.KettleDatabaseException: 
2026/06/30 14:25:52 - org.pentaho.di.trans.steps.tableinput.TableInputMeta@3b24fb6f - Connection failed. Verify all connection parameters and confirm that the appropriate driver is installed.
2026/06/30 14:25:52 - org.pentaho.di.trans.steps.tableinput.TableInputMeta@3b24fb6f - El intento de conexión falló.
2026/06/30 14:25:52 - org.pentaho.di.trans.steps.tableinput.TableInputMeta@3b24fb6f - 
2026/06/30 14:25:52 - org.pentaho.di.trans.steps.tableinput.TableInputMeta@3b24fb6f - 	at org.pentaho.di.core.database.Database.connectUsingClass(Database.java:605)
2026/06/30 14:25:52 - org.pentaho.di.trans.steps.tableinput.TableInputMeta@3b24fb6f - 	at org.pentaho.di.core.database.Database.normalConnect(Database.java:481)
2026/06/30 14:25:52 - org.pentaho.di.trans.steps.tableinput.TableInputMeta@3b24fb6f - 	... 34 more
2026/06/30 14:25:52 - org.pentaho.di.trans.steps.tableinput.TableInputMeta@3b24fb6f - Caused by: org.postgresql.util.PSQLException: El intento de conexión falló.
2026/06/30 14:25:52 - org.pentaho.di.trans.steps.tableinput.TableInputMeta@3b24fb6f - 	at org.postgresql.core.v3.ConnectionFactoryImpl.openConnectionImpl(ConnectionFactoryImpl.java:315)
2026/06/30 14:25:52 - org.pentaho.di.trans.steps.tableinput.TableInputMeta@3b24fb6f - 	at org.postgresql.core.ConnectionFactory.openConnection(ConnectionFactory.java:51)
2026/06/30 14:25:52 - org.pentaho.di.trans.steps.tableinput.TableInputMeta@3b24fb6f - 	at org.postgresql.jdbc.PgConnection.<init>(PgConnection.java:223)
2026/06/30 14:25:52 - org.pentaho.di.trans.steps.tableinput.TableInputMeta@3b24fb6f - 	at org.postgresql.Driver.makeConnection(Driver.java:465)
2026/06/30 14:25:52 - org.pentaho.di.trans.steps.tableinput.TableInputMeta@3b24fb6f - 	at org.postgresql.Driver.connect(Driver.java:264)
2026/06/30 14:25:52 - org.pentaho.di.trans.steps.tableinput.TableInputMeta@3b24fb6f - 	at java.sql/java.sql.DriverManager.getConnection(DriverManager.java:683)
2026/06/30 14:25:52 - org.pentaho.di.trans.steps.tableinput.TableInputMeta@3b24fb6f - 	at java.sql/java.sql.DriverManager.getConnection(DriverManager.java:191)
2026/06/30 14:25:52 - org.pentaho.di.trans.steps.tableinput.TableInputMeta@3b24fb6f - 	at org.pentaho.di.core.database.Database.connectUsingClass(Database.java:589)
2026/06/30 14:25:52 - org.pentaho.di.trans.steps.tableinput.TableInputMeta@3b24fb6f - 	... 35 more
2026/06/30 14:25:52 - org.pentaho.di.trans.steps.tableinput.TableInputMeta@3b24fb6f - Caused by: java.net.UnknownHostException: db_seguros
2026/06/30 14:25:52 - org.pentaho.di.trans.steps.tableinput.TableInputMeta@3b24fb6f - 	at java.base/sun.nio.ch.NioSocketImpl.connect(NioSocketImpl.java:560)
2026/06/30 14:25:52 - org.pentaho.di.trans.steps.tableinput.TableInputMeta@3b24fb6f - 	at java.base/java.net.SocksSocketImpl.connect(SocksSocketImpl.java:327)
2026/06/30 14:25:52 - org.pentaho.di.trans.steps.tableinput.TableInputMeta@3b24fb6f - 	at java.base/java.net.Socket.connect(Socket.java:666)
2026/06/30 14:25:52 - org.pentaho.di.trans.steps.tableinput.TableInputMeta@3b24fb6f - 	at org.postgresql.core.PGStream.createSocket(PGStream.java:231)
2026/06/30 14:25:52 - org.pentaho.di.trans.steps.tableinput.TableInputMeta@3b24fb6f - 	at org.postgresql.core.PGStream.<init>(PGStream.java:95)
2026/06/30 14:25:52 - org.pentaho.di.trans.steps.tableinput.TableInputMeta@3b24fb6f - 	at org.postgresql.core.v3.ConnectionFactoryImpl.tryConnect(ConnectionFactoryImpl.java:98)
2026/06/30 14:25:52 - org.pentaho.di.trans.steps.tableinput.TableInputMeta@3b24fb6f - 	at org.postgresql.core.v3.ConnectionFactoryImpl.openConnectionImpl(ConnectionFactoryImpl.java:213)
2026/06/30 14:25:52 - org.pentaho.di.trans.steps.tableinput.TableInputMeta@3b24fb6f - 	... 42 more
2026/06/30 14:25:53 - org.pentaho.di.trans.steps.tableoutput.TableOutputMeta@6e49863e - ERROR (version 9.4.0.0-343, build 0.0 from 2022-11-08 07.50.27 by buildguy) : Unable to get fields from previous steps because of an error
2026/06/30 14:26:48 - org.pentaho.di.trans.steps.tableinput.TableInputMeta@67887bf2 - ERROR (version 9.4.0.0-343, build 0.0 from 2022-11-08 07.50.27 by buildguy) : Unexpected error fetching row meta data.
2026/06/30 14:26:48 - org.pentaho.di.trans.steps.tableinput.TableInputMeta@67887bf2 - ERROR (version 9.4.0.0-343, build 0.0 from 2022-11-08 07.50.27 by buildguy) : org.pentaho.di.core.exception.KettleStepException: 
2026/06/30 14:26:48 - org.pentaho.di.trans.steps.tableinput.TableInputMeta@67887bf2 - Unable to get queryfields for SQL: 
2026/06/30 14:26:48 - org.pentaho.di.trans.steps.tableinput.TableInputMeta@67887bf2 - SELECT
  cod_cliente
, nb_cliente
, ci_rif
, telefono
, direccion
, sexo
, email
, cod_sucursal
FROM seguro_g26473471.cliente

2026/06/30 14:26:48 - org.pentaho.di.trans.steps.tableinput.TableInputMeta@67887bf2 - 
2026/06/30 14:26:48 - org.pentaho.di.trans.steps.tableinput.TableInputMeta@67887bf2 - Error occurred while trying to connect to the database
2026/06/30 14:26:48 - org.pentaho.di.trans.steps.tableinput.TableInputMeta@67887bf2 - 
2026/06/30 14:26:48 - org.pentaho.di.trans.steps.tableinput.TableInputMeta@67887bf2 - Connection failed. Verify all connection parameters and confirm that the appropriate driver is installed.
2026/06/30 14:26:48 - org.pentaho.di.trans.steps.tableinput.TableInputMeta@67887bf2 - El intento de conexión falló.
2026/06/30 14:26:48 - org.pentaho.di.trans.steps.tableinput.TableInputMeta@67887bf2 - 
2026/06/30 14:26:48 - org.pentaho.di.trans.steps.tableinput.TableInputMeta@67887bf2 - 
2026/06/30 14:26:48 - org.pentaho.di.trans.steps.tableinput.TableInputMeta@67887bf2 - 
2026/06/30 14:26:48 - org.pentaho.di.trans.steps.tableinput.TableInputMeta@67887bf2 - 	at org.pentaho.di.trans.steps.tableinput.TableInputMeta.getFields(TableInputMeta.java:275)
2026/06/30 14:26:48 - org.pentaho.di.trans.steps.tableinput.TableInputMeta@67887bf2 - 	at org.pentaho.di.trans.TransMeta.getThisStepFields(TransMeta.java:2055)
2026/06/30 14:26:48 - org.pentaho.di.trans.steps.tableinput.TableInputMeta@67887bf2 - 	at org.pentaho.di.trans.TransMeta.getStepFields(TransMeta.java:1873)
2026/06/30 14:26:48 - org.pentaho.di.trans.steps.tableinput.TableInputMeta@67887bf2 - 	at org.pentaho.di.trans.TransMeta.getStepFields(TransMeta.java:1770)
2026/06/30 14:26:48 - org.pentaho.di.trans.steps.tableinput.TableInputMeta@67887bf2 - 	at org.pentaho.di.trans.steps.tableinput.TableInputMeta.updateCachedRowMeta(TableInputMeta.java:340)
2026/06/30 14:26:48 - org.pentaho.di.trans.steps.tableinput.TableInputMeta@67887bf2 - 	at org.pentaho.di.ui.trans.steps.tableinput.TableInputDialog.ok(TableInputDialog.java:566)
2026/06/30 14:26:48 - org.pentaho.di.trans.steps.tableinput.TableInputMeta@67887bf2 - 	at org.pentaho.di.ui.trans.steps.tableinput.TableInputDialog.access$400(TableInputDialog.java:79)
2026/06/30 14:26:48 - org.pentaho.di.trans.steps.tableinput.TableInputMeta@67887bf2 - 	at org.pentaho.di.ui.trans.steps.tableinput.TableInputDialog$12.handleEvent(TableInputDialog.java:417)
2026/06/30 14:26:48 - org.pentaho.di.trans.steps.tableinput.TableInputMeta@67887bf2 - 	at org.eclipse.swt.widgets.EventTable.sendEvent(EventTable.java:89)
2026/06/30 14:26:48 - org.pentaho.di.trans.steps.tableinput.TableInputMeta@67887bf2 - 	at org.eclipse.swt.widgets.Display.sendEvent(Display.java:4209)
2026/06/30 14:26:48 - org.pentaho.di.trans.steps.tableinput.TableInputMeta@67887bf2 - 	at org.eclipse.swt.widgets.Widget.sendEvent(Widget.java:1037)
2026/06/30 14:26:48 - org.pentaho.di.trans.steps.tableinput.TableInputMeta@67887bf2 - 	at org.eclipse.swt.widgets.Display.runDeferredEvents(Display.java:4026)
2026/06/30 14:26:48 - org.pentaho.di.trans.steps.tableinput.TableInputMeta@67887bf2 - 	at org.eclipse.swt.widgets.Display.readAndDispatch(Display.java:3626)
2026/06/30 14:26:48 - org.pentaho.di.trans.steps.tableinput.TableInputMeta@67887bf2 - 	at org.pentaho.di.ui.trans.steps.tableinput.TableInputDialog.open(TableInputDialog.java:463)
2026/06/30 14:26:48 - org.pentaho.di.trans.steps.tableinput.TableInputMeta@67887bf2 - 	at org.pentaho.di.ui.spoon.delegates.SpoonStepsDelegate.editStep(SpoonStepsDelegate.java:120)
2026/06/30 14:26:48 - org.pentaho.di.trans.steps.tableinput.TableInputMeta@67887bf2 - 	at org.pentaho.di.ui.spoon.Spoon.editStep(Spoon.java:9025)
2026/06/30 14:26:48 - org.pentaho.di.trans.steps.tableinput.TableInputMeta@67887bf2 - 	at org.pentaho.di.ui.spoon.trans.TransGraph.editStep(TransGraph.java:3286)
2026/06/30 14:26:48 - org.pentaho.di.trans.steps.tableinput.TableInputMeta@67887bf2 - 	at org.pentaho.di.ui.spoon.trans.TransGraph.mouseDoubleClick(TransGraph.java:784)
2026/06/30 14:26:48 - org.pentaho.di.trans.steps.tableinput.TableInputMeta@67887bf2 - 	at org.eclipse.swt.widgets.TypedListener.handleEvent(TypedListener.java:200)
2026/06/30 14:26:48 - org.pentaho.di.trans.steps.tableinput.TableInputMeta@67887bf2 - 	at org.eclipse.swt.widgets.EventTable.sendEvent(EventTable.java:89)
2026/06/30 14:26:48 - org.pentaho.di.trans.steps.tableinput.TableInputMeta@67887bf2 - 	at org.eclipse.swt.widgets.Display.sendEvent(Display.java:4209)
2026/06/30 14:26:48 - org.pentaho.di.trans.steps.tableinput.TableInputMeta@67887bf2 - 	at org.eclipse.swt.widgets.Widget.sendEvent(Widget.java:1037)
2026/06/30 14:26:48 - org.pentaho.di.trans.steps.tableinput.TableInputMeta@67887bf2 - 	at org.eclipse.swt.widgets.Display.runDeferredEvents(Display.java:4026)
2026/06/30 14:26:48 - org.pentaho.di.trans.steps.tableinput.TableInputMeta@67887bf2 - 	at org.eclipse.swt.widgets.Display.readAndDispatch(Display.java:3626)
2026/06/30 14:26:48 - org.pentaho.di.trans.steps.tableinput.TableInputMeta@67887bf2 - 	at org.pentaho.di.ui.spoon.Spoon.readAndDispatch(Spoon.java:1432)
2026/06/30 14:26:48 - org.pentaho.di.trans.steps.tableinput.TableInputMeta@67887bf2 - 	at org.pentaho.di.ui.spoon.Spoon.waitForDispose(Spoon.java:8160)
2026/06/30 14:26:48 - org.pentaho.di.trans.steps.tableinput.TableInputMeta@67887bf2 - 	at org.pentaho.di.ui.spoon.Spoon.start(Spoon.java:9542)
2026/06/30 14:26:48 - org.pentaho.di.trans.steps.tableinput.TableInputMeta@67887bf2 - 	at org.pentaho.di.ui.spoon.Spoon.main(Spoon.java:722)
2026/06/30 14:26:48 - org.pentaho.di.trans.steps.tableinput.TableInputMeta@67887bf2 - 	at java.base/jdk.internal.reflect.DirectMethodHandleAccessor.invoke(DirectMethodHandleAccessor.java:104)
2026/06/30 14:26:48 - org.pentaho.di.trans.steps.tableinput.TableInputMeta@67887bf2 - 	at java.base/java.lang.reflect.Method.invoke(Method.java:578)
2026/06/30 14:26:48 - org.pentaho.di.trans.steps.tableinput.TableInputMeta@67887bf2 - 	at org.pentaho.commons.launcher.Launcher.main(Launcher.java:92)
2026/06/30 14:26:48 - org.pentaho.di.trans.steps.tableinput.TableInputMeta@67887bf2 - Caused by: org.pentaho.di.core.exception.KettleDatabaseException: 
2026/06/30 14:26:48 - org.pentaho.di.trans.steps.tableinput.TableInputMeta@67887bf2 - Error occurred while trying to connect to the database
2026/06/30 14:26:48 - org.pentaho.di.trans.steps.tableinput.TableInputMeta@67887bf2 - 
2026/06/30 14:26:48 - org.pentaho.di.trans.steps.tableinput.TableInputMeta@67887bf2 - Connection failed. Verify all connection parameters and confirm that the appropriate driver is installed.
2026/06/30 14:26:48 - org.pentaho.di.trans.steps.tableinput.TableInputMeta@67887bf2 - El intento de conexión falló.
2026/06/30 14:26:48 - org.pentaho.di.trans.steps.tableinput.TableInputMeta@67887bf2 - 
2026/06/30 14:26:48 - org.pentaho.di.trans.steps.tableinput.TableInputMeta@67887bf2 - 
2026/06/30 14:26:48 - org.pentaho.di.trans.steps.tableinput.TableInputMeta@67887bf2 - 	at org.pentaho.di.core.database.Database.normalConnect(Database.java:497)
2026/06/30 14:26:48 - org.pentaho.di.trans.steps.tableinput.TableInputMeta@67887bf2 - 	at org.pentaho.di.core.database.Database.connect(Database.java:389)
2026/06/30 14:26:48 - org.pentaho.di.trans.steps.tableinput.TableInputMeta@67887bf2 - 	at org.pentaho.di.core.database.Database.connect(Database.java:360)
2026/06/30 14:26:48 - org.pentaho.di.trans.steps.tableinput.TableInputMeta@67887bf2 - 	at org.pentaho.di.core.database.Database.connect(Database.java:350)
2026/06/30 14:26:48 - org.pentaho.di.trans.steps.tableinput.TableInputMeta@67887bf2 - 	at org.pentaho.di.trans.steps.tableinput.TableInputMeta.getFields(TableInputMeta.java:253)
2026/06/30 14:26:48 - org.pentaho.di.trans.steps.tableinput.TableInputMeta@67887bf2 - 	... 30 more
2026/06/30 14:26:48 - org.pentaho.di.trans.steps.tableinput.TableInputMeta@67887bf2 - Caused by: org.pentaho.di.core.exception.KettleDatabaseException: 
2026/06/30 14:26:48 - org.pentaho.di.trans.steps.tableinput.TableInputMeta@67887bf2 - Connection failed. Verify all connection parameters and confirm that the appropriate driver is installed.
2026/06/30 14:26:48 - org.pentaho.di.trans.steps.tableinput.TableInputMeta@67887bf2 - El intento de conexión falló.
2026/06/30 14:26:48 - org.pentaho.di.trans.steps.tableinput.TableInputMeta@67887bf2 - 
2026/06/30 14:26:48 - org.pentaho.di.trans.steps.tableinput.TableInputMeta@67887bf2 - 	at org.pentaho.di.core.database.Database.connectUsingClass(Database.java:605)
2026/06/30 14:26:48 - org.pentaho.di.trans.steps.tableinput.TableInputMeta@67887bf2 - 	at org.pentaho.di.core.database.Database.normalConnect(Database.java:481)
2026/06/30 14:26:48 - org.pentaho.di.trans.steps.tableinput.TableInputMeta@67887bf2 - 	... 34 more
2026/06/30 14:26:48 - org.pentaho.di.trans.steps.tableinput.TableInputMeta@67887bf2 - Caused by: org.postgresql.util.PSQLException: El intento de conexión falló.
2026/06/30 14:26:48 - org.pentaho.di.trans.steps.tableinput.TableInputMeta@67887bf2 - 	at org.postgresql.core.v3.ConnectionFactoryImpl.openConnectionImpl(ConnectionFactoryImpl.java:315)
2026/06/30 14:26:48 - org.pentaho.di.trans.steps.tableinput.TableInputMeta@67887bf2 - 	at org.postgresql.core.ConnectionFactory.openConnection(ConnectionFactory.java:51)
2026/06/30 14:26:48 - org.pentaho.di.trans.steps.tableinput.TableInputMeta@67887bf2 - 	at org.postgresql.jdbc.PgConnection.<init>(PgConnection.java:223)
2026/06/30 14:26:48 - org.pentaho.di.trans.steps.tableinput.TableInputMeta@67887bf2 - 	at org.postgresql.Driver.makeConnection(Driver.java:465)
2026/06/30 14:26:48 - org.pentaho.di.trans.steps.tableinput.TableInputMeta@67887bf2 - 	at org.postgresql.Driver.connect(Driver.java:264)
2026/06/30 14:26:48 - org.pentaho.di.trans.steps.tableinput.TableInputMeta@67887bf2 - 	at java.sql/java.sql.DriverManager.getConnection(DriverManager.java:683)
2026/06/30 14:26:48 - org.pentaho.di.trans.steps.tableinput.TableInputMeta@67887bf2 - 	at java.sql/java.sql.DriverManager.getConnection(DriverManager.java:191)
2026/06/30 14:26:48 - org.pentaho.di.trans.steps.tableinput.TableInputMeta@67887bf2 - 	at org.pentaho.di.core.database.Database.connectUsingClass(Database.java:589)
2026/06/30 14:26:48 - org.pentaho.di.trans.steps.tableinput.TableInputMeta@67887bf2 - 	... 35 more
2026/06/30 14:26:48 - org.pentaho.di.trans.steps.tableinput.TableInputMeta@67887bf2 - Caused by: java.net.UnknownHostException: db_seguros
2026/06/30 14:26:48 - org.pentaho.di.trans.steps.tableinput.TableInputMeta@67887bf2 - 	at java.base/sun.nio.ch.NioSocketImpl.connect(NioSocketImpl.java:560)
2026/06/30 14:26:48 - org.pentaho.di.trans.steps.tableinput.TableInputMeta@67887bf2 - 	at java.base/java.net.SocksSocketImpl.connect(SocksSocketImpl.java:327)
2026/06/30 14:26:48 - org.pentaho.di.trans.steps.tableinput.TableInputMeta@67887bf2 - 	at java.base/java.net.Socket.connect(Socket.java:666)
2026/06/30 14:26:48 - org.pentaho.di.trans.steps.tableinput.TableInputMeta@67887bf2 - 	at org.postgresql.core.PGStream.createSocket(PGStream.java:231)
2026/06/30 14:26:48 - org.pentaho.di.trans.steps.tableinput.TableInputMeta@67887bf2 - 	at org.postgresql.core.PGStream.<init>(PGStream.java:95)
2026/06/30 14:26:48 - org.pentaho.di.trans.steps.tableinput.TableInputMeta@67887bf2 - 	at org.postgresql.core.v3.ConnectionFactoryImpl.tryConnect(ConnectionFactoryImpl.java:98)
2026/06/30 14:26:48 - org.pentaho.di.trans.steps.tableinput.TableInputMeta@67887bf2 - 	at org.postgresql.core.v3.ConnectionFactoryImpl.openConnectionImpl(ConnectionFactoryImpl.java:213)
2026/06/30 14:26:48 - org.pentaho.di.trans.steps.tableinput.TableInputMeta@67887bf2 - 	... 42 more
2026/06/30 14:26:49 - org.pentaho.di.trans.steps.tableoutput.TableOutputMeta@7f478529 - ERROR (version 9.4.0.0-343, build 0.0 from 2022-11-08 07.50.27 by buildguy) : Unable to get fields from previous steps because of an error
2026/06/30 14:30:50 - org.pentaho.di.trans.steps.tableoutput.TableOutputMeta@77b6d94c - ERROR (version 9.4.0.0-343, build 0.0 from 2022-11-08 07.50.27 by buildguy) : Unable to get fields from previous steps because of an error
2026/06/30 14:31:05 - org.pentaho.di.trans.steps.tableoutput.TableOutputMeta@156322ce - ERROR (version 9.4.0.0-343, build 0.0 from 2022-11-08 07.50.27 by buildguy) : Unable to get fields from previous steps because of an error
2026/06/30 14:33:05 - Spoon - Spoon  has ended.
stopping
